id,subreddit,title,selftext,score,num_comments,created_utc,upvote_ratio,is_self,domain
1tbcb53,movies,"AMA/Q&amp;A Announcement - Damian McCarthy - Friday 5/15 at 2 PM ET - Director of 'Hokum', 'Oddity', and 'Caveat'",,63,7,1778614736.0,0.78,False,i.redd.it
1t6ugms,movies,Official Discussion Megathread (Mortal Kombat II / The Sheep Detectives / Billie Eilish: Hit Me Hard and Soft / The Christophers) plus throwbacks,"**New In Theaters**:

* [Mortal Kombat II](https://old.reddit.com/r/movies/comments/1t6uf26/official_discussion_mortal_kombat_ii_spoilers/?)
* [The Sheep Detectives](https://old.reddit.com/r/movies/comments/1t6uf3r/official_discussion_the_sheep_detectives_spoilers/?)
* [Billie Eilish: Hit Me Hard and Soft](https://old.reddit.com/r/movies/comments/1t6uf6u/official_discussion_billie_eilish_hit_me_hard_and/?)
* [The Christophers](https://old.reddit.com/r/movies/comments/1t6uf92/official_discussion_the_christophers_spoilers/?)

**25th Anniversary Throwback Discussion Threads**:

* [The Mummy Returns](https://old.reddit.com/r/movies/comments/1t6ufb6/official_throwback_discussion_the_mummy_returns/?)

**Still In Theaters**:

* [The Devil Wears Prada 2](https://old.reddit.com/r/movies/comments/1t0fybi/official_discussion_the_devil_wears_prada_2/?)
* [Hokum](https://old.reddit.com/r/movies/comments/1t0fyd1/official_discussion_hokum_spoilers/?)
* [Deep Water (2026)](https://old.reddit.com/r/movies/comments/1t0fyec/official_discussion_deep_water_2026/?)
* [Michael](https://old.reddit.com/r/movies/comments/1su2nuj/official_discussion_michael_spoilers/)
* [Mother Mary](https://old.reddit.com/r/movies/comments/1su2nwe/official_discussion_mother_mary_spoilers/?)
* [Super Mario Galaxy](https://old.reddit.com/r/movies/comments/1sa4h2h/official_discussion_the_super_mario_galaxy_movie/)
* [The Drama](https://old.reddit.com/r/movies/comments/1sb0qvz/official_discussion_the_drama_spoilers/)


**New on Streaming**

* [Apex](https://old.reddit.com/r/movies/comments/1swg29u/official_discussion_apex_spoilers/)
* [Outcome](https://old.reddit.com/r/movies/comments/1sivj25/official_discussion_outcome_spoilers/?)
* [Thrash](https://old.reddit.com/r/movies/comments/1sivj3i/official_discussion_thrash_spoilers/?)
* [Pizza Movie](https://old.reddit.com/r/movies/comments/1sbx3zs/official_discussion_pizza_movie_spoilers/?)
* [Mike &amp; Nick &amp; Nick &amp; Alice](https://old.reddit.com/r/movies/comments/1sbx3wc/official_discussion_mike_nick_nick_alice_spoilers/?)
* [War Machine](https://old.reddit.com/r/movies/comments/1rt2x82/official_discussion_war_machine_2026_spoilers/?)
* [Peaky Blinders: The Immortal Man](https://old.reddit.com/r/movies/comments/1s0xuz4/official_discussion_peaky_blinders_the_immortal/?)",43,0,1778205798.0,0.84,True,self.movies
1tctnhz,movies,Peter Jackson Says Stephen Colbert Pitched His ‘Lord of the Rings’ Movie Before CBS Canceled ‘The Late Show’ and They’ve Already Spent One Year Working on It,,4171,288,1778753123.0,0.95,False,variety.com
1tcxhzg,movies,New poster for ‘Spider-Man: Brand New Day’,,417,112,1778763669.0,0.88,False,i.redd.it
1tcep57,movies,"The Legend of Zelda Movie is now releasing April 30, 2027",,6887,712,1778710307.0,0.94,False,gonintendo.com
1tcuehi,movies,"michael massee, the man who shot brandon lee.","it's very difficult to talk about 1994's the crow without talking about the accidential death of the film's star, brandon lee, during production. a prop gun had been improperly prepared with a live bullet fragment, hitting lee and killing him. however, one element of this story that is often forgotten is the man who shot lee. michael massee.

michael massee was a character actor who frequently played villains. his most famous role is as funboy in the crow but he also starred in films such as tales from the hood, se7en, lost highway, amistad, and the amazing spiderman movies. outside of film, he also starred in tv shows such as 24 and flashforward.

after lee's death, an investigation cleared massee of any wrongdoing, ruling the death as an accident. however, massee was still left traumatized by the event. he returned to his homestate of new york and took a year off acting. he also never saw the movie. while he would eventually return to acting, the event still stuck with him for the rest of his life. in 2005, he gave a rare interview about the incident, revealing that, 11 years later, he still had nightmares about it.

massee died on october 20th of 2016 from stomach cancer at the age of 64. almost every obituary focused on him being the one who fired the fatal shot.",371,57,1778755498.0,0.85,True,self.movies
1tcgtj8,movies,First Poster for 'Pacific' - A group of young travelers are stranded on an island in the Pacific where they struggle to escape an evil alien presence that has been hidden from mankind for centuries.,,2266,208,1778715403.0,0.97,False,i.redd.it
1tcfuma,movies,Kirsten Dunst Begins Filming ‘A Minecraft Movie 2’ With Jack Black,,1366,145,1778713027.0,0.89,False,deadline.com
1tc752b,movies,"Jumper (2008, dir. Doug Liman) David Rice (Hayden Christensen) first confrontation with Roland (Samuel L. Jackson), leader of the Paladins",,2314,363,1778694419.0,0.93,False,v.redd.it
1tch7sl,movies,"‘The Rip’ Cast and Crew Lands Netflix Performance Bonus - Ben Affleck and Matt Damon's Artists Equity negotiated a deal with the streamer for such a bonus, something that is not typical for Netflix.",,652,60,1778716380.0,0.95,False,hollywoodreporter.com
1tcxz61,movies,"Kate Beckinsale to Star in Thriller 'White' - A struggling actress trying to catch her big break is traveling overseas when her private jet crashes into the Pacific. Now the sole survivor, she’s stranded on a fractured wing with nothing but ocean and sharks around her.",,57,57,1778764741.0,0.8,False,bloody-disgusting.com
1tc8vw8,movies,'Grown Ups 3' Set At Netflix With Adam Sandler &amp; Friends Returning,,1551,348,1778697975.0,0.82,False,deadline.com
1tcxdky,movies,Beavis and Butt-Head Do America (1996) dir. Mike Judge - Beavis and Butt-Head look for their missing TV,,50,10,1778763383.0,0.89,False,v.redd.it
1tbww3m,movies,Wildwood | Official Teaser | LAIKA,,3650,492,1778671917.0,0.96,False,youtu.be
1tchh1v,movies,Fight Club 4K Steelbook Edition Is Now Available,,344,43,1778717003.0,0.88,False,ign.com
1tcp31n,movies,Delroy Lindo lines up feature directorial debut with Jamaica-set ‘Jabari’s People’,,102,7,1778737999.0,0.91,False,screendaily.com
1tcikpl,movies,"Jane Schoenbrun's 'Teenage Sex and Death at Camp Miasma' Rated R for ""bloody violence, gore, sexual content, graphic nudity, drug use, and some language.”",,251,27,1778719924.0,0.87,False,bloody-disgusting.com
1tctarn,movies,"Warner Bros. Pictures Animation Bosses Re-Commit To Theatrical Animation Distribution. New TOM AND JERRY, MEERKAT MANOR, and MEET THE FLINTSTONES movies are in early development",,42,14,1778751988.0,0.83,False,cartoonbrew.com
1tcjl9m,movies,Looking for new WW2 movies to watch,"Im looking for some recommendations for some good ww2 films to watch the heres a list of what ive seen and what i own and plan to watch.
Seen:Saving private ryan, Fury, T-34, Hacksaw ridge, My Way, Enemy at the Gates, Unknown Soldier, Valkyrie, The 800
Own and plan to watch:Midway, Letters from Iowa Jima, Dunkirk, Band of Brothers, The Pacific, Generation War, Inglourious Bastards, The Flowers of War",132,584,1778722517.0,0.87,True,self.movies
1tbyycu,movies,Backrooms | Official Promo | A24,,1104,107,1778677230.0,0.94,False,youtube.com
1tc7i7m,movies,What is the first film you remember seeing in the cinema?,"I was born in 93, so the earliest film I can remember seeing in the cinema is probably Flubber with Robin Williams or George of The Jungle with Brendan Fraser. Space Jam I’m almost positive I saw in theaters but that might have been on VHS. It’s so strange how just seeing a movie poster/trailer can bring back the memory of something you haven’t thought about in so long. What is the first film you remember seeing in the cinema?

Edited: Hercules too, how could I have forgotten? I had those collectible plates from McDonalds.",405,1962,1778695170.0,0.91,True,self.movies
1tc4afl,movies,'Ocean’s Eleven' - Official Trailer - 25th Anniversary Theatrical Re-Release,,511,116,1778688680.0,0.88,False,youtube.com
1tbvv5z,movies,Peter Jackson On Handing Directing Reins Over To Andy Serkis For ‘Lord Of The Rings: Hunt For Gollum’; Also Another ‘Tintin’ In The Works – Cannes,"Then teasing the new film, Jackson said, “It’s an internal story about Gollum’s psychology and addiction. It’s a personal story to Gollum. Andy knows this guy better than anybody. I didn’t think about me. The more exiting version of this movie is if Any Serkis made it.”

Jackson also said he’s writing a new *Tintin.* “I’ve been working with Fran on a new *Tintin* script.” He in fact, Jackson was literally working on the script while here at Cannes.

“The deal was Steven (Spielberg) directs one, and I direct another,” said the filmmaker who produced the 2011 movie.",1389,229,1778668918.0,0.94,False,deadline.com
1tcmxse,movies,In The Grey came out in the cinemas today and there's still no reviews up for it,"Probably the first time that I have seen this, well in recent memory as well. Like when was the last time reviews didn't come out atleast on the same day as the movie? Just strange to me.

Either way I will watch it and I've been enjoying Guy Ritchie's later films, I just don't know why they wouldn't have anything up at the moment. 

",58,41,1778731487.0,0.74,True,self.movies
1tby1f1,movies,What are some of the best comedy moments in movies that are anything but comedy genre?,"For me it’s easily the gun store scene in The Terminator where he is picking out an arsenal for his mission.

“The 12-gauge auto-loader.”

“That’s Italian. You can go pump or auto.”

“The .45 Long Slide, with laser sighting.”

“These are brand new, we just got ’em in... you put the red dot where you want the bullet to go. You can’t miss! Anything else?”

“Phased plasma rifle with the 40-watt range.”

“Hey, just what you see, pal!”

“The Uzi 9mm.”

The escalation is what kills me. Starts off as a normal gun shop conversation then suddenly the Terminator is asking for space weapons like it’s the most normal thing in the world and the clerk doesn’t even ask questions or sound confused. Almost like he knows what they are and had just sold out of them. Then the terminator just moves right along to add the uzi to his cart. Bonus points because 40 watts is hilariously weak for a futuristic energy weapon. 40 watt incandescent light bulb is really dim, like that’s how low energy it is.

Funniest scene ever from a non-comedy for me. 

What are some other moments like this? I want to watch anything that hits like this from a non comedy movie.",897,578,1778674957.0,0.93,True,self.movies
1tc7z5d,movies,The Shawshank Redemption,"Finally watched this movie and it was terrific. When Andy told Red about the hidden item near the oak tree, I guessed that it was the gun, indicating that Andy did indeed commit the murders and wanted Red to ultimately know the truth. For the rest of the movie, I existed in terror that Red would find the gun and use it on himself right then and there. When he finally did open the box and there was no gun, I can't tell you how happy I was and by the time Red found Andy on the beach, I was in tears.",301,154,1778696090.0,0.8,True,self.movies
1tcnp75,movies,"Secondhand Lions – The lion arrives. – Dir. Tim McCanlies – September 19, 2003.",,35,6,1778733757.0,0.74,False,youtube.com
1tbyzkv,movies,"Hannah Einbinder and Gillian Anderson on ‘Embracing Desire,’ Sex and a Ton of Blood for Cannes’ Queer Horror Slasher ‘Camp Miasma’",,665,51,1778677296.0,0.85,False,variety.com
1tcolad,movies,Actors from The Gods Must Be Crazy,"Does anyone have any information about all the actors from that movie, for example I can't find anything about Michael Thys who played M'pudi, no date of birth and date of death (or is he still alive?) And Louw Verwey, who played Sam Boga, Google says he is still alive and is 96 years old. Is that true?",22,3,1778736463.0,0.78,True,self.movies
1tc48g5,movies,Lee Cronin's 'The Mummy' Comes Home to Digital Next Week and Physical Media in July,,256,95,1778688568.0,0.83,False,bloody-disgusting.com
1tcwmhh,movies,Studio Ghibli/Song of the Sea-type movies,"While mainstream kids movies can be good, there’s nothing quite like the magic and artistic quality of Studio Ghibli-type movies. I also recently discovered Song of the Sea which sits right up there too. It makes all other kids movies pale in comparison. 

I’m now on a quest to find similar kids movies. I’ve done lots of Google and AI searches but nothing pops out at me. 

Let’s build a list here for people to come find high-quality, artistic children’s movies that instill magic and wonder in humanity.

Drop you suggestions below.",7,16,1778761521.0,0.7,True,self.movies
1tbe3bv,movies,"Conan O’Brien to Host the 2027 Oscars, Marking Third Consecutive Year",,11073,391,1778618516.0,0.94,False,variety.com
1tci0ai,movies,What are your favourite movie scenes that are elevated by the use of licensed music?,"I am a simple soul. I love movies and I love music - when the two gel together I am a happy man.  What are your favourite movie scenes where the licensed music elevates it to that next level for you?

A few examples would be the use of “Stuck in the Middle With You” by Stealers Wheel in *Reservoir Dogs* (Madsen’s dancing really helps) or “Looking for the Magic” by the Dwight Twilley Band in *You’re Next* (and now I realize both of those songs are from the 70s, maybe I have a prediction).

Hoping to find some gems I may have missed!

Edit: predilection, not prediction! ",56,190,1778718408.0,0.77,True,self.movies
1tbzcuj,movies,"David Jonsson Joins Gracie Abrams, Connor Storrie and Tom Burke in A24’s ‘Please’ From ‘Babygirl’ Director Halina Reijn (EXCLUSIVE)",,396,39,1778678148.0,0.9,False,variety.com
1tcm7x1,movies,Remarkably Bright Creatures,"Just watched Remarkably Bright Creatures and wow… such a heartwarming movie after a long time. Simple story, but so touching and comforting.

The atmosphere, loneliness, healing, and human connections felt so genuine. Didn’t expect an octopus to make me emotional either.

Made me wanna move to a small coastal town, adopt a pet, and live a slow peaceful life for a while. No wonder it’s trending on Netflix.",27,7,1778729462.0,0.8,True,self.movies
1tbwokz,movies,"Which actor has the largest ""Wait, that was them?"" gap in their filmography?","Playing different types of roles is what actors do but sometimes the characters they play are so far apart it's hard to believe they are the same person. 

My choice would be Daniel Day Lewis in Room with a view. Compare it to his role in The Last of the Mohecans and it's hard to believe they are the same person. When I first realised that he was the actor playing Cecil I could barely believe it. ",484,1101,1778671334.0,0.88,True,self.movies
1tc3ngt,movies,"First Poster for Green Day-Inspired Road-Trip Comedy 'Nimrods' - Three buddies drive cross-country in a van, causing mayhem and mischief while racing to LA for their big break: opening for Green Day on New Year's Eve.",,215,101,1778687416.0,0.84,False,i.redd.it
1tcw3d0,movies,"Emotional Romance, Mind-Bending Thrillers &amp; Supernatural Worlds","Hi everyone 😊

I’m looking for movie/series recommendations based on the kind of movies and shows I usually enjoy.
Please suggest movies released from 1995 onwards only.

I really like emotional romance movies with strong chemistry, realistic relationships, bittersweet feelings, or memorable endings such as:

- We Live in Time
- No Strings Attached
- La La Land
- 500 Days of Summer
- Love &amp; Other Drugs
- Friends with Benefits
- Titanic

I also enjoy intense or mind-bending movies like:

- The Prestige
- Oldboy
- Fight Club
- Django Unchained
- Gladiator
- Batman Begins / The Dark Knight trilogy by Christopher Nolan

And I love supernatural/fantasy/adventure worlds such as:

- The Vampire Diaries
- The Originals
- Game of Thrones
- Underworld
- Jurassic Park
- Kong: Skull Island
- Marvel Studios movies

Would really appreciate recommendations with:

- strong emotions or relationships
- great storytelling
- immersive worlds
- memorable characters
- mystery/thriller elements
- fantasy or supernatural vibes

Movies or series from any language are welcome.
Thank you in advance 🙌",5,15,1778760165.0,0.73,True,self.movies
1tcylob,movies,Yeon Sang-ho’s ‘Colony’ to have it's North American Premiere at New York Asian Film Festival,"NYAFF is taking place July 10-26, 2026, at the Lincoln Center, SVA Theatre, Look Cinemas and Korean Cultural Center New York.

Well Go USA is distributing and Colony comes to USA theaters on August 28th.

""Yeon Sang-ho’s Colony introduces a new physical grammar for the zombies, formally revolutionary and viscerally tense, and unlike anything else in the genre right now,” said NYAFF President Samuel Jamier.",3,0,1778766160.0,0.8,False,deadline.com
1tc93dl,movies,"Chedi Chang, Sophia Xu, Yao, Zine Tseng and Owen Teague To Star In Ang Lee’s Next Film ‘Gold Mountain’ As Production Gets Underway – Set during the dying embers of the American Gold Rush, it tells the story of two orphaned Chinese-American immigrants navigating a brutal Western frontier.",,95,16,1778698398.0,0.86,False,deadline.com
1tc664w,movies,Warner Bros. Discovery Upfront Kicks Off With Fake Freudian Slip About Paramount,,127,11,1778692489.0,0.84,False,hollywoodreporter.com
1tcj7mv,movies,"Lupin III: The First (2019, Dir. Takashi Yamazaki) - Opening Credits.",,31,3,1778721503.0,0.76,False,youtu.be
1tcq2e4,movies,"Eddie Peng and Ewan Mitchell to Lead Action Feature ‘The Healer,’ Highland Film Group Launching in Cannes",,9,0,1778741152.0,0.77,False,variety.com
1tc0k43,movies,"Julia Louis-Dreyfus, Seth Rogen, Bryan Cranston Tackle Alzheimer’s in Cannes-Bound Animation ‘Tangles’",,216,25,1778680861.0,0.86,False,hollywoodreporter.com
1tcs8uj,movies,Best Dolby Atmos and DTS:X Films to Show Off a Home Cinema Setup?,"I’m in the middle of upgrading my home cinema setup and slowly turning the room into a proper little film cave.

The plan is to make the most of Dolby Atmos and DTS:X, so I’m looking for recommendations: what films have absolutely blown you away in terms of sound design, spatial audio, overhead effects, bass, atmosphere, and sheer “this is why I built a home cinema” energy?

I’m especially interested in films that really use Atmos or DTS:X creatively, not just loudly. Give me your best demo discs, reference scenes, hidden gems, and personal favourites.",8,27,1778748494.0,0.72,True,self.movies
1tbku1r,movies,'Revenge of the Nerds' Actor Donald Gibb Dead at 71,,1857,184,1778634897.0,0.95,False,entertainmentnow.com
1tckdw9,movies,Digger teaser before Top Gun: Maverick,"Went to see the Top Gun: Maverick re-release today, and one of the trailers was a pretty rad montage of clips from across Tom Cruise’s filmography, ending with a few glimpses of him as Digger Rockwell.

I’m not sure if they’re doing this at all Top Gun showings this week, but thought I would share here for anyone interested!",16,6,1778724553.0,0.66,True,self.movies
1tcckzy,movies,What are your opinions on the Mexico Trilogy by Robert Rodriguez ?,"Recently i rewatched the mexico trilogy ( el mariachi, desperado, once upon a time in mexico)

Really love the first movie, and kinda wish they kept gallardo as el mariachi

I love to think about this trilogy like:  
The first and most ''realistic'' movie is the true story  
After he got shot in the hand and it got mutilated (very important) Mariachi kills Moco and leaves. Moco's goons survive and start spreading the legend of EL MARIACHI carrying a guitar case full of guns...

So Desperado and Once upon a time in mexico for me are like someone is telling the adventures of El mariachi. Just like Steve Buchemi was telling his story in the opening of desperado.

  
His mutilated hand looks more or less better ( he lost some fingers in the first movie, but in desperado he only has a scar on his palm, and by the third movie he has no problem playing the guitar)

The first movie treated el mariachi as a ordinary man who got dragged in chaos, and in the second one he feels like a mexican john wick, and by the third movie he barely feels human and more like a urban legend....

And i personally think these ''inconsistencies'' are intentional

  
''History became legend. Legend became myth''

But hey, thats just a theory......",39,32,1778705736.0,0.77,True,self.movies
1tcwjqj,movies,Trying to recall the name of a film. Any ideas what it could be?,"I watched a film a few years ago, somewhere between 2022-2023. Towards the end of the film, there's a scene where one of the main characters is defending his house from a number of people trying to come and kill him. The character in question is male, greying hair, middle-aged/borderline aging. As I remember it, he has a high-caliber machine gun mounted in his garage that pulls down from the ceiling.

Apologies for such a vague description, but other than that scene, I don't recall most of the film.

One thing I can say is that, to the best of my recollection, Jason Statham was not in it 😆

Any help identifying it would be greatly appreciated.

Thanks in advance.",1,12,1778761324.0,0.53,True,self.movies
1tcsui7,movies,Bullet in the head,"So I’m trying to watch this movie after recently going through a lot of John Woo’s other work — Hard Boiled, The Killer, and A Better Tomorrow — but I’m confused after researching the different cuts of it.

From what I understand, the original cut was close to 3 hours long, but the studio forced Woo to shorten it for theatrical release. I’m assuming that original version is basically lost media at this point. Then there’s the theatrical cut, which is around 120 minutes, and a third version known as the festival cut, which runs about 136 minutes.

Shout! Studios recently released a 4K remaster, which seems to be the version that’s widely available now. On Apple TV, the movie is listed as 2 hours and 16 minutes (136 minutes), so I assumed it was the festival cut. But when I actually play it, the runtime shown in the app drops to around 2 hours and 11 minutes (131 minutes).

So which cut is that actually supposed to be?

Also, which cut is generally considered the best? I’ve heard there are two different endings — a car chase ending and a boardroom ending. Which one is more faithful to the story? And which version includes “the piss drinking scene”?",2,3,1778750497.0,0.58,True,self.movies
1tchhjq,movies,Spiritual successor to cinema like Hitchcock and De Palma's?,"I just re-watched Body Double, and god I love these movies. Tighly wrote script with suspense and twists, and great emphasis on the mise-en-scene, framing and camera-work, also the dramatic music score. 

The kind of movies that made me fall in love with cinema in the first place.

Hitchcock and Brian De Palma's were masters at it. Does their legacy still lives somewhere in modern cinema? Seems to be that this way of making movie is kinda forgotten nowadays.",14,33,1778717039.0,0.75,True,self.movies
1tc8x1s,movies,"Ben Stiller, Nicholas Galitzine and Bella Maclean to Star in ‘A Matter of Time’ for Sony and Netflix",,36,10,1778698043.0,0.73,False,variety.com
1tc2z26,movies,What's a movie you randomly tried with low expectations but ended up loving?,"I've been running out of movies lately and noticed some of my favorite watches were films I almost skipped completely. Sometimes a movie doesn't look interesting at first, then ends up being way better than expected. 

For me, one example was Prisoners. I thought it would just be another crime thriller, but it completely pulled me in. 

What's movie you watched with low expectations that surprised you the most?",62,304,1778686027.0,0.81,True,self.movies
1tcysep,movies,SPIDER-MAN: BRAND NEW DAY - Practical Production,,0,0,1778766583.0,0.5,False,youtube.com
1tb981x,movies,"Official Poster for ‘Colony’, Directed by Yeon Sang-ho (‘Train to Busan’) - A biotech conference descends into chaos when a rapidly mutating virus transforms the infected, forcing authorities to seal off the facility with survivors trapped inside",,3213,116,1778608402.0,0.97,False,i.redd.it
1tbiinq,movies,Del Toro’s Frankenstein was a beautiful film that totally defangs the novel and people are giving it WAY too much credit for being “faithful” to it,"The Creature of Shelley’s novel is **NOT** a sad lonely man who just needs a hug. He’s truly dangerous, spiteful, and capable of genuine hatred toward Victor. Del Toro removes almost all of that from his Creature and turns him into an entirely innocent victim. Everything he does is framed as self-defense; not once does he truly do anything morally wrong.

That is such a fundamental alteration of the character that the moral questions the book actually asks have all but disappeared.

What Shelley was saying is that creation is capable of bringing about something unpredictable and morally autonomous. The Creature has free will, and he makes horrible choices with it. **That agency is what makes him human.** Del Toro takes that agency out of the equation. The Creature here is a victim from the first frame until the last, which makes for a compelling story, just not the one Shelley was telling.

The “faithfulness” argument breaks down even further when you examine the actual deviations: additional characters, a love triangle that was never present in the novel, and a Creature whose face seems more inspired by Michelangelo’s *David* than Shelley’s descriptions.

Ironically, the 1994 adaptation by Branagh follows the actual plot of the novel far more closely than this one does.On the other hand, Del Toro absolutely captures the *feeling* of the story. And to be fair, that may be a completely legitimate creative direction. But it’s not really a faithful adaptation in the way people keep claiming it is.

It’s a beautiful film, and Elordi’s performance is outstanding⭐. However, this is Del Toro’s *Frankenstein*, not Shelley’s.

**TL;DR**: Del Toro made the Creature too innocent and too perfect⚠️. The novel is more complex than that, and the film suffers from the oversimplification.",1117,213,1778628855.0,0.84,True,self.movies
1tbwbt8,movies,"Afterworld: The feature film by Matt Braly and Rebecca Sugar, which was cancelled by Sony, has been acquired by The MONK Studios.",,123,12,1778670315.0,0.88,False,themonkstudios.com
1tazcjn,movies,"Lupita Nyong’o will play both Helen of Troy and her sister, Clytemnestra, in Christopher Nolan’s ‘The Odyssey.’",,8895,5054,1778586913.0,0.85,False,time.com
1tc88qu,movies,The Magic Faraway Tree | Official Trailer (HD) | Vertical | in theaters August 21,,24,18,1778696632.0,0.68,False,youtu.be
1tbmdez,movies,"What is a movie you will defend forever, even if most people do not get it?","Some movies just do not work for everyone, and that is exactly why I find them interesting.

Not every film needs to be universally loved to be meaningful. Some movies hit a very specific mood, a very specific emotion, or say something in a way that only a few people really connect with. Those are the ones I end up defending the hardest.

For me, the best kind of “underrated” movie is not just one that is ignored, it is one that people dismiss too quickly because they were expecting something else, or because it did not fit the usual formula. Sometimes the movie is messy, sometimes it is unconventional, but that is also what makes it memorable.

So I am curious: what is one movie you will always stand up for, no matter how much hate or indifference it gets? And what makes it special to you?",404,2002,1778638930.0,0.84,True,self.movies
1tctbi2,movies,What is the Name of the Film ?,"I am searching for a movie a saw a couple years ago.. I cant remember the Name, but I desperatly wanz to rewatch it.   
The Film ist a Thriller maybe with some touch of Mystery and Horror. 

This ist all a somehow remember:   
The Film is about a group of Young People, they all go to some kind of vacation in a House. One Girl of the group is a Little bit younger than the others. I think she is the sister of one of the guys. She Walks alone in the woods and is in some way weird. 

After that I have a big Plot hole. Sorry 

At the second half of the Film the weird Girl ( she is blonde) goes crazy or has some Kind of Fever ?!   
The whole group Go the some Kind of local natives who live on some Kind of Farm.   
The do a Ritual to try to save the blonde Girl. But in the Morning she is dead. 

Does anyone know How the Movie is called? 

Thanks so much guys ! ",2,35,1778752057.0,0.54,True,self.movies
1tcsizy,movies,Josie and the pussycats  2001,"This movie is very good,  it's  so funny and they criticised   music business very well. Alan Cumming and Parker Posey  were  so good as Wyatt and Fiona and they are definitely  more interesting  than Josie and her band mates .Rachel Leigh Cook and Tara Reid weren't  really  good as Josie and Melody and they should  cast someone else Rosario  Dawson who played  Valerie was better than Rachel  and Tara.",0,8,1778749433.0,0.5,True,self.movies
1tbyn2s,movies,Pedro Almodóvar's 'Bitter Christmas' - Official Trailer,,38,8,1778676461.0,0.75,False,youtube.com
1tcb376,movies,"Summer Movie Season: 5 Burning Questions as Superheroes, ‘Star Wars’ and Spielberg Are Put to the Test",,10,21,1778702529.0,0.6,False,variety.com
1tbthd9,movies,Kyle Blankes ( Brant Van Hoffman) and Chad Copeland (Scott Thompson) discover the Blue Oyster Bar; Police Academy 1984,,80,12,1778660961.0,0.78,False,youtube.com
1tbgjmc,movies,Original scripts that were turned into sequels for already existing movies or vice versa,"I've been curious about scripts that got retrofitted to become sequels to movies or a script for a sequel that was turned into an original film instead.

For example, the sequel to Honey I Shrunk the Kids, (Honey I Blew Up the Kid) started out as an original movie titled Big Baby.

There's a rumor that Bio-Dome was originally written as a Bill and Ted sequel. However, [this has been debunked by Alex Winter](https://www.slashfilm.com/513069/bill-ted-3-rewritten-biodome/).

Anyone know of any other examples?",498,426,1778624015.0,0.75,True,self.movies
1tcyjmb,movies,OTTs and Studios: High-End Toilets for Art.,"​I posted about the industry being a gatekept syndicate, and some corporate bootlicker told me, ""Please go outside and get some fresh air"".

​That’s the problem. I was outside, but the toxic gas leaking from these corporate toilets made it impossible to breathe.

​Look, we’ve all been there. You’re in a public place and the urge hits you. It is a biological mandate. You rush to the nearest toilet to let it fly in peace, but the second you sit in that cold, sterile stall? Nothing. The gas knots up and you try to force it, but you just end up delivering shit instead of clearing the air.

​This is the modern OTT platform and studio model.

​These production houses and streaming giants are just the public toilets of the industry. They provide the stall (the funding) and the gear, but they kill the natural flow of art. Creativity is a biological urge—it is meant to be wild, raw, and uncomfortable. But when you are forced into their rigid, algorithmic, money-minded structures, your brain locks up.

​The suits and data-analysts standing outside the door are checking their watches and demanding ""marketable results."" So you push. You strain to force a ""vision"" out of a template that fits their 15-second hook requirement. Because you are creating in a space that feels like a prison, you deliver a steaming pile of ""content"" that stinks up the cultural room.

​The OTT platforms don't want your soul; they want your compliance. They aren't hosting art; they are managing waste. Stop trying to force your genius in their toilets. The best stories were never meant to be ""safe"" or corporate-approved.

bleedinglens",0,2,1778766032.0,0.2,True,self.movies
1tbg2fb,movies,Exploring Disney’s Fascinating Dark Phase of the 70s and 80s,,501,66,1778622923.0,0.92,False,denofgeek.com
1tcipox,movies,Long Shot- Send Help Movie Question,"I know that this is 100% a long shot, however, Linda from the movie Send Help clearly had great survivor knowledge. I am a Survivor Superfan as well. My question is this: Does anyone know how she made the hammock? Does anyone know the weaving pattern that she used? Any other tips or tricks that she used to make her shelter, catch fish, or small things that she did in order to make things easier while surviving on the island would be appreciated ",2,2,1778720291.0,0.56,True,self.movies
1tcenol,movies,Webtoon Entertainment &amp; Warner Bros. Animation Join Forces On Four More Projects Including ‘The Wolf &amp; Red Riding Hood’ — Web Summit,"[Webtoon Entertainment](https://deadline.com/tag/webtoon-entertainment/) and Warner Bros. Animation are developing four more animated projects together. *The Wolf &amp; Red Riding Hood*, *Vampire Family*, *Sable Curse* and *Snow and Briar (And The Mirror of Seven Sins)* are the quartet in question.

Web comics giant Webtoon Entertainment’s CFO David J. Lee and Warner Bros. Animation President [Sam Register](https://deadline.com/tag/sam-register/) shared the news of the four-strong slate of animated projects during a panel at Web Summit Vancouver 2026 that delved into the increasing popularity and influence of webcomics in the entertainment business.

Last November Webtoon Entertainment and Warner Bros. Animation said they were joining forces to co-produce a slate of 10 fan-favorite Webtoon series for global distribution, with projects selected from the company’s Korean and English-language IP.

Four development titles were announced at that point: *The Stellar Swordmaster*, *Hardcore Leveling Warrior*, *Down to Earth* and *Elf &amp; Warrior*.

There are now four more on the slate. *The Wolf &amp; Red Riding Hood* by XUANN follows High school student Anna who wakes up one day to find that she’s super hairy, incredibly strong, craves meat all the time. She is trying to figure out how to stop herself from becoming a werewolf before the full moon.

*Vampire Family* by unfins follows Natalia, a vampire desperate for a normal life, and who finally gets to go to school and has to navigate friendship in the human world. *Sable Curse* by Little Melon tells the story of Terron. She is cursed to die at 19 unless she can find a way to break the spell and lift the deadly curse.

Rounding out the slate, *Snow and Briar (And The Mirror of Seven Sins)* by M. Nires tells the story of Prince Snow, the fairest in the land, and married off to the towering Princess Briar by his scheming stepmother, who desperately wants him gone.",6,0,1778710215.0,0.75,False,deadline.com
1tbzsxz,movies,Beautiful boy,"I just watched this movie again after being sober. In 32 days I will have been one year sober from crack cocaine.

Funnily enough, I watched the movie back in 2023, the literal summer before I fell into drugs and started using. Not that the movie got me into it, I had already started experimenting with it just before I got home for a couple of months.

I genuinely think the movie was made for me. I know a lot of people think that. But just little things alongside the whole plot, a brother of the same name, the fights with my parents asking the exact same things in a room near identical to the one he was in when they asked him why, the timeline with school and age, the use of the notebook for drawings and writing, the book “the beautiful and damned” making an appearance when I found that book in my neighbours book nook one day when I tried to stop using. The coincidences almost killed me watching it again the second time and I cried so much today. I just think it’s a beautiful beautiful movie and everyone should watch it, especially if you’ve also recently become sober.",20,20,1778679170.0,0.7,True,self.movies
1tbe8ub,movies,'Avatar: Fire and Ash' Sets June 24 Debut on Disney+,,478,90,1778618847.0,0.84,False,thewrap.com
1tcpi0b,movies,What If Studios Released “Extended Cut Episodic Series” Versions of Movies on Streaming After Theatrical Runs?,"I have always felt crossed between movies and tv episodic shows but what if there was a balance between the two that makes both audiences happy? This feels like perhaps a huge missed opportunity for modern cinema.

What if studios released movies in cinemas as the main “event” version, but any additional footage, character arcs, subplots, or deeper world-building they filmed could later become an extended cut exclusively on their streaming platform?

Not just deleted scenes or behind-the-scenes extras. I mean a genuinely expanded version of the story.

For example, a movie could release theatrically at 2.5 hours for pacing and broader audiences, but later become a 4 to 6 episode extended edition on streaming using the extra footage they already shot.

Theatrical release = the cinematic event.  
Streaming release = the deeper, more immersive version.

I feel like this could solve multiple issues at once:  
\- Keeps movies important and worth going to cinemas for  
\- Gives streaming platforms meaningful exclusive content  
\- Lets filmmakers explore stories more deeply without forcing a massive runtime   
\- Makes franchises and biopics feel less rushed  
\- Gives fans two different experiences instead of replacing one with the other  
\- Makes shareholders happy when audiences subscribe to see more haha

A biopic like Michael is a good example. Some lives and stories are simply too big to fully explore in one film, even if the movie itself is great. Sometimes I leave cinemas feeling emotionally invested but wishing certain moments had more room to breathe.

At the same time, I *love* that movies feel condensed and eventful. There is something wonderful about everyone gathering for one focused cinematic experience instead of everything becoming a long series. 

But imagine a balance between the two instead of what is currently a sort of big divide. ",0,13,1778739313.0,0.44,True,self.movies
1tcycyz,movies,What movie villain surprisingly has good manners?,"I was rewatching the comedy film; We’re the Millers (2013) with Jason Sudeikis, Jennifer Aniston, Will Poulter and Emma Roberts, and even though I know this isn’t meant to be a movie that filled with a lot of depth and is just one of those “feel-good comedies” that only exists for the purpose of laughing at stupid humour. I found one of the villains; Pablo Chacon to be a very interesting character, as weird as that sounds!

What really intrigued me about him, is how despite him being a Mexican drug kingpin. He actually still seems to have good manners and principles! For example, when he finds out that his drugs were stolen by an imposter along with his fake family. He doesn’t order any of his goons to hunt them down for him, he chooses to go after them himself but still brings one of his top guys with him because he knows what the imposter and his “family” looks like.

Even when he’s about to kill the people who stole from him on two different occasions, he chooses to let them “die together as a family, with honour.” giving them that short time to value their last moments with their loved ones despite how they weren’t a real family.

Also when they escape from him, but he manages to catch up with them again. He’s more angry over the fact that they not only stole from him, burned his face with steam and destroyed his car, that he acknowledges that he wants to kill them. Not that he HAS to. Yet, he still gives David a moment to plead his case and in the end, he still has manners where he decides that he’ll kill him first and doesn’t have to go through the pain of seeing his new “family” die.

So I’m curious if there are other examples of movie villains, where you’ve seen them have similar mannerisms like this!",0,11,1778765620.0,0.3,True,self.movies
1tbf7ed,movies,The Iron Claw (2023)  |  Dir. by Sean Durkin  |  Closing scene,,405,160,1778620944.0,0.84,False,v.redd.it
1tceap0,movies,"Ladybug, Ladybug. (The ending.)","From the early 60s William Daniels and Nancy Marchand. A rural school gets a nuclear bomb wwrnibg and evacuates. Turns out to be a false alarm. 

But then the kid at the end sees and hears a bomber come over head. The ending implies…the false alarm was false?  Or was it the damage done to the kids and adults psyches the point?  The one girl maybe dies in a fridge?  ",5,2,1778709411.0,0.73,True,self.movies
1tb89gv,movies,"French film industry at risk from the far right, say actors and directors",,779,358,1778606424.0,0.72,False,theguardian.com
1tciw1f,movies,Looking for inspirational movie recommendations please!!,"I’m looking for movies that portray someone going through tough emotional battles and are working hard at something. 

Or movies that portray extreme academic pressure, strict parents and intense studying. Something like Chinese/korean exam culture and obsessive discipline. 

A movie I really enjoyed was the Pursuit of Hapyness and I hope to find more movies similar to this! 

If you have something in mind please write it down even if you think it doesn’t match too well☺️

Thank you!! ",4,16,1778720686.0,0.67,True,self.movies
1tcy083,movies,"Will Smith To Star In Action Movie 'Supermax', Amazon Takes WW Rights",,0,9,1778764809.0,0.36,False,deadline.com
1tb1n9n,movies,"Rex Reed, Caustic Film Critic, Dies at 87",,1265,196,1778592445.0,0.91,False,hollywoodreporter.com
1tcxfjs,movies,"What movie made you think ""oh this villain has a point""?","I remember being a kid and experiencing this for the first time with some Marvel movies. Black Panther was definitely one I was like ""but I get it"" and even with Thanos. I like when movies humanize the villain and they're less mustache twisty and more over zealous activists. 

 What movies do you think of?",0,45,1778763517.0,0.42,True,self.movies
1tbvs08,movies,Northern Soul: Still Burning review – thumping celebration of the legendary underground club scene,,28,0,1778668635.0,0.71,False,theguardian.com
1tcb4b1,movies,"40th anniversary of ""Top Gun"" released in theaters on May 16","Top Gun is celebrating it's 40th anniversary by being shown in theaters this weekend.  Does anyone know if they plan on a vignette before the movie starts that shows what's happened in the past 40 years in regards to the franchise?

I went to the early screening of ""Top Gun: Maverick"" in May 2022 and there was a 10-minute intro that showed some red carpet footage on the aircraft carrier and other BTS stuff that was pretty cool.  I would think they'd do this for the 40th anniversary showing.  Even if it's just Tom Cruise saying ""thank you"" for being a fan for the past 40 years and teasing us with clips of ""Top Gun 3"" I'd be pretty stoked.",2,11,1778702594.0,0.53,True,self.movies
1tb9954,movies,"Barry Blaustein, Writer for Eddie Murphy on ‘Saturday Night Live’ and the ‘Coming to America’ Films, Dies at 72",,467,9,1778608464.0,0.94,False,hollywoodreporter.com
1tc7r3s,movies,‘Tangles’: Director Leah Nelson &amp; Producer Lauren Miller Rogen On The “Delicate Nature” Of Bringing Alzheimer’s To Screen In Animated Feature,,5,1,1778695646.0,0.58,False,deadline.com
1tc6fnf,movies,The Graduate vs. Midnight Cowboy,"I’m not asking what is the better film - I don’t like ranking art like that. More in line with different categories each film appeals to you more.

Culturally - which had the bigger impact on the film scene and counterculture of the youth

Cinematography - which had the better cinematography

Storytelling - which story appealed to you more? How so?

Acting - which gave greater acting performances?

EDIT: Want to add in a soundtrack/use of music category ",5,15,1778693017.0,0.63,True,self.movies
1tcju0f,movies,My Yearly Movie Reviews: Part 1-1984,"My Yearly Movie Reviews: Part 1-1984

I announced in a few places I was going to do this a year ago. I watch all DVDs and Blu rays I own of ""movies"" during a single year in cinema. 2025 however, proved to be such a godawful year in my personal life, including the loss of both parents. That said, I have finally completed all films I own on disc from 1984. Comes out to 59 movies and 1 musical performance.

\* = first time watched

\*The Killing Fields (10/10)

\*The Funeral (10/10)

\*The Terminator (10/10)

\*A Soldier's Story (10/10)

\*Ghostbusters (10/10)

Star Trek III: The Search for Spock (10/10)

Greystoke: The Legend of Tarzan: Lord of the Apes (10/10)

\*The Karate Kid (9/10)

\*The Neverending Story (9/10)

\*2010: The Year We Make Contact (9/10)

Red Dawn (9/10)

Amadeus (9/10)

\*Terrible Joe Moran (9/10)

Nausicaa of the Valley of the Wind (9/10)

\*Moscow of the Hudson (9/10)

\*Racing With the Moon (9/10)

Starman (9/10)

\*Footloose (9/10)

\*Police Academy (9/10)

\*Tightrope (9/10)

\*The Return of Godzilla (8/10)

\*The River (8/10)

\*The Little Drummer Girl (8/10)

The Last Starfighter (8/10)

Indiana Jones and the Temple of Doom (8/10)

\*A Nightmare on Elm Street (8/10)

\*City Heat (8/10)

\*Birdy (8/10)

\*Romancing the Stone (8/10)

\*All of Me (8/10)

\*Places in the Heart (8/10)

\*The Hotel New Hampshire (7/10)

Splash (7/10)

\*The Bostonians (7/10)

\*Firestarter (7/10)

\*Harry &amp; Son (7/10)

\*The Pope of Greenwich Village (7/10)

Dune (7/10)

\*The Natural (7/10)

\*Dangerous Moves (7/10)

\*Beverly Hills Cop (7/10)

\*Conan the Destroyer (7/10)

\*After the Rehearsal (7/10)

\*A Passage to India (7/10)

\*A Private Function (7/10)

\*Swing Shift (7/10)

\*Friday the 13th: The Final Chapter (6/10)

Urusei Yatsura: Beautiful Dreamer (6/10)

\*Falling in Love (6/10)

\*Missing in Action (6/10)

\*The Cotton Club (6/10)

\*Once Upon a Time in America (5/10)

\*Under the Volcano (5/10)

\*This is Spinal Tap (5/10)

\*Breakin' (5/10)

\*The Muppets Take Manhattan (4/10)

\*Country (4/10)

\*Broadway Danny Rose (3/10)

\*Against All Odds (1/10)

A Young Children's Concert with Raffi (10/10)

What decides my rankings the most is a combination of the movie's cinematography, performances, and my personal enjoyment. If you're interested in talking about any of these, I'd be happy to do so.

Part 2-1945 (loads of theatrical shorts included in this year and general era)",1,5,1778723158.0,0.54,True,self.movies
1tb5z2c,movies,Verity | Official Poster,,480,153,1778601707.0,0.86,False,i.redd.it
1tako2i,movies,"""A Knight's Tale"" (Brian Helgeland, released 25 years ago on May 11th 2001) - Geoffrey (Paul Bettany) gives a rousing introduction to 'Sir Ulrich von Liechtenstein of Gelderland' (Heath Ledger)",,11077,730,1778543403.0,0.94,False,v.redd.it
1tb9duv,movies,Peter Jackson Reunites With Elijah Wood in Cannes as ‘Lord Of The Rings’ Star Presents Director With Honorary Palme D’Or,,276,15,1778608733.0,0.93,False,deadline.com
1tbjezh,movies,"Jack Taylor, American Actor in European Horror and Fantasy Films, Dies at 99","Jack Taylor, the actor from Oregon who found fame in European horror/fantasy films and worked for directors including John Milius, Roman Polanski, Ridley Scott, [Milos Forman](https://www.hollywoodreporter.com/news/general-news/milos-forman-dead-cuckoos-nest-amadeus-director-was-86-861207/) and Jesús Franco, has died. He was 99.

Taylor, who lived in the Chamberí district of Madrid for more than six decades, died Tuesday, the Spanish newspaper *El Mundo* [reported](https://www.elmundo.es/cultura/cine/2026/05/12/6a02e05ae9cf4ac54f8b4582.html).

Taylor portrayed a priest alongside Arnold Schwarzenegger in Milius’ *Conan the Barbarian* (1982) and an antique-book collector opposite Johnny Depp in Polanski’s *The Ninth Gate* (1999), and he appeared in Ridley Scott’s *1492: Conquest of Paradise* (1992) and Forman’s *Goya’s Ghost*s (2006) as well.

In Spain, he acted in several films directed by Franco, including the X-rated *Succubis* (1968) and *Eugenia* (1970), the [Christopher Lee](https://www.hollywoodreporter.com/news/general-news/christopher-lee-dead-horror-icon-734214/)\-starring *Count Dracula* (1970), *Night of the Blood Monster* (1970), *Sex Charade* (1972), *The Vengeance of Doctor Mabuse* (1972), *Female Vampire* (1973), *Sexy Sisters* (1977) and *Voodoo Passion* (1977).",79,0,1778631138.0,0.82,False,hollywoodreporter.com
1tb28dh,movies,"First Image from Neil Burger’s ‘BARRACUDA’, starring Anthony Mackie and Dafne Keen. The action thriller follows a smuggler involved in a high speed car chase across the desert after rescuing a kidnapped teenage girl.",,543,260,1778593794.0,0.82,False,i.redd.it
1tc6oar,movies,Alex Proyas Set To Direct Biopic about Bahrain Leader In 'The Hakim',,5,5,1778693489.0,0.63,False,deadline.com
1tbqplu,movies,What movies feel completely different on a huge screen?,"Recently finished putting together a proper home theater setup: 5.1 surround with a Denon AVR-X1800H, Klipsch speakers + sub, and a Jmgo N3 ultimate on a 120-inch Silver Ticket screen.

What movies actually feel transformed by a setup like this? I’m thinking of films where the scale, framing, sound mix, or atmosphere changes the experience, not just movies that look sharp. 

I’ve already seen the usual Dune / Blade Runner 2049 type recommendations, so older or less obvious picks would be great too.",33,74,1778651552.0,0.72,True,self.movies
1tbro15,movies,‘Sheep in the Box’ Expands Kore-eda Hirokazu’s Empathy to Humanoid Androids and the Architecture They Inhabit,,19,2,1778654706.0,0.74,False,variety.com
1tcfgiq,movies,Ballistic film (2025),"Where can one find film, starring Jennifer Carpenter, Ballistic, Directed by Jeremy Rush? I can't locate it anywhere. It was released in Turkey in 2025. ""The film follows  a secret operative who is forced into a psychological game with her own mind,  at the same time she is being chased by the program that created her."" - IMDB

 TIA",0,2,1778712059.0,0.5,True,self.movies
1tb5oro,movies,‘Slow Horses’ Ruth Bradley Joins Billl Burr &amp; Chris O’Dowd In Ireland-Set Comedy ‘Bender’,,279,61,1778601120.0,0.85,False,deadline.com
1tcuff3,movies,Terrifier 2 (2022) | Damien Leone | Clown Cafe,,0,0,1778755580.0,0.27,False,v.redd.it
1tb3r2b,movies,Why Kingdom of Heaven’s Director’s Cut Is Better,,317,130,1778597092.0,0.77,False,yusufaytas.com
1tbrd6b,movies,"Lili Horvát's 'My Notes on Mars' Starring Mackenzie Davis, Rupert Friend Sells Widely",,15,1,1778653688.0,0.69,False,variety.com
1tbb7ep,movies,Connor Storrie Circling 'Please' A24 Movie From Halina Reijn,,133,26,1778612451.0,0.8,False,deadline.com
1tb81o6,movies,What are your 5 star movies from the past 5 years?,"I find it really difficult to keep up with movies in the world of streaming and the sheer number of releases these days, so I’d love to hear if there’s anything out there I might’ve missed recently that I should add to my watchlist.

What are your perfect 5-star movies from the past 5 years, regardless of genre? What’s wowed you and made it onto your favorites list?",172,307,1778605981.0,0.83,True,self.movies
1tccpr0,movies,Foretelling in movies,"Hi! I'm writing a story where the protagonist has foretelling powers, and to do some research I wanted to watch some movies with similar examples.

Just to clarify, I don't mean movies like Premonition or Back to the Future (so no time travelling) and also not movies in which external entities announce their future actions to a character who then becomes a sort of messanger about the future. Anything else if fair game, powers, ghosts/spirits (just warn me if it's horror, please), amulets, prophecies and so on. It doesn't matter if the plot part/character is minor in the story.

If you can't think of movies, but know of a book, that's good too!

Thanks!

Ps: movies of this kind I remember I have already watched: Next, Knowing, Encanto, Harry Potter. Books: Alex Verus, Wheel of Time. ",0,6,1778706017.0,0.5,True,self.movies
1tbeqz7,movies,Trailer Park Group Shutting Down Movie Trailers Division Amid Layoffs,"&amp;#x200B;

\&gt; Trailer Park Group, the long-standing, Clio Award-winning marketing agency behind trailers and key art on movies including Christopher Nolan’s Interstellar and The Dark Knight Rises, Marvel Studios’ Guardians of the Galaxy and Captain America: Civil War and such TV shows as Netflix’s Stranger Things and Wednesday, has shuttered several key divisions and reorganized others, according to multiple sources.

\&gt; The company is shedding about 150 positions, according to sources. Its employment numbers fluctuate but at last count employed about 1,100 people globally.",74,30,1778619940.0,0.78,False,hollywoodreporter.com
1tbbhcr,movies,Simon Rex To Lead Thriller ‘Don’t Get Up!’ — Cannes Market,"The official synopsis continues: *Don’t Get Up!* centres on Barry (Rex), an ordinary man whose night spirals into a nightmare when he discovers the motel toilet he is sitting on has been rigged with a deadly explosive device. A mysterious caller informs Barry that he is sitting on the trigger: if he stands up, he dies. ",106,28,1778613020.0,0.84,False,deadline.com
1tb5jjz,movies,New Poster for Macon Blair's 'Idiots' - Two unqualified bozos (Dave Franco and O'Shea Jackson Jr.) are hired to transfer a rich teen (Mason Thames) to rehab when their straightforward gig quickly spirals into dangerous mayhem.,,197,15,1778600816.0,0.86,False,i.redd.it
1tctjzj,movies,Hot Fuzz,"So yeah...I'm more than late for this...but just watched Hot Fuzz for the first time yesterday, and the more it progressed the more I was like....WTF? I mean....you think it's gonna go in the other direction and then it just mindfu\*ks in to thinking completely different. What I'm interested are \*your\* thoughts about it. Like it, dislike it....think it's overrated? Genious?...

https://preview.redd.it/yfy4md1dt21h1.jpg?width=1100&amp;format=pjpg&amp;auto=webp&amp;s=62fb8dabdf5bc3c2eec3a8ca3189055c8c886235

",0,30,1778752826.0,0.32,True,self.movies
1tcra1j,movies,Tips for watching Tenet,weird title ik but i tried watching tenet a few years ago and i dropped it midway because the going back and forth in time thingy was way too confusing for me. now that i finally have time to watch movies again i want to watch tenet. can someone please give me tips so that im able to comprehend the movie this time? ty in advance :)) ,0,25,1778745212.0,0.26,True,self.movies
1tcamtr,movies,White Noise (2022),"Out of curiosity, has anyone watched this film. It stars Greta Gerwig and Adam Driver as parents of a suburban family who are one of many to experience the outbreak of a toxic chemical leak.

The film tackles themes of death and mortality which imo is the closest media representation to humanity's shared fear of death. 

I'd be interested to hear opinions from those of you who have seen this film. I've never heard anyone talk about it and it felt like the film disappeared completely. ",0,30,1778701583.0,0.5,True,self.movies
1tbievo,movies,Incendies is AMAZING,"&amp;#x200B;

Denis just blew my mind with this one. Incredible, disturbing, absolutely mind bending and I already know this unsettling feeling is going to stay with me for weeks. That’s the thing about Denis’ films; they linger, they crawl under your skin, and that’s exactly why he’s the GOAT.

I know I’ll never be able to watch Incendies again, but I’ll recommend it to everyone because a movie like that should never be slept on.

Please if you haven't watched it yet GO WATCH IT NOW.",38,16,1778628603.0,0.74,True,self.movies
1tbkqau,movies,Need a movie similar to coherence.,"My absolute favorite genre of movie is mind fuck psychological thrillers, coherence fit that genre PERFECTLY. since i watched that movie i’ve been chasing the same high. I’ve roamed the internet looking for movies that people consider to be in the same league and i’m not sure i’ve found one that really gave me the same/similar feeling to my first watch of coherence. i love anything that has to do with time. was not a huge fan of the movie triangle before people suggest that. ",23,39,1778634629.0,0.7,True,self.movies
1tcmvkx,movies,Movies you enjoy that are generally hated,"I for one enjoyed Mercy starring Chris Pratt. Seems universally hated but it kept me entertained when I was planning on taking a nap while it played. Also most Dwayne Johnson movies are a good time in my opinion even if his range doesn’t really fluctuate that much. I’ve seen a lot of hate on the Black Phone 2, but my friends and I had a blast watching it. Curious to hear some other takes ",0,140,1778731317.0,0.4,True,self.movies
1tb3kpv,movies,New poster for ‘Experiment 11’- The film is set inside a medical research facility where a group of participants are forced into an experiment with consequences tied to the future of humanity. The creators of The Blair Witch Project join forces with the creator of Scare Tactics for this film.,,156,21,1778596716.0,0.82,False,i.redd.it
1tayi4z,movies,"Kristen Stewart &amp; Wagner Moura Underway On A24 Vampire Thriller 'Flesh Of The Gods' With Esmé Creed-Miles, Roland Møller &amp; Alba Baptista Joining The Cast",,276,21,1778584636.0,0.89,False,deadline.com
1tbnsm8,movies,"What’s one movie you didn’t know about, found on this sub, and loved?","For me it was Tick, Tick… Boom. Andrew Garfield disappeared on that screen and became Jonathan Larson. 

I grew up in the late 80s early 90s as a gay kid. That entire film just sat in my soul and grounded me. Very few movie musicals grab my attention. I didn’t even know the movie existed until a couple months ago when someone mentioned it in the comments on a post in the sub. I’m very thankful. ",14,14,1778642798.0,0.66,True,self.movies
1tccs8n,movies,Any recommendations of good and realistic movies talking about the pioneers / first European populations that came to settle in the US or Canada please?,"Any recommendations of good and realistic movies talking about the pioneers / first European populations that came to settle in the US or Canada please?

I am just passionate about this subject and I want to learn more about it please.

Would love to find a movie that really shows how life was back then and how hard it was 

Open to any style of movie 

Thank you so much in advance ",0,25,1778706156.0,0.44,True,self.movies
1tci5s5,movies,"Swapped (netflix movie, 2026) theory, heavy spoiler warning","&gt;!In swapped, we see the firewolf in Ollie's grandma's flashback having flames the moment he transforms. This indicates that the flames could be his source of life/power. But, when he transforms again from boogle to the firewolf, he has to ignite the flames himself, because when he transforms he has no flames and looks like a leafless tree wolf. Does this mean that firewolves are simply a variant of tree wolves or something else entirely? My theory is that the pods can modify one's anatomy including species, which is why he was able to become the firewolf.!&lt;",0,1,1778718809.0,0.3,True,self.movies
1tb64qk,movies,Oscar-Winner Michelle Yeoh ('Everything Everywhere All At Once') to Star In ‘This Is My Time’ - She plays a 70-year-old woman who wants to reclaim her life after being sent to a nursing home. Her opportunity comes when a young coach discovers her rare talent in solving the Rubik’s Cube.,,98,14,1778602036.0,0.82,False,screendaily.com
1tcmv2g,movies,What is that famous Ahhh sound effect from?,"I was just watching Batman VS Superman and heard that same sound effect I’ve heard in 100’s of movies, where is it from? I genuinely can’t find anything online about it. I’m assuming you guys who are movie experts will know what I’m talking about. I just really want to know because it’s so overused? Is it from an old movie or just a long running inside joke for movie directors?

If nobody gets what I’m talking about I will record the exact sample.

Thank you for reading PLEASE TELL ME!!!",0,7,1778731277.0,0.35,True,self.movies
1tal4o2,movies,First Image: Arnold Schwarzenegger as Santa Claus in Adam Shankman’s ‘THE MAN WITH THE BAG’. The film follows Santa Claus as he enlists the help of a petty criminal after his sack of presents is stolen. Releasing December 2 on Prime Video.,,1620,276,1778544553.0,0.91,False,i.redd.it
1tbpir1,movies,"Electric Dreams – The duel. – Dir. Steve Barron – July 20, 1984.",,8,7,1778647831.0,0.61,False,youtube.com
1tclii7,movies,How different was the cancelled Blue Sky Nimona compared to the Netlix version?,"I am just intrigued. I was just scrolling on X and youtube these past few days, and have stumbled on nimona. I eventually started watching it, and I think it was fine, maybe a bit preachy with the queer things and such, but in the end it was a bit fine. Then I searched in google, since this movie was an oscar animated feature nominee. And I stumbled on the wikipedia page, which shows it was apparently supposed to be created by Blue Sky, and the rights actually acquired by 20th Century way before the Disney acquistion. Granted, I wasn't really on during those drama bs during those 2020-2021, I'm just curious what was the supposed to look like? I mean its not like the netflix version was bad, I mean its a bit fine, the animation seems solid to me and such. But I'm intrigued how drastically different the original Blue sky film could have looked like, for better or for worse, and  whether the ""70% completion"" was a lie or not.

EDIT: Netflix. sorry for the typo:(",0,2,1778727531.0,0.29,True,self.movies
1tbozjl,movies,Best movie for tiki night,"We throw movie nights for our friends! Usually they’re chill, but we’re going balls to the wall next time for a tiki themed bday party. We have the following movie ideas, most of them will play at a low volume/muted during the party, until we sit down to watch one or two altogether:

\- surfs up   
\- pirates of the caribbean    
\- lilo and stitch    
\- joe versus the volcano    
\- dr no    
\- punch drunk love   
\- endless summer   
\- goonies   
\- castaway

We’re big movie people, and trying to figure out what our “magnum opus” tiki-relevant (by a stretch, even) movie will be. Any suggestions? ",7,88,1778646215.0,0.58,True,self.movies
1tct9sf,movies,Title: Mike &amp; Nick &amp; Nick &amp; Alice (2026) is a disgusting glorification of infidelity and gaslighting,"I just finished watching Mike &amp; Nick &amp; Nick &amp; Alice on Hulu and I am fuming. How does Hollywood keep getting away with making a complete joke out of loyalty and honor?
The entire plot is a slap in the face to anyone who actually values the sacred bond of marriage. We’re supposed to root for a ""happy ending"" where the two people who betrayed the protagonist—his wife Alice and his best friend Mike—get to walk away scot-free?
The ""Pregnancy Shield"" is the ultimate gaslight:
The movie uses Alice’s pregnancy (with the guy she’s cheating with!) as a ""get out of jail free"" card. It’s pure victim-blaming. They make Nick the one who has to sacrifice his life to protect the people who stabbed him in the back, all because ""there’s a baby involved now."" It’s a total mockery. Since when did ""growth"" mean being a doormat for cheaters?
The Time Machine Logic:
They have a literal time machine and they don't use it to stop the affair or save the marriage? No, they use it to ensure the ""new life"" created through betrayal stays intact. For an industry that talks so much about abortion rights, they sure love using ""unborn life"" as a tool to force a man to forgive a cheating wife.
It’s just another Hollywood agenda piece where the ""loyal"" partner dies and the cheaters get a second chance at a ""happily ever after."" It’s disgusting, it’s immoral, and it’s a total flop of a story.
Am I the only one sick of movies rewarding the worst people in the room? 
Does Hollywood have no more plots but affairs?
(Kudos to Benedict Cumberbatch's ""The Roses""—that movie actually talks about actual marital problems instead of making it another affair-driven mess. It proves you can have drama without making a mockery of the marriage bond.) ",0,8,1778751904.0,0.19,True,self.movies
1tckc24,movies,"What is the cinematic equivalent of ""Coworker Music""?","For context, ""coworker music"" is slang for that hyper-generic music you always hear playing in the background of a workplace, like a sanitized retail playlist or default office radio. It’s completely safe, algorithm-driven, and focus-grouped to death, but the person playing it thinks it’s a masterpiece. (Edited the body to get my point across better)

What movie fits this exact description?

I’m talking about films that feel totally sanitized, have zero distinct directorial style, but casual viewers swear are ""underrated gems.""

What is the ultimate ""Coworker Movie""?",0,31,1778724423.0,0.35,True,self.movies
1tcl03m,movies,"In your opinion, what is the most influential movie ever made?","As i delve deeper and deeper into the world of cinema, I can't help but see the relationship between movies and some movies which I thought of as being some of the best movies ever made (and still do) seem less and less original as I watch more older movies. So I am interested in what others consider the most significant and influential movie ever made?? There are no wrong answers, and if you would like to know my opinion, you can see it below. 😄

  
My answer to my Question would most definitely have to be **Lawrence of Arabia**! I grew up just like most other people from my generation and the generation before watching Star Wars and Steven Spielberg movies (Jaws, indidana jones, E.T., ect), and I absolutely love those movies, and they played such an important part in my childhood and are what really started my passion for movies. but as i have started to watch more movies and try to watch more movies that have inspired these great filmmakers hoping to get inspired myself i keep on coming back to lawrence of arabia and everytime i watch it i see more similarities between it and so many other films i formorly thought of as very original films.

The most obvious similarities I see are between Star Wars and LOA. Firstly, the planet of Tatooine and the famous shots of the double setting sun are very much influenced by the cinematography of LOA and the desert landscape they both share in common. But it's not only the landscapes and the cinematography that these two masterful films share in common, but the entire storyline of Star Wars directly parallels LOA. Key parallels include a hero embarking on a desert journey, the use of Alec Guinness as a wise mentor figure, and an epic battle against a technologically superior empire, which are shown in both films!

Lawrence is also famously Steven Spielberg's favourite movie, and he has even said that after watching it for the first time, he dicided that he was never going to be able to make a movie that grand and even gave up on his dream for a while (thank god he changed his mind) but it has most definetly influenced spielbergs grand scale approach to cinema that we know today. The heroic, wide-angled shots of treks through the desert in LOA have also influenced the jungle and desert trekking scenes in Indiana Jones and the Temple of Doom. I mean, you can see influences in all of Spielberg's films, mostly through the use of the iconic match cuts used by David Lean and the use of silhouettes and lighting.

Most of the influences that Lawrence has had aren't negative at all. I mean, without Lawrence, we would have missed out on a lot of amazing films. Although there are some negative influences, in my opinion. most recently with the Dune series, which is basically just a corny remake of Lawrence of Arabia, but set on another planet that overuses special effects and miscasts celebrities to play characters they have no ability to play. But other than that, i absolutly loooove lawrence of Arabia and the films that it has influenced and inspired over the years. 😄

",0,47,1778726160.0,0.25,True,self.movies
1tcbwgc,movies,Paramount Dates David Ayer’s Brad Pitt Actioner ‘Heart Of The Beast’ For September 25,,0,9,1778704260.0,0.46,False,deadline.com
1tcgbuw,movies,Halsey To Star In &amp; Co-Write Psycho-Sexual Horror ‘Replacer’ With Avan Jogia Directing &amp; Lily Wachowski Exec Producing — Cannes Market,"The synopsis reads: “Stranded in Montreal, Proxy (Halsey), a troubled DJ, meets an alluring artist and his group of friends who run an underground radio station. The station’s broadcast becomes warped by a mysterious signal hidden deep beneath the city’s subway system. Proxy must escape before the sound turns her, and her new friends, into something raw, primal, and unrecognizable.”",0,0,1778714196.0,0.42,False,deadline.com
1tcnqqi,movies,My opinion of the zootopia films,"
I think they're both equally good, but with flaws.

Movie number one was able to introduce the wonderful world of zootopia, gave a good mystery and characters and suspense.

But it was on a soap box for awhile (although it was needed given the events around the release), and the twist villain was completely out of left field and felt like cheating 

Movie 2 gave us a more good villain, more learning about the zootopia world, some quality time with the characters, and a problem that could stand without being on a soap box. 

However, it had its dumb jokes and references (some were good though), and, dare I say it, separated the two characters. I can see why they did it, but I think there could have been a better way. Oh, and they completely fumbled with Gary. 

Both films could've worked better as two partners in my opinion. Think about it. Imagine another film dedicated to Nick and Judy taking another crack at the nighthowler case, actually giving some leeway for bellwether to show more of her villainous side. 

Or split zootopia 2 in two parts as well, ending the first part where Judy and Nick split ways, and giving us another movie, one a break out of prison movie able to introduce other characters, and the second part giving Gary a chance to be a character and more suspense and mystery around the lynxley's.

All in all, good films, with some flaws. 

(Any other grammar suggestions?)
",0,25,1778733887.0,0.1,True,self.movies
1tcmcdw,movies,Which Indian movies are popular in other parts of the world?,"I was just curious to know that just like hollywood movies , or korean movies are popular in India, are indian movies as popular too! In the 50s indian movies were very popular in USSR and eve later Mithun Chakraborty movies had a huge fan following too. But do the Indian movies of current era have such fan following in other parts of the world ? ",0,20,1778729810.0,0.23,True,self.movies
1tc75me,movies,Suggest some mind-bending psychological thriller movies to me.,"So currently my summer break is going on and I’m bored asf 😭 I’ve been playing a lot of video games lately but honestly I feel like I’ve already played almost every popular game out there. Now gaming just feels repetitive and I want to try watching movies.

Can you guys suggest some really good psychological thriller movies that completely bend your mind? Like the type of movies with insane plot twists, dark psychology, suspense, confusing reality stuff, and endings that leave you sitting there questioning everything for the next hour. 💀",0,41,1778694453.0,0.43,True,self.movies
1tcaztl,movies,First filmography you watched?,"I’m currently watching all the movies in Jafar Panahi’s filmography. I only have one more film to go. I loved “It Was Just An Accident” (2025) and typically his movies are shorter in length (usually around 90 mins) so it was an easy decision to go through them all and I’ve had a great time. This would be the first time I’ve watched all of a directors films. 

I was curious what were people’s first filmographies they decided to tackle and watch through. Depending on the director you may have a bunch of classics or a mixed bag. For anyone else who’s gone on a similar journey what was the director?",0,8,1778702338.0,0.39,True,self.movies
1tccujz,movies,Looking for an old movie.,"First off, I’m not sure if this is the best area to look, but it’s big and dedicated to movies.  
I just got reminded of Bionicle by hearing a song that ended up in a tribute video on YouTube like 10 years ago.  
That’s not the point though, the point is that I have \*the\* worst memory known to man, and I watched this YEARS ago, so I can’t exactly remember if it was Bionicle or not.   
The scene I’m remembering has characters, I think a yellow one? Going off into space, blah blah, they end up at this very green planet with gas everywhere. If I remember correctly, they definitely had to use some sort of oxygen tank thing? To make sure they didn’t die. I want to assume it’s Bionicle, because the vibe of what I’m remembering just seems right. But at the same time, I watched stuff like Lego Ninjago and it could have also been that? I can’t seem to find the scene anywhere, but I remember it was very dark themed, so I’m assuming Bionicle.   
If anyone could please help me out with this, that would be great. I want to rewatch this for some nostalgia and all that, and I can’t bring myself to feel like normal until I can figure out exactly what it was from.   
I can try to remember more details about it if asked, but that’s all I’ve got right now.",0,6,1778706298.0,0.3,True,self.movies
1tabesd,movies,David Koepp ('Jurassic Park') Writing Film Adaptation of Michael Crichton’s ‘Westworld’ for Warner Bros.,,3005,716,1778523014.0,0.93,False,deadline.com
1tccl0j,movies,Are there any movies involving a director or screenwriter in a Police Procedural,"Hello I’m a screenwriter working on screenplay involving a screenwriter who talks about his screenplay and results in a similar murder a week later (not going into depth because it’s not what the post is about). Honestly the only even remotely similar concept that I’ve seen and rewatched recently is that Seven psychopath film  but for how much blood and deaths and murder in that movie there is 0 police involvement are there any other movies similar to that though, Let me know in comments thank you.",0,29,1778705736.0,0.31,True,self.movies
1tbjgsa,movies,‘The Remembered Soldier’ Movie in the Works from ‘Remarkably Bright Creatures’ Filmmaker Olivia Newman (Exclusive),"Netflix is feeling remarkably bright on its future with filmmaking creature [Olivia Newman](https://www.hollywoodreporter.com/t/olivia-newman/).

The streaming giant is reteaming with the writer-director of its weepie hit [*Remarkably Bright Creatures*](https://www.hollywoodreporter.com/t/remarkably-bright-creatures/), coming on top of a bidding war to land the rights to prize-winning novel *The Remembered Soldier* by Anjet Daanje.

The story follows a shell-shocked veteran suffering from amnesia with no memory of who he was before the war, and Julienne Coppens, a woman who arrives claiming him as her husband, a photographer named Amand, lost to her for years.

The tension in the novel is driven by the question of whether or not the woman is telling the truth, even as the two are drawn into a life he cannot remember. Themes of identity, memory, and the fragility of self are woven into a love story built on longing and the aching human need to be known.

The novel, published last year by New Vessel Press, became a literary darling, being named as one of New York Times’ 100 Notable Books of 2025, Wall Street Journal’s 10 Best Books of 2025, one of Publishers Weekly 2025 Best Books of the Year, among other accolades. It was also awarded the 2026 Republic of Consciousness Prize.",10,2,1778631271.0,0.66,False,hollywoodreporter.com
1tait0y,movies,The movie that gets blamed for being bad when it is really just mismarketed.,"Sometimes a movie is not actually bad. It just gets sold like a completely different kind of movie, so people walk in expecting one thing and leave angry at the wrong problem.

For me, Jennifer’s Body is a big one. If it had been sold more honestly, I think a lot more people would have met the movie where it actually was instead of blaming it for not being the movie the trailer promised.

What is a movie you think got hurt more by bad marketing than by the actual film?

Thank you.",1166,1456,1778538808.0,0.89,True,self.movies
1tba5iy,movies,"McKenna Grace, Paul Walter Hauser &amp; Louis Partridge To Star In Rom-Com ‘The Official Mistress’ About Final Days Of The French Monarchy — Cannes Market","Matt Brown (*The Man Who Knew Infinity*) is due to direct from his own script about King Louis XVI (Walter Hauser) – the Last King of France – and his pursuit of Comtesse Madeleine de Vascone (Grace) as La Maîtresse-en-Titre aka the Official Mistress in order to quell suggestions of impotence by country and court… and the humble, lowly cook Rene Rennault (Partridge) who risks treason to become the King’s Taster in an attempt to save his first love, Madeleine.",32,8,1778610270.0,0.74,False,deadline.com
1tawgqg,movies,‘Once Upon a Time in America’ Origins Movie in the Works From ‘Paper Tiger’ Producer Leone Film Group (EXCLUSIVE),,142,19,1778578324.0,0.85,False,variety.com
1tb9h3t,movies,"Steve Zahn Joins Kate Hudson, Javier Bardem in Amazon MGM Rom-Com ‘Hello &amp; Paris’ (Exclusive)",,26,6,1778608910.0,0.74,False,hollywoodreporter.com
1taorau,movies,'Terrifier 4' Will Ring in the New Year With a 2027 Release Target,,461,131,1778554119.0,0.8,False,dreadcentral.com
1tci3l0,movies,I want to watch a movie,"It's similar to Parasite or something like that. It doesn't have to be Asian, but when I watched Parasite, I really liked it as a visual experience and the emotions I felt while watching it were beautiful. Or anything else is fine, as long as it's not too popular, or give me any suggestions you think I'd like. ",0,22,1778718648.0,0.22,True,self.movies
1ta3amq,movies,"First Image of J.K. &amp; Olivia Simmons in ‘109 Billion Followers’ - Follows lonely film student Emma, who documents a man who claims to be the Grim Reaper",,5548,317,1778506033.0,0.96,False,i.redd.it
1tc7d83,movies,"‘A Woman’s Life’ Review: Finely Textured Character Study Does More Than What It Says on the Tin, Thanks to Léa Drucker’s Superb Performance",,0,0,1778694886.0,0.45,False,variety.com
1tcjdua,movies,Seeking answers regarding Salo (1975),"Most extreme cinema fans are probably aware of Salo, and have either seen it or at least hold some curiosity toward it, I am in the former camp.

But I have some issues regarding the production that I can’t seem to find straight forward answers for, ive seen my fair share of depraved cinema, but there are some things that cross a line, no matter the artistic intent.

Firstly, I have read in multiple places that Pasolini would not tell the actors what they would be doing until it was time to shoot. This feels at least unethical considering the subject matte, and I do not see how this in any way adds to the art.

My biggest issue, one that will stop me from watching it entirely, is the mystery of the ages of the cast members. No one really seems to know how old they were, some people claim they were all most certainly of age, and others claim they were as young as 14.

If the latter is true, how was that legal? It certainly isn’t ethical, and how do fans of the film justify this?

Is there any concrete answer to this? If not I suppose I will have to avoid at all costs.

EDIT: I am happy to discuss theories and / or different takes, I shallnt be dismissive, having contrasting opinions and discussions is one of the best parts about media! ",0,19,1778721960.0,0.29,True,self.movies
1tcgx9s,movies,"i remember seeing a short film where a woman could mold her body like clay or play doh, can you identify it for me?","the plot is like this: 

theres this girl on a date and she discovers that she can mold her skin to whatever she desires

so she grabs a fuck ton of beauty magazines and starts to replicates them

cut to a montage of her changing her body to fit the beauty standards 

and at the end her boyfriend comes and she looks at the mirror and realizes she looks hideous



i dont really remember the ending fully but the girl either changes back to her former self or she just makes her boobs bigger and then gets dumped by the guy idk 

  
PS: yes, i did see it from one of those movie recaps on shorts and tiktok and i think its the short film ""plastic""(2008) but i wanted to come here to see if im correct",0,4,1778715662.0,0.28,True,self.movies
1tc6zwj,movies,Dooba Dooba - did it ever release?,"I have had this film on my watch list for a long time now, and apparently it went onto digital platforms in Jan 2026 but I for the life of me cant find it anywhere in the UK? It has reviews on IMDB but most of them talk about seeing it at a film festival rather than out in the wild.

Did this film ever actually release? Has anyone seen it? Is it worth the chase?",0,1,1778694124.0,0.29,True,self.movies
1tcr1f4,movies,Top Gun: Maverick is the best movie ever made and I’m dead serious,"I finally rewatched it tonight and somehow it was even better the second time. The flying scenes are insane, the tension never drops, the soundtrack is perfect, and the final mission had me completely locked in 

What makes this movie special is how real everything feels. You can tell they relied on practical effects and real flight training instead of making everything CGI. Every scene feels intense and immersive.

Tom Cruise absolutely killed this role too. Making a sequel this good after decades honestly feels impossible.

Even if you’re not into military or jet movies, I still recommend this to everyone. It’s just one of those movies that completely pulls you in from beginning to end.",0,38,1778744395.0,0.21,True,self.movies
1tci749,movies,Michael Jackson’s Catalog Is Still Setting Records in ‘Michael’ Biopic’s Third Week,,0,4,1778718909.0,0.39,False,billboard.com
1tcgo3s,movies,How would you cast Walton Goggins?,"Walton Goggins is honestly one of my favorite movie and television actors, and I genuinely love to watch him in every role he does. So consequentially, I wanted to ask y'all how you'd like to see him casted as someday in the future. Personally I'd love to see him as a sort of quick-witted villain in a non-western movie, like a combo of his role as the Ghoul in Fallout and Billy Crash from Django Unchained.",0,52,1778715023.0,0.3,True,self.movies
1tbw1h2,movies,"MK2 Films Acquires Classic Films by Auteurs Michael Haneke, Ang Lee, Xavier Dolan (EXCLUSIVE)","Among the headline deals, MK2 Films has secured worldwide rights, except for Germany, Italy, France, the U.S., the U.K., Spain and Australia, to Haneke’s 2007 English-language remake of “Funny Games,” starring Naomi Watts and Tim Roth. The acquisition, concluded with Chris Coen Films Ltd., adds to a Haneke slate that already includes “Code Unknown” and “The Piano Teacher.”

MK2 Films has also acquired worldwide rights to newly restored versions of Lee’s “Pushing Hands,” “The Wedding Banquet” and “Eat Drink Man Woman,” in a deal with the Taiwan Film and Audiovisual Institute, where the films were originally restored by CMPC.

MK2 Films has also taken worldwide rights to Dolan’s “I Killed My Mother” and “Heartbeats” from Nancy Grant, after previously holding French rights to “Heartbeats.” They join “Laurence Anyways” and “Tom at the Farm,” as well as French rights to “Mommy” and “It’s Only the End of the World.”

MK2 Films has also taken worldwide rights to Dolan’s “I Killed My Mother” and “Heartbeats” from Nancy Grant, after previously holding French rights to “Heartbeats.” They join “Laurence Anyways” and “Tom at the Farm,” as well as French rights to “Mommy” and “It’s Only the End of the World.”

In parallel, MK2 Films is rolling out a new 4K restoration of Ari Folman’s milestone animated documentary “Waltz With Bashir,” which has recently joined the company’s collection.",0,3,1778669471.0,0.45,False,variety.com
1tb4po6,movies,"We need an epic movie like ""Amadeus"" for Beethoven.","""Amadeus"" is such a stellar film about a stellar of a legendary composer. An absolute favorite of mine.

What I appreciate the most about it is that music is just as much as a protagonist as Mozart and Salieri. The people who wrote and made the movie had such a profound understanding of Mozart's music, and of classical music as a whole. It's a love letter to classical music. Each piece was chosen carefully to enhance the scene. Each has a purpose, a pulsating soul. Together with stunning visuals and fascinating acting (even the minor characters like Kapellmeister Giuseppe Bonno are just so memorable), it creates a continuous stream of lovely vignettes of various colors and emotions.

And the love of music is just.. infectious.. I read that the movie's original release boosted record sales of classical music in both the Eastern (notably Japan) and Western worlds. Even those who weren't educated in music fell in love with its irresistible charm.

Mozart and Beethoven are both two of my favorite composers. Beethoven being more ""personal"" in so many ways. I first watched ""Immortal Beloved"" as a kid, and was let down that it didn't evoke the same feelings ""Amadeus"" did. Today I've decided to give it another chance.. especially since Gary Oldman seems like such an impeccable casting choice. And he did prove himself by dedicating tremendous efforts: practicing the piano vigorously and doing enough research to get into Beethoven's psyche.

But sadly it was probably a bigger letdown the second time around.

My biggest 2 gripes:

1. Beethoven's music has taken a backseat. The movie isn't about Beethoven's music which was nothing less than revolutionary. So much so that a movie about nothing but that would be probably be days long. The filmmakers clearly wanted to follow the footsteps of ""Amadeus"". But instead of having meticulous choices of music that fit the scene, they shoe-horned most of Beethoven's ""greatest hits"" in a rather cringeworthy way. Pretty much all the pieces used were the ones you've heard countless times in a wrong setting (ads, inside an elevator, hold music). More like obligatory box-ticking than a genuine understanding of the nuances of his genius.. while Beethoven has an enormous canon of gems that is mostly uncharted territory for non-classical music listeners, music that rocks or shatters one's world. Could have been a great chance to introduce them to the public (the “Emperor” is breathtaking of course. But personally I feel like ""The assassination of Richard Nixon did a better job weaving it into its emotional core) And often the music just sounded wrong. For instance, they could've synced Karl's gunshot with the background music. We never got the pleasure of peeking into Beethoven's world as a performer nor as a composer (only rather briefly as a conductor). Everything was kinda glossed over. What a waste.
2. The absurd premise of the movie. Of the infinitely fascinating things about Beethoven that could be in the movie, they chose his (fictional) love life. Beethoven's been whittled down to a caricature. And Schindler, who practically carried the whole movie, the actor of whom I regret to say is utterly uninteresting (Maestro was right, he WAS a bit of a bore lol). Lots of the acting in the movie is ham-fisted, subpar. ""Amadeus"" is often criticized for weaving fiction into its storyline. But it served a purpose, a powerful poetic narrative. ""Immortal beloved"" has so much fiction that it takes you out of the movie. There wasn't much of a decent story to begin with, fiction or not.

There are tons of smaller things but I digress. Sincerely, sincerely hope that there will be filmmakers who truly understand Beethoven and his music who will dedicate a much-needed tribute film to him.

TLDR: Yes, ""Immortal beloved"" happens to be the subject of this post. Allow me to direct you to its waistline - 'I first watched ""Immortal Beloved"" as a kid...'",38,55,1778599105.0,0.64,True,self.movies
1tbe4o9,movies,Have you guys seen the movie Eye in the Sky?,"It centers on drone warfare and the ethics surrounding it, from the point of view largely on the people who makes those decisions in war rooms, and much like the drone operators, divorced from the immediate horror.

Incredibly disturbing story for how relevant it always is. Helen Mirren gives her best performance ever as far as I’m concerned, to the extent that she is hopefully not anything like that character in life. 

It’s also Alan Rickman’s final performance and it’s a wonderfully empathetic performance.",14,34,1778618591.0,0.64,True,self.movies
1tcavgv,movies,Kannada Actor-Producer Dileep Raj Dies Of Heart Attack At 47,,0,7,1778702079.0,0.4,False,ndtv.com
1tbo5of,movies,What scrapped concepts should've been used in the final cut of the film(s) of your choice?,"Now what I mean by this is that during the making of a film or a TV show, there would be several ideas tossed around and while some of these ideas get used in the final cut, others don't get used and would just sit in the film studios' archives somewhere.   


But there could be times where a scrapped concept or two would've benefited the film if the filmmakers kept that concept. For example: Two of Disney's Wish original concepts had the star character be a shapeshifting human named Starboy that would've been Asha's love interest and King Magnifico and Queen Amaya would've been Disney's first villain couple, but both of these concepts were scrapped, which is a shame considering how the final film turned out.

But what do you think? What scrapped concepts for a film should've been kept in the final film?",2,2,1778643831.0,0.56,True,self.movies
1tb52cg,movies,'Finding Emily' - Official Trailer - Starring Angourie Rice &amp; Spike Fearn,,30,17,1778599849.0,0.72,False,youtube.com
1tb6mw2,movies,Official poster for Miss You Love You starring Allison Janney and Andrew Rannells premieres May 29 on HBO Max,,23,7,1778603074.0,0.72,False,i.redd.it
1tbps6o,movies,"Mackenna's Gold is the kind of pop corn, fun Western, that has everything, the good guy, the bad guys, a treasure hunt, thrilling action scenes, and a great cast. Not to mention was the inspiration in a way for Raiders of the Lost Ark.","https://preview.redd.it/klxs4elf1u0h1.png?width=850&amp;format=png&amp;auto=webp&amp;s=07b70ac076148e4864837714d600e004ed7a516c

The movie revolves around gold that is hidden away in a canyon called ""Cañon del Oro"" and believed to be guarded by Apache spirits.  When Marshal Sam Mackenna( Gregory Peck) has a shootout with an old Apache shaman, Praire Dog, and kills him, he comes across an old map that leads to the treasure. He memorizes and burns it.

On the other side is the outlaw John Colorado( Omar Sharif), who is after the gold, and takes Inga(Julie Newmar) as hostage, after killing her father. And captures Mackenna, forcing him to lead to the gold. His gang includes his right hand man Sanchez, Apache warrior Hachita and another Apache female Hesh-Ke, who had a thing going with Mackenna in the past.

And soon a whole host of characters come into the hunt, including Ben Baker( Eli Wallach), a gambler, acquintance of Colorado, who gets to know about the gold, and his entourage includes Adams, the old man who knew about the gold, but was blinded by the Apaches. And there is Sgt. Tibbs( Telly Savalas), a cavalry leader, who wants his share of the gold, and joins the party.

The movie is the kind of entertainer, to hang out with, it has it all the good guy in the form of Mckenna, the bad guys, enough shootouts, action scenes. Some thrilling action scenes include the group being chased by a bunch of Apaches, the Cavalry gunning down most of Baker's team, and of course the final 15 minutes or so, that has all kind of double crossing, fights and an edge of the seat climax.

Basically the kind of movie you watch and enjoy on the big screen.  This was  John Lee Thompson's third movie with Peck after Guns of Navaronne and Cape Fear, and proves to be as great as the other two.  Carl Foreman who wrote the screen play for this, was among those blacklisted as he was suspected to be a Communist sympathizer, he had a long collaboration with Thomson.

George Lucas then a film school graduate, made a documentary on the shooting of this titled, **6-18-67,** basically a reference to the date of completion of shooting. In a way this movie was the inspiration for the Indiana Jones series, one scene where the shadow of a column of a rock, leads them to the treasure, inspired a similiar kind of scene in Raiders of the Lost Ark.

Gregory Peck does well, in a role right up his alley, the noble, all good American hero, but it is Omar Sharif who steals the show as Colorado, showcasing arrogance, snark, ruthlessness perfectly well, and he also gets to have the best lines too in the movie.

Eli Wallach as Ben Baker and Telly Savalas as Sgt Tibbs, offer good support.

Incidentally the movie while not succesful in US, was a huge hit in India, and was wildly popular then.

Movie has a great soundtrack by Quincy Jones too, the song Ole Turkey Buzzard,and the BGM is damn good.

If you are looking for a good popcorn flick, to hang out with on the weekend, and get entertained, this is quite a good choice. ",2,7,1778648656.0,0.54,True,self.movies
1tbmt8e,movies,"Earth to Colby - An aspiring vlogger discovers a notebook detailing hidden portals in her hometown, leading her on a journey to discover the city's supernatural history.",,2,0,1778640117.0,0.54,False,youtube.com
1taqozf,movies,"The Cutting Edge – ""Toe Pick!"". – Dir. Paul Michael Glaser – March 27, 1992.",,181,48,1778559581.0,0.86,False,youtube.com
1tbt4v4,movies,Any other movie like aamis ?,"Maine recently Aamis dekhi aur honestly kaafi unique lagi. Storytelling, slow burn tension aur overall dark realistic vibe bahut alag thi. Ab mujhe isi type ki aur movies dekhni hain jo thodi disturbing, intense aur thought provoking ho. Language matter nahi karti, bas movie impactful ho aur Aamis jaisa strong feel de. Koi suggest karo.

Edit:-   
Ye movie jis type ka impact chodti hai mind pe vese type ka impact chodne wali movies suggest kare, not only cannibalism ",0,5,1778659756.0,0.5,True,self.movies
1tbzx22,movies,Suggestions for movies similar to Redux Redux (2026),"As the title says, I watched the movie a few days ago and it has stayed with me. Finding that it had Jim Cummings in it was a nice surprise.

Any other movies of such calibre esp. from Indie scene that blends different genres aptly? 

Would appreciate it even more if it has revenge theme mixed with sci-fi. 

Thanks in advance all. 🙏",0,9,1778679422.0,0.36,True,self.movies
1tbel2c,movies,Vicky Krieps ('Phantom Thread') To Play Rooney Mara’s Lover In ‘Quest For Love’,,7,3,1778619592.0,0.61,False,deadline.com
1tb6sgb,movies,"Venice Best Actress Winner Xin Zhilei To Play Anna May Wong, Hollywood’s First Chinese Star, In Biopic For Fundamental Films","Shanghai and Los Angeles-based [Fundamental Films](https://deadline.com/tag/fundamental-films/) has announced that Xin Zhilei, Best Actress award winner at the 2025 Venice Film Festival, will play Hollywood’s first Chinese star, Anna May Wong, in an upcoming biopic. 

Mark Gao’s Fundamental Films is financing and producing the film, *Sunset Boulevard – The Anna May Wong Story*, about the extraordinary life of the groundbreaking actress who battled against stereotypical attitudes towards Asian women in Hollywood throughout the 1920s and 1930s. 

Currently in pre-production, the English and Mandarin-language production follows Wong’s life from her humble beginnings as a third-generation Chinese American born in Los Angeles during the early days of Hollywood, through a career that mesmerized audiences worldwide. Her work included roles in inconic films such as *The Thief Of Bagdad*, opposite Douglas Fairbanks, and *Shanghai Express*, opposite Marlene Dietrich.

Xin Zhilei said: “Anna May Wong’s story deeply moves me. She remained true to her cultural roots and was determined to follow her own path, while also speaking up for other women. In the face of difficulties and doubt, she never stepped back. This film is a tribute to Anna May Wong’s courage and resilience, and I hope it will allow more people to remember this talented, intelligent, and ambitious legendary woman.”",17,0,1778603402.0,0.72,False,deadline.com
1ta3rfk,movies,Swordfish (2001) | Dir: Dominic Sena | Hugh Jackman hacking,,2228,945,1778507110.0,0.91,False,v.redd.it
1tb0xxq,movies,Best acting in an unknown/bit part?,"Sometimes a key scene or bit part anchors a film in a way that requires someone to knock the performance out of the park, even if it’s only a couple lines or a small exchange. So I was curious what your favorite examples of this are, with the hope that the focus is placed on lesser known actors as opposed to “This Oscar winner came in for a few lines and crushed it.”

The example that personally made me think of this was seeing a video talk about X-Men 3. The movie is…something, but I always come back to just how incredible the scene with young Angel in the bathroom trying to file off his wings is. The kid only has a couple of minutes on screen, but every bit of his performance absolutely captivated me with just how tragically he plays it.

So what’s your bit part that stands out?",29,76,1778590844.0,0.73,True,self.movies
1t9tm5g,movies,Netflix Quietly Removes A-Z and Other Sorting Filters from Web UI,,12439,1128,1778476421.0,0.96,False,whats-on-netflix.com
1tbryhc,movies,I watched The Amazing Adventures of Zhu recently and honestly thought it was better than I expected. The adventure vibe and animation style reminded me of older indie animated films. Personally I’d rate it around 8/10.,"I recently watched The Amazing Adventures of Zhu and honestly thought it was more entertaining than I expected going in. It has that indie animated adventure energy that reminds me of older family movies. The animation and pacing aren’t perfect, but I liked the characters, music and overall vibe. Some scenes were surprisingly fun and creative. Personally I’d probably rate it around an 8/10 because it felt genuine and enjoyable compared to a lot of forgettable animated movies lately. Curious what other people think about it.

&gt;",0,0,1778655681.0,0.45,True,self.movies
1tao2l5,movies,An American in Paris (1951) | Dir. by Vincente Minnelli | Gene Kelly dances,,190,42,1778552272.0,0.83,False,v.redd.it
1tbyido,movies,Help with movie name please !,"Alright, I’ve been looking for this for ages, but I forget the name. 

It’s like some sort of dystopian planet, vintage flick. Guy gets the girl pregnant. Awful dystopian planet. That’s all I can remember?

Thank you if you can help me, I only watched part of it before I lost the name, and it seemed like a great film. ",0,27,1778676147.0,0.49,True,self.movies
1tb5cam,movies,"Damian McCarthy on 'Hokum', horror, and avoiding exposition",,15,5,1778600410.0,0.67,False,faroutmagazine.co.uk
1tc91tu,movies,"Interstellar and Nolan - physics and human emotions, damnnnn","Interstellar really said:

Without love,  
time is just numbers,  
space is just emptiness,  
and matter is just atoms.

Love is what makes it all matter.

The double meaning of “matter” is actually insane.

Like Nolan structurally weaponized the laws of physics to serve as a metaphor for human connection, demonstrating that gravitational pull is not the only force capable of bending dimensions. The closing realization is that the universe is entirely indifferent without the subjective framework of human emotion giving it architecture.",0,7,1778698310.0,0.31,True,self.movies
1ta8jk6,movies,'Obsession' - Review Thread,"*After breaking the mysterious “One Wish Willow” to win his crush’s heart, a hopeless romantic finds himself getting exactly what he asked for but soon discovers that some desires come at a dark, sinister price.* Releasing May 15

Studio: Blumhouse

Director: Curry Barker

Cast: Michael Johnston, Inde Navarrette, Megan Lawless, Cooper Tomlinson

**Rotten Tomatoes:** [97%](https://www.rottentomatoes.com/m/obsession_2025/reviews/all-critics)

**Metacritic:** [80 / 100](https://www.metacritic.com/movie/obsession-2025/)

Some Reviews:

[The Daily Beast - Nick Schager](https://www.thedailybeast.com/obsessed/obsession-this-wild-romantic-thriller-is-just-what-horror-fans-have-been-craving/)

&gt;This stellar thriller is a deliriously pointed cautionary tale about the perils of getting what you want, and an instant contender for classic midnight-movie status. Poking and prodding viewers in order to challenge their feelings about the “moral obligation” partners have to each other, Curry Barker's theatrical debut is the best kind of nightmare: relatable, knotty, amusing, and absolutely unhinged.

[RogerEbert - Brian Tallerico](https://www.rogerebert.com/festivals/tiff-2025-obsession-honey-bunch-whitetail) \- 4 / 4

&gt;Curry Barker’s “Obsession” is consistently f-ed up, and I mean that as a compliment. I see so many horror movies that threaten to get weird and gnarly, only to pull their punches right when shit gets real. Barker pulls *nothing*, getting darker, creepier, and bloodier with each passing scene in this study of extreme dependence. Some of the performances are a bit clunky, but that almost makes it more charming, a reminder of how great it can be when a horror movie sneaks up out of nowhere and punches you in the face. I was unfamiliar with Barker’s previous work. I plan to seek it out now. With the right studio, this movie should break him big.

[Dread Central - Josh Korngut](https://www.dreadcentral.com/news/542352/curry-barkers-obsession-is-the-next-gen-horror-masterpiece-i-was-not-prepared-for-tiff-2025-review/) \- 5 / 5

&gt;At its rotten core, the character of Nikki is what makes *Obsession* so relentlessly scary. Upon its eventual release, much attention will likely spotlight Barker’s penchant for shocking gore and next-level jump scares. But the film’s purest horror lives in its fleeting glimpses of Nikki’s existential torment and Bear’s unforgiving burdens of grief and regret. On the page, this might just look like A24 horror filtered through a Gen Z lens. But in practice, it’s something altogether new: a brutal, expert vision of the next generation of hardcore horror. And don’t kid yourself—you’re not ready. I sure wasn’t.

[AwardsWatch - Ryan McQuade](https://awardswatch.com/sxsw-2026-reviews-wishful-thinking-the-sun-never-sets-obsession/) \- 'A'

&gt;*Obsession* is a new modern horror masterpiece that makes Barker one of the latest voices in the genre to keep an eye on as he knocked it out of the park with this one, creating as interesting, engrossing, dark film that ranks up there with Zach Cregger’s *Weapons* as one of the best horror films of the decade so far. Johnston and Navarrette are brilliantly cast in this film, with Navarrette delivering the stunning performance that will rank as one of the best by year’s end, alongside the film’s impeccable sound work, expert editing by Barker, and killer score by Rock Burwell.

[Far Out Magazine - Liam Gaughan](https://faroutmagazine.co.uk/obsession-movie-review/) \- 4.5 / 5

&gt;While it conjures pure dread and deeply uncomfortable conversations about consent, *Obsession* is also compulsively entertaining, with scenes or prolonged suspense that rank as minor masterpieces in their own right, and while not every much-hyped festival horror film can live up to expectations, this one is a burst of originality that feels sorely desired.

[The Mary Sue - Rachel Leishman](https://www.themarysue.com/obsession-sxsw-review-be-careful-what-you-wish-for/) \- 4.5 / 5

&gt;I loved watching *Obsession* in a packed theater. The collective gasps, jumps, and nervous laughter created the kind of tension-filled atmosphere that reminds you why horror plays best in a theater. It’s rare for a film to hold an audience in that kind of shared tension from start to finish. Overall, *Obsession* turns a seemingly simple premise into a nerve-rattling exploration of love, control, and unintended consequences. It’s unsettling, unpredictable, and proof that sometimes the most terrifying thing isn’t the supernatural force behind a wish, but the human desire that made the wish in the first place.

[Slant Magazine - Marshall Shaffer](https://www.slantmagazine.com/film/obsession-review-curry-barker/) \- 3 / 4

&gt;What *Obsession* lacks in precision, it makes up for in irreverent playfulness. Barker remains resolute in pushing his maximalist sensibility ever further as the film proceeds, undaunted by seeming gaudy or gross as the gore begins to splash across the screen. *Obsession*’s big set-piece sequences are as chilling in their effect as they are confident in their execution.

[The Guardian - Benjamin Lee](https://www.theguardian.com/film/2025/sep/06/obsession-movie-review-tiff) \- 4 / 5

&gt;Like the Philippou Brothers, who also came from YouTube to make the horror hit 'Talk to Me', Barker has a passion for the visceral repulsion of head-smashing and in one particularly nasty scene, knows how to make the aftermath even harder to watch, and listen to, than the event itself. His shocks are brutally efficient but as a director of mostly shorts, he’s still yet to master pace. There’s something a little indulgent about the film’s 108-minute length, which in the last act adds bagginess to what could have been a tightier, punchier horror. Barker is no by means alone with this issue in the genre, though, and he’s got time to figure that out with super-producer Jason Blum signing Barker up this week. It’s the kind of dream ascent that any film-maker would wish for.

[Radio Times - Rosie Fletcher](https://www.radiotimes.com/movie-guide/b-6jnpdz/obsession/) \- 4 / 5

&gt;*Obsession* doesn't have a particularly surprising plot, but the way it's shot is innovative. Utilising his meagre resources to the max, Barker pulls off at least one impressive and gory jump scare that is sure to shock audiences. Sincere, fresh and darkly funny (Bear's call to the ""One Wish Willow"" helpline is hilarious), this is an impressive film from Barker that begs the question, ""What could he accomplish if he had a proper budget?"" Be careful what you wish for.

[Bloody Disgusting - Meagan Navarro](https://bloody-disgusting.com/reviews/3898624/obsession-tiff-review-curry-barker-terrifies-with-wish-fulfillment-horror/) \- 4 / 5

&gt;*Obsession* takes you on a wild ride. While Monkey’s Paw scenarios often yield predictable outcomes, and this outcome is practically telegraphed from the start, Barker manages to surprise with the journey itself. And it’s one insane journey paved with blood-soaked violence and no shortage of nightmare fuel. Barker acknowledges other wish-fulfillment horror, like *Wishmaster* in a throwaway line, but puts his stamp on the niche subgenre with frightening flair.

[The Curb - Nadine Whitney](https://www.thecurb.com.au/obsession-curry-barker-review/) \- 4 / 5

&gt;*Obsession* is a vivid and unforgettable experience that reaches far deeper than it seems to at first. Curry Barker has made a horror movie that delves into the rot at the heart of some men and their expectations that because they want something they can have it and any cost – even if that something is a human being. *Obsession* leaves the audience with the bitter realisation that somewhere somebody is snapping a metaphorical One Wish Willow hoping that the girl of their dreams understands that really, they’re the nice guy. Who really is the deranged one?

[SciFi Now - Katherine McLaughlin](https://www.scifinow.co.uk/reviews/obsession-review-a-truly-disturbing-horror-film/) \- 4 / 5

&gt;Does love make monsters of us all? Does it rob us of our potential and focus? Barker appears to be asking multiple questions about young love and how it can push people to ugly and harmful places, and it’s all handled with queasy relish. It’s an impressive debut and a truly disturbing horror film.

[InSession Film - Joshua Mbonu](https://insessionfilm.com/diff-2026-recap-capsule-reviews/) \- 'A-'

&gt;Director/Writer Curry Barker helms *Obsession* with such effortless confidence, blending pitch-black humor with insanely cruel subject matter so effectively, but *Obsession* truly hums when its unrelenting dread sets a truly terrifying tone within every scene of escalation. Barker has such patience with the way shots are framed in the shadows and how a scare isn’t released until the highest point of tension that you’ll be holding your breath throughout the film’s entirety. All of that on top of a star-making performance from Inde Navarrette makes *Obsession* easily the year’s best horror movie thus far.

[SlashFilm - BJ Colangelo](https://www.slashfilm.com/2147736/obsession-2026-horror-movie-review/) \- 8.5 / 10

&gt;""Obsession"" deserves to reach the acclaimed heights of ""Weapons,"" and Navarrette commands the same level of attention as Amy Madigan, and I'm willing to use my One Wish Willow to make it happen — side effects be damned.

[FandomWire - Richard Valero](https://fandomwire.com/obsession-tiff-review/) \- 8 / 10

&gt;Curry Barker’s *Obsession* is a twisted horror love affair with a star-making performance by Inde Navarrette. Barker’s creative horror mind is something we should all get used to seeing because this is just the beginning for him. If *Obsession* gets a wide release, it has all the makings of being a box office hit with a cult-type following.

[IGN - Matt Donato](https://www.ign.com/articles/obsession-review) \- 8 / 10

&gt;Obsession should and will put Barker on the map as a horror filmmaker you need to watch. Thanks to fantastic turns by Michael Johnston and Inde Navarrette, you'll be addicted to this sour Valentine's Day counterprogramming. The film plays on familiar romance and monkey's paw tropes, turning a wish against the wishee, but Barker's execution takes things to the next level. In the film's simplicity lay the chance to go for broke, putting all efforts into the lengths Nikki is willing to go for her beloved. With that focus and Barker's fearlessness, Obsession becomes one hell of a maximalist ride.

[Gizmodo - Germain Lussier](https://gizmodo.com/obsession-fantasic-fest-2025-review-curry-barker-horror-2000661992)

&gt;At times during Obsession, I was laughing out loud. At other times, I was legitimately terrified. And there were plenty of moments along the way filled with shock and disgust. It has everything you could want in a horror movie...It's brilliant.

[BFI Sight &amp; Sound - Virginie Sélavy](https://www.bfi.org.uk/sight-and-sound/reviews/obsession-curry-barker-plays-twisted-ideas-manosphere-violent-make-wish-horror)

&gt;Obsession is well crafted and enjoyable, and holds a troubling mirror to current male fears and desires. Despite the serious undercurrent, the film is satisfyingly comic. Skilfully blending genres, Obsession mixes intense outbursts of bloody violence with social awkwardness, laugh-out-loud humour with visceral horror.

[IndieWire - Christian Zilko](https://www.indiewire.com/criticism/movies/obsession-review-curry-baker-1235149428/) \- 'B+'

&gt;In one of the best horror films of this year, director Cory Barker almost seems to be daring his audience to ask themselves how many “good guys” in the theater could be capable of a similar lapse in judgment under certain circumstances. Men and women will experience two very different types of fears when they consider the answer, but “Obsession” should keep everyone awake long after they get home from seeing it.

[Giant Freakin Robot - Chris Sawin](https://www.giantfreakinrobot.com/ent/horror/obsession-review.html) \- 3 / 5

&gt;Curry Barker has crafted something mostly special for an almost non-existent budget. The story is compelling, the acting is solid, and *Obsession* feels like a breath of fresh air in comparison to similar horror films. However, it’s disappointing that one shrill character trait nearly ruins the entire film. It’s because of this that *Obsession* will have to settle for being a well-made, well-written film dominated by one aggressively irritating character, which will hinder future rewatches much like Frank Darabont’s *The Mist*.",1054,271,1778517198.0,0.95,True,self.movies
1tbc6bq,movies,‘The Testament of Ann Lee’ Producer FirstGen Developing Feature Adaptation Of Laura Van Den Berg Novel ‘The Third Hotel’; Michelle Garza Cervera To Direct,"[Michelle Garza Cervera](https://deadline.com/tag/michelle-garza-cervera/) has boarded to direct, with [Isa Mazzei](https://deadline.com/tag/isa-mazzei/) set to adapt the screenplay.

Published in 2018, *The Third Hotel* follows Clare, a recent widow who travels to Latin America weeks after her husband Richard’s mysterious death, driven by the need to understand her role in his early passing. Lost in a new, unfamiliar city, she spots a man in the street, and it’s not just someone who looks like Richard, it’s him in the flesh. What begins as a skeptical pursuit of Richard’s double quickly devolves into an all-consuming obsession, unraveling Clare’s grip on reality and pulling her into a liminal nightmare where she is suspended between the living and the dead.",6,3,1778614465.0,0.6,False,deadline.com
1tasb09,movies,Which movie had the most unforgettable first-watch experience for you?,"

I was thinking about how some movies are great on every rewatch, but a few are special because of the experience of seeing them for the very first time.

Sometimes it is the tension of not knowing what will happen next. Sometimes it is a twist, an ending, a performance, or simply the atmosphere that completely pulls you in. Even years later, you still remember exactly how you felt watching it for the first time.

For me, those movies are rare because they feel less like “content” and more like genuine experiences that stay with you long after the credits roll.

What movie gave you that feeling? And what specifically made the first watch so memorable for you?",86,445,1778564494.0,0.85,True,self.movies
1tb68yd,movies,Mia McKenna-Bruce Joins Anthony Hopkins and Charlotte Rampling in ‘The Species’,,11,0,1778602281.0,0.63,False,variety.com
1tagxl0,movies,Mr. Smith Goes to Washington (1939) Dir. Frank Capra - “Lost Causes” Scene,,355,49,1778534473.0,0.89,False,v.redd.it
1tbkz44,movies,"New MPA/CARA Ratings and Reasons for the week of Wednesday May 13, 2026","PG

1.	**American Summer** (for suggestive material, some language and brief smoking.) Blue Harbor Entertainment

__________________________________________________________________________________________________________________________________________________________________________________________
PG-13

1.	**Masters of the Universe** (for sequences of violence/action, some suggestive material, and language.) Amazon/MGM Studios

____________________________________________________________________________________________________________________________________________________________________________________

R

1.	**Blood Before Bitcoin** (for drug use, language and some violence/bloody images.) Indican Pictures

2.	**Gail Daughtry and the Celebrity Sex Pass** (for sexual content, violence/bloody images and language.) Sony Pictures Classics

3.	**Lockbox** (for some bloody violent content, grisly images, language and brief drug material.) Aura Releasing Corp.

4.	**Teenage Sex and Death At Camp Miasma** (for bloody violence, gore, sexual content, graphic nudity, drug use and some language.) MUBI

5.	**The Teenage Vampire** (for language, sexual references, teen drug and alcohol use, and some bloody images.) Grindstone Entertainment Group",3,3,1778635266.0,0.58,True,self.movies
1ta5v7n,movies,"Florence Pugh to Star in ‘The Midnight Library’ as Garth Davis Tapped to Direct Long-Awaited Matt Haig Adaptation From Studiocanal, Blueprint",,1054,69,1778511625.0,0.93,False,variety.com
1tbtg6g,movies,"It Wasn’t A Match, It Was ‘The Match’: Cannes Premieres Thrilling Film On World Cup’s Greatest Contest, England Vs. Argentina 1986",,0,1,1778660842.0,0.43,False,deadline.com
1ta55se,movies,Felicity Jones To Play Agatha Christie In Film 'Eleven Missing Days',,1016,64,1778510120.0,0.93,False,deadline.com
1tariwk,movies,"Bong Joon Ho’s ‘Ally’ Sets Voice Cast With Alex Jayne Go, Ayo Adebiri, Bradley Cooper, Dave Bautista &amp; Werner Herzog",,64,11,1778562076.0,0.8,False,deadline.com
1tb9cqq,movies,My Thoughts on The Last Unicorn,"I watched the Last Unicorn with some friends a while back and I couldn't stop thinking about it. I ended up spending several weeks writing down a thorough analysis of the film in an attempt to articulate my thoughts. I will share just the conclusion of my analysis:

Let me start by saying: I can see why this movie has a cult following. There is a lot to love. 

For starters, the art style is beautiful. I find the scenery and backgrounds to be particularly stunning. There is clear inspiration from historical medieval artwork, and a part of me wishes they had leaned more in that direction, but it looks great either way. 

The soundtrack and musical motifs are also excellent, and it adds a lot of charm to the film. The main theme is used in several scenes to great effect.

While the art style is great, the animation is… serviceable. Many animations are reused, with characters bobbing back and forth between the same key frames. There isn't really any moment where the animation stands out, and at times it can appear a bit clunky, especially when depicting animals. Movement is sometimes sluggish, and scenes have a tendency to draw out just a bit longer than they should.

A common critique of this movie I've seen online is the weak performance of the voice actors; and I have to concede that it's a mixed bag. However, it is not helped by the unusual audio mixing and animation. In many scenes, characters’ voices become so soft that it's difficult to understand them. In other scenes where a character is meant to have an emotionally charged reaction, their facial expressions and body language fall flat. In some cases, the character's head will even be facing away from the camera, depriving the viewer of any visual indicators of how the character is feeling in those moments. 

When it comes to the voice actors themselves, I do not take issue with the people they selected. Shmendrick's voice is underwhelming, but it doesn't strictly break my immersion, and it kind of grew on me after the first watch. Pretty much all the other characters deliver their lines well enough, in my opinion. 

A major outlier of the voice acting is the performance of Christopher Lee as King Haggard. If I had to attribute one single scene as the one responsible for prompting me to begin this whole endeavor, it would be Haggard's confrontation with Amalthea at the top of the tower. Incidentally, the dialog is almost entirely transcribed from the book, with some abbreviation, and, combined with Lee's stellar performance, it impressed me enough that I did more research on the movie, leading me to find and read Beagle's original work (great read btw, would highly recommend). Christopher Lee is King Haggard. Period.

The story, as portrayed in the film, is flawed, but not entirely broken. The greatest offenders are usually just bits of confusion here and there, although the plot breaks down considerably towards the climax, which feels somewhat rushed. Issues aside, the story has a clear direction, with interesting characters and a (mostly) satisfying ending.

I'd be happy to read what other people think about this movie. It's one of those imperfect gems of animation, I think. Perhaps in a different timeline it would have been much more successful.",4,12,1778608668.0,0.55,True,self.movies
1tc3uv9,movies,Mamma Mia,"I never liked musicals much and I honestly didn't know this was one. I thought only 1 or two scenes will have a few emotional song lines but I was wrong and I'm not upset about it at all. I loved the movie.This was very comforting. Was feeling very upset today regarding a lot of stuff and wanted to get my mind off it so gave this movie a try. I think some scenes really felt like yes this is sister/women/girl-hood moments. 

Friends coming together from far away, dancing, swinging,reading diaries, gossiping. It was a very nice watch. 

Do the men of this group like this movie? Ik the women do for sure!!",0,23,1778687826.0,0.18,True,self.movies
1ta2h7a,movies,‘Coyote vs. Acme’ Distributor Ketchup Secures $100 Million P&amp;A Financing Facility,,1136,67,1778504122.0,0.95,False,hollywoodreporter.com
1tann1p,movies,"""There Will Be Blood"" is my favorite movie by far. Recommendations ↓","The incredible spectrum of human feelings and experience represented is a big reason why. I've watched many movies from the 1940s-today and I haven't seen anyone that speaks to me so personally. I'm sure I've missed many though, that would tickle the same existential itch that's scratched when I watch TWBB after I haven't seen it for a year or so. I can watch it subsequently and read it different each time. .. what do you enjoy like I enjoy this movie? ",100,191,1778551128.0,0.69,True,self.movies
1tcaezm,movies,Please recommend me an actual scary horror.,"I’ve never been scared by a horror movie. I’m not trying to act cool or anything, I’ve just never been scared, ever. Nothing does it for me. It’s sad because I really really really want to be scared

I’ve seen literally every film people claim to be scary, Blair Witch, Hereditary, The Descent, The Exorcist, Evil Dead, Barbarian, The Conjuring, It Follows, Insidious, The Shining, The Witch, Alien, Ringu, Autposy Of Jane Doe, Babadook, Get Out, Enemy.

None of them does anything. Jump scares don’t work, psychology doesn’t work. Fucking nothing works and it’s devastating. Please can you recommend a truly horrifying movie?",0,78,1778701126.0,0.15,True,self.movies
1tc0rh2,movies,Mission Impossible - Final Reckoning - Too much of a good thing,"I was pleasantly surprised by how much I enjoyed Dead Reckoning.  Live action set pieces, fairly snappy script, well acted, etc... 

So when I sat down to finally watch Final Reckoning, I knew the reviews weren't as good, but I had high hopes.  

The whole of the movie can be summed up by a submarine set piece that happens around the halfway mark of the movie.  We've seen plenty of underwater stuff before, but I've never seen anything that really gave a sense of scale like this scene.  It felt huge, it felt real, it felt like the stakes mattered.  The score impacted a sense of dread and it felt dangerous.

Then they ramped it up.  Now, for some reason, the sub starts to roll... so we're swimming AND we're climbing... and now let's drop some torpedoes on him, and then the door is blocked... but he can't fit in the tube so...  

And that's the whole movie.  Let's take a whole movies worth of stuff and cram it into the inciting event.  A whole prestige TV series could be made out of a President faced with killing millions to save billions, but here it's the C plot of the climax.  Not one, but two 'I can disarm the nuclear weapon but may have to sacrifice myself to do so' bits.

That's not to say there's not good stuff in there.  The action and production quality are the best there are.  Compare the tunnel chase scene to the one from Fast and Furious 4.  FF4 is the big action set piece climax of the movie, and it feels cramped and claustrophobic and cgi'd, while Dead Reckoning's looks and feels amazing and it's just a transition scene.  Sound design is great and the cgi disappears.  

Where it falls short is the need to constantly ramp everything up.  Instead of letting serious events have weight, it just hits another level.  Plane exploded?  Okay, now your parachute is on fire.  A general and a Secret Service agent have a shoot out in the War Room?  No worries, we've got a nuclear holocaust to think about... 

At the end of the day, C+.  Too much of a good thing.  ",0,31,1778681312.0,0.33,True,self.movies
1tb5qpi,movies,Cineverse Acquires North American Rights To ‘Chapter 51’ Starring Abigail Breslin &amp; Colman Domingo,"The official plot reads: “During the making of a $500 million film, three actresses are murdered by an unidentified figure known as the Hollywood Killer. As fear spreads across the set, production continues under a new director. Years later, former FBI agent Thomas Scott reopens the case, unraveling a haunting story of ambition, obsession, and the cost of keeping the cameras rolling.” ",8,1,1778601235.0,0.68,False,deadline.com
1tagq05,movies,‘Man of Tomorrow’ Enlists Sinqua Walls,,218,27,1778534029.0,0.86,False,hollywoodreporter.com
1tacjnl,movies,Dead Man's Chest is the best Pirates of the Caribbean movie,"I just watched both films back to back and was shocked to find out Curse of the Black Pearl is reddit's favorite of the franchise, while the other one gets lumped into the ""unnecessarily sequals"" discussion

Don't get me wrong the first one is a great movie, but the 2nd one had that Shrek 2 thing where you can tell the writers had these crazy grand ideas but didn't have the budget or time to fit into one movie. So after the first one does well, they get more creative liberties and more money to spend

And they fucking went ham on it, unleashing a damn Kraken on the the big screen and giving us what is one of the greatest special effects work in the modern era, that somehow looks better than what's coming out 20 years later

This movie had everything, great character, witty dialogue, great platforming action scenes with some insane choreography, PERFECT set design, and memorable character, Davey Jones is already iconic, but I can't help pausing the movie and looking at his crew because each one is so unique and meticulously designed, there's tones of details they just had to add where lesser artists would've ignored, like putting the little eye on the side of the hammer head guy. to me that's a labour of love

Ofc it's not a perfect movie, would've liked an extra moment with will and his father bonding, and the final scene was painfully sequal baity, but that felt more like a post credit scene, to me the movie ended with Jack Sparrow facing the Kraken

TL;DR: Dead Man's Chest improved on everything the first one did and then some.",341,223,1778525333.0,0.66,True,self.movies
1tbdoqg,movies,‘The Electric Kiss’ Review: Opening-Night Attraction Is A Lushly Designed And Charming French Period Comedy,,3,2,1778617635.0,0.58,False,deadline.com
1taisk0,movies,"May 8-10 Box Office Recap – 'The Devil Wears Prada 2' stays at #1, as it hits $433M worldwide. 'Mortal Kombat' debuts with a solid $38.5M domestically and $60M worldwide. 'Michael' hits $581M worldwide. 'The Sheep Detectives' and 'Billie Eilish: Hit Me Hard and Soft' open softly.","It was an incredibly busy Mother's Day Weekend at the box office, with three titles scoring at least $35 million for the weekend. ***The Devil Wears Prada 2*** held to the top spot, although ***Mortal Kombat II*** wasn't far behind. And ***Michael*** continued its incredible run with great holds across the world. There were two other newcomers, ***The Sheep Detectives*** and ***Billie Eilish – Hit Me Hard and Soft: The Tour (Live in 3D)***, but neither got an exactly great start.

The Top 10 earned a combined $160.1 million this weekend. That's up a massive 98.7% from last year, when ***Thunderbolts*** stayed at #1 due to insanely weak competition.

Staying at #1, ***The Devil Wears Prada 2*** added $41.6 million. That's down a respectable 46%, and it's on par with the original's drop. Through 10 days, the film has earned a wonderful $143.4 million, already overtaking the original's gross in just two weekends. The path ahead looks very great, so this should still get all the way to $200 million.

Debuting in second place, WB's ***Mortal Kombat II*** opened with a pretty good $38.5 million in 3,503 theaters. The debut almost outgrosses the lifetime gross of the 2021 original ($42.3 million), but that's apples-to-oranges; that film was released during COVID and it also had a simultaneous release on HBO Max.

Nevertheless, the fact that ***Mortal Kombat II*** could get to almost $40 million is something formidable. The brand has not been very consistent at the theatrical landscape; only the 1995 original was a success, ***Annihilation*** was a critical and commercial disaster, and the 2021 didn't reach its potential due to the cinematic climate back then. It shows that there's still a big audience for a new ***Mortal Kombat***.

To attract more audiences, WB and New Line made a few changes in an attempt to improve the sequel. For starters, they went hard on marketing with the chilling action sequences, promising so much violence but still the humor that defines the franchise. They also addressed one of the problems with the prior film; regardless of reception, audiences were not fond of the character of Cole Young, with many deeming him a very bland and forgettable protagonist.

To fix this, they brought in the fan favorite Johnny Cage, whose appearance was teased at the end of the prior film. Not only that, but they reduced Cole's screentime while selling Cage as the new protagonist. Casting Karl Urban in the role is also an inspired choice. While many fans felt that he was too old to play the character, Urban's charisma perfectly aligns with the character's traits, not to mention that Urban has seen his star power rise thanks to his lead role in ***The Boys*** (which is currently airing its final season). And while reviews aren't fantastic, its 66% on RT makes it the highest-rated ***Mortal Kombat*** across the board.

According to WB, 44% of the audience was in the 18-34 demographic. It was a sausage fest, as a colossal 75% of the audience was male. They gave it a so-so ""B"" on CinemaScore, which is below the 2021 original's ""B+"". The film could be front-loaded (it dropped a steep 37% on Sunday), so perhaps hitting $100 million will be a challenge. But it should still be able to hit $85 million domestically.

Even with the loss of IMAX screens, ***Michael*** doesn't slow down at all. The film eased a very light 30%, earning $37.9 million. With $241.8 million domestically, ***Michael*** has passed ***Bohemian Rhapsody*** ($216 million) to become the highest-grossing music biopic in the country. Without any signs of slowing down, it's only just getting started. The film is easily sweeping past $300 million, and could get to $350 million domestically depending on how it holds by the end of the month.

In fourth place, Amazon MGM's ***The Sheep Detectives*** debuted with $15 million in 3,457 theaters. Comps are complicated due to its premise and tone.

If it wasn't for the $75 million budget, this would be considered a very solid start. But the film had a challenge in balancing its crazy premise (a flock of sheep try to solve the murder of their shepherd) while trying to appeal to families. At the very least, reviews (93% on RT) gave it a leg in trying to get more people on board, even if the debut wasn't very strong.

According to Amazon MGM, 56% of the audience was female, and 77% was 25 and over. That means that the film struggled to attract families. They gave it a good ""A–"" on CinemaScore, which bodes well for legs. Family films are known for great legs, and that could happen here as long as it doesn't die when ***The Mandalorian and Grogu*** starts its run. For now, a $50 million domestic total is likely for ***The Sheep Detectives***.

Debuting in fifth place, Paramount's ***Billie Eilish – Hit Me Hard and Soft: The Tour (Live in 3D)*** earned a middling $7 million in 2,613 theaters. There's no point in comparing it to other films by James Cameron, but the numbers aren't quite fantastic even compared to other concert titles. Obviously, it wasn't expected to dethrone ***The Eras Tour*** ($93.2 million), but it's well below ***Renaissance: A Film by Beyoncé*** ($21.8 million) and ***Justin Bieber: Never Say Never*** ($29.5 million). It's also slightly below Paramount's own ***Katy Perry: Part of Me*** ($7.1 million).

Given its low $20 million budget, this isn't a bad start. But it still feels like the film could've done much better. After all, Billie Eilish is massively popular (she has 84.8 million monthly listeners in Spotify, making her the 12th biggest artist in the platform), so surely a debut in the double digits would've been guaranteed. But it looks like the the high competition and the lack of appeal beyond her fanbase limited the potential here.

There are no demographics available, but 3D drove 57% of the film's business this week. Audiences gave it a great ""A"" on CinemaScore, which is common for these films. With no appeal beyond Eilish's fanbase and the increasing competition, it'd be a surprise if the film made it past $20 million domestically. 

With three wide releases (including a family title), ***The Super Mario Galaxy Movie*** had another drop in the 40s. It dropped 45%, adding $6.6 million. The film has made $412.1 million, which is $123.4 million below the original through the same point. It looks like ***Mario*** will finish with around $430 million domestically.

Once again, the best drop in the Top 10 belongs to ***Project Hail Mary***. It eased a very light 23%, earning $6.5 million. The film has earned an incredible $328.3 million, and it still has so much left in the tank.

Neon's ***Hokum*** added $3.2 million on its second weekend. That's down a reasonable 49%, very good for a horror title. Through 10 days, the film has earned a solid $12.4 million, and could make its way to around $18 million.

Magenta Light's ***Deep Water*** is drowning, as it sank 60% for just $835,466 this weekend. The film has earned a weak $3.7 million, and it might finish with just $4.5 million at this rate.

Rounding out the Top 10 was Angel Studios' ***Animal Farm***. Thanks to its very toxic word of mouth (that ""C–"" on CinemaScore was the worst ever for an animated film), the film collapsed a horrible 79%, earning just $704,150. The film has made a very poor $5 million, and it will vanish quickly from theaters.

# OVERSEAS

***The Devil Wears Prada 2*** added $75.8 million overseas, for a wonderful $433 million worldwide total, eclipsing the original's worldwide gross ($326 million). The best markets are the UK ($28.5M), Italy ($28.2M), Brazil ($22M), Mexico ($20.1M), Australia ($18.5M), Japan ($16.8M), Germany ($15.9M), China ($13M), Spain ($8.3M), and South Korea ($8.3M), It looks like the film will make all its way to $700 million worldwide, which is bonkers.

***Michael*** continues its dance across the world, as it adds $58.5 million overseas, for a fantastic $581 million worldwide. The best markets are the UK ($46M), France ($30.5M), Brazil ($20.8M), Mexico ($20M), Germany ($19.6M), and Spain ($19M). It's well ahead of ***Bohemian Rhapsody*** through the same point, and it still has big markets like Korea and Japan left. It looks like ***Bohemian*** ($903 million) is going down, and reaching $1 billion isn't actually a dream. It all depends on the next few weeks.

While ***Mortal Kombat II*** got off to a pretty good start domestically, it wasn't so strong outside America. It opened with $21.5 million overseas, for a $60 million worldwide launch. The film had solid debuts in the UK ($2.2M), Mexico ($1.7M), Australia ($1.6M), China ($1.4M) and Brazil ($1.4M), but it disappointed in France ($945K), Indonesia ($841K), Argentina ($647K), Spain ($644K), India ($640K), UAE ($625K) and Germany ($598K). Given its hefty $80 million budget, the road to profitability will be a bit complicated if it proves to be front-loaded.

***Billie Eilish – Hit Me Hard and Soft: The Tour (Live in 3D)*** debuted with $12.6 million overseas, for a $19.6 million worldwide start. The best debuts were in the UK ($2.3M), Germany ($1.7M), France ($1.7M), Australia ($769K), Mexico ($651K), Netherlands ($497K), Brazil ($379K), Italy ($366K), Belgium ($317K), and Poland ($290K). With the exception of the top three, a very soft start, but notably stronger than the domestic front.

***The Sheep Detectives*** appears to struggle outside America, as it earned just $12.1 million overseas for a $27.1 million worldwide launch. The UK was its best market with a strong $4.5 million. It had very soft debuts in Australia ($1.2M), Japan ($760K), Mexico ($723K), Netherlands ($490K), Italy ($415K), India ($188K), New Zealand ($185K), Ukraine ($170K), Poland ($165K), and Belgium ($150K). While it still has so many markets left, the low debut doesn't bode well for its prospects.

# FILMS THAT ENDED THEIR RUN THIS WEEK



|Movie|Release Date|Studio|Domestic Opening|Domestic Total|Worldwide Total|Budget|
|:-|:-|:-|:-|:-|:-|:-|
|*Reminders of Him*|Mar/13|Universal|$17,979,940|$48,559,430|$88,118,368|$25M|
|*Ready or Not 2: Here I Come*|Mar/20|Searchlight|$9,075,271|$22,986,054|$42,427,051|$14M|

* Universal's ***Reminders of Him*** has closed with a pretty good $48 million domestically and $88 million worldwide. Not far off from ***Regretting You*** ($90 million), showing that Colleen Hoover's adaptations are here to stay. Watch out for ***Verity*** this fall, especially as it's her second most popular novel.
* Searchlight's ***Ready or Not 2: Here I Come*** has closed with $22 million domestically and $42 million worldwide. A small success, although it didn't get to the original's numbers ($57 million worldwide). Even with the audience it found in streaming, looks like this is a niche franchise. Regardless, Radio Silence are on their way to their newest assignment: ***The Mummy 4***, reuniting Brendan Fraser, Rachel Weisz and John Hannah, which will release on October 15, 2027. 

# THIS WEEKEND

With ***Mortal Kombat II*** probably heading to a steep drop, ***The Devil Wears Prada 2*** and ***Michael*** will contend for the top spot. The newcomers don't stand a chance.

Focus Features is releasing the horror thriller ***Obsession***, after the film garnered a strong response in TIFF (it's currently at a fantastic 97% on RT). The lack of names limit the potential, but the increasing buzz and awareness could help it, especially with the lack of proper horror titles. Given it cost just $1 million, the bar for success isn't high.

Amazon MGM is releasing ***Is God Is***, written and directed by Aleshea Harris in her feature directorial debut (based on her own play), and starring Kara Young, Mallori Johnson, Janelle Monáe, Vivica A. Fox, and Sterling K. Brown. The film follows twin sisters with disfiguring burn scars who are ordered by their bedridden mother to kill their abusive father who caused their scars. They must decide whether to seek vengeance or find mercy. Perhaps it could find an audience, even if the title will confuse moviegoers.

Black Bear is also releasing Guy Ritchie's newest film ***In the Grey***, starring Henry Cavill, Jake Gyllenhaal, Eiza González, Kristofer Hivju, Fisher Stevens, and Rosamund Pike. The film follows a secret elite team of agents is tasked with reclaiming a vast fortune stolen by a ruthless tyrant. Ritchie is a recognizable director, but his brand has taken a dive thanks to a lot of duds over the past years (yes, he has made a lot of flicks, has one in post-production right now and it's currently filming another one). Given Black Bear's weak track record, don't expect big numbers here.

# STREAMING DATA

Figures for the week of April 27 to May 3 on Netflix:

|No.|Movie|Year|Studio|Weeks in Top 10|Views|Runtime|Hours Viewed|
|:-|:-|:-|:-|:-|:-|:-|:-|
|1|*Apex*|2026|Netflix|2|40,200,000|1:35|63,600,000|
|2|*Swapped*|2026|Netflix|1|15,500,000|1:42|26,400,000|
|3|*Thrash*|2026|Netflix|4|4,300,000|1:26|6,200,000|
|4|*Migration*|2023|Universal|1|4,100,000|1:23|5,700,000|
|5|*Buen Camino*|2026|Netflix|1|4,000,000|1:31|6,000,000|
|6|*KPop Demon Hunters*|2025|Netflix|46|3,900,000|1:40|6,500,000|
|7|180|2026|Netflix|3|3,700,000|1:35|5,900,000|
|8|*Roommates*|2026|Netflix|3|3,600,000|1:47|6,500,000|
|9|*Je m'appelle Agneta*|2026|Netflix|1|3,500,000|1:54|6,700,000|
|10|*Trust*|2025|Republic|2|3,500,000|1:30|5,200,000|

***Apex*** kept the top spot on its second weekend, with a pretty great 40.2 million views. That takes its 10-day tally to 78.4 million.

The latest Skydance Animation title ***Swapped*** made its debut, but it mustered just 15.5 million views. At least it's better than the debut of ***Spellbound*** (8.5 million views), but that's not saying much. Let's see if ***Ray Gunn*** can finally turn things around for the division this year.

***Thrash*** added 4.3 million views, for a 86.1 million views in lifetime total.

\_\_\_\_\_\_\_\_\_\_\_\_\_\_\_\_\_\_\_\_\_\_\_\_\_\_\_\_\_\_\_\_\_\_\_\_\_\_\_\_\_\_\_\_\_\_\_\_\_\_\_\_\_\_\_\_\_\_\_\_\_\_\_\_\_\_\_\_\_\_\_\_\_\_\_\_\_\_\_\_\_\_\_\_\_\_\_\_\_\_\_\_

If you're interested in following the box office, come join us in r/BoxOffice.",168,56,1778538779.0,0.86,False,i.redd.it
1talkt1,movies,Arnold Schwarzenegger Comedy 'Man With The Bag' Releasing December 2 On Prime Video,,95,14,1778545748.0,0.81,False,deadline.com
1ta8oqn,movies,Neon Re-teams With ‘Nirvanna the Band the Show the Movie’ Director Matt Johnson on New Movie,,382,22,1778517505.0,0.89,False,hollywoodreporter.com
1tc20z8,movies,a hollow knight movie by guillermo  del toro,"i was thinking what a hollow knight movie could be and look like if it ever got made in some distant universe of some sorts.

it would be cool if it was stop motion like del toros pinochio movie (which i personally liked)

the movie  would adapt things mainly from the first game but would have silksong elements in there.

would be better to be a trillogy imo.

and the movies would have a runtime of about 2 hours",0,13,1778684045.0,0.23,True,self.movies
1tbu08i,movies,Books similar to Steven Spielberg all the films: the story behind every movie every episode every short?,"Are there any books about filmmakers that are like this Steven Spielberg book? Would very much love to have other books like this ! :) Very good and very informative to have, would highly recommend this and any potential books to all!

Steven Spielberg All the Films: The Story Behind Every Movie, Episode, and Short https://a.co/d/06bdileE ",0,3,1778662792.0,0.2,True,self.movies
1tad7g0,movies,The Wizard Of The Kremlin review: Vladimir Putin drama doesn't have enough Vladimir Putin,,208,26,1778526661.0,0.84,False,empireonline.com
1tb14qo,movies,Sébastien Laudenbach’s ‘Viva Carmen’ Clip: Cannes Directors’ Fortnight Animation Explores Georges Bizet’s Famous Opera,,6,3,1778591274.0,0.63,False,deadline.com
1ta6jgk,movies,"New Images: Adam Driver, Scarlett Johansson, and Miles Teller star in ‘Paper Tiger’. The film follows 2 brothers pursuing the American Dream that lands them in a Russian mafia scheme that terrorizes their family. James Gray's new film premieres in competition at Cannes 2026 on May 16.",,369,45,1778513024.0,0.89,False,i.redd.it
1tbz7qb,movies,"Anyone else make movies in their head? drop yours, mine is actually unhinged and dumb but i like it. My all time fav!","so i do this thing where when i'm bored and don't wanna stare at a screen i just… make a movie(fake scenarios actually). like fully. scene by scene, i sculpt the whole thing in my head and watch it till the very end like i'm sitting in a theatre except the theatre is my brain at 2am. And no im not crazy or anything i just like to sit and spend some alone me time.

wanted to know if anyone else does this and more importantly i wanna hear the TOP movie from your imagination. the plot, the vibe, everything.

Here's mine:

so there's this wishing fairy who lives in a mountain and only shows up to people who are truly desperate. she takes different forms to fit the wish. a high school girl wishes for a guy in her class to fall in love with her so the fairy transforms into a school girl, goes to school, makes him fall completely for her and then at the end swaps his memory so it's like the fairy never existed and the other girl takes her place. smooth right. (i know its dumb but i was like giggling all the time)

but here's where it gets interesting. the guy is now in his late 20s. and he sees her. same face. same girl. being a high school student again for someone else's wish. and he RECOGNIZES her. which has literally never happened before because the memory erase always works, always. the fairy is genuinely shocked.

so they start talking. no romance, just this quiet platonic thing where they catch up across like an impossible timeline. he tells her about his life, she tells him about all the wishes she's granted over the years. it's bittersweet and a little melancholy and really beautiful in my head.

anyway that's mine. what's yours? genuinely curious what kind of movies people are cooking in their heads when life gets slow.",0,5,1778677818.0,0.18,True,self.movies
1tbuvf9,movies,Question about Rebecca's brother in Sheep Detectives,How did Rebecca not know the reporter was her brother in disguise? He did change his looks and dyed his hair blonde but if you're someone's sibling you still pickup on other subtle signs that give it away. I mean we don't know what Peter really looked like but if my brother just dyed his hair and wore different clothes I'd still be able to know its him. I think that was supposed to be Rebecca's mom to so I'm not sure how she didn'tknow either. It was a goofy strange movie so it not making sense would be perfectly fitting.,0,3,1778665669.0,0.32,True,self.movies
1tbyeb9,movies,anyone else notice the cgi in Train Dreams is terrible?,"great movie, super emotional i love it. but the cgi is so jarring and doesnt fit into the shots. the chinese man falling off the bridge took me out, it looks like the took a still image and dragged it to the bottom of the screen and added motion blur, the cars driving on the modern bridge looks like someone made it their first day in unreal engine, their motion blur is super janky, the bear..idk...for such an intensely emotional story where you feel close to the character being ripped out of the world by janky cgi with motion blur that doesnt match the scene and animals that look like 2d compositions, just weird.

  
also i cried ",0,13,1778675858.0,0.3,True,self.movies
1tbsqwx,movies,"Do you guys know about ""Radio Man""?...","I literally just stumbled across this while looking up some Ben Stiller films (The Secret Life of Walter Mitty) and apparently he's got some 300+ cameos across movies and TV. I consider myself a pretty big movie buff but never actually put 2 and 2 together across all of his cameo appearances!

[https://en.wikipedia.org/wiki/Radio\_Man](https://en.wikipedia.org/wiki/Radio_Man)",0,7,1778658419.0,0.37,True,self.movies
1tbskk3,movies,Were the pen illustrations during the credits of ‘The Sheep Detectives’ made by real people?,"In the credits of ‘The Sheep Detectives’, there were drawings alongside the text that were seemingly sketched with pen (construction lines, texture and all). I’ve been taking a look around on google and I haven’t been able to find anything yet on an artist for them. 

As an illustrator myself, I found the pen art particularly appealing as a credits visual, but I’m naturally not as accepting of what I see anymore ):

Does anyone know if they were all made by real people? Or have some generated images spoiled what was a wonderful movie? ",0,14,1778657780.0,0.42,True,self.movies
1tb2b8q,movies,Stormzy to Executive Produce Biopic of Arsenal and England Soccer Legend Ian Wright,,3,3,1778593966.0,0.55,False,variety.com
1tbagrn,movies,"Charlie Gillespie, Sara Waisglass &amp; Siena Agudong To Star In YA Romance ‘The One Before The One’ — Cannes Market","The synopsis reads: “When burned-out Wall Street analyst Steven (Gillespie) returns to his hometown for his twentieth high school reunion, he is inexplicably transported back to his senior year and reunited with his lost love, Beth (Agudong). Steven becomes determined to rewrite history, but the version of Beth he spent twenty years idolizing may not be the soulmate he remembered. While trying to ensure his best friend Brian doesn’t once again miss the opportunity to play college football, and rebuilding his relationship with his longtime friend and songwriter, Katie (Waisglass), Steven slowly comes to realize that the life and love he always wished for might not be the one that got away.”",1,1,1778610901.0,0.53,False,deadline.com
1tb91vy,movies,"Cannes Film Festival 2026: Opening Ceremony, ‘The Electric Kiss’ Premiere &amp; Palme d’Or Honoree Peter Jackson",,4,1,1778608054.0,0.69,False,deadline.com
1tcfkeq,movies,People just say they like Super Troopers to be ironic right?,"The opening 10 minutes of the first movie is the funniest scene ever; it’s a classic. The rest of the movie? Forgettable trash.

And then they decided to make a sequel 20 years later. There wasn’t a single scene that rivals the greatness of that opening scene of the first movie and it was also completely unfunny.

And now they’re making a third movie and I didn’t laugh or chuckle at any of the scenes in the trailer.

So do people like these movies because it’s a meme or something? Cuz I can’t figure it out.",0,51,1778712323.0,0.11,True,self.movies
1tce2oc,movies,Good Will Hunting; not as good as people remember.,"I don’t think that Good will hunting is bad, but the acclaim it has received is something I find ridiculous. For starters I want to point out that Matt Damon and Ben Affleck are not the Boston tough guys They portray in film (when I lived on the West Coast, being from Massachusetts I was shocked by how many people actually believe that their characters in the film are supposed to be autobiographical and that they are essentially local tough guys that miraculously made it to Hollywood like Mark Wahlberg).  Both of them are from Cambridge mass and grew up in an affluent, artistic and intellectually nerdy environment near Harvard. They are both Theatre kids. Matt Damon wrote the story of Goodwill hunting while he was a student at Harvard in Cambridge mass. Luis CK did a stand-up bit on this premise which is essentially that this nerdy pretentious, Harvard student fantasized a story while he was attending school there, the basis of which was “ what if I wrote a fictionalized film about myself as the toughest guy from Boston who also happens to be a complete super genius”. That in itself is incredibly childish and laughable. The entirety of Goodwill hunting has quite a bit of passion and heart and that’s what makes it work for so many people, but there are so many silly moments and elements throughout the course of the film, that really show the silliness and childish nature of the actual concept of the film. A lot of this has to do with the way they create this cartoonish sense of cultural division between the working class tough guys of South Boston and the pretentious elite intellectuals of Harvard University. Of course the actual elite, intellectual, nerdy, artistic Cambridge kid at Harvard, Matt Damon himself is playing the fantasy version of himself.

The scene in the bar is a complete nonsense. First of all, no arrogant and nerdy Harvard intellectual would deliberately approach a group of blue-collar tough guys and start trying to debate one of them about meaningless facts of history, to assert his intellectual dominance and embarrass them. Anyone that nerdy and smart would also have the common sense to not just randomly start talking down to local tough guys in a bar unless they deliberately wanted to get the crap beaten out of them. Matt Damon’s character having all this knowledge on one particular history book by Oliver Wood is some of the most superfluous displays of intelligence I’ve ever seen on film. In addition to that the mathematics MIT professor is an extremely childish character. He’s another fantasy character that is extremely arrogant and childish and pretty much every time he’s on screen it’s to establish that this guy is everything that Matt Damon’s fantasy character could be if he was brought up under different circumstances. One such scene is when he just casually walks into the middle of a lecture that Robin Williams character is teaching. This is ridiculous. Not only is Robin Williams character, not teaching mathematics. This scene only exists to demonstrate the intellectual and elite superiority that Harvard has over the low level Bunker Hill community college. If anyone is familiar with the college system in Boston, Bunker Hill is actually a great community college that many underprivileged students use as a way to climb their way up to matriculate into a legitimately good university. The scene showing the incredibly stupid community college student in Robin Williams lecture is another example of this. The whole sequence of failed therapists is also quite goofy, particularly the really pompous and aristocratic one that Will randomly accuses of being gay. The whole scene where Will is trying to antagonize Robin Williams and Robin Williams actually let it get to him as a trained professional therapist, and then grabs him by the throat is also incredibly silly. The idea of having two tough guys from Southie who are both enigmas because of how intellectually gifted they are having a therapy session that ends with physical violence to establish their similarities from their tough guy backgrounds is just pure nonsense.

What I will say about the film is that I think mini drivers performance and character completely function as essentially a nonverbal voice of reason that compensates for all the goofiness that I mentioned before. I think without her character, there would be no way for the film to have any ability to rationalize all of its goofiness. Mini drivers performance is what connects the audience to the film because whether or not we realize it we feel like we’re the most similar to her and this is because every other character aside from the less central characters played by Cole Hauser or Casey Affleck, etc. are basically fantasy. The only character that is written in that film without this goofy and laughable lack of realistic believability, that is a central character is the character of Skyler. The final product of what we get has many lovable and passionate elements to it, and it clearly was modified to be the best version of itself. My opinion is simply just that while it’s good for what it is, I have felt that the amount of people that have grossly overlooked how silly the actual concept and basis of what it is has been been astronomical. A lot of what’s behind Good will hunting is elitism and classism, which is common in Hollywood. However, because it takes place in Boston, it’s an opportunity for this elitism and classism to really strike hard for what is by 1997 standards a place that’s not as explored in cinema.

TLDR; goodwill hunting is goofy and silly in many ways that are often overlooked",0,66,1778708926.0,0.16,True,self.movies
1tbjiet,movies,Looking for Horror recommendations for a beginner,"I have always scared pretty easy. I have watched Winchester, Crimson Peak, Lost Boys. I do not like gore or slashers. So I'm looking for recommendations for someone who got scared by Winchester. I really want to like horror as many people in my life enjoy it. And outside of those three I am unsure what to watch

Edit: I forgot to add that I do like reading horror. Also thank you for the recommendations so far, I'm definitely adding some of these to watch",0,29,1778631389.0,0.46,True,self.movies
1tbqvrg,movies,What movie had really bad or misleading marketing?,"So there are a couple of different ones coming to my mind. I'll nominate Marley &amp; Me for being presented as a heartwarming comedy but then the dog got ill and my view got blurry and I couldn't watch further.  

Seriously, what movie marketing led to completely wrong or under estimating assumptions of that film?",0,30,1778652099.0,0.36,True,self.movies
1tbrf36,movies,Movie recommendation!!!!,"Hi, I'm looking for movie recommendations that's are based off of true stories. I like psychological movies that really get you thinking. 

I watched Open water and even though it's loosely based off of the true story, I would still love be to see some freaky or interesting movies based off of real life!",0,18,1778653860.0,0.18,True,self.movies
1ta24hh,movies,FKA Twigs to Star as Josephine Baker in Movie Biopic Filming This Fall,,312,65,1778503242.0,0.78,False,variety.com
1taqtjf,movies,Has time been kinder to The Lovely Bones,"Something come up the other day that reminded me of the film The Lovely Bones  directed by Peter Jackson. I haven’t seen it in years but I remember at the time it was an ok film if tonally inconsistent. I read some reviews of the film shortly after and it was pretty much decimated by critics who had a major problem with the way Suzie’s death was portrayed and how younger audiences might be influenced by the notion that all is well after death. 

I view this film in the same light as Heavenly Creatures, that is a serious topic of murder with fantastical elements. Jackson tried to make the film for PG-13 audiences and perhaps that’s where the inconsistency in tone comes from, if he’d gone for the jugular and zeroed in on the horror of what occurs in the film (which for adults would be very uncomfortable) he might’ve been excoriated for doing so or he might’ve been praised for not softening the horror of the crime. 

I think he was bold to take on a project like this after LoTR, I also think the critical backlash is part of why he lessened his output of films over the years. Indeed, if he hadn’t made the Hobbit he would’ve been a virtual recluse. The criticism stung, and he never recovered from it. He’s done exceedingly well financially since then, and is probably quite happy to stay away from it all anyway, but I always think what could’ve been had he maintained the cadence of films made. 

What is the general consensus here about The Lovely Bones?",14,49,1778559943.0,0.57,True,self.movies
1tbtywx,movies,Watched Killers of the flower moon,"Liked it. Not great not bad and abv average kinda film for me. It had excellent making kudos to the art department and brilliant performances. It engages throughout except some scenes. The main thing is after watching the film, 

I slept for an hour and i saw an owl in my dreams. I am afraid of that. Guys tell me what to do",0,6,1778662664.0,0.19,True,self.movies
1tbr3r2,movies,movies watched,"i have about 700 movies in my rotten tomato list, that includes the ones that I have when I was like 3, if i remember it jk, till now which is almost 20 years

and yet I feel like 700 movies are nothing, probably not even a drop in the lake, i have been trying to watch more for the last 2 years since I love watching them but cannot find the time since I work 2 jobs and have college

how many movies are on your list?? and gimme your 7 absolute favourites, dont be shy if you love cartoons since I love them too hehe

mine are:
shark boy and lava girl 

pixels 

the mitchells vs the machines

men in black 

priest, though the concept was good but very poorly written and the ending was crabby

not a movie but slugterra, it was a cartoon, unfortunately, it got cancelled mid way and we never got the full ending it deserved

and ofc the original star trek",0,10,1778652833.0,0.28,True,self.movies
1tbtdam,movies,Saudi Arabia’s Shattered Hollywood Dreams: Will the Warner Bros. and Paramount Merger and a Shift in Strategy Help the Kingdom Rebound?,,0,0,1778660571.0,0.29,False,variety.com
1tbma1r,movies,What are you favorite monochromatic(or almost monochromatic) film still or scenes that aren’t black and white.,"Personally, mine is the séance scene in Beetlejuice where Adam and Barbara are summoned and rapidly decay. A close second is Vader igniting his lightsaber in the hallway Rogue One although I'm aware that it's not truly monochrome since a few buttons still glow in color. I'm interested in seeing everyone else's.",0,7,1778638689.0,0.31,True,self.movies
1ta0sc8,movies,2012 did not have a happy ending,"Not to mention the world pretty much ended, sure they found that The Cape of Good Hope was not longer under water, but:

\-Only the mega rich survived not including the main characters family, so the new world will be run again by the rich snobby lot

\-I have to imagine a majority of the those working on the Arks were not able to get on

\-Dr. Satnam Tsurutani, who discovered the world was ending, got left behind

I don't really see this movie as a humanity survives movie and it annoys me that it's portrayed like that especially with who survived ",298,187,1778499802.0,0.78,True,self.movies
1ta816k,movies,The Rivals of Amziah King - Official Trailer (In Theaters this August),,121,30,1778516131.0,0.82,False,youtu.be
1tbo7kz,movies,If Omori had a live action movie who would be the cast (if their is a Omori movie it should be animated),"okay for a omori movie if we ever get one it should be animated but if it ends up being live action these are just the people i think should play some of the cast,  okay so i think for the main cast we would need James McAvoy (2010) as sunny, James Franco (2013) as hero, Jacob Tremblay as kel (faraway) omori would be Jaeden Martell (2017)",0,0,1778643980.0,0.38,True,self.movies
1tb8bei,movies,(Film: Mother Mary | Essay / Review Containing Major Spoilers) An Analysis of Sam Anselm and Mother Mary's Relationship Through the Lens of the Tie-In Album,"Mother Mary is a film I have looked forward to since I first saw people talking about it last year. I've kept it far in the back of my mind to prevent myself from being consumed by excitement, but even then, as soon as the movie was released and the songs became available for streaming, I listened to ""Mother Mary: Greatest Hits"" on repeat to allay some of the nerves (good way) I felt to watch it. The thesis I want to discuss here is I think, quite surface level, but these thoughts have been running through my mind since the first time I heard the album in its entirety. Now, I want to create a chance for me to express my interpretation in a coherent and cohesive manner. So, I will be talking about Sam Anselm and Mother Mary's relationship prior to their break through the lens of the tie-in album.

The first title in the album is Holy Spirit, which I consider to be written from Mary's point of view. From a Watsonian perspective, these songs are all from the pop star's. But as I listen to the album and read the lyrics as they play, I have come to believe that if we look at these shards of their story from a Doylist perspective, three are from Mary's, three are from both artist-characters, and one is purely from Sam's.

*I can't believe what I've found*

*I'm staring into the dark, so powerful*

*My knees are pressed to the ground*

*I'm holding on for dear life, it's mythical*

Holy Spirit is the most traditional pop song from the seven that we have melodically speaking. It is the most energetic, lively, and bright. Completely optimistic and hopeful. The lyrics exploring what might be interpreted as the beginning of their relationship as collaborators. How they are pulled to each other artistically and personally. Their interests and methods of expression fusing in a way that feels electric. It is their dynamic as artistic and as friends explored in this song from Mary's eyes. 

*This black suit fits like a glove, I was born to be the widow of love*

*Won't lose myself to a touch, I was born to be the widow of love*

||

*Chapstick and chapped lips, downtown lofts*

*Red rouge lip makeup, sick enough*

*Honey, please I'm so empty*

*You're the one for me, you see*

Burial is one of the two singles released before the movie and is an outlier in the first half of the album, sonically. Its music is moody and has a darker tone than tracks one, three, and four, which leads me to believe that it is about how they created the ""Mother Mary"" persona and aesthetic rather than it telling us directly how their relationship evolved. But I can't properly speak of this song without discussing My Mouth is Lonely For You, which is the other single. Beyond the dynamic we are shown in the movie and the chemistry produced by the acting choices of Anne Hathaway and Michaela Coel, this song, its lyrics, are the reason I have the opinion that the protagonists were previously lovers. Its music flows how spending time with a person you adore and can be yourself with unabashedly feels like. These two songs are one unit, their story seen from the unified perspective of Mary and Sam. It is them at their best with each other prior to the rift that develops between them. The reason as to why these were chosen to be the singles, the ones to set the tone for the movie is apparent, I think. Fashion and artistry are as much part of the story's core as the relationship of our protagonists.

*You got that cold feeling*

*Your sacred heart's blue*

*Do you know what to pray for anymore?*

*Or if you can make it through?*

...

*My sacred heart's been feeling blue*

*Should I have faith in anything?*

*Oh, I'll cut myself to make some room*

*And let out all that wasn't you*

Holy Spirit 2 is a change, in that it is the only song that tells their story purely from Sam's point of view. Out of the two of them, it is only her whose religious experience we know. She had communion. She spilled wine on her dress. She was the one who crowned Mary with her halo. And so this title is the most obvious to uncover whose perspective we are hearing:

*But me, I was raised up to believe*.

A direct quote from the beginning of the song. For most of it, we are only told more of what has already been known to us through the prior songs. They are electric and triumphant and so artistically fulfilled and compatible. But the beginning and end of it shows us the cracks starting to form. Mary is  dissatisfied or directionless and Sam consoles and supports her by turning her into the central figure of her life. But of course, it isn't healthy for anyone to only have one important thing in their life. It is implied through the last lines of the song that it isn't enough for Sam either, to have only her muse as the only thing she has to cherish. Part of the reason why Mary leaving struck so deep, I'm certain. 

*Now I got the taste of blood in my mouth*

*Hate the way you got me, but I ain't gonna spit you out*

...

*Kiss me like you love me while you're pulling me deeper down*

*Tied together here, forever we're bound*

Dark Cradle's music is suitably dark for what it is about. Mary chafing at her relationship with her designer. Still thrilling to be understood so deeply and to work with someone whose visions align with yours but their closeness has either become claustrophobic or felt like an anchor holding her down. A burden. Sam knows her in a way that is painful to her now and yet still she does not want to let her partner go. Her partner whether you consider them to be past romantic loves or friends. 

*Blue flame, it's burnin' up*

*She's reachin' out, she's reachin' out*

*Your name was in my mouth*

*She took it out, she took it out*

...

*Don't speak, look at us now*

*Beautiful stars up off the ground*

And then it becomes untenable. Blue Flame is Mary's ambition embodied by her persona growing heavier than her desire to hold on. Maybe anger at being constrained by how Sam sees her and feeling unable to live up to them or wanting to be more than what the person closest to her wants her to be. 

*Lose your will to believe, and once again believe*

*Then if in the end you're not free, cut a deal, please*

...

*Used to walk with you 'til I saw something bigger*

*I jumped into the flames and I shook hands with forever*

*Had to cut ties*

*To be starlight*

...

*Chained to the heaven I like*

*Chained to the heaven I like, this heaven of mine*

In the film when the paranormal phenomena begin, it starts with Sam recounting how she first saw the Red Ghost. How she watched it leave her house and felt the wrath and hatred flow out of her along with it. Of course it doesn't completely go away. We see these present within her as she and Mary interact through the film. But the active burning has passed. And I think if Mary never went back to her, she would remember her once-friend as a sweet time of her life that ended painfully. More bittersweet than simply bitter or sour. The first verse of Cut Ties, I believe is from Sam's perspective. The language is framed as being recounted from Mary's point of view, but the message of it is from Sam, or possibly how Mary wants Sam to have felt when she left her. The song recounts their history and Mary's career. But regardless in the end we see how the pop star regrets her choice. In the final chorus and post-chorus we hear Anne Hathaway singing, but underneath it, the first time she says ""cut ties"", the screaming starts and grows louder in volume until the performance and the turmoil of her character's emotions are equal in prominence to the listener. 

We the audience do not see much of what the dynamic of these two artist-characters were. We are not privy to the details or exact nature of their whole relationship and while the ending leaves us with a hopeful tone, we do not know where they will choose to take their mended bond. The metaphor that is the Red Ghost representing Sam's pain transferring and transforming into Mary's regret blurring the story further. It is part of why I wanted to write this out. To give structure to my interpretation and set my racing mind to rest on this subject. And so we have arrived to the end. I have conflicting feelings about Mother Mary, the movie. I was so excited to watch it. I wanted to love it so much. And I absolutely did love the first half where it was just Sam and Mary talking. Us being shown hints of who they are and what their relationship was and now is. But I feel that the near-overuse of metaphor in the latter half of the story hobbled the emotional impact it could have had on its audience. After watching it, I felt empty inna neutral way. I didn't know what to think. Because even though I enjoyed it, I was still let down. I took a shower. I scrubbed myself clean and brushed my teeth and tongue until I was gagging on the verge of vomiting. I was desperately thinking of a reason to love it and couldn't find one. 

I wanted to love Mother Mary. But for me, it did not reach the heights a story could touch and be in to be immortalized in the lives and memory of its audience. Instead it lives in my mind through the question of what it could have been, and the knowledge of knowing it could have been so much more.",1,0,1778606531.0,0.55,True,self.movies
1ta4ly2,movies,Angel Studios acquires Sundance Selection 'Fing' starring Taika Waititi,,142,128,1778508941.0,0.81,False,deadline.com
1tbuet9,movies,Cinema Must Evolve Before Entertainment Turns Into Intellectual Decay,"Cinema needs to evolve because films today are no longer just stories; they shape attention spans, emotions, desires, morality, and even how people think socially and politically. From my perspective, a large part of modern cinema between 2023–2025 increasingly depends on overstimulation, algorithmic storytelling, nostalgia bait, excessive fan service, shallow spectacle, and emotionally manipulative writing. Instead of leaving viewers with reflection, many films leave only temporary dopamine spikes. That is where “brain rot” through cinematic experience begins.

In Hollywood, films like Deadpool &amp; Wolverine or many franchise-driven superhero productions often prioritize references, cameo culture, and meme energy over meaningful narrative depth. They entertain, but repeated exposure conditions audiences to consume cinema like short-form content.

In Bollywood, visually massive films such as Animal created intense discussion because style, aggression, and hyper-masculinity often overshadowed emotional maturity or ethical complexity. Spectacle became stronger than introspection.

Even Korean cinema and dramas, despite their technical brilliance, sometimes lean heavily into emotional exhaustion and aestheticized trauma. Works like Squid Game influenced global culture deeply, but they also normalized extreme psychological tension as entertainment.

European cinema still feels comparatively reflective. Films like Anatomy of a Fall showed that cinema can remain intellectually engaging without sensory overload. It trusted silence, ambiguity, and human complexity.

I think cinema should evolve toward psychologically healthier storytelling: more philosophical depth, sociological realism, emotional intelligence, scientific thinking, and nuanced humanity. Entertainment is important, but cinema should also sharpen consciousness, not reduce people into passive consumers constantly chasing stimulation. Great films should expand perception, not merely occupy attention for three hours.",0,9,1778664136.0,0.18,True,self.movies
1tbnlsz,movies,Movie recs?,"Need movie recs 😭

I’m looking for romance/YA movies with:

* high school setting
* enemies to lovers
* brother’s best friend trope
* lots of tension/slow burn
* kinda like *Better Than the Movies,* t*earsmith*, and *Through My Window* typ vibes

I love stuff that feels emotional, funny, awkward, and cute at the same time. Bonus points if the guy is lowkey mean at first but obsessed later 💀

Please give me movies that actually make you FEEL something lmao ",0,2,1778642272.0,0.11,True,self.movies
1t9ow82,movies,"""Slow buildup"" horror movies that lead to some terrifying realization?","Just saw Arrival with Amy Adams, it was good but the whole time I expected it to become a horror movie. Either the aliens would attack them when they first entered the ship, or when they finally translated the message it would be a declaration of war or something. It's a very unsettling atmosphere, which is intentionally misleading.

Are there any films like this where it DOES turn out to be something horrible?",1394,861,1778462645.0,0.91,True,self.movies
1tbprm7,movies,Faces Of Death: New Worst of 2026,"I've seen 36 new release movies so far in 2026 and tonight I've found the new worst of the year. And thats including such trash as The Strangers chapter 3 and Return to Silent Hill.. Wtf was this? The story was already beaten to the punch by a better movie last year (American Sweatshop). The acting was unbelievably bad, especially in the leading role. I cant ever remember hoping for the demise of a final girl so much. Cringe inducing laughter at genuine attempts at trying to be edgy and shocking. Genuinely in shock that this has positive reviews on RT. 

Anyone have any thoughts on this movie? Am I the only one?",0,13,1778648607.0,0.33,True,self.movies
1tbikg6,movies,Movies with a Dr Frankenstein / Frankenstein relationship,"Help! I'm looking for horror movie recommendations where one character KNOWS another character they care for is committing crimes/murders/atrocities and either can't get up the nerve to stop their loved one or is actively helping cover up the crimes. I feel like there is an entire genre of this sort of film, but I can't think of any! ",0,18,1778628982.0,0.38,True,self.movies
1ta1i65,movies,Greenland 2: What were they thinking,"So I enjoyed Greenland - the original, the storyline wasn't bad. I liked the idea that random citizens were chosen to survive and it wasn't just the rich like in 2012.

The special effects were decent and it showed some of the chaos that would happen if we heard that the world was going to end.

I thought in Greenland 2 the storyline was a complete cluster fuck and was complete garbage. I didn't even know there was a sequel until I saw it on a streaming service and for me it goes down as one of the worst sequels of the year. ",168,109,1778501660.0,0.8,True,self.movies
1tbfj15,movies,Outside My Window | Award-winning short film,,0,0,1778621682.0,0.3,False,youtu.be
1tb4lu4,movies,Antitrust (2001) is a movie everyone should see.,"In these days of constant concern and excitement over things like AI, cyber attacks, and growing monopolies, interest should be higher than ever in this very solid yet somehow mostly forgotten thriller from over a quarter century ago.

Bear in mind as you watch that the film has this sly little habit of making some things look like flaws until you’re very far into the runtime and discover that there was a good reason for them all along, so make sure to give it a chance. This is one of those plots that just keeps you guessing, all the way through.

Tim Robbins, Ryan Philippe, Rachel Lee Cook, and Claire Forlani star.",1,4,1778598880.0,0.53,True,self.movies
1ta47u1,movies,Back to the Future 2 is the best of the trilogy!,"Just watched the Back to the Future trilogy and I loved it, the 2nd one the best! (It's now my 2nd most favorite movie of all time, just below Interstellar)

I’m genuinely surprised by the 2nd one that they came up with a story this complex back in the 80s (even by today’s standards). It actually felt like a true sci-fi movie to me. (It's extremely rare that I pause and think about what's going on, and here I literally paused in the middle to draw a picture as to how the alternate timelines work, I enjoyed it so much)

The others were great too, but I think I was a little disappointed because of how insanely hyped the first one is as “the greatest sci-fi movie ever"" and the 3rd one is just.... different, when both just felt like normal movies that just used time travel. 2nd one felt like that time travel was the whole story. (Also, I understand there are many plot holes in the trilogy but time travel is a topic where plot holes are inevitable imo)

So why is the 2nd one considered the worst of the trilogy according to the reviews?

My ranking is BTTF 2 &gt;&gt;&gt;&gt;&gt;&gt;&gt;&gt;&gt; BTTF 1 = BTTF 3",91,250,1778508090.0,0.58,True,self.movies
1tbkcph,movies,Help! Cant figure out what movie it is or the song! Am I going crazy?,"I cant remember much, my memory sucks but I believe the movie is about a toxic family . Like the dad is evil? The ending scene the (daughter?) Kills him in a field and walks away to a song thats a slower indie song, that I think is something called ""become the 'blank'"" or becoming the blank. It was sung by a woman. I seriously cant find anything online about either and I swear I had the song saved on Spotify 😭",0,11,1778633605.0,0.33,True,self.movies
1t9xpai,movies,"Stephanie Hsu, Guy Pearce &amp; Hannah Waddingham Set For 'The Teller'",,210,8,1778490149.0,0.88,False,deadline.com
1t958gw,movies,Ben Affleck and Matt Damon sued by Miami cops for defamation over portrayal in their movie 'The Rip',,10728,1335,1778414987.0,0.94,False,ew.com
1tbke61,movies,I wish there was more demand for CGI animated shows and movies for teens and adults,"After watching a lot of Disney, Pixar, and other CGI animated movies in my life, I noticed pretty much every CGI animated film is for children or PG.

 I tried looking for some online, and there aren't many, especially not from major studios. It's a shame, since I love the visuals.

 I understand why though. There isn't much demand for them. They usually underperform at the box office, sometimes SEVERELY, and aren't distributed by major studios.

For example, Beowulf and the movie 9. Both movies only had a box office 20-30% higher than their budget. Others performed SUPER poorly, like Vexille, Kaena the Prophecy, and Bilal: A New Breed of Hero. Both Vexille and Bilal's box office were 7-10 times lower than their budget, and Kaena the Propehcy only made about $400,000 on a TWENTY SIX MILLION DOLLAR budget. Oof.

Even Final Fantasy: The Spirits Within, despite being based on a popular game, made only $85 million on a $137 million dollar budget, not including high marketing costs, and shut down an ENTIRE studio.

There are a few exceptions, like Sausage party, which made 100 million on a 20 million dollar budget, and the Resident Evil 2002 film that made $100 million on a $30 million dollar budget.

But still, there are PLENTY of 2d animated cartoons for teens and adults, like Family Guy and South Park, and plenty of Anime for teens and adults. Both those art forms have high demand for adults, but CGI animation just doesn't make the cut. It would be cool if it did though. 

Sometimes I watch movies like The Wild Robot and The Incredibles and imagine how good it would be with profanity and even more violence. Hopefully there'll be more demand one day, maybe even a teen or adult targeted CGI animation studio.",0,16,1778633710.0,0.25,True,self.movies
1t9lsdo,movies,What’s a movie where ONE actor’s terrible performance actually enhances the experience?,I’m not even particularly talking about an all-around bad movie filled with terrible acting either. The movie can be real good but just ONE person sticks out like a sore thumb and it can either make things strangely hilarious or it just works in favor of the narrative. Sometimes the acting is also just bad because the actor / actress is just playing themselves for the umpteenth time…,1037,1152,1778454264.0,0.9,True,self.movies
1ta42bl,movies,Jane Schoenbrun Unveils Teenage Sex and Death at Camp Miasma,,68,19,1778507779.0,0.71,False,hollywoodreporter.com
1t9tanr,movies,What do you think happens after the events in Arrival?,"I know I am VERY late to the party, but I just watched Arrival (2016) for the first time, and I really enjoyed it. I held Interstellar in high regard, but I think Arrival topped it.

But after the movie finished, I really wanted to stay in the world a bit more, to see how things were. In case it's been a while, the language Louise learns from the aliens allows humans to experience events non-linearly, which allows Louise to gain insight to influence China's leader in cooperation instead of conflict. This is also where we learn that she is knows her daughter will die, and her relationship with her husband will break down.

But this raises an interesting series of questions: we already see how Louise having this info about her daughter caused the breakdown of their relationship with Ian.

As more people learn the language, wouldn't there be millions (billions?) of cases like this, where people's life and relationships are fundamentally altered by what they can see if not bound by linearity? By the time credits roll, Louise is the only one who can actually communicate in this new form, but we see confirmation that she eventually teaches others and publishes a book on it. 

I feel like this in and of itself would be a phenomenal movie",336,127,1778475435.0,0.84,True,self.movies
1tbggm5,movies,I Don’t understand the hate for “The Counselor”,"Ive watched it a few times since it’s come out and I love it. Soundtrack was great. Plot wasn’t too convoluted. I thought the acting was great. Michael Fassbender playing a cocktail of subtlety and over-cockiness and watching him turn into a completely broken dumbass was great. Brad Pitt was Brad Pitt and played Brad Pitt to perfection. And Cameron Diaz was pure evil. I enjoyed how no matter how many things were alluded to, or referenced in the beginning and throughout the movie, it all found a way to tie in; each reference, almost explicitly. The Mortal Kombat Bolito broad daylight street death gets me every time. What a way to go. The laughing during the strangulation was perfect; like he couldn’t believe it was actually happening to him. But that “Hola!” in the end with the music score was \*haunting\*. I wonder if it was an homage to Se7en? Nothing’s shown in the moment, but the audience immediately interprets its meaning. I swear Cameron Diaz has been in every movie that’s traumatized me. Vanilla Sky is obviously way more of a masterpiece, but she scared me there as well; differently. If you haven’t seen it (The Counselor, not Vanilla Sky. If you haven’t seen Vanilla Sky, I’ve got no words for you) I highly recommend it, despite what the reviews say.

Also, main lesson I took from this. Don’t mess with the Cartel. Seriously. At least the Italian Mafia has a SEMBLANCE of a code. With the Cartel you’re just strung out. Nothing you can really do. ",0,23,1778623820.0,0.39,True,self.movies
1tbjcob,movies,"I enjoyed Send Help very much, although I do think it should've ended just a minute earlier.","*Send Help* was a darkly funny, scary and gross return to form for Sam Raimi, with powerhouse performances by Rachel McAdams and Dylan O'Brien. &gt;!It had a brutal climax culminating in Linda swinging the golf club onto Bradley's cranium… and then it jarringly swerves to a sudden return to civilization with Linda becoming a celebrity, having somehow cleaned up the mess left in the mansion plus fully healed from her injuries (including a partially gouged out eye and partly scalped). It could've been a dream, but it nonetheless feels incongruous with the gory grand finale built up until that moment. The film could've wrapped up with her tapping Bradley out and still felt complete. !&lt;

A good comparison for how the ending of this film could've been resolved would've been taking a few cues from the ending of David Cronenberg's visceral and disgusting *The Fly*. &gt;!Many possible epilogues were discussed and pitched after Brundlefly's put down, but none of them felt complemented the film's tragic and despairing finish. Everyone involved felt closing the film with Brundlefly's death was the best decision for the film. !&lt;Similarly, just closing this film with a violently hilarious flourish would've been best for it.",0,23,1778630967.0,0.37,True,self.movies
1tb5pfj,movies,Anime Movie,"What are your top 5 movies that made you fall in love with anime? 

Mine are : 

1. Grave of the Fireflies (1988)

2. Spirited Away (2001)

3. Your Name. (2016)

4. Kiki's Delivery Service (1989)

5. The Girl Who Leapt Through Time (2006)

P.S - These are the first 5 anime movies that I watched 😄

Also please recommend some hidden gems in anime",0,45,1778601159.0,0.49,True,self.movies
1tbe532,movies,Paramount Says It’s All in on Theatrical Distribution as It Aims to Stave off California Merger Challenge,,0,2,1778618617.0,0.45,False,hollywoodreporter.com
1t99q68,movies,"Michael Pennington, who played Moff Jerjerrod in ‘Return of the Jedi’, dies at 82",,3481,128,1778426303.0,0.96,False,fanthatracks.com
1t9rdi4,movies,"Official Poster for ""The Credits Roll Into the Sea"" (Animation Production by Kyoto Animation)",,354,10,1778469608.0,0.93,False,i.redd.it
1tbgszm,movies,"do movie theaters like AMC, Regal, Cinemark, &amp; B&amp;B give away free posters?","looking to get posters from movie theaters near me but it's mainly AMC &amp; regal. i've asked amc before for other movies and they always say no so i'm unsure where to go now 😭😭 im
tryna do this on a budget as well.

if anyone knows anything, please let me know!!! i am trying to build my wall collection!",0,10,1778624641.0,0.32,True,self.movies
1ta5je5,movies,"Matthew Modine, Liam Neeson &amp; John Cleese to Star in Fantasy-Drama ‘The Splendid Thing'",,40,5,1778510936.0,0.75,False,deadline.com
1tbip70,movies,"ALIEN, and What That Movie Says To Us About the Meaning of Life","Every time I watch the movie *Alien* from 1979, I always am reminded of just how amazing this movie STILL is to this day. I mean, it has obviously launched one of the most successful film franchises of all time (7 standalone films, 2 crossover films, and a TV show), but the original is still just as terrifying and beautifully shot as any movie coming out today. 

Most recently, I’ve watched the entire franchise in my spare time. Upon rewatching again, I feel like this movie has a lot to say about humanity and how best to adapt to an ever-changing world. 

Humanity’s biggest fear is not to be eaten by a giant Xenomorph (while I’ll admit, it is rather terrifying). Our biggest fear is death. It always has been, and it always will be until the earth dies. Some people will do just about anything to ensure that we stay alive for as long as possible because for them, they have no faith in something better than this after life. The true fear is the dark abyss of nothingness, and what better setting than the abyss of space, where no one can hear you scream…",0,25,1778629317.0,0.32,True,self.movies
1tbdcs4,movies,what movie gets better every time you rewatch it?,"Some movies are amazing the first time because of the surprise factor, but others somehow become even better the more you watch them. You start noticing small details, better performances, or things that completely went over your head before

What movie improved the most for you on a rewatch and what detail did you only notice after watching it again?",0,31,1778616933.0,0.29,True,self.movies
1tbbhms,movies,"Long flight coming up , any recommendations?","Taking a long flight soon and I want to make a proper watchlist. Not looking for the obvious classics everyone already knows , I want to discover some hidden gems, underrated picks, or movies you genuinely think deserve more attention than they get.

Any genre works : thriller, comedy, drama, sci-fi,  doesn't matter. I just want something that actually pulls me in and makes the hours disappear lol

",0,29,1778613036.0,0.38,True,self.movies
1tbcxjv,movies,"What’s the best individual scene Zack Snyder ever directed, regardless of the rest of the movie","I find it interesting that even though he’s an incredibly divisive director, there’s usually at least one really outstanding scene in each film, even though one could debate the quality of the rest of it

For me, the opening scene from Watchmen is one of his best. Tells an incredible history in just a few minutes that’s creative but tragic.

Also really love the Oscar Isaac and Carla Gugino dance scene in Sucker Punch

Honestly most of his best scenes are musical montages",0,33,1778616036.0,0.44,True,self.movies
1tb4r7z,movies,New gross horror movie trailer: the colony,"https://youtu.be/8UrxzVgU\_uY

Well this looks disgusting but it’s the director or train to Pusan and yeah all the milky fluid really doesn’t help lol reminds me of aliens with the android milk 🤣

Looks like it would be entertaining and gross tho but I’m assuming it’s just a lab experiment or something ",0,3,1778599200.0,0.45,True,self.movies
1t9h0xv,movies,"(500) Days of Summer (2009, dir. Marc Webb) – Expectations vs. Reality.",,994,234,1778442689.0,0.9,False,v.redd.it
1ta00he,movies,Russell Tovey and Olivia Colman to Star in Andrew Haigh Short About Alexander McQueen and Isabella Blow,,63,5,1778497610.0,0.81,False,variety.com
1t9pqmz,movies,"New Poster for Horror-Thriller 'Pitfall' - A young man becomes separated from his friends in the woods and plunges into a ten-foot pit lined with spikes, impaling his leg and leaving him helpless. As reality sinks in and his situation grows dire, he realizes the fall wasn’t an accident.",,306,100,1778465000.0,0.84,False,i.redd.it
1ta65pk,movies,Nightcrawler (2014) Car Chase Scene | Dir. Dan Gilroy,,31,7,1778512226.0,0.73,False,youtu.be
1tbjx9c,movies,Tell me I’m wrong: Indiana Jones should have been treated like the James Bond franchise and gotten more movies,"Harrison IS Indiana Jones, but hear me out. What if the franchise was like the Bond franchise and recast him so it could keep telling his adventures? Separate yourself from Harrison/Spielberg/Lucas for a minute…wouldn’t that character and world yield 20 plus more good movies? (Depending on talent, writers, director and producers of course).   
Who would you want besides Mr Ford to play Indy?  
\*Holds up flame shield from 2004 ",0,90,1778632467.0,0.43,True,self.movies
1tbfvij,movies,Disgustingly passionate characters,"I have just finished watching Marty supreme. One of the greatest films I've ever watched.  
Passion is simply so beautiful, Marty Mauser it's a character burning with passion, he moves every pebble from his way, rocks and mountains, every financial obstacle, every social obstacle. This movie was so refreshing to watch.  
And while watching, I was thinking about one thing..   
Marty and Saul Goodman feel so similar. They're both characters with a goal, characters who want to succeed and let nothing get in their way. Of course both have different goals and different but also somewhat similar way of getting to their goals, but yet that bright fire burns in them. Same with the main character from Look Back.  
Now I'm wondering, what are other characters have these other similar traits? The insanity, the obsession.. the devotion. What other great examples are there?",0,23,1778622472.0,0.29,True,self.movies
1tbj8wi,movies,I wish there was an alternative to Letterboxd,"I feel like if people didn’t receive likes and validation for their takes on the movies they watch. Then they would actually post a realistic review and say what they want. And the people who care will read it. 

What happened to connecting and socializing through the media we actually enjoy instead of being performative and using other peoples takes we don’t even agree with just to go viral. 

It’s letterboxd not instagram bro. ",0,34,1778630692.0,0.22,True,self.movies
1tajca2,movies,Lady Macbeth 2016 discussion,"Oh my gosh. Florence is hands down my favourite actress. I just saw this movie and I just neeeeed to talk about it, my entire body is physically shaken.

  
SPOILERS AHEAD:

\-  
\-

\-

The wildness of Sebastian pushing the kid off the cliff, premeditating the murder  of the child with Katherine and then playing victim of circumstance?????? If Teddy had woken up, only Sebastian would be to blame. He is just as horrific as her with his crocodile tears - I could argue he's even worse. I think he just needed her to be the villain and the reason for his horrific actions, behind her he could play the role of a good man. This man is an abusive rac\*st rap\*st and I am so confused that some people feel any amount of sadness/pity for him. 

Poor fucking Anna. Do any of you know why she was so rough with Katherine from the start?

My heart is shattered for Teddy. I wonder if Sebastian hadn't done what he did, if Teddy could've moved Katherine's heart. I wonder if Katherine also moved to protect Sebastian even further because he was the father of her child? ",3,5,1778540115.0,0.57,True,self.movies
1tb6jw9,movies,A different kind of Rex Reed obit,"Covers a lot of what’s been discussed already on this sub, but hasn’t been mentioned by any of the other obits or remembrances published so far. Humanizing someone who was largely misunderstood. Love or hate him, his life was informed by the movies and he desperately wanted to see Hollywood turn out something better in the final years of his life. ",0,12,1778602897.0,0.47,False,observer.com
1taucad,movies,Your Favourite 70s-80s Era SciFi Extraterrestrial Flicks?,"I’ve seen the big ones like E.T, Fire In The Sky, Starman, etc. What other movies do you recommend?

Don’t mind what subgenre. I prefer a creepy horror/thriller but it doesn’t have to be. Whether it’s crazy practical effects and laser light shows or more of a psychological slow burn. If it’s good, it applies!",1,36,1778571078.0,0.53,True,self.movies
1tb9j70,movies,Oldboy 2003 vs Oldboy(2013),"I’ve heard that Park Chan-Wook’s Oldboy is considered one of South Korea’s most prominent films, maybe behind Parasite possibly and others. However, I didn’t know that they made an American remake under Spike Lee. I’ve noticed that the United States often likes to remake Asian films. However, according to IMDb, Letterboxd, and a lot of other critics, these remake was not perceived well. I would like to ask the prestigious community of movies why this American remake didn’t perform as well? Thank you.",0,24,1778609029.0,0.38,True,self.movies
1tbjzqi,movies,"Why was the first Star Wars movie changed to make it the 4th one, if it was the first to be made ?","I'm aware that the first movie was released as just Star Wars. Then for some reason, the other two came out as 5 and 6 even though they should've been 2 and 3 since there were no movies before that first one which is now called 4.

Why was it done that way ? New viewers are gonna think The Phantom Menace was first, even though it technically is in the Star Wars timeline because Anakin is a kid who hadn't become Vader yet but it came out way after the actual first one from 77.",0,29,1778632645.0,0.15,True,self.movies
1tb5wd5,movies,BEAST RACE is an upcoming movie that way more people should know about.,"Fury Road meets Squid Game!

Beast Race/Corrida Dos Bichos is an action sports drama set in a dystopian post-apocalyptic Rio de Janeiro about parkour races involving capoeira combat. It is directed by Fernando Meirelles, who you might know as the same person who directed City of God (2002). It had its premier at South by Southwest, and I'm shocked at how little press it's gotten because it's absolutely nuts. It will be on Amazon Prime sometime this year.",0,4,1778601560.0,0.39,True,self.movies
1tbatxj,movies,What are your Top 4 films of all time,"The camera is rolling and the pressure is on pretend you're being interviewed by Letterboxd and list what are your Top 4 films of all time its the final list so y'all think well before answering it. no switches after this, its time to just say it out loud and commit.  
  
  
ill go first:  
1. Anbe Sivam - if you know you know  
2. Dog Day Afternoon - Life changing movie for real   
3. Memories of Matsuko - this one did something to me that i still cant fully explain  
4. Fantastic Mr. Fox - its perfect",0,56,1778611672.0,0.33,True,self.movies
1tbbkvh,movies,Media Hunter - Animal Farm (1999) Review,,0,1,1778613223.0,0.13,False,youtube.com
1tbho3r,movies,My theory on inception.,"I’ve been thinking about Inception and I had a theory that goes a bit deeper than just “was the ending a dream?”

What if Cobb and Mal never actually made it fully back to reality after limbo?

We know Cobb explains to Ariadne that he and Mal spent what felt like decades in limbo, building an entire world together. The film also makes it clear that limbo heavily distorts the mind and your perception of reality. Cobb even says when you wake from limbo your mind can become scrambled and unable to properly tell what’s real anymore.

My theory is that when they “woke up” from limbo, they may have only woken into the first dream layer above it — not actual reality.

This would explain Mal’s behaviour in a completely different way.

I don’t think Mal was insane. I think she realised they still weren’t in reality, while Cobb accepted that first layer as real because his perception was too damaged after limbo.

Something important people overlook is the fact Cobb uses Mal’s totem, which already breaks the rules established in the film. Totems only work because the owner alone knows every detail about them. Cobb relying on Mal’s top means his reality checks are fundamentally flawed from the start.

I also think the safe in limbo is important. Maybe Mal hid her totem away there because she understood that if they lost their grip on reality, they’d need something to remind themselves limbo wasn’t real. But once they “woke up,” she realised they still hadn’t reached true reality because she was the architect and could recognise the world they were in.

The heavy sedation used in deeper dream levels is another thing that supports this idea. The movie establishes that normal kicks stop working properly under strong sedation and death can send people even deeper instead of waking them up.

So what if Mal believed the only remaining kick strong enough was suicide?

But here’s the tragic part: what if she was wrong about how the mechanics worked?

If they were still under heavy sedation in reality, then maybe her death didn’t wake her up at all. Maybe she simply died physically while Cobb remained trapped mentally inside the dream layers.

That could also explain why Cobb’s “reality” never behaves like the shared dream environments in the heists. There are no hostile subconscious projections attacking outsiders anymore because there are no outsiders left. He’s no longer sharing a dream with multiple people — he’s trapped inside his own stable layer.

It also changes the emotional meaning of the film.

Why would Cobb and Mal risk going so deep into dreams in the first place when they had children in reality?

Maybe because dreams allowed them to live the life they couldn’t safely live in reality. Their real lives were dangerous and unstable, but dreams gave them peace, time, and the illusion of a complete family life. The film constantly hints that dreaming can become addictive because it offers emotionally perfect worlds.

Which is why I think the ending is even darker than most people interpret it.

Cobb may not actually “win.” He may simply reach a dream level comfortable enough that he finally stops questioning it.

And that makes the entire movie more haunting to me. The “real world” we watch throughout the film may itself only be Cobb’s first stable dream layer after limbo — a reality emotionally convincing enough for him to stop trying to wake up.",0,10,1778626750.0,0.13,True,self.movies
1tb3zus,movies,50 Underappreciated Films of the 21st Century,"Totally agree with ""Control"", ""Ghost Town"" and ""The Diving Bell"" making the list.  But not so sure about ""The Shallows"", ""The Electrical Life"" ""Mudbound"" and ""Master and Commander"" - what are your thoughts on this list?

  
[https://time.com/collections/50-most-underappreciated-movies](https://time.com/collections/50-most-underappreciated-movies)",0,30,1778597606.0,0.41,True,self.movies
1tb98xy,movies,Most screens or camera views in a hacking or security control room scene?,"Movies with hackers or computer people often have them set up with lots of monitors(enhances hacking?) and of course security control room scenes need lots of monitors to, uh, monitor.

After seeing the trailer for Disclosure day it got me thinking what movie has the biggest or wildest monitor setup? And isn't the amount of screens in Disclosure Day overkill? How can anyone keep tabs on all those views?? Attached some examples. What other flicks have a huge or crazy setup?

https://preview.redd.it/1wega96xvq0h1.png?width=919&amp;format=png&amp;auto=webp&amp;s=c90d920e08862629bd621ead09fff15a12a46218

",0,4,1778608454.0,0.15,True,self.movies
1tb5v3e,movies,What's a movie where the villain was technically right but you still hated them?, I'm not talking about misunderstood tragic villains who had good intentions. I mean someone who was correct on paper but still insufferable. The villain in The Dark Knight is a popular example but I'm thinking smaller. For me it's the airline rep in Rain Man. Charlie screaming at her about the flight times and she's just calmly following policy. She wasn't wrong. The plane was overbooked. That's not her fault. But I wanted to throw something at the screen anyway. What other movies have a villain who was technically correct but you couldn't root for them because they were just awful about being right?,0,313,1778601483.0,0.47,True,self.movies
1t9ra9y,movies,What is one movie you respect more than you enjoy?,"I keep coming back to this idea that some films are brilliant, powerful, and unforgettable, but not necessarily easy “rewatch” movies. They do something deeper than simple entertainment, and that makes them interesting to me.

For me, that kind of movie is the one that stays in your head long after it ends. It can be because of the ending, the performances, the mood, or just how honestly it says something about people.

What is one film you genuinely respect a lot, even if it is not your favorite comfort watch?",113,501,1778469341.0,0.79,True,self.movies
1ta5xvj,movies,Asking for movie recommendations to watch with family,"I am 14 and I really love to watch movies. Some of my favourite movies are forrest gump, godfather(1-2), Shawshank redemption, fight club, the prestige, whiplash, perks of being a wallflower, dead poets society, good will hunting, donnie darko, perks of being a wallflower, bridge to terabithia, etcc. I wanna show a really high quality movie to my mother because she only watches slop serials like anupama which aren't inherently bad but just not good enough for my taste. I wanna show her something revolutionary that she would appreciate. 

The problem is that most good movies have a lot of nudity. I need recommendations of movies without nudity. Gore and violence is alright. Just I would prefer good and intricate plot, philosophical and psychological complexity and deep message. 

Note: my mother despises animated stuff and thinks it's for kids. I know she's wrong but I can't fight her. So I can't show her movies like coco or up. 

Preferably the recommendation could be on Amazon prime, netflix, jiohotstar. (Hindi dub cuz her english is weak).

Thanks, I am looking forward to spend time with my family. ",13,112,1778511769.0,0.61,True,self.movies
1tb1yf3,movies,Movie YouTube Video Podcasts,"I saw someone asking about film podcasts on the Letterboxd sub but I wanted to ask here for a specific type. I would rather have video/front facing podcasts similar to Dead Meat. I want both horror based and general movies. Video essays work well too. 

I am looking specifically for video as I struggle with just audio (ADHD and autism). I like to have something to look at, especially the people who are talking.

I do follow some horror content creators but would like to find more.

39 year-old female btw if that helps with the recs

Thank you, have a good rest of your day. 


Edit: I should probably list the channels I follow on YouTube (this is what I get for posting while on the bus after only 4 hours of sleep)

Dead Meat (obvs)

Big Will

JoBlo (multiple of their channels)

Amanda the Jedi

The Cobwebs Channel

How to Beat

Evolution of Horror (they don't have video but I would love something like this)

GoodBadFlicks

FoundFlix

Spookyastronauts

Nightmare Fuel

Horror Enzo

RedLetterMedia

Be Kind Rewind

Cool Channel DreadTube

Mandysmorgueofhorror

shrouded Hand

The Vile Eye

Doctor Wolfula

Unleash the Ghouls

Horror Culture

The Horror Geek

In Praise of Shadows

PossessedbyHorror

Bloodbath TV

Ryan Hollinger

Cinemassacre


That is way more than I thought. Still would like to find more though, especially something in the vein of Evolution of Horror.
",0,7,1778593158.0,0.41,True,self.movies
1ta22pu,movies,Gene Siskel's Review of Network / Best of 1984 List,"While Roger Ebert's written reviews are pretty easily accessible (albeit often in butchered form, with first paragraphs missing &amp; star ratings in error), Gene Siskel's pre-1985 reviews are not.

Using the archive at [newspapers.com](http://newspapers.com), I've been compiling a database for the latter, including his four star-reviews, films that made his end-of-year lists, films that made Ebert's end-of-year lists, and anything else notable (both positive and negative); I'm up to almost 1600 at the moment. I've also been compiling all of his end-of-year columns (both best and worst, as well as other comments on the state of movies).

Unfortunately, the first page of his *Network* review that's on the [newspapers.com](http://newspapers.com) archive has a big chunk of text that's very blurry to the point that I can't read it. As that's a film that received four stars and placed very highly on his best-of-1976 list, it's a bit of a hole not to have the full review. Does anyone have a better copy of it (or maybe they could actually decipher the text that's on the site)?

A second query is his best-of-1984 list. While it's not illegible at all, the page on that same site has a little bit of text cut off from the first five entries. While I'm pretty sure I extrapolated most of what was missing, I could not do so for some of the text from his *Purple Rain* entry (#5 on the list). Again, does anyone have a full copy of that list, or were they at least able to figure out the missing text better than I?",20,7,1778503123.0,0.73,True,self.movies
1t9jw6s,movies,"Robin Shou from the Mortal Kombat films had the makings of a major star and after the films came out, he disappeared from the scene. What happened?","What stood out from the Mortal Kombat films from the 90s was how exceptional and capable of a lead Robin Shou as Liu Kang was. Ev en in the crappy sequel, Robin Shou shined. As bad as the girl playing Jade was, Robin Shou never strayed from being committed.

  
I was genuinely disappointed nobody found a market for Robin Shou as a martial arts film star, He disappeared. What happened? ",293,119,1778449451.0,0.86,True,self.movies
1t9suzo,movies,New Animated Movies Coming to Netflix in 2026 and Beyond,"# Featured Upcoming Animated Projects

* **I Am Frankelda** (*Soy Frankelda*)
* **Steps**
* **Ray Gunn**
* **Charlie vs. the Chocolate Factory**
* **The Mitchells vs. the Machines 2** (Working Title: *The Mitchells vs. the Mitchells*)
* **Untitled Ghostbusters Animated Feature**
* **Untitled Jack and the Beanstalk Project**
* **Leo 2**
* **KPop Demon Hunters 2**
* **The Buried Giant**
* **The Sea Beast 2**

# Scrapped or Uncertain Projects

* **Red Wall**
* **The Shrinking of Treehorn**
* **Prince of Port Au Prince**
* **The Witch Boy**",81,26,1778474051.0,0.73,False,whats-on-netflix.com
1tbhtud,movies,My theory on interstellar,"My attempt and explaining the ending of interstellar and maybe the film as a whole.

I've only just watched Interstellar, but I think I understand the ending now.

At the end of the film, humanity survives because Murph solves gravity using the quantum data Cooper sends back through the tesseract. Earth itself is dying, but humanity escapes and eventually colonises new worlds, like the planet Brand reaches.

The interesting part is who created the tesseract and the wormhole. The film heavily implies that the “beings” behind it are actually future humans who evolved far enough to exist in higher dimensions, where time can be perceived differently.

Earlier in the film, Brand and Romilly explain that time can bend, stretch and move forward, but not simply be reversed. So instead of “rewinding” time, future humans may have found a way to interact with specific points in spacetime through gravity.

That’s why the tesseract exists inside Gargantua. It was built as a bridge that allowed Cooper to communicate with Murph across time using gravitational signals. Future humanity knew this had to happen because it was already part of their history. Without Cooper transmitting the data, humanity would never survive long enough to become the advanced civilisation capable of creating the tesseract in the first place.

So the ending is basically a causal loop:

Humanity survives because Cooper sends Murph the data.

Cooper can send the data because future humans created the tesseract.

Future humans exist because humanity survived.

The film doesn’t really suggest that history was rewritten. Instead, it seems like these events were always part of the timeline. Future humanity isn’t changing the past — they are ensuring the past unfolds the way it always did.

I also think the reason they intervene in such limited ways (the wormhole, the tesseract, Murph’s “ghost”) is because even higher-dimensional beings are still bound by causality in some form. They can guide events through gravity, but they can’t completely overwrite reality.

That’s just my interpretation anyway, but the more I think about it, the more the ending feels like humanity engineered its own survival across time.

I did a post on my own Reddit about this and wanted to share it with movie lovers in general but I had to copy and paste it. For some reason it would just let me cross-community it.",0,10,1778627137.0,0.06,True,self.movies
1tb0w2x,movies,Media club for people who want to diversify their taste,"I have so many books, movies, podcasts etc. saved but I can't get to them because they are out of my comfort zone. I like historical fiction mostly, and can be a big hater of other genres. I really want to diversify my taste and I think something like a media club would be really cool to be a part of. 

Something similar to what one would do in a book club, except it can be any type of media recommendation based on weekly turns. Posting this on the movies subreddit because I personally want to start with movies, and so it is easier to find similar people. Also, if anyone wants to get into reading and is largely into movies already, a media exchange club also sounds good where the readers get recommended a book and the watchers get recommended a similar book. ",0,0,1778590731.0,0.27,True,self.movies
1t969eu,movies,‘A Quiet Place Part III’ Begins Filming,,1253,261,1778417915.0,0.88,False,bloody-disgusting.com
1t9wvcp,movies,"James Badge Dale, Laurence Fishburne Cast In Thriller 'Interference'",,30,9,1778487210.0,0.74,False,deadline.com
1tb2vkx,movies,Horror Movies,"Can someone recommend me some actually scary movies? I literally don't get scared by anything. I don't really like movies with creatures because I feel like they're usually done badly and ruin the atmosphere most of the time, but if you know any good ones, I don't mind.

One series that scared me so much I cried was The Haunting of Hill House. It's a masterpiece it made me cry from fear, and it felt very different from anything else l've seen.

I'm looking for movies or series with a really heavy atmosphere, psychological horror, disturbing scenes, good acting, and  
tension that actually stays with you after you finish watching. I love stories that slowly build fear instead of just using cheap jump scares every five minutes. 

I want something that genuinely feels unsettling and emotionally intense, not just loud noises and random gore.

Also, I really like when horror feels realistic or deeply emotional, because that makes it hit harder for me. If a movie leaves you thinking about it for days or makes you feel uncomfortable in the best way possible, that's exactly what I'm searching for. I don't mind slow burns if the payoff is worth it.

So please, recommend me the scariest or most disturbing movies/series you've ever watched something that actually affected you psychologically or emotionally.",0,54,1778595187.0,0.33,True,self.movies
1tb19jn,movies,"First Poster for body-horror 'SPECIES' - Margot, a young intern at the most competitive ER in the country, has trouble keeping up in this stressful environment. As she’s confronted with multiple patients her age presenting unusual symptoms, her own body starts to show disturbing changes…",,0,20,1778591568.0,0.45,False,i.redd.it
1tb2pv3,movies,Weapons is a total fever dream in the best way possible. Zach Cregger did it again.,"SPOILERS: 

Just finished Weapons and honestly, my brain is fried. It’s got that same ""don't you dare look away"" energy that Barbarian had, but the scale feels way bigger.

The way the plot threads actually start connecting in the second half is brilliant. I was worried it was going to be far too dragging with excess baggage, but seeing how everything fed back into that opening scene was a massive payoff.

Also, can we talk about the cast? Amy Madigan is an absolute legend and she completely steals every scene she’s in here. She brings such a grounded, gritty weight to the more ""out there"" supernatural elements.

As for the lead actress, there’s something about her that just makes her a brilliant actress to me. She has a really unique screen presence and I’d honestly love to see more of her in these high concept roles, like she played 3 different characters all in role, from a drunken barfly, to a caring teacher, to mousey young woman, to having a scream queen time. Her character hit close to home to me, because I know someone who went to the same class as me in school, who is now a  young school teacher herself, is also alcoholic and behaves the same way as she did in the film. Austin Abrams's character brought a lot of comic relief, that frankly kept me relaxed and entertained without being on the edge of my seat, I was laughing more so than being scared, which was a good thing to me, rather than be squeamish. 

And that's the thing what surprised me most was how much I actually laughed. It’s got that weird 'horror-comedy' hybrid vibe where one second you’re terrified and the next you’re watching Josh Brolin react to the absolute absurdity of everything with a ""What the FUCK?!"" that felt so earned. The ending with the kids and the 'Uno reverse card' on the villain was honestly one of the most cathartic payoffs I’ve seen in a long time.

If you haven't seen it yet, go in as blind as possible. It’s weird, bleak, and surprisingly funny in the darkest ways. 8.5/10 for me.

Oh and what did everyone else think of the ending? Crazy stuff lol...",0,25,1778594839.0,0.45,True,self.movies
1tb2g8c,movies,How do you know a movie is your movie?,"I don’t know if you guys agree, but I feel like movie descriptions are almost useless now.

They either tell you nothing, or they tell you the wrong thing. Same with genres, “drama” can mean literally anything.

So are there any tags, details, or weird little markers that would instantly make you go, “yes, this is my cup of tea”?

The main character arc? The relationship dynamic? The kind of conflict? The type of twist? The emotional vibe? The ending mood? Maybe even a tiny spoiler?

And what would instantly make you go, “nope, not for me”?

Basically: what do you wish movies told you upfront, before you waste an evening finding out the hard way?",0,22,1778594273.0,0.26,True,self.movies
1tamomr,movies,2000's gritty b/w Indie art film involving a black muscle car,"Looking for a movie title. My ex showed me this movie about 7 years ago saying she loved it for a long long time. I liked it but can't remember the name and I'm not gonna contact her haha. It was a black and white movie, indie, 2000's, two main male leads (brothers?). And the movie seems to revolve around this black muscle car that they rebuilt. Any help is appreciated!",0,11,1778548620.0,0.48,True,self.movies
1tawul7,movies,How do indie directors make a living?,"How do indie film directors actually make a living long term? A lot of them make low-budget movies that come out every 2-4 years, and many don’t seem to have constant credits on other films as writers, producers, composers, etc. What do they usually do between projects to support themselves financially?",0,10,1778579621.0,0.36,True,self.movies
1t9czoa,movies,"Will the original 1977 print of Star Wars that gets re-released next year in 2027, for its 50th anniversary get officially released on home video after that or will the theaters be the only way to see it ?","I read online that the original Star Wars film, (not the special editon version) will be finally be released for the first time in many years in 2027 when the movie is 50 years old. Due to George Lucas not wanting it to be the version released after he tinkered with it and the other two Star Wars films from 1980 and 83, but is it going to be released on DVD after its re-released again ? Or are we stuck with the special editons for eternity ?",333,195,1778433723.0,0.84,True,self.movies
1tb1jrx,movies,What were Jerome's superpowers in Gattaca?,"Heart of an ox, better than 20/20 eyesight, run through a wall? How many of these were legit?

  
It literally sounds like Jerome could be strong enough to apewalk daily without his wheelchair. Yes like the Guinness record of the guy who walked the longest on his handstand.

  
It's like he just needed crutches. And he'll be strong enough to both balance and walk on those crutches.",0,5,1778592219.0,0.25,True,self.movies
1t99d0f,movies,Black Hawk Down (2001) on rewatch in 4K,"I watched this movie so many times and decided to watch it again in 4K UHD. I think it deserves more recognition and awards.

A lot of good actors, great script that involved a lot of characters and everything around it works so weel, dialogs not cheese and no 'pafos' to show some patriotic propaganda or something like that. It's just a good story and very sad!

I adore Ridley Scott and love filmmaking. I think he is one of the best directors of our time. You can judge him and don't like some of his recent work but he delivers Gladiator in 2001 and then Black Hawk Down in 2002. So huge and very well made movies back to back.

Also Jerry Bruckheimer as a producer and Hans Zimmer score!

Editing is so great in this movie! You literally understand everything what is happening on screen, pacing of the movies is wonderful.

The best and the last modern war movie of such big scale! Nothing came close to this. A lot of  war vehicles, helicopters, hammers and set design just perfect. It's not cheap in every way and you feel how every frame done with so much effort and respect.

Please, if you never watch it just give it a try.

https://preview.redd.it/hsr2zj61sb0h1.png?width=3840&amp;format=png&amp;auto=webp&amp;s=7c3119f5000577fff637d300e336f594f515a011

",418,309,1778425467.0,0.74,True,self.movies
1tazy6q,movies,"What movie scene, if it was shot accurately today, would have a very different outcome?","I was watching Bean - the ultimate disaster movie and the scene when he lands in the USA - https://www.youtube.com/watch?v=I_23U047qTA 

the outcome would be very very different now. no more Mr Bean playing at the London Olympics. 

So what scene would have the most drastic change if it was happening today?",0,7,1778588443.0,0.17,True,self.movies
1t97xh0,movies,"Behind-the-scene for fight scenes from the movie ""Kamen Rider: The Next""",,492,36,1778422096.0,0.89,False,v.redd.it
1t9f6qi,movies,"""Twister"" (Jan de Bont, released 30 years ago on May 10th 1996) - A behind the scenes featurette on how the special effects were used to create the tornado scenes",,207,42,1778438590.0,0.87,False,v.redd.it
1tb60ab,movies,"Taken: What do you think of, Liam Neeson, had the kidnappers returned his daughter, he would just have walked away and done nothing? Kinda messed up?","So we know that, had the kidnappers returned his daughter, Bryan would not have pursed them, that that would be the end of it as he states. He has just been exposed to the absolute horrors of the one person he loves most in life being taken from him. I get that he wants her back but, he has a very specific set of skills that make him one of an extremely small number of people in the position to stop those creeps and save others from the same horrific situation. Yet he's ready to put it all in his rear-view mirror, and walk away? kinda shitty no? He's supposed to be a nice guy, buying teddy bears and karaoke machines to jump start a signing career?",0,9,1778601775.0,0.16,True,self.movies
1t9rg1r,movies,What are your Comfort movies?,"Your movie version of Macaroni and Cheese (or whatever floats your boat)?

For mine, I'd have to say Tremors, Mad Max: Beyond Thunderdome, and Raiders of the Lost Ark.   
No matter how many times I've seen them I'll always watch them again, they fill me with nostalgia and transport me back to my childhood when I'd watch them on VHS (EP mode baby). ",37,224,1778469819.0,0.71,True,self.movies
1ta6dii,movies,About Spare Parts (2015),"What happened to the starving dog? Where can I learn more about it? I’ve been watching *Spare Parts* at school, and all the poor dog got was a tiny carrot piece. I tried looking it up online, but I couldn’t find anything at all. Does anyone know what happened to the starving dog or where I can find more information?",5,4,1778512674.0,0.63,True,self.movies
1tax38t,movies,Trashy movies that are must-sees,"When I was younger, I went through a phase where I used to watch a lot of poorly made trash movies on TV.

Back in Germany, there was a channel that aired poorly made trash movies almost every Saturday night as part of its evening lineup.

Trash films like Mega Piranha, Piranhaconda, or Deadly Species.

Last year, I watched two newer poorly made films:

first,

The Fearway, which seemed incredibly disjointed, and then

Killer Beach, a film that came out in 2015.



**My question is: what kind of trash films do you guys know?**







*Translated with* [*DeepL.com*](https://www.deepl.com/?utm_campaign=product&amp;utm_source=web_translator&amp;utm_medium=web&amp;utm_content=copy_free_translation) *(free version)*",0,33,1778580380.0,0.38,True,self.movies
1taxf96,movies,Bohemian Rhapsody vs Michael,"Did anyone else feel like Bohemian Rhapsody was a much better biopic than Michael, or is it just me?  
I felt Bohemian Rhapsody did a better job with the acting, storytelling, emotional moments, and especially the detailing of Freddie Mercury’s life and performances. The Live Aid sequence alone felt incredibly immersive and memorable.  
Michael had its moments too, but at times it felt rushed and less emotionally engaging to me. Maybe my expectations were too high because of how iconic Michael Jackson is, but I walked away feeling Bohemian Rhapsody was the more complete film overall.  
Curious to know what others think and which aspects you felt each movie did better.",0,15,1778581415.0,0.3,True,self.movies
1t9b8rs,movies,Breaking the Fourth Wall,"What are your favorite fourth wall-breaking moments in films?

I'm not talking about Ferris Beuller or Deadpool....or found footage movies, but movies where it comes out of nowhere. 

I have about 14 or 15 that I can think of, but I'll list just a few to start:

A Shot in the Dark - toward the end, when Clouseau tries to break up a fight, he turns to the camera and gives a frustrated look 

Return of the Living Dead - when Burt, Frank, Tommy are trying to figure out what to do with the zombie in the walk-in, Frank turns, runs a hand thru his hair, and glances at the camera 

Apartment 0 - at the end when Colin Firth comes out of the movie theater and lights a cigarette, he looks up at the camera, and looks apprehensive, like he's just been caught 

The Shining - my favorite. I didn't catch it til the Blu Ray revealed it. The scene where Jack's yelling at Wendy about leaving. He says ""Yeah, I could really write my own ticket then, couldn't I?"" and storms past her. The camera pulls back...and he glares into it (and at us) with the most malevolent look possible. Chilling.

So, do you have any that stuck with you?

Add: Here are some others I didn't put in first time...

Psycho - the scene at the end when Norman's fully Mother, and the fly lands on his hand. He thinks to himself they'll say he wouldn't even harm a fly and looks right at the camera 

The Abominable Dr Phibes - when Phibes boils the brussel sprouts for the locust curse, his assistant, Vulnavia, comes into view and looks right at us 

Teeth- at the end when the girl with vagina dentate is in the car with the old letch, and he won't let her out, she looks out the side window at us and smiles 

My Bloody Valentine 3-D - at the end, the killer leaves the mine masked and mixed in with the other rescuers. He walks up to the camera, takes off the mask, shakes, then looks right at us, sneers, walks off.",187,460,1778429761.0,0.86,True,self.movies
1taq3i5,movies,Service like Anilist for movies and TV shows?,"I love using Anilist (anilist.co) to track my anime and manga progress, as well as reviewing them; the ability to show someone my profile and get theirs to judge our tastes is a fun way to make friends.

I was wondering there was a platform like this for regular movies and shows. I know about Letterboxd , but thats only about movies . i want a tracker that has both movie , tv shows and comics in general . thanks for reading ",0,5,1778557902.0,0.3,True,self.movies
1tara59,movies,Noir of 90's: NYU film class,"What movies do y'all think they showed? I love 90's noir, but can't think of any that take place at the beach. Was trying to research them but couldn't really find anything. Curious what people think the core references probably were. I had thought about taking this class this past year but couldn't and now wondering what I missed out on!

https://preview.redd.it/15z76x2n0n0h1.png?width=1634&amp;format=png&amp;auto=webp&amp;s=28bd38014495e2c64036809f1642914cca27c99e

  
",0,14,1778561335.0,0.36,True,self.movies
1t9tx4s,movies,Movies like The Incident? (2014),"Specifically, I'm looking for that nightmarish, uneasy feeling combined with a baffling, complex, layered plot.

I just watched this film and I have so many questions. To be honest I dont completely understand it yet. These situations that consist of being trapped forever in has haunted me since I was a kid, like single-digit age. And not like someone kidnapped you and forced you to stay there, but something completely out of reality.

This is one of the reasons why I love watching movies, to be mindblown. I LOVE GREAT WRITING, even if the film is low budget!

Is there anything like this film? I need to fill this void in me. I need more.",15,11,1778477375.0,0.7,True,self.movies
1t9d4k2,movies,"Another World (2025), an animation from Hong Kong, releases in the US on June 5th. A warning about its content","Another World is about a girl that recently died and is guided by a spirit through the afterlife to her rebirth. I got to see this at CAAMfest. The film is brutal and violent. It is not for children. It showcases people at their most desperate, disturbed, and downtrodden. Death and brutality is pervasive in every scene. It gave me feelings like watching Grave of the Fireflies. There was a haunting beauty in its imagery and accompanied with wicked stories of starvation, suicide, regret, and exploitation. For every story of death, it is followed through by a brief peace where the girl Yuri and her spirit guide Gudo traverse the gorgeous, surreal environments of Another World. Their friendship is the best part of the movie and feels like the only source of light in this nihilistic story.

I highly recommend the film with the warning it is a brutal story and not family-friendly. Do not bring your children to this. If it releases in the U.S., it would definitely be rated R for violence and themes.

Trailer: [https://www.youtube.com/watch?v=pNxgEX8ES5I](https://www.youtube.com/watch?v=pNxgEX8ES5I)",107,15,1778434034.0,0.84,True,self.movies
1t9bg81,movies,The Adventures of Tintin,"Watched this with my son last night and wanted to encourage other parents to do the same. What an incredible movie! Some of the best action sequences in cinema imo.

Spielberg directed. John Williams did the score. It’s like a kid-friendly(ish) Indiana Jones. Such a fun movie that deserves way more love than it gets. 

Parental Note: there are some guns, alcohol, and fighting. ",134,52,1778430250.0,0.88,True,self.movies
1t8h5wa,movies,"‘Buffet Infinity,’ A Surreal Horror Film Told Entirely Through Commercials, Is a Must-Watch for Midnight Movie Fans",,5699,229,1778355733.0,0.96,False,variety.com
1tai305,movies,Close-up shots by Jonathan Demme in Philedelphia (1993),"Watching Philadelphia, I noticed the movie uses a lot of tight close-ups during emotional scenes. To me, it felt like the film was trying to make the audience uncomfortable and mirror the characters, especially because a lot of people at the time didn’t fully understand the reality of AIDS. At the same time, they also made some scenes feel really personal and intimate, especially during moments dealing with illness and death.

To me,  it was interesting how the feeling of the close-ups changed over the course of the movie. Like the shots early scenes in Joe’s office felt tense and uncomfortable, while later scenes with Andrew in the hospital bed felt much more intimate and human.

Did anyone else feel that way? Or do you think they're less symbolic and more just part of Jonathan Demme’s directing style? I remember him using intense close-ups of Hannibal Lecter in Silence of the Lambs, fava beans and all.",0,8,1778537096.0,0.4,True,self.movies
1tb74il,movies,John Wick is Shutter Island??,"

Title: Okay but what if John Wick is basically Shutter Island???

ALRIGHT hear me out 👀

What if John Wick didn’t just lose his wife to illness… but killed her himself? 😳

I know, sounds insane. But think about it. John’s lived decades in a world of violence, paranoia, and CONSTANT danger. He’s obsessed with the High Table, convinced they’ll always strike through the people he loves.

Now imagine that panic. That fear. That paranoid delusion. What if he snapped… thinking the only way to “protect” Helen was… tragic? 💔

The guilt? UNBEARABLE.

So like Shutter Island John builds a story he can actually live with:

 Helen died peacefully ✅
She left him the dog as a “last gift” 🐶
The High Table caused everything else 💀

Here’s the stuff that actually supports this:
1️⃣ Tombstones: Helen’s says “Loving Wife”\*, John’s says “Loving Husband.”\* Super symmetrical, kinda impersonal — like he’s rewriting their relationship in his head.
2️⃣ We never see her die:No hospital. No diagnosis. No funeral. Just John’s perspective. 🤔
3️⃣ The dog = her last gift:When the dog dies, his fantasy collapses. Cue the RAMPAGE. 🔥
4️⃣ Paranoia: He literally spends his whole life thinking the High Table will strike through anyone he loves. That could push anyone over the edge. 😬
5️⃣ His death:Chapter 4. He doesn’t fight. He looks peaceful. That’s him FINALLY accepting that \*he killed Helen\*, not the High Table.

Shutter Island parallels? Ohhh yeah:

 Teddy Daniels invents a fake identity to avoid the truth he killed his wife. John does the same — blaming the High Table and imagining Helen died peacefully keeps his guilt “manageable.”
 Both project guilt onto external “enemies.” High Table = Wick’s inner guilt, Asylum staff = Teddy’s guilt.
 Both end with delusion collapsing. Teddy chooses the lobotomy. John finally dies peacefully. Acceptance. ✅

Look, if you see it this way, John Wick isn’t just an unstoppable action hero. He’s a \*tragic, broken man\*, trapped in the myth he built to survive the guilt of the one thing he could never forgive himself for. 💔


",0,9,1778604104.0,0.03,True,self.movies
1taqbtd,movies,what’s the most iconic movie scene from 90s-early 2000s?,"I have a short event of people age ranged mid thirties to late 40s. I need to play them a 10 or less movie scene to then guide a discussion.

It needs to be entertaining but still thought provoking. I don’t know much about movies but something relatively “famous” or “iconic” that you know any 30- 50year old would be into. I know that’s a big age range but I have to work with it lol.

I’m thinking something more heartfelt like a life lesson kind of scene.

Id say they’d prefer like action, thrillers, coming of age kind of movie.

Any suggestions?

EDIT:   
THANK YOU ALL SO MUCH! It was a success!!! I don’t know much about movies so this helped so much. ",0,38,1778558526.0,0.3,True,self.movies
1t943gf,movies,Old movies with morals that were ahead of their time and are still relevant,"Old movies usually reflect the morals of their time, as such many older movies have messages that don't really fly nowadays. But sometimes, old movies despite being made in a time of different morals will go against the grain and impart morals that were unusual or even controversial for their time, but as time went on became widely accepted.

For example, To Kill a Mockingbird was made in 1962, still in the Jim Crow era, and condemned the blatantly racist attitudes and systems that were commonplace in much of America.

Charlie Chaplin's movie The Great Dictator was made in 1940, before the United States entered WWII and there were still many people in the United States and other countries who sympathized with the Nazis. The movie condeming the Nazis and Hitler specifically was quite controversial at the time, leading to bans and Chaplin being accused of being a communist. Although one should note that the movie was made before the true extent of the attrocities committed by the Nazis was known, so the depiction of Nazi Germany seems quite tame.

So what other movies had morals that went against the established order of the time and are now still relevant?",214,219,1778411589.0,0.85,True,self.movies
1t9x8kw,movies,The climax of Satyajit Ray's APUR SANSAR (THE WORLD OF APU) (1959).,"One of the best endings of any film anywhere, EVER, in my opinion. The slow buildup, the hesitation leading to acceptance, accompanied by the divine score by Ravi Shankar.

I dare anyone not to shed a tear or two at the culmination of this scene, especially when you have sat through all three films at a go.

P.S. : I deleted the previous post on the same subject as it was not in accordance with the 4th point of Rule # 10.",5,3,1778488501.0,0.54,False,v.redd.it
1tai6k5,movies,What movie has the best mix of a twist that is set up beautifully but also feels like it comes out of nowhere?,"I read somewhere that when writing a great twist, you have to accept that 10% of the audience is still going to guess it beforehand because of the set up. Even Star Wars set up the gather twist a little bit. What movie falls right on 10%?

It's cliche, but my own example is the Sixth Sense, especially if you go in blind. I just realized where Cole looks right before he says ""I see dead people.""",0,46,1778537328.0,0.46,True,self.movies
1tancrh,movies,"Brother Bear - sorry, what the fuck?","I just watched this for the first time. Knew it was about a bear transformation, totally cool with that. Love Brave. Love bears.

I was fully on board and enjoying it. Little bit of action, lot of cute fun. Love Koda.

But as the brother kept hunting down the bears, I was getting mighty curious how it was going to be wrapped up. Surely no one else would die, but how would love win out? Kenai can speak bear through his totem? Cub gets turned too? Some sort of bear-human truce?

No, Kenai just stays a bear. What the fuck?

His older brother, in order to teach him a lesson that he was clearly directing, turns him into a bear. Keeps his other brother hunting said brother bear. And because Kenai naturally feels bad that his actions led to Koda's mothers death, he decides to stay a bear and guide him.

What?

Elder brother manipulated his little brother into becoming a bear forever. What the hell. And on that journey, kept his other brother on the trail trying to kill him in the freezing mountains - did I miss that teaching him wisdom in the background?

To say nothing of Koda basically needing to both greive the loss of his mother, and the knowledge that his new big brother was basically a monster that killed her and now wore her skin.

8/10 mindfuck ending.",0,10,1778550373.0,0.41,True,self.movies
1tal53y,movies,What Akira Kurosawa movies have available and good english dubs?,"For educational purposes! A student I know choose Seven Samurai as his research topic in class, but he has dyslexia, and has trouble processing subtitles in his films. 

  
Which Kurosawa films, if any, have a good english dub available (for streaming service relevance, in Canada)? I hoped Seven Samurai, Ran, Yojimbo, or Rashomon, (my favourites) would have something, but I've had trouble finding anything conclusive! ",0,8,1778544585.0,0.41,True,self.movies
1t9pgdx,movies,Mysterious Skin and how almost every scene represents a part of sexual trauma. An in-depth analysis,"A lot of people dismiss Mysterious Skin as shock value because of how direct and uncomfortable it is. But personally, I think almost every disturbing or sexual scene in the film serves a psychological purpose connected to trauma, grooming, dissociation, hypersexuality, and vulnerability.

The movie does not explain these themes directly. Instead, it communicates them through behavior, short interactions, body language, and repeated sexual situations. If you remove those scenes or skip through them because they are uncomfortable, I think the emotional and psychological core of the film collapses.

A lot of Neil’s prostitution scenes are often criticized as excessive or unnecessary, but I think they are essential to understanding his trauma.

Neil does not simply “like sex” or enjoy prostitution in a shallow sense. The film repeatedly shows how his abuse distorted his understanding of affection, validation, power, and intimacy. Because of the grooming, he associates sexuality with attention, value, and emotional connection.

Many of the clients reinforce the illusion that Neil now has control over his sexuality and body: Some let him “lead” the encounter. Some appear passive. Some seem emotionally distant.

This creates the feeling that Neil has transformed his trauma into something voluntary and empowering. But the film undermines that illusion.

For example, after one encounter, Neil suddenly begins hyperventilating when memories of the abuse resurface. Later, he shows Wendy the bruises left on his body, destroying any glamorous or empowering reading of his lifestyle.

The scenes are not framed as triumphs, they are tied to anxiety, dissociation, emptiness, and emotional instability.

If these scenes were removed, the later violent assault would lose much of its meaning. Without the buildup, it would just look like another shocking scene. But with the previous encounters in mind, the assault becomes the destruction of Neil’s belief that he had regained control over his trauma. 

The film shows that Neil’s confidence is partly a survival mechanism, an attempt to reinterpret abuse as agency.

One of the most disturbing scenes is when Neil, as a child, imitates abusive behavior toward another child.

I do not think this scene exists for shock alone. I think it represents how grooming can completely distort a child’s understanding of intimacy and sexuality. Neil interprets what happened to him as something connected to reward, affection, and pleasure because he was manipulated into seeing it that way.

The scene demonstrates how abuse can spread psychologically into future behavior and identity, especially when a child has no healthy framework to understand what happened. And since they are not always perfect and sad victims, but can also cause harm, especially if they are young children 

However, if you don't consider the context behind it, that scene becomes just a disgusting scene that seems unnecessary.

Brian represents a completely different trauma response.

While Neil internalizes the abuse into his sexuality and identity, Brian psychologically escapes from it through dissociation and fantasy. His alien abduction beliefs function as a protective structure that allows him to avoid consciously processing the abuse.

This is why the scenes involving the UFO show woman matter narratively.

When the older woman validates Brian’s beliefs and emotionally supports him, Brian begins to feel safe and understood. But when she suddenly crosses sexual boundaries, the illusion collapses. It's like he's reliving the grooming given by the coach all over again. 

I think this scene parallels Neil’s storyline. Both characters believe they have found stability or safety, and both discover they remain deeply vulnerable because of unresolved trauma.

The scene also demonstrates how survivors who have not processed abuse can become vulnerable to manipulative or exploitative dynamics again, even in completely different contexts.

The final revelation completely recontextualizes the film.

Up until that point, Neil still partially frames the abuse through ideas of affection, intimacy, or being “special.” But the final memory destroys any possibility of romanticizing what happened.

The abuse is revealed as something deeply invasive, humiliating, and psychologically incomprehensible for children. I think the extremity of the final revelation is intentional because it explains why both protagonists became so psychologically fractured.

Brian dissociates entirely from reality and Neil transforms the abuse into hypersexuality and emotional confusion.

I think Mysterious Skin can absolutely feel overwhelming, uncomfortable, or even unbearable. I understand why many people reject it emotionally.

But personally, I do not think the disturbing scenes are there simply to provoke the audience.

If you only watch the surface events, the film can look like “constant sex and violence.” But if you follow the psychological progression of Neil and Brian, almost every scene contributes to the same central idea, how childhood sexual abuse reshapes identity, memory, intimacy, and the way people try to survive emotionally afterward.",9,4,1778464214.0,0.6,True,self.movies
1t9iop8,movies,Comedies with romantic (or sexy) elements.  Not traditional rom-coms,"Date night tonight, and I'm trying to find something the both of us enjoy.  We both love comedies, but my wife likes the more traditional romantic comedies.  Most romantic comedies tend to take the path of having a rather generic will-they-won't-they love story or a love triangle and tack on a few cringy jokes.  The humor barely exists and what you get is much less the sum of it's parts.  

What I'm looking for is some recommendations for comedies that also includes romance, or at least something sexy or thrilling.  ",23,120,1778446533.0,0.65,True,self.movies
1t919kr,movies,Bad Movies with Good CGI?,"A lot of people use bad cgi as a reason for why a movie sucks. But I’m trying to think of bad movies with good cgi/vfx. Sucker Punch? Some of the Transformers movies? How about the 2014/2016 Ninja Turtles movies (divisive)? I thought Super Mario Galaxy looked really good, but felt it was a bad movie.

Can you name some?

EDIT: I knew Avatar would be a popular answer, but I didn’t name it because I actually like Avatar movies \*\*dodges tomatoes\*\*",208,486,1778401922.0,0.82,True,self.movies
1tay8cm,movies,"I Really wanted to love Fight Club, Dissatisfied","Maybe it's just taste. I am a Film student. I love Fincher films. Love how they feel and progress as stories. So I came to this film with high expectations also knowing it's considered to be a cult classic.

I really enjoyed the film, but dissatisfied when it ended because i was left with so many unanswered questions. Again maybe it's me, I like being left with thoughts after a film, not questions. That's why I end up dissatisfied with some of Nolan films too.

I was expecting Tyler to be imaginary. I am happy it got cleared out and I loved it.  
But other things like the organisation fight club (sorry for talking abt it) doesn't seem realistic. 

But I can assume creative licence and see why an ""ideal"" character would be drawn to an anti-consumerism org and fight each other just to feel good. So I am assuming that all the people did get involved all over the country including some of the police.

But then there is Marla. I was expecting her to be imaginary also and some kind of metaphor like Tyler. But it wasn't clear so I will assume she was as real as bob's massive tits.  
Her character was so interesting and it's so frustrating that it wasn't explored. Like what role exactly did she play? What did the relationship really mean to Edward's character..

Why did he describe her as ""the little scratch on the roof of your mouth that would heal if only you could stop tonguing it, but you can't""?  
This is the metaphor that made me fall in love with this movie while watching it.  
I don't want to watch some yt video of some rando explaining their interpretation of the film, cause that can never be satisfying. idk  
Like one of my interpretations is that it's kind of like inception. There's the reality that you and I live in, then there's Imagination 1 with people like Bob, then there is Imagination 1.1 with Marla, and Imagination 1.1.1 with Tyler. An imagination within an imagination.  
This might be interesting to you, but not satisfying for my taste.",0,17,1778583862.0,0.1,True,self.movies
1tar1ae,movies,things in 12 angry men that would not fly in real life.,"12 angry men is one of the greatest movies of the 1950s. a bunch of the greatest character actors of the time in a room together, giving some of the best performances of their career. despite being basically an hour and a half of 12 men talking, it is far from boring as the strong story, acting, and writing makes for a compelling watch.

that being said, like most legal dramas, it takes great liberties with the US legal system. and here are some things that are done in the film that would not fly in real life.

the biggest is the reveal of the switchblade. the fact that juror #8 was able to buy the exact same type of switchblade as the defendant is intended to be a major gotcha moment. however, while it most certainly is that, it's also a violation of court rules. all evidence is meant to be shown during the actual trial. juror #8 even admits that he broke the law. that evidence would be deemed inadmissible and would be thrown out.

juror #10 is shown to be a bigot. this should have immediately disqualified him from serving on the jury since his prejudice would prevent him from being able to look at the case subjectively.

juror #4 is shown reading a newspaper early in the film. in real life, jurors are not allowed to read newspapers, among other reasons since there could be an article about the case that could effect their judgement.",0,7,1778560588.0,0.26,True,self.movies
1t9cdxb,movies,Warrior movies,"I loved Braveheart, Troy, The last Samurai and Gladiator. That pretty much defined what kind of content I am talking about. Are there movies with same spirit that is individuals, warrior, honour, integrity. I believe there must be other movies too but a bit hard and luck factor to discover them. Can anyone suggest me some.",38,164,1778432386.0,0.69,True,self.movies
1t9a4ww,movies,"Help, need 'whodunnit' recommendations","Hi all, happy mother's day.

My mom is a huge fan of mysteries and I was hoping to get some ideas for something to watch today.

She has BritBox, and I would bet, has seen every Poirot or Miss Marple related thing she could watch. 

I think we have also seen all of the newer Kenneth

 Branaugh led remakes that have come out recently.

Let me know if you have any good ideas. Thanks! 😄

Edit: wow! Lots to choose from. Thanks so much everyone!!

Edit 2: thanks again. She's seen almost all of these shockingly, but going through the list has been so fun. Cheers!

Edit 3: We watched ""See How They Run"" for anyone curious. ",54,130,1778427242.0,0.84,True,self.movies
1t9c7sh,movies,The only 10 movies that won the Oscar for Best Picture without winning Best Director or any for screenplay,"Wings (1927/1928)

* **Best Director**: William Wellman wasn't nominated for Best Director. The winners that year were Frank Borzage for 7th Heaven and Lewis Milestone for 2 Arabian Knights
* **Screenplay**: The movie wasn't nominated for screenplay. The winners that wear were 7th Heaven (Best Adapted Screenplay) and Underworld (Best Story)

The Broadway Melody (1928/1929)

* **Best Director**: Harry Beaumont was nominated for Best Director but lost to Frank Lloyd for The Divine Lady
* **Screenplay**: The movie wasn't nominated for screenplay. The winner that year was The Patriot (Best Adapted Screenplay)

Grand Hotel (1931/1932)

* **Best Director**: Edmund Goulding wasn't nominated for Best Director. The winner that year was Frank Borzage for Bad Girl
* **Screenplay**: The movie wasn't nominated for screenplay. The winners that year were Bad Girl (Best Adapted Screenplay) and The Champ (Best Story)

Mutiny on the Bounty (1935)

* **Best Director**: Frank Lloyd was nominated for Best Director but lost to John Ford for The Informer
* **Screenplay**: The movie was nominated for Best Adapted Screenplay but lost to The Informer

The Great Ziegfeld (1936)

* **Best Director**: Robert Leonard was nominated for Best Director but lost to Frank Capra for Mr Deeds Goes to Town
* **Screenplay**: The movie was nominated for Best Story but lost to Louis Pasteur

Rebecca (1940)

* **Best Director**: Alfred Hitchcock was nominated for Best Director but lost to John Ford for Grapes of Wrath
* **Screenplay**: The movie was nominated for Best Adapted Screenplay but lost to The Philadelphia Story

Hamlet (1948)

* **Best Director**: Laurence Olivier was nominated for Best Director but lost to John Huston for The Treasure of Sierra Madre
* **Screenplay**: The movie wasn't nominated for screenplay. The winners that year were The Treasure of Sierra Madre (Best Adapted Screenplay) and The Search (Best Story)

All the King's Men (1949)

* **Best Director**: Robert Rossen was nominated for Best Director but lost to Joseph Mankiewicz for A Letter to 3 Wives
* **Screenplay**: The movie was nominated for Best Adapted Screenplay but lost to A Letter to 3 Wives

Gladiator 1 (2000)

* **Best Director**: Ridley Scott was nominated for Best Director but lost to Steven Soderbergh for Traffic
* **Screenplay**: The movie was nominated for Best Original Screenplay but lost to Almost Famous

Chicago (2002)

* **Best Director**: Rob Marshall was nominated for Best Director but lost to Roman Polanski for The Pianist
* **Screenplay**: The movie was nominated for Best Adapted Screenplay but lost to The Pianist",39,19,1778431993.0,0.77,True,self.movies
1t9x8dr,movies,Farm setting scenes,"Hello r/movies users scrolling, I 0takayama am looking for recommendations for movies with scenes depicting farm settings. These films do not have to involve southern culture, farm life or be primarily set in a farm setting. Preferably films from the 30s- Early 2010s and not romance. Some ideas I have in mind are: Frankenstein (1931), Killer Klowns from Outer Space (1988), Tremors (1990), Interstellar (2014), The Visit (2015)

Thank you for taking the time to read and or respond, much love.",0,35,1778488480.0,0.5,True,self.movies
1tamr16,movies,a girl calls her friend’s phone and gets kidnapped,"i have only seen a tiktok clip of this (no idea if it’s a show or movie). it’s a scene where there’s a girl confronting a guy in his house, and maybe his wife or something is there with her, and the girl (possibly teenager) is confronting him about kidnapping/hurting someone she knows. this guy is suburban and perhaps reminds me of david dastmalchian though i could be merging my memories. as he tries to usher the girl out the door she calls a number on her phone and a phone rings in the dude’s pocket. she instantly knows that he is her suspect, and i presume that she gets kidnapped or hurt because he kinda smirks then the clip ends. i haven’t seen this clip in years and it’s imploding my mind that i can’t find it.",0,4,1778548793.0,0.22,True,self.movies
1t8qpte,movies,"So I just Finished Whiplash, and I Have a Few Questions about the Ending","What do you guys think that the ending of Whiplash (2014) means? I'm genuinely confused on what the audience is supposed to think. Does Andrew realize that he doesn't need Fletcher and decides to do his own thing at the concert? Or does it mean that Andrew has finally succumbed to insanity and relies on Fletchers abuse to play right?

Sorry if this feels like a stupid question I just wanna know you guys' opinions on this.",788,215,1778370000.0,0.85,True,self.movies
1talo8j,movies,What order should someone watch the Alien and Predator movies if they haven't seen them before?,"I've never seen any of them all of the way through, but I know there's overlap in a(few?) movies. Should I watch them in order of release, or is there a timeline I should watch them in for the sake of the story? Unless that doesn't matter, and I should skip some because they're basically filler? Thanks!",0,26,1778545992.0,0.18,True,self.movies
1t8mubt,movies,"Koji Suzuki, author whose works inspired Gore Verbinski's 2002 American remake The Ring, George Iida's 1998 Spiral, and Hideo Nakata's 2002 Dark Water, has died.",,1163,23,1778360230.0,0.95,False,nippon.com
1tahmhk,movies,"If cost was no issue, what movie/format would you recommend I watch this or next year?","I had to drop my A-List subscription since I got injured last year. I won't be able to work for a long time, but I have a free admit ticket that doesn't expire until May of next year. What movie and in what format would y'all recommend I save this for?

I think The Odyssey seems to be the most blatant answer, but I don't know. I don't care for what I've seen so far. Any help would be appreciated. (Actually, if they release Wildwood from Laika Studios in a grand format, I'll probably go to that.)",0,3,1778536036.0,0.25,True,self.movies
1tanxg3,movies,What do you guys hope they add to the backrooms movie?,"I honestly hope they keep the movie more psychological than just turning it into a generic monster horror film. The Backrooms are scary because of the atmosphere the endless empty rooms, buzzing lights, weird silence, and the feeling that something is wrong even when nothing is happening. I’d also love to see different levels explored slowly instead of rushing through everything for fan service.

Another thing I hope they add is realistic found footage and lore that stays mysterious. I don’t want every question answered. Part of what makes the Backrooms interesting is not fully understanding what it is or why it exists. A mix of liminal spaces, analog horror vibes, and subtle entities would probably make the movie way creepier than nonstop jumpscares.",0,12,1778551894.0,0.14,True,self.movies
1t8o3je,movies,David Cronenberg’s ‘The Fly’ at 40: A Love Letter to the Rot,,937,64,1778363240.0,0.95,False,flickeringmyth.com
1t85ti9,movies,Werner Herzog’s ‘Bucking Fastard’ Turns Down Cannes Film Festival Invite After Being Denied Competition Slot,,3738,158,1778335256.0,0.96,False,variety.com
1tagrmp,movies,"""You died a failure because you never tried"" Star Spangled Banner scene from Heart &amp; Souls (1993, directed by Ron Underwood)",,0,7,1778534118.0,0.36,False,v.redd.it
1t9gl5u,movies,"First clip of Na Hong-Jin’s ‘HOPE’ (director of 'The Wailing') starring Hwang Jung-min, Michael Fassbender, HoYeon, and Taylor Russell.","The video is available on X [here](https://x.com/SolaceCinema/status/2053501461984636957). So far there is no official YouTube release (lots of YouTube accounts uploading the tease clip in their own languages though). 

  
A first clip before we even have a trailer is crazy work imo. But it premiers at Cannes next week (May 17th), so hopefully we learn a bit more / get a proper trailer soon. It's his first feature in 8 years! 

  
Premise:

&gt;In the remote village of Hope Harbor, near the heavily fortified Demilitarized Zone (DMZ), when a tiger is suspected to have appeared and local police chief Bum-seok is alerted, it throws the community into chaos. But what begins as a local emergency soon spirals into a deeper, more terrifying mystery, one that forces the town's residents to confront the unknown.",14,3,1778441708.0,0.71,True,self.movies
1t8b10a,movies,"12 Angry Men (1957, Sidney Lumet) - ""Those People""","That juror picked up 1984 at his local bookstore and took the ""Two Minutes Hate"" a bit too literally.

I love this scene because of the historical context. I won't get into it here, but if you're curious look up ""Operation W\*\*\*\*\*k"". (Hint: it's the opposite of ""Dryfront""). Even in the midst of the political environment, almost everyone turned away from his hateful tirade. It's also worth noting that the one who tells him never to speak again still believes that the young man is guilty.",1750,162,1778347261.0,0.94,False,v.redd.it
1tadb0r,movies,Untitled Horror Movie coming out this year?,"I am signed up to go to a movie screening tonight for an untitled horror movie from the company previewfreemovies (which reddit says is legit). I am trying to figure out what movie it might be? There is no other information from the email, except that we have to sign an NDA. I usually like horror movies but cant do the super gruesome sometimes if there is no story. What are some upcoming horror movies where they might be doing a test screening? Is it worth going?",0,17,1778526856.0,0.41,True,self.movies
1t8q1z6,movies,What is the most evil thing a HERO has done in a film?,"First, some ground rules:

No heroes that become the villain halfway through. (Like Anakin Skywalker)

No villain protagonists, however morally grey characters who are the lesser of two evils do count.

This can include side characters affiliated with the main protagonist, as long as they don't turn on them.

A generic example could be a spy murdering an innocent person to cover up something.

""The hero kills the villain and his henchmen"" doesn't count, it has to be something truly evil.",496,873,1778368222.0,0.86,True,self.movies
1t9hswo,movies,"Suggest me some crime, thrillers","Guys I'm a big fan of crime, thrillers. Some of my favourites are Chinatown, LA Confidential, Silence of the Lambs, 12 Angry Men, Usual Suspects, Nightcrawler, Memories of Murder, Parasite, The Departed + all of the Tarantino Movies and more...

Please suggest me some more movies of this setting.

PS: I love this genre so much :p",9,74,1778444453.0,0.61,True,self.movies
1t9k1md,movies,The Miracle Worker MPAA Number,"Hello everyone! So I am a bit of a nerd and enjoy making a list to keep track of the MPAA numbers of the different movies that I watch. However, I am having trouble reading the number for The Miracle Worker (1962). It's extremely small but I was wondering if anyone would be able to assist me. There are other MPAA lists online but this movie is not listed. Thanks!",7,26,1778449821.0,0.57,True,self.movies
1t952sf,movies,Caddyshack 1980,"I recently  rewwached caddyshack  and I enjoyed so much. I loved Al and judge Elihu rivalry  , and I also liked rivalry  between  Carl and gopher  . Ted Knight  was so good as judge Elihu that character  is so different than Ted character  in Mary Tyler  Moore  show. Ty and  those teenage  characters are also  fine.",39,57,1778414533.0,0.71,True,self.movies
1t8nmfn,movies,Official American poster for Finding Emily (2026),,539,81,1778362076.0,0.86,False,i.redd.it
1tailox,movies,"Who's the most ""famous"" actress that people seem to have never heard of?","Sounds like a contradiction, I know. But you know the type - insanely prolific, but only properly famous for one role, and even then it doesn't seem to have made her a household name. My pick would be Felicity Jones - fifteen leading film roles in 15 years, and all she's known for is ""the Star Wars lady that isn't Princess Leia"". Some stars are only meant to burn bright ever so briefly, but contrary to popular belief, Felicity did not disappear. Who else isn't ""only in indie films"", but just hasn't gotten her credit?",0,43,1778538315.0,0.2,True,self.movies
1tac2cw,movies,In need of movie recommendations similar to 3 Idiots,"Are there any Hollywood movies that are like the movie ""3 Idiots""? It's a movie that I love so so much and I'm genuinely curious if there are similar Hollywood movies. I've seen some that come close to touching on similar topics like ""Dead Poets Society"", and ""Ron Clarke"" but they never felt as genuine as 3 Idiots. Are there movies that give a similar vibe, where it touches on so many aspects so well while also conveying deep messages? Thank you ",0,0,1778524343.0,0.25,True,self.movies
1ta78cb,movies,The 50 Greatest Film Scores of the 21st Century (...so far),,0,21,1778514469.0,0.47,False,crackmagazine.net
1t9fsa2,movies,The Devils Cannes Classics.,"I'm so excited about the fact that Clockwork is restoring abd releasing The Devils, I wonder what they'll do in 2027? Is there another film on the level The Devils that doesnt have a 4k restoration in terms of cult status, burried footage and everything? How do they top this for the 80th aniversy of the Cannes film festival? ",11,6,1778439907.0,0.75,True,self.movies
1tabmdq,movies,Masterminds 1997 - Hacker prodigy Ozzie bypassing international security to download a beta release of a game,,0,3,1778523441.0,0.35,False,youtu.be
1t8z1fh,movies,"‘The Last One for the Road’ Sweeps Italy’s David di Donatello Awards, Winning Eight Statuettes",,66,2,1778394356.0,0.81,False,variety.com
1t8yjov,movies,what movie had the best plot twist you never saw coming?,"Some movies are good once, but the best ones completely catch you off guard and make you rethink everything after the ending. I’m trying to find more movies like that without getting spoiled first

What movie had the craziest plot twist for you and did the twist actually improve the movie or was it just there for shock value?",71,365,1778392776.0,0.67,True,self.movies
1t964qd,movies,Unofficial Discussion - Remarkably Bright Creatures,"Streaming on Netflix 

Synopsis: Through unlikely bonds formed during night shifts at a local aquarium, Tova, an elderly widow, learns of a life-changing discovery that may bring her joy and wonder once again.

Rotten Tomatoes score: 78%

IMDb score: 7.9/10

Cast:

Sally Field as Tova Sullivan

Meghan Heffern as young Tova

Lewis Pullman as Cameron Cassmore

Joan Chen as Janice Kim

Kathy Baker as Mary Ann Minetti

Beth Grant as Barb Vanderhoof

Sofia Black-D'Elia as Avery

Laura Harris as Andie

Colm Meaney as Ethan Mack

Alfred Molina as Marcellus the Octopus

Directed by: Olivia Newman",13,36,1778417554.0,0.7,True,self.movies
1ta46xd,movies,Tom Burke Joins Gracie Abrams in Halina Reijn’s ‘Please’ for A24,,0,4,1778508043.0,0.43,False,variety.com
1ta8c7a,movies,I need suggestions,"So basically I have watched majority of the best movies but what I’m missing is something like nostalgia, character building , thrillers , confusing story ,etc I wanna watch some new gen movies based on these types so is there any new generation movies that I can watch without being getting bored . I have watch all the top IMDb rated movies that’s why looking for something underrated ",0,15,1778516775.0,0.17,True,self.movies
1taa1vm,movies,Problem with movies,"Okay so this is my first ever post so i dont know how to formulate this correctly but anyways here we go.

I live in europe specifically sweden and I have thought about buying physical media for sometime now. So today I wanted to see war and peace from 1965, but I couldnt find it on any streaming services.

So I thought that i could buy it on criterion collection and I found it there, i also added some extra movies to my cart. But when i got to the checkout I saw that criterion only ship in america and canada.

So I just looked at other websites for the movies I wanted and guess what I found them, but of course there was another problem that I didnt know about. The problem was that movies are like region chipped I think so even if I were to buy them I cant see them cause they are region A and im in region B. 

I have a region B xbox series x so I cant watch them and a blue ray player with region A,B,C are really expensive. They are also third party so I dont want to gamble on a random website that sells blu rays.

So I really want to see war and peace, but I cant because the illegal movie websites have shut down, streaming services dont have it and if I want to buy it i have to get a really expensive blu ray.

For me the big problem with all of this is that people hate on streaming services for a lack of movies and quality. So you have illegal websites for movies but they get shutdown. Then if you buy movies they are blocked cause you are in the wrong regions.

Its just so stupid like let me buy and watch a movie, like i get it streaming services are ass but just let everyone buy and watch a movie.

I havent seen anyone talk about this so I may be dumb but its just so stupid.",0,17,1778520272.0,0.17,True,self.movies
1t7zu75,movies,"Movies with the worst ""moral of the story""","The biggest choice for me would be Why Him, this movie got attention because it starred Bryan Cranston and James Franco during the peak of their popularity.

The premise of the story is Bryan Cranston's daughter is engaged to James Franco, who is objectively terrible... but he's a multi millionaire tech bro!  
Every scene is basically James Franco doing something immature or terrible that's pisses off Bryan Cranston, and then he makes up for it by flaunting his wealth in some way which eventually wins him over.  
The moral is basically it's ok to be terrible, as long as you are extremely rich.

The second choice for me, kind of in the same theme and maybe a controversial choice is Crazy Rich Asians.

This movie is basically like if someone saw that clip of Anthony Bourdain in Singapore where he expresses disgust at the two rich kids who don't know how to do laundry because their maid does it... but instead of siding with Bourdain you side with the rich kids and make a whole movie about it.  
I absolutely hated that this movie became considered a ""representation of Asians"" and I would go as far as saying they exploited the Asian audience, this movie would not have been as successful if they used the exact same plot and script but instead replaced it with like Denmark royal family or something.  
The moral is basically the best thing in life is to be rich and the best thing you can do is marry a rich guy.",2122,1216,1778317887.0,0.89,True,self.movies
1ta1rds,movies,Apex vs Send Help: who would be an ultimate survivour?,"We have 4 characters in similar-yet-different survival horror scenarios: you're alone with the killer in the remote area where no immediate help would come. Who'd survive the encounter if only one can get out?

Our competitors are:

Bradley - cocky CEO, who thinks he's as a peak of human evolution as mankind had ever produced. He has zero chances, so we can write him off at the start. We'll mourn you Bradley, you were so young.

Linda - a survivour enthusiast, who knows a lot about surviving, mostly from the books but she has some experience to back it up. Strong contender: she knows her poisons, she knows how to handle the terrain. A bit murderous too, but girl has to have a hobby, right?

Sasha - who climbs rocks, punches above her weight and is handy with knots. She definitely can take care of herself but her main weakness is men tied to her with a rope.

Ben - it's enought to say that he's been hunting people in his favourite park and avoided detection for quite a while. Physically capable, fast, tough. A stellar dancer. Some people say it's lasting damage of impersonatin Elton John. Which may also explain hunting people in a remote national park in Australia.

  
P.S. Let's put them on unfamiliar island where there would be no home advantage to anyone.

So, who's the ultimate survivour?",0,15,1778502329.0,0.29,True,self.movies
1tab2l4,movies,Southland Tales Predicted the War With Iran,,0,32,1778522339.0,0.29,False,vulture.com
1tae1gt,movies,"Would Sean Connery have been best suited for The Matrix, Harry Potter or The Lord of the Rings?","It’s common knowledge among film buffs that, around the turn the of the millennium, Sean Connery turned down the roles of Morpheus in The Matrix, Dumbledore in Harry Potter, and Gandalf in The Lord of the Rings. He said that he didn’t understand the material… but then each of them launched huge film franchises, leaving Connery with a bit of an egg on his face. As a result, he accepted a role in The League of Extraordinary Gentlemen, which bombed. Afterwards, Connery essentially retired from acting.

All that being established, though, which of these movies/franchises do you believe would have benefited the most from Connery’s participation? Which role would’ve been suited his talents? Which would have been the worst fit?",0,49,1778528399.0,0.21,True,self.movies
1t9zuet,movies,Looking for (French?) movie about amnesia / memory loss,"A colleague of mine is looking for the name of a French (?) movie about a man suffering from amnesia. He is brought back to his vacant parental home in the hope that he would recognize it and thereby remember who he is. In complete silence, he walks from one room to another. This creates tension for the viewer: will he recognize something? Eventually, he goes out through the front door, walks further and further away, becomes smaller and smaller, and disappears into the distance. The attempt has failed... Does anyone among you know which movie this is?",0,8,1778497162.0,0.32,True,self.movies
1t8wbqv,movies,World History Movie Timeline,"I have tediously put this together and FRIED my brain. If you can think of any additions PLEASE tell me

743BC- Duel of Titans  
480 BC- 300  
218 BC- Hannibal  
103-71 BC- Spartacus  
44 BC- Julius Caesar  
26-33 AD- Ben-Hur  
33 AD- The Passion of The Christ  
33 AD- Risen  
37 AD- Caligula  
60-61 AD- Boudica  
64-68 AD- Quo Vadis  
72 AD- Masada  
79 AD- Pompeii  
180 AD- Gladiator  
180 AD- The Fall of The Roman Empire  
117 AD- Centurion  
140 AD- The Eagle  
211 AD- Gladiator 2  
460 AD- The Last Legion  
460 AD- King Arthur  
500 AD- Beowulf and Grendel  
848 AD- Alfred The Great  
1150- Beckett  
1184- Kingdom of Heaven  
1206- Ghengis Khan  
1215- Ironclad  
1296- Braveheart  
1300- The Outlaw King  
1415 AD- Henry V  
1430- The Messenger  
1470- Kingdom Richard III  
1517- Luther  
1529- A Man For All Seasons  
1500- God of War  
1554-Elizabeth  
1558: Elizabeth: A Golden Age  
1572- La Rein Margot  
1642- Scarlet Letter  
1650- Cromwell  
1692- The Crucible  
1750- Barry Lyndon  
1776- John Adams  
1776- The Crossing  
1776- Benedict Arnold  
1789- Marie Antoinette  
1801- The Duellists  
1814- The Buccaneer  
1815- Waterloo  
1815-The count of Monte Cristo  
1836- The Alamo  
1839- Amistad  
1841- 12 years a slave  
1860- Lincoln  
1860- Gangs of New York  
1861- Free State of Jones  
1862- Glory  
1863- Gettysburg  
1863- Emancipation  
1865- The Conspirator  
1870- True Grit  
1881- Tombstone  
1881- Wyatt Earp  
1882- Jesse James  
1885- Geronimo  
1888- From Hell  
1889- Far and Away  
1890- Butch Cassidy  
1900- Michael Collin’s  
1901- Gregorio Cortez  
1916- All Quiet On The Western Front  
1916- Lawrence of Arabia  
1917- Gallipoli  
1917- 1917  
1926- For Greater Glory  
1937- The 800  
1938- Schindler’s List  
1938- The Pianist  
1939- Darkest Hour  
1940- Bridge in the River Kwai  
1940- Dunkirk  
1940- Hacksaw Ridge  
1942- The Imitation Game  
1942- Unbroken  
1945- Oppenheimer  
1945- Nuremberg  
1950- Good Night and Good Luck  
1962- 13 Days  
1963- JFK  
1965- We Were Soldiers  
1966- Rescue Dawn  
1967- Platoon  
1969- Nixon",51,73,1778385904.0,0.72,True,self.movies
1ta0j9s,movies,Worldbuilding - what would you like to see?,"Just rewatched 2024's Civil War and it really leaves me wanting to know more about the world this movie exists in. What happened to the rest of the world when the US went into civil war, what happened outside of the road trip these journalists are on.. on the macro level. Same with the 5 years of the Snap in Avengers - what was the world like? 

Any other movies that have left you curious about the world?",0,17,1778499096.0,0.33,True,self.movies
1ta6f3i,movies,"What if Tyler Durden was the real personality, and the entire movie is about him ejecting the fact that he’s losing his testicles to testicular cancer?","I have watched Fight Club more times than I can count. And each time I realize new things, and I think David Fincher intended it that way. One of my biggest theories, is that Tyler Durden could potentially be the real person, while the narrator is the fake one. Now bear with me here for a second. In the beginning of the film we see that the narrator, (who by the way is nameless), is having trouble sleeping, this could tie right into Tyler’s 9 jobs. One of the very first things we see the narrator do, is get thrusted into Bobs tits, at the testicular cancer support group. What if, Tyler Durden is actually losing his testicles to testicular cancer, and he created the narrator as some sort of catharsis, a person he can talk down to, one that represents every regretful and embarrassing moment in his life, he can give to and say, “I don’t want to be this guy.” His lack of sleep could have created this split personality, while also knowing that he’s not entirely real. Yet the hormone imbalance from losing his testicles is slowly actually turning him into the narrator, and taking over his hyper masculine persona. This is why he starts fight club, and project mayhem, to treat lost boys into becoming men who don’t care about societal norms, like every red pill influencer. This also ties in perfectly to Marla Singer, because she herself is a broken woman, she sees right through him and loves the chaos. An honorable mention is that the fear of cancer is constantly hinted at through the whole movie, becoming one of the strongest background themes, despite it never having any impact on the plot. The change from Tyler Durden to the narrator, could be Tyler Durden losing the hormones that made Tyler Tyler, and becoming more of the narrator. The final fight is nothing but a battle of ideology, when he finally shoots himself, is him “Letting go.”",0,7,1778512766.0,0.2,True,self.movies
1t7rmjv,movies,Small Soldiers (1998) | Dir: Joe Dante | Kirsten Dunst is attacked by killer Barbie dolls,,5257,330,1778292116.0,0.95,False,v.redd.it
1t8tguq,movies,A night to remember from 1958 is a Quality Titanic movie. It’s the most intense film I’ve seen of that era.,The film looks great. The special fx have a charm to them. Adding the rescue ship the Carpathia to the story ramped up the suspense. After the movie I was on Wikipedia eating up Titanic facts. I think it’s the best of all the Titanic films. The special features on the blu ray are cool. It has interviews with a survivor.,62,25,1778377605.0,0.81,True,self.movies
1ta21kr,movies,What’s the best example of a movie scene coming across unintentionally sexual?,"Not scenes that were *meant* to be sexy, I mean scenes that were supposed to be totally normal or serious but something about the acting, camera angles, dialogue, or sounds makes it come across weirdly sexual by accident. It could be from action, horror, superhero movies, anything. 

I always find it funny when you notice one because it completely ruins the scene forever lol.

Edit: Bonus points if the scene in question was supposed to be serious.

",0,36,1778503039.0,0.35,True,self.movies
1t9mkgg,movies,Kids movies that were supposed to be horror?,"I remember reading a while ago about a kids movie that started production as a horror film, before taking a 180 and being produced as a kids film. Both Coraline and Wizard of Oz come to mind but I’m don’t think it was either of those.

I’m curious on how many other films followed a similar story, or if there are also films that started as kids shows and flipped to horror.",3,30,1778456331.0,0.53,True,self.movies
1tab3m5,movies,72 Hours | Kevin Hart | Official Trailer,,0,8,1778522400.0,0.22,False,youtu.be
1t8be91,movies,Star Trek III: The Search For Spock (1984) | Return To Spacedock | Dir. Leonard Nimoy / Music by James Horner,,243,53,1778348085.0,0.88,False,v.redd.it
1t8whlj,movies,Lost Wolves of Yellowstone is my favorite documentary of the last 5 years.,"Run time is 45 minutes in theatres (longer at home) cost $13 a head at my IMAX. It’s going to run for another couple of weeks. I haven’t seen anyone really talk about this film online. It made me laugh, made me cry, and left me in awe.

Of course it’s a movie about the power of stewardship, but it’s also a movie of family, found family, and motherhood. Would make a great Mother’s Day flick. I’m in no way affiliated with the film, but highly recommend seeing it. There were literally a total of 5 people in the theatre to see it, and it deserves a much wider viewership and audience in my opinion.

Go check it out while it’s in theatres.",37,9,1778386388.0,0.78,True,self.movies
1t88llx,movies,Rewatching LOTR and can't help but immensely appreciate the set design,"The way Saruman's lair is setup is so nice. All the details that went in making it look like a real-life evil wizard's lair. The chaos of scrolls and potions and books scattered around his office. The imposing and menacing architecture of the room where he keeps the palantir.

I never used to appreciate this kind of stuff before, but it feels so nice to have these details, and it gives me a sense of immersion and nostalgia and for the film. Maybe I notice it more now because the same thing now would feel much more glossy and less realistic. Less 'fantasy' and more digital, like a replica of fantasy instead of fantasy itself. 

I honestly used to eye-roll when people hated on The Hobbit trilogy for its CGI amongst other things, but I get it now. This aspect that was present in LOTR is almost entirely missing. I still thought some of the CGI was very cool, e.g., Erebor Kingdom or the parts within Dale, especially on the big screen.",270,72,1778341803.0,0.88,True,self.movies
1t9wkeo,movies,Happy 19th anniversary to 28 weeks later,It's been 19 years since 28 years later came out to this date. I'm just here to celebrate the 19th anniversary of this awesome movie. Can't wait for it to be 20 next year. anyone remember seeing this movie in theaters? I personally didn't as I was not old enough yet but I hope people really enjoyed in theaters!,0,3,1778486155.0,0.4,True,self.movies
1ta2rqg,movies,"Are newer animated movies better than classics, or do old cartoons still win?","Modern animated movies have advanced visuals, smoother animation, and more complex storytelling, but classic cartoons still have timeless charm, memorable characters, and nostalgia that many people love. Some viewers prefer newer movies, while others think older animated films are still unbeatable. Which side are you on, and why do you think one era of animation stands out more than the other?",0,31,1778504816.0,0.15,True,self.movies
1ta41zr,movies,There's something about Mary,"So the character Pat Healy says he works for Rice-A-Roni in Miami. Ben Stiller's character, Ted, asks ""Isn't that the San Francisco treat?"" Pat Healy replies, ""They're changing their image."" I've always been curious, is this a joke on how both cities have large gay populations? I've never heard anybody comment this, but that's how it came off to me. Not judging or being overly sensitive for any group. One of the funniest movies ever! ",0,24,1778507758.0,0.16,True,self.movies
1t8zwnd,movies,"Are there any active, working directors with a longer directing career than Francis Ford Coppola?","Francis Ford Coppola's first solo credit as a feature film director was Dementia 13 in 1963. Before that, he had a co-directing credit on a Roger Corman production Battle Beyond The Sun in 1959, 67 years ago as of 2026. 

He released a film in 2024, 65 years after his first credit, and he is supposedly working on another one (please don't turn this into a Megalopolis discussion thread) titled The Glimpses of The Moon

Is this the longest known film directing career of any currently living/working director? He beats out Scorsese and Cronenberg by a couple years. Eastwood is older but he didn't start directing until the 70s, and he even beats out Frederick Wiseman who just died and was almost 100 because his first credit wasn't until 1967. If Coppola gets another feature out before he turns 90, that will be 7 full decades between his first and most recent directing credits. 

You could say Roman Polanski's career is longer if you count short films, but to my knowledge he doesn't currently have any new films in the pipeline.",14,20,1778397226.0,0.64,True,self.movies
1t96mx5,movies,"For those that have strained relationships with your Mom, what movies do you turn to on Mother's Day?","My mom and I have a stained relationship. Like so many, mother's day is hard for me (emotionally). Sometimes, on  days like today, I turn to movies for catharsis. Those movies are sometimes **dark** and at other times **light**, that invite me to celebrate the good that was there in our relationship.

For those that feel me. What are your mother's day movies.",4,36,1778418875.0,0.55,True,self.movies
1t826ds,movies,New poster for Minions &amp; Monsters,,436,97,1778325390.0,0.78,False,i.redd.it
1tac21l,movies,"Why IS Hollywood bringing back a visibly older &amp; nervous Brendan Fraser to do a Mummy sequel, instead of a younger, fitter actor in the son role?","Why are we getting excited about this?

In the last movie back in 2008, 19 YEARS AGO, his character got visibly beat up by Jet Li's mummy (who is semi-retired himself due to numerous injuries and thyroid issues from his tough 90s and 2000s action movies). Brendan got lots of bruises, sprains, cuts and serious physical issues throughout movies 1 to 3, that he quit action movies. He had a early 20s actor playing the son who handled his fair share of the action. 

Now Universal Pictures really wants to bring him back? The man looks terrified. I can only see him come back convincingly if he and Rachel Weisz play mature parents or grand parents like in National Treasure 2 who spend more time bickering than running and fighting, this would at least give both them some dignity and a relaxed pace. What I DON'T want to see is Fraser throwing himself back into the full on action with numerous stuntmen and heavy CGI, like the Indiana Jones 4 AND 5, both of which should NEVER have been made. 

And the greater problem, is that Hollywood since the 2015+ will not let 20-30-something actors male and female step up in Hollywood anymore, they can't ""emerge"" from TV, streaming or horror movies into leading roles. Fraser shouldn't have to worry as there should be 100 young 25-40 actors fighting for a new adventurer role, allowing him to relax. The studios rely on AI telling to hire ""names and brands"" only, no matter how old they are. The studio execs back in 2006 or 1996 would never hire a 57 year old, who swore off action movies to to reactivate a 19 year old franchise! 

Fraser should be doing dramas now.",0,23,1778524325.0,0.1,True,self.movies
1t8xmb1,movies,I got a blueray player as a gift from my dad I want to explore movies beyond the mainstream.,"I want to start buying movies that you almost never can find on streaming and I want the movies to atleast show me something new even if I dont end up liking the movie. I think of ordering Meshes of The Afternoon, and I am looking into other movies that pushes the boundaries. But I am pretty new to this more experimental side of it and would love to see if anyone can recommend some things. Movies, youtube channels discussing this, lists, apps, websites whatever!",17,29,1778389875.0,0.63,True,self.movies
1ta0qas,movies,Theater Cost in This Economy,"I went to watch Mortal Kombat 2 this weekend and was forcefully reminded why I do not go to the theatre but maybe twice a year at most.

Two adult tickets and two medium drinks cost $47.50. It’s outrageous and unsustainable.

Really liked the movie, btw, but with these prices it’s tough for me to support films which I like. ",0,46,1778499641.0,0.29,True,self.movies
1t9gjn2,movies,Holograms / Scanning in movies,"For context, I'm a graphic designer for a tech company and we're looking to make a simulation/hologram-like HUD for our scanning hardware.

For inspiration, I've been looking at movies that use this sort of tech. The obvious ones that come to mind are Iron Man 2, where he's taking apart the map of Stark Expo left by his father, as well as the obvious designing scenes of the Iron Man suit.

Other examples I can think of are: the Immortals scene from Big Hero 2, Blade Runner 2048, as well as games like the Horizon Zero Dawn series where she can isolate specific parts of the machines with a scan.

Are there any other good examples of scenes that use hologram tech or simulations to show off schematics or the make-up of an object or structure? Something you can spin around in a 3D space...",0,4,1778441610.0,0.5,True,self.movies
1t8qd6s,movies,Moonraker | Film Locations,,38,4,1778369053.0,0.68,False,movie-locations.com
1t9t360,movies,Actors who have old-fashioned/classic faces?,"Chris Pine has a very very 1950s face that almost no actors have today. An old-fashioned face. He always stands out for that reason.

Margaret Qualley has a 1980s face.

And there is an opposite: in Modern Times 1936, Paulette Goddard looked like she could be a woman in the 2010s. Her beauty was way ahead of her time.



",0,30,1778474775.0,0.45,True,self.movies
1t9y599,movies,"""If you build it, They will come"" Not a Mandela Effect","Does anyone know the name of a movie where they say ""If you build it, They will come"". Every thread or reddit or google search says its Field of Dreams. Then says it's a Mandela effect because Field of Dreams says ""He will come""  and Everyone quotes it as ""They will come"". But this is from a different Movie and is not Field of Dreams. I thought it was that movie Contact. Because I remember Jodie Foster being in it. And I remember the ending being she finds her dad on the beach in space... Which is the movie Contact... I must have got my memory of it crossed. But it's not the movie I'm trying to find. The movie I'm looking for also has a Female lead, where I think she's contacted by aliens or something telling her: ""If you build it, They will come"". She builds a Spiraling Staircase. There's this kid; I think its a girl, and they are deaf or mute or something, they seem like they know something about the aliens/voices, but they don't talk. At one point the kid paints their face to blend in with a Tree and we get a jump scare scene with them opening their eyes. It's like the Movie doesn't exist on the Internet, or it never made it to digital. But it was as popular as Contact or Signs. Man; I really want to find this Movie.

SOLVED: It's the movie: House of Cards (1993)",0,20,1778491686.0,0.16,True,self.movies
1t7m6xu,movies,Larry David’s Unmade Film Script From 1980s Leaks Online; ‘Prognosis: Negative’ Follows Noncommittal Man Who Reunites With Dying Ex,,2531,153,1778277845.0,0.95,False,variety.com
1t84hsd,movies,"Heya /r/movies, Tyree Dillihay here, the director of GOAT. Ask me anything!","Hey, Reddit! Tyree here. I directed Sony's GOAT.

I had an incredible time making this film over the course of 7.5 years, and it’s one of my proudest pieces of work. You may know also me from the episodes of Bob’s Burgers I directed, or as the creator of the sneaker-centric webcomic SN’EADS. 

Synopsis:

A small goat named Will gets a once-in-a-lifetime shot to join the pros and play roarball -- a high-intensity, full-contact sport that's dominated by the fastest, fiercest animals in the world. Ridiculed by his teammates, Will becomes determined to revolutionize the sport and prove that ""small can ball!""

Trailer:

[https://www.youtube.com/watch?v=ggZA2oi8S5s](https://www.youtube.com/watch?v=ggZA2oi8S5s)

Ask me anything [r/movies](https://www.reddit.com/r/movies/)! I'll be back on Monday May 11th at 12pm PDT, 3pm EDT, 8pm BST to answer questions! (I'll be answering from the official Sony account: u/sonypicsathome_uk)",146,146,1778331909.0,0.75,False,i.redd.it
1t9thhk,movies,What’ll it take to get Akiva Schaffer writing and directing a reboot of Top Secret! with Austin Butler as the mystery son of Val Kilmer?,"Hear me out..I thought the new Naked Gun was a pretty great reboot. The guy knows how to sauce em up.

Yeah I welcome Austin Butler downvotes. Blah blah blah. If respecting that man is wrong, then I don’t wanna be right. Let ‘em lean into it and ham it up. Rome wasn’t built in a day, but Paramount Plus was.

Who else would make this a great cast? 

I dunno, maybe Ryan Gosling as like an evil, long lost twin or a KGB doppelgänger or something. Maybe, I dunno.

What about Renate Reinsve as a Norwegian undercover spy/former World Champion cross-country skier? Something to mull over.

Not sure if this is the right place to post this but here we are together.",0,6,1778476012.0,0.31,True,self.movies
1t9uc7p,movies,Most iconic films of each decade,"guys which would you say are the most iconic films of each decade ?

those movies that we could say everyone remembers from that decade and have had a long lasting mark on everyone.

you can start from any decade you feel most comfortable with

90s

Titanic, My best Friends Wedding, The Lion King, Clueless and Beauty and The Beast.

adding : Jurassic Park, The Matrix and Toy Stpry

00s:

Gladiator, Chicago, Moulin Rouge, Mean Girls, Legally Blonde and Shrek

adding right  now: Lord of The Rings and Pirates of the Caribbean The Ciurse of the Black Pearl 

2010s :

Frozen, The Hunger Games, The Social Network and Inception, Avengers 

2020s :

Barbie, Oppenheimer, Wicked and K Pop Demon Hunters",0,19,1778478703.0,0.25,True,self.movies
1t887ln,movies,Birdman (2014) | Times Square Underwear / Riggan Thomson improvises | Director: Alejandro González Iñárritu,"Riggan Thomson (Michael Keaton) steps out for a smoke backstage during the play he's performing in. He gets locked out... so he has to improvise.

I watched this again last night after hearing about Iñárritu's upcoming new movie, Digger. What I love about this movie is it looks like a oner! There's magical editing, of course, but also some shots were just super frickin long! I think this is some of cinematographer Emmanuel Lubezki's finest work. I am very excited to see what Iñárritu and Lubezki do in Digger. Birdman is almost like an action movie; incredible pacing and the background drumming being the soundtrack is so fun and fits perfect. Also I totally forgot Zach Galifianakis is in this lol.

Birdman required an insane blend of cinematography, choreography, editing, and digital effects to succeed. The whole thing is almost like an illusion, incredible how they pulled it off. I highly recommend this movie to anyone who hasn't seen it before. It's got lots of great twists and turns.",84,22,1778340887.0,0.71,False,v.redd.it
1t9qwy3,movies,Looking for an old animated alien movie but I can’t remember it,"I’m looking for an alien movie (hence the title) and I can’t find it anywhere. I remember watching it around the mid 2010s on one of those old tv’s you hook onto the back of the car seat. It was animated, I’m pretty sure it was 3d animation, like Disney and Pixar movies at the time, but I don’t believe it was by them. The plot was about aliens invading the town of a boy, and his mom was kidnapped; from there, he went to try and save his mom. I’m pretty sure there were other people helping with him but idk. When watching it as a kid (around 8) I found it scary, but idk if that helps. ",0,4,1778468296.0,0.25,True,self.movies
1t86ksu,movies,"The Puppet Masters (1994, dir. Stuart Orme) The Old Man (Donald Sutherland) and his team are chased by infected humans",,105,43,1778337085.0,0.77,False,v.redd.it
1t9mxcw,movies,Information on movie.,"I found this movie Dophin boy. It is amazing, one of my favorites. Im looking for everything on it's sequel dolphin boy 2. Last I checked, it's making its rounds in European theaters. 

  
Does anyone know it's status? The story of a boy raised by a dolphin mother and son after an airplane crashed into the sea. ",0,10,1778457286.0,0.31,True,self.movies
1t76gav,movies,Stephen Colbert Gets Why You're Scared He's Writing a 'Lord of the Rings' Movie,,11987,1224,1778243256.0,0.91,False,gizmodo.com
1t7n627,movies,How Karl Urban Quietly Conquered Geekdom,,1248,178,1778280214.0,0.9,False,time.com
1t795an,movies,Ghost (1990) dir. Jerry Zucker - Subway ghost (Vincent Schiavelli) teaches Sam Wheat (Patrick Swayze) how to move objects with his mind,,5516,529,1778249541.0,0.96,False,v.redd.it
1t9px8u,movies,I am convinced Theo James is the best and the only person who should play the next James Bond,"He more than proved it in The Gentleman. He doesn’t just have more than enough acting ability. He has the looks, the charisma, the age, and even the voice. He has a great masculine athletic build, his delivery with one-liners like a Bond character is on key. His voice is great, he’s done a lot of voice acting because it’s so good. It’s true he has Greek roots but it doesn’t matter. He’s still a full Brit. I truly don’t see a better candidate than him anywhere. I am aware he has been averse to it publicly, saying they should do something different, but that could just be a smokescreen. He IS something different. He’s Greek after all. He has said his friends joke and call him “Bondopolis”. ",0,43,1778465504.0,0.39,True,self.movies
1t86frm,movies,Smile (2022),"I watched this movie again recently and have been wondering that, say if the curse was passed on to a new host and if this person isolated themself for a week, after which they typically die, does the curse still kill the host if there isn't a new host nearby since this person is isolated? Or does the curse force this person to go out infront of people? ",56,50,1778336750.0,0.73,True,self.movies
1t8rise,movies,Good Fortune - There Was A Good Movie in There Somewhere,"This was a decent comedy but after watching it seemed like there was a much better movie in there and it was focused on the wrong things.  Aziz plays the main character for the first half of the movie and right out of the gate it feels wrong.  He is a down on his luck gig worker whose real profession is...documentary editing.  The movie threw me off a bit here and for the rest of the film.  The movie ends up being largely about money, poverty, the current very tough economy and job market but our hero is sad because he isn't able to get an incredibly rare and maybe unrealistic job of editing documentaries?  Its fine thats what he wants to do but I found it tough to sympathize with, he might as well have wanted to be a dolphin trainer but there weren't any open positions.

For the first hour the film focuses on Aziz's character and his struggles but hes tough to sympathize with.  He ends up as a gopher for a rich guy played by Seth Rogan and that seems good until you goes to a fancy restaurant Seth's character suggests and but is expensive and when Aziz can't pay he uses his company card which then gets him fired.  This is sort of the inciting event for the rest of the movie and again its played like Aziz is sympathetic but it hinges on him going to an expensive restaurant knowing he can't afford it, not being honest with his date and apparently not having a credit card which seems the most unbelievable part.  Even if Aziz is broke he should be able to get credit to survive on and that would have been better than risking his job.

The next part of the film has sort of guardian angel Keanu performing a freaky friday type move and switching the lives of Aziz and Seth to teach Aziz about gratitude and the emptiness of money but fails when Aziz won't switch back leaving Seth and eventually Keanu to enter the life of people in poverty and the downward spiral of low paying blue collar and gig work.  This is the part of the movie that really worked.  Seth does great acting and you really see him as someone who is experiencing a new difficult situation and understanding a new perspective on how the world operates.  Keanu is just amazing a head in the clouds ditzy guardian angel who ends up as a hardened dishwasher drinking his troubles away in a parking lot.  I felt like the message of the movie landed here until we had to go back to Aziz and do an ending which was fine, whatever.

Overall if I was remaking this or editing it I would cut Aziz's beginging to 20 minutes and get us right into the nitty gritty of Seth and Keanu in the underbelly of LA.  Aziz wants to be serious but goofy and funny at the same time and can't pull it off.  Too much acting from the director on this one.",8,13,1778372161.0,0.6,True,self.movies
1t9rpix,movies,"Never watched a movie, what would be the first movie you would show me?","Okay i kinda exaggerated, but outside of cartoons ive seen like 2 movies in my life, Interstellar and the mist. But i feel like there is alot of stuff im missing out on, so feel free to recommend any movie. Not a fan of something overly really deep or serious, i dont mind it as long as there is some kind of action",0,40,1778470603.0,0.17,True,self.movies
1t8sm1h,movies,Yearly Viewing Of Favorites,"What are your favorite movies to keep coming back to in your rotation. I have a few including Apocalypse Now, Das Boot, and Chinatown.  Tonight's viewing is one of my favorites, Blood In Blood Out (Bound By Honor).  Sometimes I see new things in the shot composition or the story/characters, sometimes it is just appreciation and comfort viewing. Wanted to know what films have that special return viewing for y'all. ",5,27,1778375161.0,0.6,True,self.movies
1t8b7eq,movies,"Mortal Kombat Annihilation – The Final Battle. – Dir. John R. Leonetti – November 20, 1997.",,21,50,1778347663.0,0.58,False,youtube.com
1t7hr38,movies,"Greg Mottola ('Superbad', 'AdventureLand') High On The List to Direct DC’s 'Deathstroke &amp; Bane' Movie",,1047,164,1778267856.0,0.92,False,deadline.com
1t9mmfi,movies,Kids movies based on TV shows - why introduce such intense villains,"Some examples are Gabby’s Dollhouse: The Movie (2025) and SpongeBob Movie: Search for SquarePants (2025).

My kids love episodes of Gabby, could watch them for 2+ hours if we let them. We tried the movie and it broke completely from the format. The animated characters barely existed, and the whole story centered around a new villain character (Kristen Wiig) who has no history in the tv show. For SpongeBob, the whole movie centered on a dead/trapped ghost pirate. 

SpongeBob is PG, granted, but Gabby’s is G. Why not just make a longer, multi arc story that follows closer to the TV vibe. I get you need to fill 2 hours, but is a new villain the only way?",0,29,1778456474.0,0.2,True,self.movies
1t7nafv,movies,Warner Bros. Settles Village Roadshow 'Matrix Resurrections' Legal Dispute With $57 Million Win,,500,46,1778280519.0,0.93,False,thewrap.com
1t7i5y4,movies,‘Devil Wears Prada 2’ Salaries: How Meryl Streep Landed a $12.5 Million Payday With Big Bonuses – and Shared the Wealth with Anne Hathaway and Emily Blunt (EXCLUSIVE),,913,60,1778268756.0,0.86,False,variety.com
1t8810g,movies,Darkest Hour was such a good good film,"It perfectly captures the mood of an isolated Britain at the beginning of WW2. The repeated elements of isolation of Churchill shown through the visual cinematography was super.  From the elevator scene shot forming a small box in total darkness to the cramped quarters in the underground war room. 

Gary Oldman did a great job at capturing the mannerism of Churchill. I actually didn’t recognize him the first watch through. Even though there are some artistic license taken in regards to historical accuracy it is still a comfort movie to me ",20,17,1778340468.0,0.65,True,self.movies
1t8h7y4,movies,'TEZUKA' God of Manga' Director &amp; Producer Discuss Their Documentary Tribute to a Storytelling Legend,,11,11,1778355777.0,0.7,False,animationmagazine.net
1t9ptle,movies,Charlie and the chocolate factory is actually a horror movie?,After years of watching the movie as a kid I never realized he was intentionally trying to kill them lol. After the kids that won were announced Wonka probably did research on them and found out how he could trick each of them. He knew Augustus was a glutton so of course he was gonna be the first lol. He knew violet was obsessed with chewing gum so she could be the best hence the gum invention which was designed for her. He knew Veruca was a spoiled little brat and wanted anything special she didn’t have hence the squirrels that could crack and sort the nuts. Then Mike who was obsessed with television of course he was gonna choose the Television room lol.,0,17,1778465220.0,0.13,True,self.movies
1t7jgqn,movies,Guillermo Del Toro Teases His Adaptation Of Kazuo Ishiguro’s ‘The Buried Giant’ At BFI Career Talk,,709,33,1778271638.0,0.95,False,deadline.com
1t9qfki,movies,Marty supreme,I just watched Marty supreme for the first time.. and i definitely believe he deserved the Oscar over Michael.. I loved sinners and Michael’s performance was not easy playing the smoke stack twins.. but chalamet was magic on screen and that final scene of him was moving and had Oscar written all over it.. Remined me of the final scene of Mikey Madison and why they chose her to win for anora even tho overall her performance in that film I didn’t feel was Oscar worthy but that’s another discussion. As usual just feels like the academy voters are too political and don’t reward the best performances ,0,16,1778466924.0,0.28,True,self.movies
1t7x8v4,movies,Almost Famous,"I watched this movie for the third time tonight, and I have to say, each time I watch it I enjoy it more! This is a very good movie, and I'd say a quite realistic one, about a teenage boy who ends up on the road with a rock group for a week in an effort to get an interview with them for the Rolling Stone magazine. Lots of good turns of events and lots of good 70s nostalgia, as well as lots of drama, portraying some of the darker sides of fame, fortune, and a life of decadence. Great acting all-around as well! I highly recommend this movie to anyone who hasn't seen it yet!",100,55,1778309114.0,0.83,True,self.movies
1t7sdu2,movies,Remarkably Bright Creatures,"This is one of my favorite books of all time. I just finished watching the movie on Netflix. It didn’t disappoint. It’s such a beautiful, touching, heartfelt movie. Have some tissues nearby when you watch it. Sally Field is a national treasure and is perfect as Tova. Bill Pullman is fantastic as Cameron. Alfred Molina is amazing as Marcellus.

ETA: I wish this would have been released in theaters. It went straight to Netflix.",208,139,1778294255.0,0.96,True,self.movies
1t7y31z,movies,What is your favourite movie you DON’T recommend?,"As the title says, what’s your favourite movie that you don’t really recommend to other people? A movie you personally love for certain reasons, but know it probably wouldn’t connect with everyone the same way it does with you.

Personally, The Assassination of Jesse James by the coward Robert Ford is one of my favourites but it is a very slow burn and I’m unsure of how many people would like the trope of the spoiler title.",81,243,1778311854.0,0.75,True,self.movies
1t86yza,movies,In Insomnia (2002) why does Walter Finch invite detective Ellie Burr over to his summer cabin?,"At the end of the movie, just when it looks like Walter Finch (Robin Williams) gets away with the murder of Kay Connell, he invites detective Burr (Hillary Swank) over to his summer cabin to pick up Kay's letters. 

Yet we see that he clearly left the letters at his appartement. Walter also shows Burr Kay's dress, instantly identifying him as the murderer. 

So, why did he invite her over if he never planned to show her the letters? And why did he show her the dress? At this point in time detective Burr had no clue Finch was the murderer.",23,5,1778338025.0,0.71,True,self.movies
1t7n8q9,movies,Princess Mononoke is better than Spirited Away,"I see Spirited Away on more lists and I see the art and characters referenced more often. I think from a pop culture POV it's probably the more influential. I think Princess Mononoke is the better movie of the two though. The general story of Princess Mononoke is tighter and follows a more traditional story telling path. Spirited Away is good. I like it and wouldn't argue against anyone saying that they like it more for them, but as a movie I do feel like Princess Mononoke is the stronger film. Spirited (and I'll admit I haven't seen it as many times or even that recently) was all over the place and you have to construct more of the story for yourself than being shown. I also feel like it does more nods to things you have to know to know and that makes things great when you know what they're talking about, but when you don't, it makes things weaker.",379,176,1778280402.0,0.66,True,self.movies
1t9ertj,movies,what movie do yall think is most likely to come true,"just wanted to hear you guys thoughts. Especially in this world of AI and Robots etc. They say film predicts reality. I was just watching Solvent Green for u who havent seen it its basically a movie where society gets overcrowded, resources get scarce, food becomes artificial, and corporations basically control survival. Kinda crazy because some parts don’t even feel that unrealistic anymore when u look at rising prices, AI replacing jobs, climate issues, and how dependent everybody is becoming on technology.

Made me start thinking tho — what movie do yall honestly think has the highest chance of becoming reality? Could be AI taking over like in The Matrix or Terminator, social media/control stuff like Idiocracy, surveillance like Minority Report, or even something subtle that people overlooked. Curious what yall think and why.",0,50,1778437691.0,0.38,True,self.movies
1t8z5o2,movies,Feel good movie suggestions pls,"I really wanna watch a feel-good movie but it’s been such a struggle finding a good one lately 😭. I loved movies like The Pursuit of Happyness, Karwaan and Dear Zindagi — basically comforting, emotional, meaningful kinda movies that leave you feeling lighter inside. Please drop some suggestions if you know similar movies with that wholesome/healing vibe because I’m tired of scrolling endlessly without finding anything good",1,68,1778394739.0,0.52,True,self.movies
1t9fie2,movies,What recent movies do you think Anton Yelchin would have been great as the lead in,"After seeing him in the Star Trek movies again recently, I really feel like he would have been a great lead in movies or high budget tv shows nowadays if he were still alive. What characters would you have loved to see him act as. Are there any that you think he would have been absolutely perfect in?",0,8,1778439308.0,0.27,True,self.movies
1t9ei3i,movies,“Wuthering Heights” a late review and commentary,"I’ve only read the first half of the book but had read details on the plot prior. This movie was GORGEOUS but other than that,  I feel it fell really flat. I understand the fever dream romance it was trying to rewrite the story to be, but I feel that it needed to still create more plot and meaning behind all the sex scenes and honestly make them seem a little less tame - this was surprising to me, I thought this whole take was meant to be raunchy and raw, it felt very PG. The movie got stuck in the longing and yearning and pain and there was nothing moving anything forward even emotionally, it felt a little gratuitous in this way. And if it was going for pure camp romance at least make a bold choice. All the love scenes fell flat and like I said were extremely safe. Nothing felt hot it just felt like watching people safely kiss. Even the script felt so bland with all the “I love yous” and nothing else transpiring between them. 

I wish they weren’t afraid to lean into the uglier sides of both characters. Theyd dip their toe in and then backtrack. Cathy’s conscience around her marriage and cheating on Edgar seemed too much of a driver around them not being together. In the same vein, Nellys machinations as a driver were something I couldn’t get fully behind either. 

And last, I could not get behind the casting choices. Even though she’s only 5 years older than Jacob, Margot looks much older throughout the film.
Don’t get me wrong she is absolutely gorgeous and very talented but something didn’t work. If they were going with her, they could’ve leaned in to her being older. I’ve never seen two such gorgeous people have so little chemistry chemistry.

I left thinking what a visually stunning film, but also what did I just watch? It left me with a very weird feeling, like my emotions had been manipulated in gratuitous ways for meaningless fluff. It felt like it was scared to be anyone thing and so it was basically nothing but visuals. I thought that Emerald Fennell was meant to be bold, I felt it was shockingly bland.

Would love to hear some other thoughts!",0,5,1778437096.0,0.3,True,self.movies
1t9hnlo,movies,Am watching Titanic on Council telly,"And seen Billy Zane take a kid to get himself onto a lifeboat... 

Is there any news on what happened to the crying little wretch? Lol 

The violin musicians have just started playing something sad as it goes down(Vasqueuz from Aliens is there with her kids as an Irish Lass). 

Also, just as am saying this the guy is about to go \*\*DING\*\* off the propeller ! But aye, the crying child I wonder about.

Ooft, adverts, it was a pleasure for the violin guys playing together(if anyone is watching in Scotland/UK lol)",0,10,1778444117.0,0.34,True,self.movies
1t9gyoq,movies,"if they made a Meet the robinsons live action movie, who would be your perfect cast?","I was thinking about this early morning and I came to a perfect cast in my opinion, but you know just having fun thinking how this actors and actresses would perform in the role.

My main takes were Adam Scott for Old Cornelius, and Bill Hader as Goob (old) 

I was thinking on some more but I wanted to see your input xd",0,5,1778442548.0,0.13,True,self.movies
1t9kb34,movies,"i just got off work and am tired as fuck. so, why not unwind by doing yet another top 30 favorite movies update?","30: dark city(1998 alex proyas)

29: blue velvet(1986 david lynch)

28: akira(1989 katushiro otomo)

27: trainspotting(1996 danny boyle)

26: a clockwork orange(1971 stanley kubrick)

25: reds(1981 warren beatty)

24: ghost dog the way of the samuari(1999 jim jarmusch)

23: goodfellas(1990 martin scorsese)

22: the dark crystal(1984 jim henson and frank oz)

21: quest for fire(1981 jean jacques annaud)

20: stalker(1979 andrei tarkovsky)

19: seven samurai(1954 akira kuroasawa)

18: strange days(1996 kathryn bigelow)

17: princess mononoke(1997 hyayo miyazaki)

16: crouching tiger hidden dragon(2000 ang lee)

15: star trek 2 the wrath of khan(1982 nicholas meyer)

14: wall E(2008 andrew stanton)

13: schindler's list(1993 steven spielberg)

12: pulp fiction(1994 quentin tarantino)

11: blade runner(1982 ridley scott)

10: the lord of the rings trilogy(2001/2002/2003 peter jackson)

9: chinatown(1974 roman polanski)

8: amadeus(1984 milos forman)

7: apocalypse now(1979 francis ford coppola)

6: heat(1995 michael mann)

5: unforgiven(1992 clint eastwood)

4: dune part 1/dune part 2(2021/2024 denis villeneuve)

3: RRR(2022 S S rajamouli

2: snatch(2000 guy ritchie)

1: sunset boulevard(1950 billy wilder)",0,3,1778450461.0,0.12,True,self.movies
1t8hejp,movies,Travel Films,"I really connect with soul searching travel movies. Into the Wild, Wild, Nomadland all get played a bunch. It doesn’t have to be the American landscape, but that really seems to connect. The Beach and Sideways get there as well. Even Thelma and Louise gets there. If you get the vibe I am talking about, any recommendations?",7,23,1778355918.0,0.65,True,self.movies
1t808d6,movies,War Games discussion,"After watching this movie for the third time, it is truly insane how accurate it is today. The whole point of the story is to identify that If we rely on artificial intelligence on our lives. And in terms of if we go to war it will go down in history to be a game that we cannot beat, no matter what happens during war. The whole point of this movie is that if the world rely on AI, then it is the most easiest way to destroy our world and how in the military you should never ever rely on artificial intelligence and should should reply on human decisions.

On top of the fact that the story line is pretty simple and easy to follow enough for anyone to actually understand the whole meaning behind the movie, and it it generally one of the best movies I have seen in recent memory that is discussing this topic.",44,42,1778319260.0,0.77,True,self.movies
1t9btth,movies,Exhuma(spoiler ahead),I watched exhuma recently ik it's an old movie but I gave it a watch. And boy was it boring. The environment was moderately eerie and it wasn't spooky at all. I saw the reviews as unsettling but I didn't find the movie unsettling or horror at all. It's completely based on folklore and at the end the mystery is solved but at what cost? The symbolisms and the metaphors are agonizing and they don't find success in showing the proper meaning to it. I didn't like it at ALL especially the whole two graves thing. Why would your family put your grave in a position so bizarre? Something didn't click at all. (I am sorry if I sounded disrespectful.),0,22,1778431117.0,0.29,True,self.movies
1t7d8zf,movies,New poster for MASTERS OF THE UNIVERSE :&gt;,,947,118,1778258354.0,0.88,False,i.redd.it
1t8ena4,movies,Movies where artists kill to create their art?,"Looking for films similar to A Bucket of Blood, Color Me Blood Red, and the original Little Shop of Horrors where struggling artists find new success after killing people and must now continue to find new victims to keep up with the demand of their newfound fans. 

The more B-movies the better since I'm doing research on how to write/plan out a micro-budget film (especially in the style of Roger Corman and Herschell Gordon Lewis!), but any relevant films at all will help!

Bonus points if it takes place in a restaurant or kitchen setting!",5,43,1778353777.0,0.55,True,self.movies
1t97q3j,movies,"At what point can we not classify something as a remake or ""same universe"" movie?","So I just saw a video on remakes that are so much worse than the original. It never occurred to me that ""The Hustle"" (2019) is a remake of ""Dirty Rotten Scoundrels"" because I got so little from the remake. In hindsight, I can see how it is a remake of DRS. However, it did get me thinking - at what point can something no longer be considered a remake or in the same universe as another film?

The biggest one that always comes to mind for me is ""Cheaper by the Dozen"" (2022). It's CbtD in name only. It's really more of ""Yours, Mine, and Ours."" It's a blended family with 10 kids between them. The titular dozen in this remake includes the parents. Every previous iteration is about two parents raising 12 kids. 

Others I can think of are ""The Karate Kid"" (2010) which doesn't even deal with karate, The Mummy (2017), and Total Recall (2012). It's hard to differentiate from films that just twist the source material and ones that genuinely have nothing to do with the original. 

I genuinely want to know people's opinions on when a movie can even be classified as a remake versus it's an ""In Name Only"" remake. ",0,51,1778421618.0,0.45,True,self.movies
1t7fs19,movies,Little Miss Sunshine (2006) was such a beautiful movie.,"It was funny af but had its moments that made you think about not taking life too seriously and the journeys we are on as humans. It really embraces the fact that life isn’t perfect, and we as humans aren’t perfect but that’s what makes us who we are. It’s rare that a movie can make me cry laughing and also captivate me at the same time with its profound lessons. Brilliant cast btw. 

Generally you know by the end of a movie if it was amazing, you just get that feeling. I got that exact feeling with Little Miss Sunshine.

10/10",634,70,1778263602.0,0.93,True,self.movies
1t8lza7,movies,Animated film series,"I feel like we don't discuss animated films enough, and I find it weird, since the previous two decades produced several brilliant animated franchises, that can boast a well written narrative, and very engaging characters. Dreamworks, Pixxar, Disney and others have had their golden age recently,  and those are still movies I reach for when I need my heart moved. Out of the following, which trilogy, tetralogy etc. would you say is your favourite and why?

Toy Story

Shrek

Ice Age

How to Train Your Dragon

Kung Fu Panda

Monsters

Frozen

Madagascar

Inside Out

Incredibles

Cars

Finding Nemo",5,11,1778359521.0,0.6,True,self.movies
1t9brfx,movies,Project X (2012) is not the dumb party movie everyone thinks it is,"Rewatching it in 2026 is a strange experience.

The film came out before TikTok existed, before ""going viral"" was part of everyday language, and yet the entire film is built around a logic we now recognize instantly: filming everything, existing only for the camera, escalating behavior for attention. The party gets documented, every excess captured, every moment turned into content.

The found footage format isn't just a budget choice either. Mixing it with music video aesthetics creates a deliberate paradox : raw chaos on one side, constructed spectacle on the other. A director who came from advertising grafting his visual language onto found footage.

And underneath all of it, post-2008 America, a broken social elevator, a generation realizing the promises made to them were empty. If the future stops rewarding effort, why hold back?

Costa's ending might be the most cynical thing in the film: he turns the whole disaster into a business. The system always absorbs what tries to subvert it.

Not a masterpiece. But a more honest film about its era than it gets credit for.

Made a video essay on this in French but happy to discuss the analysis here in English.",0,2,1778430970.0,0.29,True,self.movies
1t7fryy,movies,Elijah Wood’s Closet Picks,,522,55,1778263598.0,0.89,False,youtu.be
1t7767b,movies,Naked Gun 33⅓ The Final Insult (1994) - Opening scene at the train station - Directed by Peter Segal,,1295,112,1778245059.0,0.94,False,v.redd.it
1t9izpo,movies,Newer movies trying less?,"Has anyone else had this same thought? Just finished watching “send help” and “caught stealing”. Both movies I was enjoying until they each took a random left turn in tone and storytelling. I honestly feel like there is zero critiques to a first draft of a story and they just say whatever let’s make this, regardless if it makes sense as a cohesive story. 

It honestly feels like they’re making these movies for TikTok audiences who are unable to pay attention to a full story from start to finish. So they throw in jumps to bring those minds back in. After all’s said and done they just remember the jump points and nothing about how unnatural the story and tone jumps around. ",0,17,1778447271.0,0.13,True,self.movies
1t9hlf9,movies,"The rate of new ""must-see"" movies is quietly outpacing what any person can watch in a lifetime","So I went down a rabbit hole trying to figure out how far behind I am on movies I ""need"" to watch. Turns out the math is kind of wild.

There are already somewhere around 1,000 to 1,500 films that most people would agree are genuinely culturally essential. Not just good, but the kind of movies where if you haven't seen them, you're lost in  the conversations people have. Star Wars, the Godfather, Parasite, the whole MCU run, classic Kubrick, etc. The list adds up fast.

Global film production just hit an all-time high, around 9,500 movies made in 2023 alone. Obviously most of those don't matter culturally. But roughly 50 a year end up being the kind of thing people actually reference for decades.

Now here's where it gets interesting. The average person who actually likes movies watches maybe 150 a year. Over a lifetime of serious watching, say ages 10 to 75, that's about 9,750 films total. That sounds like a lot until you factor in that the essential catalog grows by 50 every single year with no end in sight.

At that pace, the total number of culturally essential films will exceed what an average person can watch in their entire lifetime sometime around the year 2136. So we've got roughly 110 years before it becomes literally mathematically impossible to ""catch up,"" even if you started at birth.

For casual viewers watching maybe one or two movies a week, that point has basically already arrived. The backlog is growing faster than they can watch, and in the not so distant future, will reach a tipping point for all of us.",0,36,1778443980.0,0.29,True,self.movies
1t7beal,movies,New Poster for 'Masters of the Universe',,635,130,1778254371.0,0.81,False,i.redd.it
1t9kfqj,movies,HOW DO YOU REWATCH A MOVIE?,I do not mean litterally but how do you rewatch a movie? When i think a want to rewatch a movie or a tv serie i liked i start it but then i remember everything about it and it stops being interesting and i end up spending lots of time searching for another movie. How do you overcome this? Am I cursed for life? I feel like every time I consume a media i burn the chance to enjoy it again in the future. ,0,40,1778450786.0,0.21,True,self.movies
1t968tx,movies,MOTHER’S DAY (1980),,0,3,1778417870.0,0.42,False,youtu.be
1t9ewlr,movies,"In Napoleon Dynamite, why does almost everyone look like they're from the 80s when it's set in 2004?",I don't have much else to say but for some reason my post needs to have at least three hundred characters so I'll just blabber on for a bit. Namibia rice szechuan sauce male balding epidemic Chinese communist party investment claims on conglomerate subsidiaries to protect United states interests for profit,0,23,1778437974.0,0.25,True,self.movies
1t8t4kz,movies,Totally Fucked Up (1993)  |  Dir. by Gregg Araki  |  Sex Talk Scene,,1,7,1778376617.0,0.5,False,v.redd.it
1t844vn,movies,Actors that you get excited to see pop up/ actors that make you want to see a movie,"For example, some of my favorite actors are Leo DiCaprio, Tom Hanks, robin Williams, Jackie Chan. Actors like these make me watch a movie specifically because they are in it or are lead roles.

And what are some actors that when you unexpectedly see in the middle of a movie you get excited. Kind of like a Lance Reddick or Samuel L Jackson cameo.

Opposite of this would be someone like Tom Holland that I get disappointed when I see or will straight up not watch a movie because he’s in it (not that he’s a bad actor just I’m tired of him)",11,71,1778330981.0,0.6,True,self.movies
1t8avap,movies,movies where the protaganist is evil,evil as in reprehensible and capable of doing morally questionable things but serves a positive role in the movie and in which the plot armor requires the protagonist not be allowed to be killed. I wish I had an example right now but my caffeine isn't hitting and I had to talk to the insurance company for over 40 minutes only to end up back at square one. thanks,4,81,1778346910.0,0.53,True,self.movies
1t968nq,movies,What’s the best example of a great movie completely ruined by its ending?,"What’s the best example of a great movie completely ruined by its ending? Not just a weak final scene — I mean a movie that had amazing acting, atmosphere, pacing, or storytelling for most of the runtime, but the ending was so disappointing, forced, or badly written that it hurt the entire film for you afterward.",0,73,1778417858.0,0.26,True,self.movies
1t8zu4d,movies,deep water,"hi! i just saw deep water in theaters with my sister. one thing that i can’t get out of my head is the plane crash scene. everything about it is so detailed, and is truly the best camera work of a crash (esp one as violent as that) i’ve seen across any film. maybe i’m just glazing but i liked how we were able to see the different perspectives of each character that was introduced and even the side characters too. ",0,2,1778396985.0,0.44,True,self.movies
1t75qag,movies,First image from The Pension Heist. Three old ladies hatch a plan to rob Norway's sovereign wealth fund.,,686,89,1778241350.0,0.91,False,i.redd.it
1t9902c,movies,Interstellar (2014): Spectacular beyond words,"*Also, I am writing directly. If I step across any sort of line with my thoughts, I have not done so to deliberately provoke.*

I have a bucket list of movies. I think we all do. There are some good movies that I've missed or didn't know existed throughout the years.

This however is the first time where after seeing it, I feel like actively kicking myself for not having seen it. And I just saw it today, bought it and now cherish having an online copy. I think hearing the film mentioned while learning about topics related to the PC game Starfield made me seek it out.

Not one second of the 3 hour runtime was I bored, nor felt that this film was not fully respecting my time as the viewer.

*Synopsis:* A curious space pilot and his family work on farm on rapidly environmentally deteriorating Earth. A series of coincidences, lead him to join an expedition to try and save it.

*Sights and sounds:* Scenes in space that I don't think have ever been attempted, or succeeded in this well. Presentation of different planets.

The mind bending concepts committed to film reminded me, justifiably as its the same director, to Inception. But the presentation rarely confused me too much.

*Soundtrack:* Can't miss praising this. Still wringing in my ears. From slow to the suspenseful, to ending theme. Able to communicate the forlorn isolation of space, to the tense odd-defying maneuvers to the mystery of it all.

*Acting and cast of characters:* From Michael Cane to Anne Hathaway to protagonist Matthew McConaughey, the acting is masterful, in place, particularly considering the occasionally tragic moral quandries they're in. But these characters are all flawed and this comes out in several scenes.

*Themes:* Post-earth humanism, mortality, cutting bonds, ageing, survival of the species, dark moral decay in the face of terror, passage of time.

The words of Dylan Thomas' poem at launch... one of those eternal quotes in film masterfully placed that I know will go down in history.

*My thoughts:* Maybe some will say I am going too far, but I think this is the best space movie with philosophical themes since 2001: A Space Odyssey. In fact, I believe it matches and turns certain themes of that film. &gt;!Mann's ultimate failure to enter the station is an exact inversion of this.!&lt;

It does an absolutely crucial thing for good storytelling: it leaves the mystery where it is best kept, and that of course is regarding the leading thread of the story, the 'they'.

This film is able to be sentimental, philosophical, scary, gut-wrenching, breathtaking all while avoiding any overdrawn melodrama for me. I think one could easily watch it a number of more times and end up discovering new worthwhile details about it.

*Final score:* This is an easy 10/10 film for me. Instant classic.

If you haven't seen it, watch it. This film is going to be with me for a while, I already know.",0,7,1778424649.0,0.25,True,self.movies
1t7chjj,movies,"Official Poster for ""The Rivals of Amziah King"" - Amziah King (Matthew McConaughey), beekeeper, musician, and anchor of his community, reunites with former foster daughter Kateri (Angelina LookingGlass) after many years apart, and fends off threats to his honey business",,287,83,1778256700.0,0.89,False,i.redd.it
1t7301z,movies,"How do they hire unattractive people to do the role of ""ugly"" characters in movies?","I don't mean conventionally attractive actors who are made ugly through makeup and prosthetics, but like actually ""unattractive"" actors. Especially in movies where the said character does get called ugly by other characters. That would be a massive hit on a person's confidence. Wouldn't it be awkward?",880,426,1778232981.0,0.86,True,self.movies
1t932jw,movies,Question from movie Apex,"This movie has sparked debate in our house. 

I actually really enjoyed it - perfect mindless entertainment for a Saturday night. 

But here is the discussion point: 

Why do some humans feel the need to try and scale crazy dangerous mountains? 

A viable answer is not: “because they are there”   
 Or “why not?”

There are much deeper philosophical reasons than that I feel.

In my opinion I think it’s bonkers - this movie proves that.

Are these people missing something in life to feel they have to do this? 

What is your opinion? ",0,30,1778408215.0,0.26,True,self.movies
1t81was,movies,Summer Tour | Official Trailer | Utopia,,9,1,1778324518.0,0.61,False,youtube.com
1t8zpla,movies,Movies like Fight Club,"can someone recommend me more movies like fight club?

i like main characters who are lost, the detachment/distorted perception of self, anything anti-system, and bloody scenes in general. i'm also looking for this kind of visually dark)? feeling that it gave me, not sure how to explain it but i got this same vibe from blade runner.",0,43,1778396561.0,0.42,True,self.movies
1t8ompi,movies,What happened after block booking got banned durung the golden age?,"So no more B features, episodic serial shorts, regular shorts, cartoons and newsreels?

  
Just the A feature presentation and trailer?

  
B movies would become their own feature presentation but just with much lower budget?

  
I really like the history behind movies. Was the block booking ban responsible for the decline of cinema in the 1950s?",0,7,1778364593.0,0.5,True,self.movies
1t8vfdh,movies,“What’s a movie that changed the emotional atmosphere around you after it ended?”,"

https://preview.redd.it/yficbe6fa80h1.png?width=541&amp;format=png&amp;auto=webp&amp;s=558fbf6ca22a2e47b8fe80ed38e07116b5550adb

For me, it was:  Atonement.

Not because it was simply “sad,” but because the ending completely recontextualized everything that came before it. The final few minutes felt less like a twist and more like grief arriving all at once. After the credits rolled, the silence in the room genuinely felt different.

Very few films create that kind of emotional afterimage where scenes keep replaying in your head hours later like memories instead of fiction.

What movie did that for you?",0,17,1778383264.0,0.44,True,self.movies
1t7fvlf,movies,House Party (1990) - Dance Battle scene,,142,27,1778263808.0,0.8,False,v.redd.it
1t92674,movies,adam sandler and kevin garnett,"so hey, i was just wondering if i someone knows how i can get the selfie they took in the movie, i just watched uncut gems, and it took me by surprise this, it just amazing, im not a big fan of adam sandler, but now, i can’t stop glazing him, he is just an amazing actor, im so sorry adam, it will not happen again, so yes, i just need so bad that selfie ",0,4,1778405108.0,0.22,True,self.movies
1t7jul8,movies,Shawn Levy Tackling Original Sci-Fi with ‘Somewhere Out There’ for Netflix,,85,13,1778272481.0,0.82,False,hollywoodreporter.com
1t6w8b6,movies,"The new Netflix movie ""Apex"" contains the song ""Go"" by The Chemical Brothers. First released in 2015, it has experienced a 429% increase in Spotify streams since the movie's release. What other songs have become instant favourites or were 'discovered' because they were in a movie?","This example is top of my list at the moment, but other examples for me have been ""Life is a Highway"", originally by Tom Cochrane in the early 90s and again by Rascal Flatts for the movie ""Cars"" (2006). Another for me is ""Harder Than You Think"" by Public Enemy (2007). I had never listened to anything by PE until it was included in the opening scenes of ""End of Watch"" (2012). 

What other songs have jumped out at you when you heard them in a movie?",2011,1543,1778210839.0,0.89,True,self.movies
1t98c1h,movies,Is it time for Good Will Hunting 2: Hunting Season?,"As the title says, is it time for a sequel to GWH?

Not the joke kind by Kevin Smith but a serious sequel where Damobs character comes back to Boston, Rich, successful and wanting to reconnect with his past.

I think it would be pretty cool.

What do you guys think?

If not, how about Good Will Hunting 2: Hunting Season. ",0,29,1778423070.0,0.22,True,self.movies
1t8zouj,movies,Anyone else side with the kidnappers,"Someone here recommended a movie titled Gone Baby Gone and after watching it I have never been so mad because of a decision made by  a characters. That child was far better with the parents who had kidnapped her than with her biological mother and the end of the movie proves this. What do you think, is being a biological mother a warranty of being a good parent.",0,9,1778396493.0,0.32,True,self.movies
1t7uvj9,movies,Whats an unknown movie that has a big meaning to you?,For me its the movie The Last Kiss. Most people have never seen this movie before. I happened to watch it after coming home drunk one night at a time where I had no direction in my life and a cheating girlfriend. I was around the same age as the characters in the movie and made me think about life and my current life. Its not a great movie but one that can be related to. ,13,52,1778301555.0,0.69,True,self.movies
1t7eg2d,movies,Official 4DX poster for Masters of the Universe,,93,61,1778260861.0,0.68,False,i.redd.it
1t903ta,movies,Send help. I enjoyed it but?,"I’ll start by saying the movie was fun because they both were great it in.   I didn’t realize what a great actress Rachel McAdams is.  You really wouldn’t know how beautiful she is in real life by the way she looked in this. (The unwashed hair at the beginning really made her seem unkept) And her character was so unlikable that she didn’t look any better later (at least I didn’t think so) even though she was supposed to.  

Was the point though that we were supposed to root for Linda in the end because he was a mean boss?  I mean she was a delusional psychopath.  This day and age I feel like movies try to portray that what happens to these men are deserved no matter what and women are the victims.  But I guess we can also watch it as if she became obsessed with him.  Maybe it’s supposed to be ambiguous.  But the ending to me made it seem the message was she deserved that outcome of being rich and famous because she was treated unfairly?",0,21,1778397890.0,0.34,True,self.movies
1t8v4hp,movies,The Bad Guys 3 Shocking Question,"If Marmalade, someone, or everyone finds out that the Bad Guys and Diane Foxington are alive, hiding in the shadows as secret agent of the government (I.S.G.L.O.P) International Super Galactic League Of Protectors, and Misty Luggins was an accomplice with the Bad Guys and Diane responsible for faking their deaths to be secret agent, what's gonna happen to them in the Bad Guys 3 movie?",0,2,1778382374.0,0.3,True,self.movies
1t7z19m,movies,"- Does anyone know if there are any silent or mostly silent cinema films upcoming?  i have found i really like them, and in particular the feel when its via the big screen, thanks",".Basically asking the subject line.

I have noticed a trend in films i have really loved over last say 5-10 years, that many of them are silent or mostly so.  Also some tv shows the same, albeit this ask is for upcoming cinema showings.  Here are some things i have liked as examples anyway, but i am open to ideas.

**Film:**

Perfect Days

Robot Dreams

Ghost Story

Safety Last (and a few others from that era)

Flow

Appreciate thats a bit allover the place, and skewed maybe to animation, but open to ideas. I think its the depth portrayed in the silence that pulls me in",6,8,1778315100.0,0.63,True,self.movies
1t78w3q,movies,What Is the Oldest Movie You Have Watched (For Fun) In the Last Year?,Over the last 365 days what is the oldest movie you have watched for your own personal enjoyment?  Not to learn about film making as an art for or as a historical experience or as homework or research (in any way shape or form) but simply the oldest film that you have watched in the last year for fun?  (Please include the name and the year).  ,144,1048,1778248974.0,0.84,True,self.movies
1t8afqp,movies,Master Zhong - Official Trailer,,0,0,1778345982.0,0.5,False,youtu.be
1t7n1w6,movies,"‘Our Hero, Balthazar’ Director Oscar Boyson on Making a Film About School Shootings and Why He Refused to Compromise It",,25,1,1778279917.0,0.7,False,variety.com
1t7sl00,movies,Building a chronological history movie watchlist and looking for recommendations,"I’m currently putting together a chronological watchlist of films that follow the history of humanity from early civilizations all the way to the modern world.

The idea is to create a continuous timeline using narrative films that capture important historical eras and events (not strictly documentaries, but movies that represent the spirit and reality of their time).

So far, I’ve built a pretty large list covering ancient history, medieval periods, WWI, WWII, the Cold War, and modern conflicts. However, I’ve noticed that a lot of the films I’ve included are heavily centered around American or Western perspectives. That’s why I wanted to ask here especially from history and film enthusiasts. Do you have any recommendations for important historical films I might be missing? I’m especially looking to make the list more **international and globally balanced** (Asia, Africa, Middle East, Latin America, etc.).

Would really appreciate suggestions from both history nerds and cinephiles. Trying to make this feel like a truly global journey through human history.

Thanks!

The list so far: https://boxd.it/UlJtY

**P.S.** The films don’t necessarily have to be the “best” in terms of filmmaking, what matters more is that they effectively represent or cover their historical time period. Also, if you notice any mistakes, inaccuracies, or better alternatives for certain eras, feel free to correct me.",14,16,1778294825.0,0.69,True,self.movies
1t8xipk,movies,Masters of the Universe | Who is He-Man? – Featurette,,0,16,1778389569.0,0.46,False,youtube.com
1t7c2w5,movies,Moonrise Kingdom (2012) | Search party | Director: Wes Anderson,,91,34,1778255837.0,0.71,False,v.redd.it
1t6xjo7,movies,What is the single most stressful movie you’ve ever seen?,"I can’t really explain this because I have anxiety already, but I love movies that stress me out. I guess it makes me forget about my own stress and get lost in someone else’s? Movies like Mother!, Whiplash, and the Invisible Man (2020) are some I really like. Uncut Gems is always brought up in this category, but I haven’t seen it yet. What are some other good ones?",740,2146,1778214790.0,0.91,True,self.movies
1t8tfuw,movies,Question about I am All Girls (2021),"&gt;!I am pissed off.  There are these child trafficking rings and the Black girl (the vigilante who is also part of the police) is actively murdering the leaders of the organizations while also leading the police to containers where they find kidnapped children.!&lt;

&gt;!Yet instead of being grateful for her help they are all trying to find out who the vigilante is.!&lt;

&gt;!Why not just let her do her thing and then save the kids?!&lt;",0,8,1778377527.0,0.31,True,self.movies
1t8vq3h,movies,"PHM, Interstellar, sci-fi that hits different.","I'm a big sci-fi fan and I happen to have an extraordinarily smart 14 year old son. He is top of his classes with a hard goal of majoring in Physics and studying alllll the weird things that my brain only barely computes at a high level (very, very high level).

We saw Project Hail Mary twice and he understood the science to a T. I introduced him to Interstellar, and while the science is wildly theoretical (cuz we don't really have a clue what's the truth), he understood everything beyond my own comprehension. He said it was THE BEST movie he has ever seen, and proudly proclaimed this proves he has chosen the right career path in life. He's in 8th grade and has all of his high school courses strategically planned to achieve this.

That being said- I would love to recommend more movies to him that touch on similar concepts and beautiful visuals that mimic what these two movies did. He doesn't care about ""boring"" (his words) things in our solar system, and things like black holes and crazy quantum physics/time and space/5th+ dimensions and other weird stuff we don't fully understand are his forte.

Is there any movie that comes close? I want to fuel this fire as much as possible. 

Signed, 

A mom who can't believe she produced such an impressive human",0,93,1778384146.0,0.46,True,self.movies
1t8rmbt,movies,Upcoming movie I might have made up in my head,Coulda sworn that there was an upcoming movie with a specific premise but now I can’t find anything about it. Basically the premise was a 14 year old writes a suicide note to his friends and family but his attempt fails so he goes into hiding. If anyone knows anything abt this movie please let me know!,0,5,1778372432.0,0.4,True,self.movies
1t6kyaq,movies,"New Image from Alejandro G. Iñárritu 'Digger' - Starring Tom Cruise, Riz Ahmed, John Goodman, Jesse Plemons, Sandra Hüller, Emma D'Arcy - The most powerful man in the world (Cruise) embarks on a frantic mission to prove that he's humanity's savior.",[ Removed by Reddit in response to a copyright notice. ],3339,503,1778182493.0,0.93,True,self.movies
1t8zpe0,movies,Drishyam 3 - Official Trailer,"&gt;Drishyam 3 is an upcoming Indian Malayalam-language crime thriller film written and directed by Jeethu Joseph. Produced by Antony Perumbavoor for Aashirvad Cinemas, the film is a sequel to Drishyam 2 (2021) and the third installment in the Drishyam film series. The film stars Mohanlal, Meena, Ansiba Hassan, and Esther Anil, reprising their roles from previous films. Drishyam 3 continues the gripping saga of truth, deception, and consequences. Follows Georgekutty as his life unfolds four-and-a-half years after the events of the previous film.",0,0,1778396543.0,0.23,False,youtube.com
1t8tg8k,movies,Motivation to watch movies,"Im very obsessed with watching movies at least i was but recently i’ve kinda lost interest even tho i try to watch new movies but i feel like i can i tried to start some but stopped in the middle of em and jst left does anyone know who can i bring back my internet in movie and go back to grind in letterboxd   
( also if anyone has any movie recommendations that would be great)",0,12,1778377556.0,0.21,True,self.movies
1t7a2bl,movies,"Joseph Gordon-Levitt, Phoebe Dynevor Horror 'Pendulum' Gets US Deal",,75,5,1778251532.0,0.76,False,deadline.com
1t7vw6y,movies,Fish Out of Water,"My 9-year-old grandson and I like watching movies together. Usually, we have a theme. We recently watched Roland Emmerich's disaster films, and then Project Hail Mary, The Martian, and Cast Away.

We just finished Kindergarten Cop and started School of Rock and I was trying to think of other ""fish out of water"" type movies he might enjoy. Extra points if it's an 80s movie.",5,59,1778304708.0,0.58,True,self.movies
1t819t1,movies,"Queen of the Nile, Hollywood and Swindon.","“Elizabeth Taylor, A Celebration” by Sheridan Morley (published by Dean Street Press).

Elizabeth Rosemond Taylor was born in London on February 27, 1932 to American parents, father an art dealer, mother an actress who happily retired from the stage upon marrying in 1926. For her first seven years Elizabeth enjoyed a somewhat charmed London and country life, but in spring 1939 with world war looming the family relocated to the US.

In 1941 the pretty youngster passed a Universal audition and appeared in “There’s One Born Every Minute” as the spoiled daughter of a pudding manufacturer. Her second film, “Lassie Come Home” for MGM in 1943, “got Taylor’s violet eyes into Technicolor for the first time” and established her at Metro. But it was the wide success of “National Velvet”, her fifth film, that in 1943 made the 12-year-old “the star she was to remain for the next forty years”.",1,1,1778322495.0,0.51,False,budapesttimes.hu
1t7h956,movies,Gerard Butler To Star In Big-Budget World Cup Action-Thriller ‘The Nest’ — Thunder Road &amp; Black Bear Launch For Cannes Market,"In the new action-thriller from *John Wick* producer Thunder Road, [Gerard Butler](https://deadline.com/tag/gerard-butler/) is set to play a sniper who receives an anonymous threat over the radio and must race against a ticking clock in order to save his family and 70,000 fans at the biggest sporting event on the globe – the World Cup.

Black Bear is launching sales on the fun-sounding throwback movie at the upcoming [Cannes](https://deadline.com/tag/cannes/) market where it joins a few other packages in the $70-80M range.

From a script by Aaron Benjamin and based on real-life operatives, pic is being produced by Basil Iwanyk and Erica Lee at Thunder Road, Gerard Butler, and Alan Siegel for G-BASE (*Den of Thieves*), and Steve Klinsky for Untravelled Worlds (*Manhattan Night*). Jon Hersh and Mahal Sourgose will executive produce.",34,23,1778266790.0,0.69,False,deadline.com
1t6vvnx,movies,"Since Coyote vs. ACME is getting released, what other cancelled films would you like to see get the chance they deserve?","As we all know, Coyote vs. ACME nearly got cancelled by Warner Bros. Pictures for a tax write off before indie distributor Ketchup Entertainment acquired the worldwide rights to release it. But there are other films made by Warner Bros. that are still swept under the rug like Batgirl and Scoob: Holiday Hunt for the same reasons. Do you think these films deserve to get another chance to shine? What other cancelled films deserve another go?",590,363,1778209813.0,0.89,True,self.movies
1t8sg2t,movies,Disturbing Rated-R Mexican Revolution Movie?,"This might be a long shot, but I was trying to find the title of a movie that I was unfortunate enough to have the displeasure of watching that was extremely disturbing 😅

It was a movie about the Mexican Revolution that I saw as a kid that traumatized me for life - the most horribly memorable scene is of a woman who was kidnapped, tortured, and sexually assaulted by her kidnappers for information on her husband's/fiancé's supposed contributions/involvement in the opposing side, of which she knew nothing about

I believe it came out sometime around 2006?

\[Making a list of the movies I was shown as a child that traumatized me 😃\]",0,11,1778374716.0,0.33,True,self.movies
1t7du7c,movies,Pamela Anderson &amp; Debbie Harry To Lead Comedy ‘Maitreya’ — Cannes Market," Here’s some fun casting. *The Naked Gun* star [Pamela Anderson](https://deadline.com/tag/pamela-anderson/) is teaming up with pop icon [Debbie Harry](https://deadline.com/tag/debbie-harry/) on comedy [*Maitreya*](https://deadline.com/tag/maitreya/), which is launching at the [Cannes](https://deadline.com/tag/cannes/) market.

*Sound Of Metal* outfit Caviar is behind the movie, which will follow “Maitreya (Anderson), a rising star in the New Age Healing community who is about to head off to a conference in India when she receives a call from her estranged sister, Monica: their father is dying. Rather than stay home with him, Maitreya decides to bring her entire family – including her mother Barbara (Harry) – to the conference and put her New Age healing theories to the test (all while surreptitiously gathering material for her next book).”",46,1,1778259624.0,0.79,False,deadline.com
1t8q5xb,movies,aiutatemi a cercare un film,"**film, a colori, vampiri, la donna non può attraversare il cerchio fatto con la polvere da una saggia del posto, alla mattina la vampira cammina sul bordo del tracciato, ma non può entrare, lui le chiede di entrare, le dice ""se non e vero entra"" ma lei non può, la donna lo afferra per tirarlo fuori dal cerchio ma lui resiste, alla fine l'uomo si suicida correndo col cavallo nel burrone insieme alla donna vampiro.  mi pare dai vestiti medioevo, e anni 70 la pellicola, lo vista da ragazzino una volta sola.**",0,5,1778368508.0,0.25,True,self.movies
1t6elrd,movies,The Nice Guys (2016) | Airport hotel | Director: Shane Black,,4279,291,1778169215.0,0.92,False,v.redd.it
1t8zn65,movies,MIND BLOWING MOVIE REC,"something from either this year or past few years, i want to be shocked or interested or mind fcked…  
no movie i watch and ive seen A LOTT are good anymore  
ive seen the new netflix ones they were eh

i dont understand since everything is evolving with tech and ai shouldnt movies be getting better not worse?

idk if im the problem or there really are no good movies anymore

example: apex, thrash, send help. these were not like omg wow to me at all  
please im done with these dumb movies &amp; rewatching old ones help meh;(  
thank youuuuuu",0,36,1778396351.0,0.15,True,self.movies
1t8tx9y,movies,"You know how in big bang theory they say that in Raiders of the lost Ark, Indiana jones the hero had no effect on the outcome of the movie? What other films are like that but we haven’t realised it?","Let me start: it’s a good movie but I think its overrated because of this fact. The latest incarnation of batman, Robert Pattinson’s the Batman. Is it me or does he just follow along until the plot simply reveals itself? Let me know if it’s just me. And if there are any popular movies that do exactly the same thing. Still excited to see the sequel. ",0,61,1778378905.0,0.36,True,self.movies
1t6k76u,movies,"Mark Ruffalo and Matt Stoller: The Paramount Merger Can, and Should, Be Stopped (Gift Article)",,2069,99,1778180868.0,0.93,False,nytimes.com
1t6y5of,movies,"The Longest Day (1962) - French Assault on Ouistreham (amazing one-shot) - directed by Ken Annakin, Andrew Martin, Gerd Oswald, Bernhard Wicki and Darryl F. Zanuck",,323,35,1778216740.0,0.9,False,v.redd.it
1t8ok6w,movies,Movies with faster production times,"Idk if I’m imagining things but, this year specifically I am shocked at the amount of movies that have come out or are coming out with what seem to be short production times. The Mario Galaxy Movie, The Devil Wears Prada 2, Toy Story 5 and The Odyssey are all movies that I swear were announced like in December 2024 the earliest. Not to say that these movies weren’t in production long before the announcement or that you can’t produce a movie in a short time span but I just find it curious. Does anyone have any insight to this phenomenon and if it’s gonna become more and more common or if I’m just overthinking a nothingburger? ",0,11,1778364419.0,0.29,True,self.movies
1t6uf26,movies,Official Discussion - Mortal Kombat II [SPOILERS],"#Poll

**If you've seen the film, please rate it [at this poll](https://strawpoll.ai/poll/vote/PeoDb7gwEB2V)**

**If you haven't seen the film but would like to see the result of the poll [click here](https://strawpoll.ai/poll/results/PeoDb7gwEB2V)**

#Rankings

[Click here](https://strawpoll.ai/list/ItnAgr4mX7QR) to see the rankings of 2025 films

[Click here](https://youpoll.me/list/4/) to see the rankings for every poll done

---

## **Mortal Kombat 2 (2026)**

**Summary**

Earthrealm’s champions return to face an even greater threat as the long-awaited Mortal Kombat tournament begins, forcing fighters from multiple realms into a brutal battle for survival and the fate of humanity.

**Director**
Simon McQuoid

**Writer**
Jeremy Slater

**Cast**

* Karl Urban as Johnny Cage
* Lewis Tan as Cole Young
* Jessica McNamee as Sonya Blade
* Hiroyuki Sanada as Scorpion
* Joe Taslim as Sub-Zero
* Mehcad Brooks as Jax
* Tati Gabrielle as Jade
* Adeline Rudolph as Kitana

**Rotten Tomatoes:**[77%](https://www.rottentomatoes.com/m/mortal_kombat_ii)

**Metacritic:** [49](https://www.metacritic.com/movie/mortal-kombat-ii/)

**VOD / Release**
Theatrical release

**Trailer**
[Official Trailer](https://www.youtube.com/watch?v=ZdC5mFHPldg&amp;pp=ygUQbW9ydGFsIGtvbWJhdCBJSQ%3D%3D)",562,1744,1778205678.0,0.94,True,self.movies
1t8ogtb,movies,films about an insane crash out?,i always see clips from that one film where a woman in a blue dress is screaming and crying and throwing herself around and pouring milk on herself and just losing her shit. i need something like that where the person just goes absolutely ape shit and acts like theyve got rabies please and thank uuu,0,40,1778364178.0,0.42,True,self.movies
1t75yoa,movies,"Sony Pictures Entertainment’s Sales Boosted By Crunchyroll As It Hits 21M Subs, But Profits Dip Due To Pixomondo Shutdown",,84,6,1778241962.0,0.83,False,deadline.com
1t8o4xr,movies,"Eyes Wide Shut (1999, dir. Stanley Kubrick) – Final scene.",,0,16,1778363337.0,0.45,False,v.redd.it
1t8s8c1,movies,"Hated watching The Wolf of Wall Street, now I hate how much I love it","I started watching the Wolf of Wall Street a week ago and JUST couldn't get through with it because of the blatant objectification and commodification of women. It felt offensive in absolutely every sense. The cheating, the sex, the orgies GROSS.   
  
Initially I thought-yeah another incel man who has written women as nothing but a set of tits and holes. But today, after finally completing the movie, I get the point. Everyone in this movie is an absolutely shitty person and money to them is everything, even the women!   
  
Apart from the rape scene of Margot Robbie that really disgusted me, all these women were consensually engaging in sexual acts. They were selling their bodies for money and had no moral compass. They were okay with being used as objects as long as they were paid. One very specific scene states that the ""most expensive"" hooker you could get would only have sex with you with a condom UNLESS you PAID her extra. It's meant to make you feel disgusted, it's meant to show you just how corrupt your morals can get when money is involved.  


They hated their husbands - Donnie's wife hated him, Brad's wife Chantalle cheated on him, and Naomi, despite knowing most (if not all) of the criminal activities Jordan was engaged in, chose to leave him ONLY when he was gonna go to prison. You get to see their relationship derailing long before he gets caught. You get to see the abuse, the toxicity and her explicitly stating that she knows what Jordan has been up to. She still chooses to have 2 KIDS(!!) with a man like him. She then states that she would never let her kids near him and how much she hates him. The timing on that just wasn't right, right?  


Another instance where all their integrity gets thrown out the window is when Naomi and Donnie's wife are adamant to go to Aunt Emma's funeral, but zip their mouth within an instant when Donnie threatens to cut off her credit cards. There's so many subtle instances that show that while men were obviously sexist and misogynistic, the women were no different, and that's just how it works in the real world. Such women exist and they happily make a living feeding off the sexist, patriarchal system of this fucked up world.  
Anyways, this was my interpretation and I would love to know yours, or if you think mine is flawed in any way.",0,12,1778374102.0,0.26,True,self.movies
1t8v4mc,movies,Tarantino cameo in Django,"Robert in Django Unchained (the klan scene, not the Aussie) is easily his best cameo, you could maybe even say it's his only good cameo.

He nails that southern accent (he is from Tennessee) including pronouncing fingers ""fangers"" which is hilarious.

It's one of the funniest scenes he ever wrote as well.

I still don't know why he so desperately wanted Jonah Hill in his movie, and then stood out way more when they share one scene.",0,38,1778382385.0,0.26,True,self.movies
1t8taxg,movies,Bachelor Party is Tom Hanks best 80s movie,"Yet, no streaming service carries it.

  
There's no way there is so little demand for it that not one of them offers it.

  
If you haven't seen it, it's insane and one of the best raunchy comedies of all time.

  
You can't even buy it on Prime.

  
Amazon says the rights expired.

  
Apparently Disney+ has it in other regions, not USA.",0,40,1778377124.0,0.33,True,self.movies
1t7mmco,movies,"Casino Royale (1967) - David Niven, Peter Sellers - This is a complete mess","You know what I would really like? A miniseries documentary about the behind the scenes making of this film. 5 Directors. No script whatever. The entire cast having absolutely no idea what to do. It beats what we are seeing in the finished film.

I caught this last year and the plot is complete nonsense and unfunny to boot. There are a few saving graces though. I liked Peter Sellers. From what I read from a Bond book, he took this role wanting to impress Orson wells, and was just pissed off when Wells dismissed him.

Woody Allen says he spent most of his time on set playing Bridge and working on his play.

Anyone else here seen this?  

  ",12,22,1778278833.0,0.62,True,self.movies
1t6e2vi,movies,Ben McKenzie Wants to Protect You from Crypto with 'Everyone Is Lying to You for Money' (Unpaywalled),"Far from just being an economic endeavor, cryptocurrency has drawn a following that Ben McKenzie likens to a cult. McKenzie, an actor best known for his appearances in *The OC* and *Gotham,* became obsessed with crypto during the pandemic, using his undergraduate economics degree to dig into the emerging market. What he found wasn’t the future of wealth, but an industry based on predatory scams that warp people’s value systems and prey on the fading mythology once known as the American dream. 

So, McKenzie got the cameras up. His directorial debut, the documentary *Everyone Is Lying to You for Money*, which McKenzie directed, wrote, produced and starred in, follows the actor as he speaks to people who are deeply invested in cryptocurrency. That brings him to crypto-pilled conferences, as well as to [El Savador](https://www.playboy.com/read/lifestyle/country-running-on-bitcoin?srsltid=AfmBOoqy8ns1iIJJWAPHPZ12HhwPt46qyEkba4pH5htr9b9BGJH4LLkN), where he interviews locals who will be displaced to make room for the government’s proposed “Bitcoin City.” Along the way, he speaks to Americans who lost their investments when crypto company [Celsius went belly up](https://www.wsj.com/articles/crypto-crash-drags-lender-celsius-network-into-bankruptcy-11657758483) and even convicted crypto fraudster [Sam Bankman-Fried](https://www.justice.gov/archives/opa/pr/samuel-bankman-fried-sentenced-25-years-his-orchestration-multiple-fraudulent-schemes), whose interview truly goes from cold DM request to awkward movie magic. 

“One of the most heartbreaking things to me about crypto is that these get-rich-quick schemes often prey on our best selves,” he told *Playboy*. “They prey on the part of us that’s trying to provide for others.” 

McKenzie told *Playboy* about why people continue to put their faith in the blockchain even after being burned, how absurd it is that we’re still not taxing billionaires and why he felt validated upon Bankman-Fried’s arrest. 

Read more: [https://www.playboy.com/read/celebrities/ben-mckenzie-wants-to-protect-you-from-crypto](https://www.playboy.com/read/celebrities/ben-mckenzie-wants-to-protect-you-from-crypto)",3180,224,1778168108.0,0.95,False,playboy.com
1t6niol,movies,"'All The President's Men' Turns 50 Years Old: Half a century ago, we were riveted by that thriller focused on 2 relentless newsmen, played by Robert Redford and Dustin Hoffman, digging into seedy mysteries of the Watergate scandal -&amp; many name filmmakers believe we're ripe for a contemporary version",,1105,109,1778187971.0,0.94,False,deadline.com
1t8tw21,movies,The Book Was Better: The Cat in the Hat Review,,0,2,1778378807.0,0.26,False,youtube.com
1t6wm76,movies,"Sony Pictures Entertainment Revenue Flat for Fiscal Year 2025 at $9.9 Billion, Profit Takes Hit From Shutdown of Pixomondo VFX Division",,304,36,1778211996.0,0.89,False,variety.com
1t6lu8i,movies,"By Some Miracle, The Uncut Version of Ken Russell’s The Devils Is Finally Coming To Theaters",,1250,78,1778184361.0,0.92,False,inverse.com
1t7ct06,movies,Disney Confirms Steven Knight Oasis Doc &amp; Reveals It Will Feature First Joint Interview With Gallagher Brothers In 25 Years,"[Steven Knight](https://deadline.com/tag/steven-knight/)‘s [Oasis](https://deadline.com/tag/oasis/) documentary will hit theaters in September, featuring the first joint interview with the Gallagher brothers in more than 25 years.

[Disney](https://deadline.com/tag/disney/) has officially confirmed the doc and said it will drop for a limited theatrical run including IMAX on September 11, before moving to [Disney+](https://deadline.com/tag/disney-2/) later this year.

Reports [first emerged last year](https://deadline.com/2025/03/steven-knight-oasis-concert-film-1236325167/) of the *Peaky Blinders* creator’s documentary about one of the most famous British rock bands and their reunion tour.

Directed by Dylan Southern and Will Lovelace, the feature charts one of the most anticipated rock ‘n’ roll comebacks in a generation. It is described by its creators as an “unapologetically uplifting account of arguably the biggest musical event of 2025, capturing the experience and emotions of the band and their fans across the world.” Knight has caught footage of rehearsal, backstage and onstage, as well as the first joint interview with the brothers in more than 25 years.

Knight said: “I genuinely cannot wait for the world to see this film. I believe it captures the spirit and emotion of a global cultural moment and does justice to the wit and genius of two exceptional people. I wanted to tell the story of the brothers and the band, but just as important, the story of the fans whose lives the music has touched and sometimes changed forever. It is also the story of how music and songwriting can unite generations, cultures, countries and in a time of spite and division, give us all some reason to hope.” 

There had previouisly been reports in the UK press that Oasis had set plans to document their reunion tour for cinema audiences. They played 17 gigs last year, beginning in Cardiff in July. Tickets were in such demand that many fans were left paying hundreds of dollars more than anticipated due to “dynamic pricing” on sales websites, a practice that was subsequently investigated by a government watchdog.

The as-yet-untitled doc comes from Magna Studios and Sony Music Vision. Producers are Sam Bridger and Guy Heeley. Executive producers include Kate Shepherd, Marisa Clifford, Tom Mackay, Krista Wegener, Isabel Davis and Tim O’Shea, with Oscar winning sound mixers James Mather and Tarn Willers along with cinematographer Haris Zambarloukos leading the creative technical team. Further details, including cinema listings, will be announced soon.",26,3,1778257396.0,0.72,False,deadline.com
1t7dxsr,movies,Will Forte &amp; Tiffany Haddish Join Eric André In Action-Comedy ‘Synergy Systems’ – Cannes Market," [Will Forte](https://deadline.com/tag/will-forte/) (*The Four Seasons*) and [Tiffany Haddish](https://deadline.com/tag/tiffany-haddish/) (*Girls Trip*) are set to star alongside Eric André in [*Synergy Systems*](https://deadline.com/tag/synergy-systems/), the action-comedy we [first reported on in March](https://deadline.com/2026/03/eric-andre-to-star-synergy-systems-toby-harvard-1236765580/) that is launching sales at [Cannes](https://deadline.com/tag/cannes/) with Cinetic Media and WME Independent.

Marking the feature directorial debut of Toby Harvard, a writer known for titles like *The Greasy Strangler* who will work from his own script, *Synergy Systems* is billed as a punk, action-charged, near-future thriller in which terminally indecisive data analyst Bemis (André) uncovers that his employer, Synergy Systems, is a front for an apocalyptic doomsday plot. He’s then forced to do the unthinkable: step up as humanity’s last line of defense. The catch? He’s spineless, spectacularly unqualified, and wildly unprepared to save the world.",26,3,1778259818.0,0.72,False,deadline.com
1t8pe20,movies,Are there any black movies that are rated G?,"I'm working on a project and looking for black movies that are rated G. I haven't been able to find many, so I figured I'd crowdsource here. For the purposes of the project, ""Black movie"" can be defined pretty loosely. The list I have so far is:

Cinderella (Brandy version, though this is made for TV and technically unrated)  
Princess and the Frog  
The Wiz  
A Goofy Movie (This is a stretch, but the inclusion of Tevin Campbell counts for the purposes of the project.)",0,50,1778366490.0,0.4,True,self.movies
1t8m42t,movies,"Wild Wild West, one of those good bad movies.","I acknowledge that it's not perfect but you gotta be miserable not to have fun watching this. Just finished watching right now and it flew by, such goofy fun it's a real shame they don't make films like this anymore instead modern films are just remakes, sequel slop. Hidden gem. Anyone else remember watching this??",0,16,1778359628.0,0.32,True,self.movies
1t8byd2,movies,"[TOMT] TV movie (late 2000s) – teen accused of murder, neighbor’s son is real killer, father finds body buried in basement/cellar","Post:

I’m trying to identify a TV movie I saw years ago (likely US/Canadian production from the late 1990s to early 2000s).

I’ve tried reconstructing the plot as accurately as possible. I may be slightly off on minor details, but the core story is very clear in my memory.

Plot summary:

A teenage girl goes missing (or is already dead when the story begins).

A teenage boy (around 16–20 years old) is accused of her murder and sexual crime

His father strongly believes he is innocent and investigates on his own.

The neighbor appears to be a perfect, wealthy family.

The neighbor’s son is actually the real killer.

The neighbor’s father is an attorney and helps cover it up.

Key events:

The story focuses on proving the accused boy’s innocence rather than a police investigation.

The father secretly digs at night in a basement/cellar area under or near a house.

He eventually discovers the victim’s body buried in a plastic bag (transparent or clear)

Ending:

A flashback shows the actual murder (involving alcohol and a group situation that escalates into sexual violence).

The real killer is arrested in a police car.

Additional notes:

No courtroom or prison storyline shown

No well-known actors (as far as I remember)

Focus is mainly on family suspicion and uncovering the truth

Seen years ago as a digital file, not broadcast live

If anyone recognizes this, I would really appreciate the help. This has been stuck in my memory for years.

Thanks if you can help me with this !",0,19,1778349321.0,0.31,True,self.movies
1t8t7zn,movies,Did Napoleon Dynamite mean anything? I understood next to nothing about it.,Just watched it for the first time and I don't really understand why its so famous. It felt really surreal/ like a fever dream to me. Almost everyone in it talks like they're half asleep or something. I didn't enjoy it that much either I thought it'd be better. Some parts were funny tho. If you like this film why so? Id give it 3/10,0,79,1778376885.0,0.3,True,self.movies
1t6fdis,movies,Kickboxer (1989) | Dir: David Worth | Jean-Claude Van Damme busts a groove,,1685,292,1778170809.0,0.91,False,v.redd.it
1t7neit,movies,"Black Bear And Artists Equity Partner With Big Picture Co. On ‘A Woman In The Sun’ Starring Renée Zellweger, Sissy Spacek And Mia Threapleton","*A* *Woman in the Sun* follows a month in the life of Claire Keating, a bartender on Nantucket and part of the island’s dwindling middle class. When her mother gets sick and her daughter moves home, Claire’s world cracks open. Both fragile and tough, Claire must reckon with her past and take ownership of her future. This multi-generational story explores the beauty, agony, and hilarity of loving other people deeply.",4,1,1778280811.0,0.6,False,deadline.com
1t8b0zj,movies,Need family-friendly movie recommendations,"Need good movies/series to watch with family.

Nowadays almost every recommendation has unnecessary abusive language or NSFW scenes, which gets awkward watching with parents.

Looking for genuinely good and clean movies/series with strong story and minimal adult content. Any genre works.

I'm 21 and my parents are 40-45yo
Drop your best recommendations.",0,40,1778347260.0,0.38,True,self.movies
1t71v4y,movies,Jonathan Bailey and Natalie Portman to Star in Thriller ‘Pumping Black’ for Anton (EXCLUSIVE),,81,22,1778229079.0,0.82,False,variety.com
1t7f26s,movies,"Movie ""Mix-Tape"" Soundtracks","Another thread inspired this question:

I'm taking about movie soundtracks that are good representations of the era when the movie came out. No original songs. No oldies. Just songs from that era:



From the 80's

* Top Gun
* Footloose
* Fast Times...
* Beverly Hills Cop..
* etc



For the 90's:

* Empire Records
* Clueless
* Reality Bites
* Romeo+Juliet
* Singles
* etc

  
But I can't think of many examples from the 2000s and onwards. Maybe:

* Garden State
* Twilight
* Juno

  
Is this trend dying out or am I just too out of touch?",13,56,1778262122.0,0.7,True,self.movies
1t7bpct,movies,Leigh Whannell director's commentary on the film Upgrade(2018) is absolutely hilarious and a delight to listen to,"I don't listen to director audio commentaries often but I threw on Upgrade with Leigh Whannell director's commentary and wow, it was informative of course but Leigh is also very funny:

About third way in he starts to struggle with if he should just keep talking or let the viewer watch the movie so he sits in silence for about a minute but then remembers it's directors commentary and continues lol

There are many little moments like this and it made me want to see out more of his films and listen to the other commentaries 

Give it a chance! ",22,11,1778255021.0,0.82,True,self.movies
1t89szt,movies,"Putting together a Family Feud-Style section for a Movie Trivia, and I'd appreciate help surveying for answers.","As the title suggests, I am putting together a movie trivia, and I want to include a Family Feud-style section. I've put together a small form with 8 questions that trivia participants will have to match to the top-surveyed answers. 

The survey does not collect any personal information from anyone submitting it. I am not farming email addresses or anything. I am simply crowd-sourcing responses to some silly movie-themed questions. 

If you have a minute or two, I would hugely appreciate your help. Let me know if you have any questions, and if there's any interest in the response data, I am more than happy to post that as well once I've processed it.  

**Survey Link - ** https://forms.gle/FsHk5UCP86QLez4T7",0,4,1778344563.0,0.38,True,self.movies
1t89kos,movies,Movies depicting current warfare tech?,"I’ve seen a lot of great war movies based in Iraq, Vietnam, and WW2, but I haven’t really seen any recent war movies that show the newer tech being used in warfare today. Does anyone know of some good ones?

Hbxjsiwbshxuudhseheidjdjqoqoakdnxbhwhwhhsgsggdjfkdoejsbddkkdhehsuushdhsiwiwuyehebdnsmxjjcskkjz",0,36,1778344032.0,0.37,True,self.movies
1t8ayt1,movies,Alien Romulus (2024),"Just finished my first watch today, and overall I’d say this film is pretty solid. It definitely has some big strengths, but sadly it didn’t quite scratch the same itch as a few of the originals. That said, it’s definitely not a disrespectful or lazy continuation of the series. You can tell they attempted to capture that Sigourney-style character and atmosphere, which I can definitely appreciate.

I think the cinematography and effects are probably its biggest strengths. Still, it felt like something was missing, and I was hoping some of you might have the answer for what that was. It’s like the issue was hiding in plain sight for me xd.

To put the cherry on the cake, i found Bjorn to be incredibly annoying, but from research ive seen it was meant to be that way so kudos to him. (Im sure he's a top bloke)

  
Thanks for reading and let me know what you think it was that didnt tick the box for me. Cheers ! 

",0,32,1778347129.0,0.42,True,self.movies
1t7e1lc,movies,The Last Picture Show (1971) Directed by Peter Bogdanovich (Sam's monologue),,13,5,1778260033.0,0.61,False,youtu.be
1t7gelq,movies,"Hoffa, by Danny deVito. A good bad movie?","Let's start with this: I love this movie and the acting by Nicholson. Having studied and read about Hoffa, teamsters, mob and the Kennedy era. Love Kevin Anderson's Bobby Kennedy. But to be true, there are so many weird things about this movie and directorial decisions, like the kids on the Congressional hearing (why the hell would kids be there?), the lame forest scene with the yellow background and many other things that look really low-budgety. 

The movie was made and interrupted by the Rodney King riots, but there are some things that look like a very indie film just grabbing by its nails to survival during filming. Casting has amazing and terrible decisions. 

Opinions?",10,25,1778264928.0,0.58,True,self.movies
1t6uf3r,movies,Official Discussion - The Sheep Detectives [SPOILERS],"#Poll

**If you've seen the film, please rate it [at this poll](https://strawpoll.ai/poll/vote/LzHEpUGO4Ytg)**

**If you haven't seen the film but would like to see the result of the poll [click here](https://strawpoll.ai/poll/results/LzHEpUGO4Ytg)**

#Rankings

[Click here](https://strawpoll.ai/list/ItnAgr4mX7QR) to see the rankings of 2025 films

[Click here](https://youpoll.me/list/4/) to see the rankings for every poll done

---

## **The Sheep Detectives (2026)**

**Summary**

A flock of unusually intelligent sheep begin investigating a string of mysterious events threatening their quiet countryside community, uncovering secrets that place both animals and humans in danger.

**Director**
Kyle Balda

**Writer**
Craig Mazin

**Cast**

* Hugh Jackman
* Julia Louis-Dreyfus
* Molly Gordon
* Emma Thompson
* Nicholas Galitzine
* Bryan Cranston
* Brett Goldstein
* Regina Hall
* Patrick Stewart
* Bella Ramsey
* Chris O'Dowd
* Rhys Darby
* Tosin Cole
* Hong Chau
* Nicholas Braun

**Rotten Tomatoes:** [96%](https://www.rottentomatoes.com/m/the_sheep_detectives)

**Metacritic:** [69](https://www.metacritic.com/movie/the-sheep-detectives/)

**VOD / Release**
Theatrical release

**Trailer**
[Official Trailer](https://www.youtube.com/watch?v=pyZI5oM6hWk)",185,518,1778205682.0,0.94,True,self.movies
1t6ci5s,movies,"Sahara (2005, dir. Breck Eisner) Dirk Pitt (Matthew McConaughey) executes Panama maneuver","&gt;Rudi Gunn: What's a Panama?

&gt;Al Giordino: It's a Navy thing.

&gt;Rudi Gunn: I didn't know you were in Panama.

&gt;Al Giordino: We weren't in Panama, we were in Nicaragua.

&gt;Rudi Gunn: So why do you call it a Panama?

&gt;Al Giordino: Because we thought we were in Panama!

'Sahara' was a fun adventure movie that didn't take itself too seriously. The supporting cast was great as well, with people like William H. Macy, Steve Zahn, Penélope Cruz, Rainn Wilson, Lennie James, Lambert Wilson &amp; Delroy Lindo.",1503,270,1778164785.0,0.93,False,v.redd.it
1t6xmp6,movies,"Some movies don’t become your favorites because they’re masterpieces, they become your favorites because they arrived at the exact moment you needed them.","For me, The Secret Life of Walter Mitty wasn’t a masterpiece in the traditional sense, but it arrived at a moment in my life when I desperately needed motivation and a reminder to take risks. It wasn’t the flawless storytelling that made it memorable, it was the way it pushed me to rethink my comfort zone. Because of that, it stayed with me far more than many technically ‘better’ films ever did.",110,64,1778215061.0,0.87,True,self.movies
1t7mfjh,movies,Barbarella (1968) - Killer dolls scene - directed by Roger Vadim,,5,13,1778278415.0,0.53,False,v.redd.it
1t6n3pz,movies,Paul Mescal and Jessie Buckley to Reunite After ‘Hamnet’ for Benh Zeitlin’s Outlaw Romance ‘Hold On to Your Angels’,,402,45,1778187056.0,0.86,False,variety.com
1t85mtu,movies,I like to think we’re already living in a Coherence type reality.,"Not in the obvious sci-fi way with glowing timelines and cometss… but in subtle ways.

What if people slowly drift between slightly different realities without noticing??

What if that strange feeling of:

* “you used to be different than this”
* “I remember this another way”

isn’t always just nostalgia or bad memory?

In Coherence, nobody realizes reality has fractured at first because everything is almost identical.

That’s what makes it terrifying.

And honestly, modern life already feels like that sometimes.",0,10,1778334802.0,0.41,True,self.movies
1t85jo7,movies,ballet movie,"does anybody remember that ballet movie i think was on netflix some years ago about a young girl who goes to live with her dad and she has to find a new ballet school. when she does her teacher is like super strict and there are like a group of mean girls. then there’s another girl (i think her name was roslyn or something) and she was the stepsister of one of the mean girls. when they are auditioning for this dance thing they fail to make it, but then get accepted because another team got caught copying another dance?? if someone could please help me find this movie that would be great !!!",0,2,1778334575.0,0.22,True,self.movies
1t85eaw,movies,(TOMT) movie about puerto rican teens in the 80-90’s in old new york,"So im trying to find this movie. I remember it was based in the 80’s-90’s in NYC. So these kids are chilling and then a girl gets up leaves because they try to rape her. One person goes out with her and they end up having sex in a car. I remember that a policeman was giving them advice and was very fond of that one person, the rest of the gang didnt like him.  
Also there is a scene that was funny where the guy (a chubby puerto rican, i think) puts his ass on the glass and shakes it. They got kicked out because it was the main character’s dads restaurant. 

I cannot find the damn movie ANYWHERE. Thanks!!",0,11,1778334201.0,0.31,True,self.movies
1t7i5dr,movies,Black Swan (2010) dir Darren Aronofsky | Transformation &amp; End,,9,21,1778268719.0,0.55,False,v.redd.it
1t86c7w,movies,Hollow Road,"I just want to hear everyone's thoughts on the ending in hollow road.

I myself think the phone calls in the car never happened - that it was a psychotic break and a way for the mother to cope - trying to tell herself she did everything she could.

The face changing part, the noises, the fairy stealing her into the woods. Yeah - I could also go that way.

My brain hasn't decided which way to learn - going to watch it again.

Does anyone else have different thoughts or theories?",0,0,1778336508.0,0.23,True,self.movies
1t6e9j9,movies,What movie adaptation absolutely nailed the casting?,"I'll start things off with Watchmen. I especially didn't expect Billy Crudup to play such a detached Dr. Manhattan, and I had no idea who Jackie Earl Haley was prior to the movie.

An ""easier"" pick would be something like Lord of the Rings, but I do think (for the sake of discussion) that shouldn't necessarily count since Jackson decided to change the ages of the characters so much. Don't yell at me, just trying to get the discussion going!",652,874,1778168507.0,0.89,True,self.movies
1t6dat9,movies,New Poster for 'Minions &amp; Monsters',,692,100,1778166459.0,0.86,False,i.redd.it
1t77tl7,movies,"""Swapped"" is the first success from Skydance Animation","Currently the film has 72% critics score on Rotten Tomatoes, 87% audience score, 7.3/10 on IMDb and a new Netflix viewership data - no. 2 movie globally on Netflix and 15.5 million views in 3 days, marking it the biggest animated opening for Netflix since ""Leo"" in 2023. I think we can say it's a first good movie from Skydance Animation. Maybe not great, maybe not the one you will remember for a long time, but still, a good movie. Now I am even more hopeful for Brad Bird's ""Ray Gunn"" coming later this year on Netflix.",10,9,1778246544.0,0.59,False,whats-on-netflix.com
1t88rvd,movies,Where can I legally watch Baba (2002) remastered version?,"https://preview.redd.it/ddtahfi4w40h1.png?width=452&amp;format=png&amp;auto=webp&amp;s=74fdfa8621493111c68c5cc844c6f3dce6a98cda

Hi everyone,

I’m looking to watch the remastered version of the film Baba.

Does anyone know if it’s available on any official streaming platforms (like Amazon Prime Video, YouTube Movies, Sun NXT, etc.) or for digital purchase anywhere?

Would appreciate any guidance on where I can watch it legally in good quality.

Thanks in advance!",0,0,1778342205.0,0.16,True,self.movies
1t6jvet,movies,"Jeff Daniels, Joel Edgerton, Caleb McLaughlin &amp; Nnamdi Asomugha Join Netflix’s AI Thriller From Joseph Gordon-Levitt",,270,77,1778180192.0,0.87,False,deadline.com
1t6qxxy,movies,"‘Remarkably Bright Creatures’ Review: Sally Field &amp; Lewis Pullman Bond Over A Cranky Octopus In Funny, Wise And Moving Book Adaptation",,109,73,1778196249.0,0.88,False,deadline.com
1t5rj1f,movies,"Ten years later, the cult of ‘The Nice Guys’ keeps growing",,14247,907,1778105205.0,0.94,False,apnews.com
1t6wkos,movies,Small Roles Of Famous Actors Others Might Not Have Noticed?,"I love spotting actors in older films I hadn't noticed before, like Breaking Bad's Hank being in Total Recall.  
My favourite is that Rik Mayall is playing chess against Brian Glover in the Slaughtered Lamb pub ""An American Werewolf In London""  
What's your favourite small role a famous actor has played that others might not have noticed?",43,417,1778211874.0,0.74,True,self.movies
1t6nsas,movies,ANOTHER WORLD | Official Trailer,,142,15,1778188569.0,0.86,False,youtu.be
1t6rmjq,movies,"The Red Shoes (1948, dir. Michael Powell &amp; Emeric Pressburger) – ""The Ballet of the Red Shoes"" Sequence.",,91,12,1778198043.0,0.82,False,v.redd.it
1t8jzv7,movies,Dark fantasy movies about c*rsed protagonists,"What the title says: I'm looking for dark fantasy movies like Pan's labyrinth or Corpse Bride, where protagonist(s) are cursed with strange  and/or painful fates that have been wrongfully placed on them. Only, I want stories that break the curse, but even more the stories that DON'T - a.k.a the protagonist continues carrying their fate, so it's not a happy ending really. I welcome both types of endings but prefer sad ones. Thanks. :)",0,41,1778357932.0,0.02,True,self.movies
1t69nxp,movies,"Melissa Barrera to Lead Horror Feature ‘Inhabit’ From Adam Alleca, Sales Launching in Cannes With Logical Pictures (EXCLUSIVE)",,629,68,1778158362.0,0.82,False,variety.com
1t811e6,movies,Good bingeable franchises?,"Hey guys 

I'm looking for something  to watch that I haven't seen or haven't seen in a long time..

What are some good bingeable fun franchise?

We got stuff like 

Star Wars

Back to the future

Lord of the rings

Harry Potter 

And stuff like that but ive seen those a hundred times can you guys name me some good feel good franchises like those?

By feel good I just mean no dramas or horror movies or anything but action is fine, comedy ,adventure etc..",0,53,1778321700.0,0.29,True,self.movies
1t70s7q,movies,What’s a movie that could be great but has one thing holding it back?,"Maybe it’s a plot point, an actor, an odd choice, etc. that took it from “great” to “good”. Or it’s a movie that you would have enjoyed, if not for that one thing that ruined it for you.

For instance, I saw *Mortal Kombat II* (2026) last night. I wanted to have a good time, but I couldn’t fully enjoy it because of the fight scenes—specifically, the physicality. The choreography was actually good, but the way the actors moved/were shot looked so slow and awkward at times.  Most of the movie was fighting, so it took me out of it.

Another example could be *Law Abiding Citizen* (2009), a potentially great movie, had it not been for that ending.",14,154,1778225323.0,0.6,True,self.movies
1t6hiw8,movies,"First Image from James Gray's 'PAPER TIGER' Starring Adam Driver, Scarlett Johansson and Miles Teller - Two brothers pursue the American Dream but get entangled in a dangerous Russian mafia scheme that terrorizes their family, testing their bond as betrayal becomes possible.",,230,37,1778175297.0,0.89,False,i.redd.it
1t64yu5,movies,I want more movies where nothing happens but everything matters,"Found some indie film last night about two people walking through a city having a conversation for 90 minutes. No car chases, no villains, just dialogue. Finished it feeling calm instead of exhausted, which surprised me.

Does anyone have a recommendation for another quiet movie where the conflict stays small and human?",953,1096,1778144606.0,0.88,True,self.movies
1t7gg00,movies,What is a movie that deals with perfectionism?,"I work with a community of young people that really struggle with perfectionism, some of them to a very crippling degree. I would love to hear some suggestions from this community on films you've seen that deal with this topic. I'm not necessarily looking for movies to show members of the community I work with, as a way to help them, although that would obviously be nice, but I would also like to find a variety of films that deal with perfectionism (even if they are unique or abstract). Thanks ",3,43,1778265014.0,0.57,True,self.movies
1t6qzqv,movies,"Chris O’Dowd, Jane Fonda, Ciarán Hinds, John C Reilly &amp; Tom Hollander Leading Terry George Political Thriller ‘Ceasefire’ About Northern Ireland Peace Process; Bankside Launches For Cannes Market","*Ceasefire* is based on the true story of Niall O’Dowd, who is described by producers as “the courageous Irish-American journalist who gambles everything to broker a secret backchannel between the IRA (Irish Republican Army) and a wary Clinton administration…As bombings, political betrayal, and mistrust close in, he risks his life to secure a lasting ceasefire between the deadliest enemies.”",62,1,1778196378.0,0.81,False,deadline.com
1t7z885,movies,What movie ending literally broke your brain and still lives rent-free in your head?,"I just rewatched *I Saw the TV Glow* and I’m officially staring at a wall. I feel like some movies don’t just end; they just leave you sitting there in the dark like ""...now what?""

Whether it’s a classic twist that changed your whole perspective or one of those new 2026 releases that left things way too ambiguous (looking at you, *Send Help*), I need to know which ones actually haunted you!!",0,22,1778315781.0,0.36,True,self.movies
1t7wg6y,movies,What movie do you always recommend? I am ready to watch on Sunday!,"I’m currently staring at my TV screen, paralyzed by the ""Sunday afternoon choice-fatigue.""  
I’m looking for that **one** movie you recommend to *everyone*. Not necessarily the ""best film of all time"" according to critics, but the one that never fails.  
Drop your ""holy grail"" recommendation below. Why that one?",0,67,1778306482.0,0.45,True,self.movies
1t87on2,movies,Big problems in absolute classic movies?,"I was just watching \*Alien\*, and noticed that the rodent-sized alien grows to full size in the span of hours. It didn't even consume anything which would provide it with the mass grow at all.

  
I'm wondering what other problems I've ignored in movies due to the fact that when I first watched them, I was too young to do much critical thinking.",0,38,1778339672.0,0.15,True,self.movies
1t6ufb6,movies,Official Throwback Discussion - The Mummy Returns [SPOILERS],"# As an ongoing project, /r/movies will be posting Throwback Discussion threads weekly for the movies that came out this same weekend 25 years ago. As a reminder, Official Discussion threads are for discussing the movie and not for meta sub discussion.

---

## **The Mummy Returns (2001)**

**Summary**

Adventurer Rick O’Connell and his family face a resurrected Imhotep once again when an ancient evil tied to the legendary Scorpion King threatens the world.

**Director**
Stephen Sommers

**Writer**
Stephen Sommers

**Cast**

* Brendan Fraser as Rick O’Connell
* Rachel Weisz as Evelyn O’Connell
* John Hannah as Jonathan Carnahan
* Arnold Vosloo as Imhotep
* Oded Fehr as Ardeth Bay
* Dwayne Johnson as The Scorpion King

**Rotten Tomatoes:** [46%](https://www.rottentomatoes.com/m/mummy_returns)

**Metacritic:** [48](https://www.metacritic.com/movie/the-mummy-returns/critic-reviews/)

**VOD / Release**
Theatrical release

**Trailer**
[Official Trailer](https://www.youtube.com/watch?v=3yXjs7BUKYc&amp;pp=ygURdGhlIG11bW15IHJldHVybnM%3D)

---",33,70,1778205697.0,0.76,True,self.movies
1t79x59,movies,AMA/Q&amp;A Announcement - Tyree Dillihay - Monday 5/11 at 3 PM ET - Director of 'GOAT',,5,3,1778251212.0,0.57,False,i.redd.it
1t72ly6,movies,Crouching Tiger Hidden Dragon--what would you do against fate?,"I remember watching this when it came out so long ago. I was just a child then. I had no ideas of what the movie was about. Now, as a some 30 year old, having gathered much more life experience and watching this again, this movie is an absolute gem. As the title would suggest, the entire movie in my opinion is based on the premise of fate.

I've seen a few people talk about it being about power, about femininity, love and romance, and while those can be be part of it, the main theme is about fate and one fights against it.

The story revolves around Jen and how she deals with her fate and destiny. At the core of Jen, she wants freedom, the freedom to not just love authentically, but to live. I want to point out two objects and what they represent. The green sword--this blade is her freedom. In the other, her comb, her destiny. However, misfortune would only befall her whenever she possessed the blade. I've read that, from the romantic perspective, she was unable to wield the blade because she was destined by a life womanhood, and while this right, the highest theme is above even this and the reason she was unable to wield it represent the disorder that would be caused from any person who sought freedom from their destiny, which would bring order.

Jade and Yu, the two characters who were faced with the same question as Jen. Jade took the sword, and Yu took the comb. Jades freedom brought only suffering to herself. Women weren't allowed to be taught. Her freedom cost her everything. This isn't just about not being able to learn fighting. It's about a dream that cannot be fulfilled.

Yu on the hand, resigned herself to uphold her previous lover's image. She couldn't love again. She, bound by fate, was unable to live, to love again. The polar opposite to Jade. Her existence is ruled by expectation. What is life without a dream, without hope, to have something worth living for?

In the end, Yu gives it away in a single sentence. No matter what, be true to yourself. There is no judgement, only a story about being human. All three women weren't wrong in how they chose to live. They were only faced with a question and answered it their own way. What would you do against fate?",8,4,1778231632.0,0.64,True,self.movies
1t7p5ku,movies,The Mist(preference as to the movie or book?),"If you watched 2007s ‘The Mist’, a movie based on Stephen King’s short story by the same title, you may be surprised to learn that they changed the ending for the movie(for Stephen King adaptations, this is practically every film) A lot of people complained about the movie’s end, as it drags the suspense off a cliff, but I always liked it.  I like it even more after reading the short story, wherein the ending Stephen King originally wrote doesn’t suit the suspense and shock value of this violent thriller.  I’d say the film is more entertaining than the short story for these reasons, but reading 178pages isn’t something I’d regret as time wasting.  It’s interesting to have a different outcome to the film I first watched nearly 20 years ago.",0,19,1778285298.0,0.44,True,self.movies
1t5jrdc,movies,‘Superman’ Sequel ‘Man Of Tomorrow’ Adds Matthew Lillard to Cast,,15914,913,1778088642.0,0.96,False,deadline.com
1t82v3l,movies,Who is your 4th favourite foreign language director of photography?,"I am currently curating a list of the most influential cinematographers in global cinema and wanted some community feedback. My absolute favorite foreign language director of photography is Chung Chung-hoon. His work on The Handmaiden and Oldboy is a masterclass in visual storytelling.

The way he uses bold, saturated colors and precise, kinetic camera movements creates an atmosphere that is both visceral and hauntingly beautiful. His ability to shift from the gritty tension of Korean neo-noir to the lush, sweeping elegance of period dramas shows an incredible range that few can match.

I’m curious to know: who is your fourth favorite DOP, and what specific film made you fall in love with their visual style?",0,15,1778327479.0,0.22,True,self.movies
1t6o854,movies,"Starz Exits Pay-2 Deal With Universal, As Network Revists Content Costs",,59,8,1778189582.0,0.8,False,deadline.com
1t6i2g5,movies,Tony Leung Doesn’t Want a Challenge. He Wants a Director He Can Trust. (Gift link),"“Tony is just like me, very quiet and very introverted. He has such wonderful eyes that speak,” John Woo said via email. “You don’t need to hear him say any words but with just his gaze, he is able to convey such a strong emotion. Everyone considers Daniel Day-Lewis to be one of the most talented actors who ever lived, and in Hong Kong we have Tony Leung, that’s how great he is.”",109,9,1778176408.0,0.85,False,nytimes.com
1t73xd1,movies,Why are solo writer and director so rare in animated films,"Directors who single handedly write and direct their own films are everywhere in live action films, but is very rare in animated films. The only animation filmmaker i can name that wrote and direct their films alone is Brad Bird and that's it. Also maybe Adam Elliot but his films are a lot less known than Brad Bird's ",6,25,1778236017.0,0.58,True,self.movies
1t6l8mp,movies,"[What if] You could make an uncredited cameo appearance in any movie, past or present – in what film (scene) do you appear and what are you seen doing?","I know the word ”cameo” is usually reserved to famous people or people in the business, but for the sake of entertaining the thought, everyone gets a free cameo-pass for a single movie :)

I’ll begin. I would have loved to be a part of Stanley Kubrick’s Eyes Wide Shut (1999), specifically in the scene (or series of scenes) where Tom Cruise’s character in all his thrilled naïveté walks through the halls of the castle party, and I would have been one of the masked participants he observes.",70,213,1778183102.0,0.78,True,self.movies
1t6uf6u,movies,Official Discussion - Billie Eilish: Hit Me Hard and Soft - The Tour Live in 3D [SPOILERS],"#Poll

**If you've seen the film, please rate it [at this poll](https://strawpoll.ai/poll/vote/Y302tCWmymSF)**

**If you haven't seen the film but would like to see the result of the poll [click here](https://strawpoll.ai/poll/results/Y302tCWmymSF)**

#Rankings

[Click here](https://strawpoll.ai/list/ItnAgr4mX7QR) to see the rankings of 2025 films

[Click here](https://youpoll.me/list/4/) to see the rankings for every poll done

---

## **Billie Eilish: Hit Me Hard and Soft (2026)**

**Summary**

An intimate concert documentary following Billie Eilish as she performs songs from her album *Hit Me Hard and Soft*, blending live performances with behind-the-scenes footage and personal reflections on fame, creativity, and life on tour.

**Director**
James Cameron, Billie Eilish

**Rotten Tomatoes:** [87](https://www.rottentomatoes.com/m/billie_eilish_hit_me_hard_and_soft_the_tour_live_in_3d)

**Metacritic:** [73](https://www.metacritic.com/movie/billie-eilish---hit-me-hard-and-soft-the-tour-live-in-3d/)

**VOD / Release**
In Theaters

**Trailer**
[Official Trailer](https://www.youtube.com/watch?v=9ElURjcuWLQ&amp;pp=ygUbYmlsbGllIGVpbGlzaCBtb3ZpZSB0cmFpbGVy)

---",21,124,1778205689.0,0.59,True,self.movies
1t8ghdy,movies,Kill Bill 1 &amp; 2 could have been a 1 hour movie,"Rewatched Kill Bill for the first time since release. Vol. 1 &amp; 2 together has maybe one hour of actual story in there. The rest is style, soundtrack, slow walks, foot shots, dramatic staring, and revenge vibes stretched into a two-film self-indulgent victory lap. The visuals are incredible and some scenes are iconic, but Tarantino absolutely milked two full movies out of what’s basically one long, very cool montage with swords. Do you agree?",0,44,1778355209.0,0.1,True,self.movies
1t6rk44,movies,What are some of the most controversial movies made?,"I was little curious to what are some films that often shake film circles or make people outraged. Also, if it wouldn't be too much, I'd like to know why the film was so controversial and what level of controversy it caused. I've tried other places to ask but I often get very generic. I'd like to try my luck with this subreddit.",26,205,1778197860.0,0.61,True,self.movies
1t6uf92,movies,Official Discussion - The Christophers [SPOILERS],"#Poll

**If you've seen the film, please rate it [at this poll](https://strawpoll.ai/poll/vote/AGmKK7OqBfu2)**

**If you haven't seen the film but would like to see the result of the poll [click here](https://strawpoll.ai/poll/results/AGmKK7OqBfu2)**

#Rankings

[Click here](https://strawpoll.ai/list/ItnAgr4mX7QR) to see the rankings of 2025 films

[Click here](https://youpoll.me/list/4/) to see the rankings for every poll done

---

## **The Christophers (2026)**

**Summary**

The estranged children of a once-famous artist reunite after his death, only to uncover long-buried tensions and secrets that force them to reevaluate their family legacy.

**Director**
Steven Soderbergh

**Writer**
Ed Solomon

**Cast**

* Ian McKellen
* Michaela Coel
* James Corden
* Jessica Gunning

**Rotten Tomatoes:** [96%](https://www.rottentomatoes.com/m/the_christophers)

**Metacritic:** [80](https://www.metacritic.com/movie/the-christophers/)

**VOD / Release**
Theatrical release

**Trailer**
[Official Trailer](https://www.youtube.com/watch?v=m2d1x7VuDmo&amp;pp=ygUQdGhlIGNocmlzdG9waGVycw%3D%3D)",18,20,1778205693.0,0.72,True,self.movies
1t5vmsh,movies,Tammy and the T-Rex (1994) - School Fight scene - directed by Stewart Raffill,,1808,384,1778115560.0,0.9,False,v.redd.it
1t7rmsr,movies,Dolls (1986) - Stepmom scene - directed by Stuart Gordon,,0,7,1778292134.0,0.41,False,v.redd.it
1t6d3bk,movies,Minions &amp; Monsters | Final Trailer,,126,79,1778166035.0,0.71,False,youtu.be
1t6d0o4,movies,Rich Man's Frug dance sequence from Sweet Charity (1969) - Dir. by the great Bob Fosse,,116,9,1778165882.0,0.83,False,youtube.com
1t6x9iw,movies,What's a cartoon movie you liked since forever?,"Kiki Delivery service and Coraline were my favorite since i was a kid, I always related with witchy stuff, but Coraline was wayyyy better, the thriller, the mysterious... It makes me frightened and I don't get tired at all of this movie...

With Kiki delivery service is the opposite, I feel relaxed but I still feel the witchy cute vibes, and I love how she connects with her inner self, i love it sm ",10,72,1778213899.0,0.63,True,self.movies
1t6xsho,movies,The Celebration (must watch if you liked Melancholia),"I just rewatched this film tonight. It had a huge impact on me years ago, and honestly, I was worried it wouldn’t hold up on a second viewing. I’m happy to say I was completely wrong.

What surprises me most is how inaccessible it is. I ended up subscribing to Mubi as I couldn’t find it on any of the major streaming platforms. Between this film and my love for Lars von Trier, I wanted to mention it here for anyone who appreciates this kind of filmmaking (Dogma95). The closest comparison I can make is that it feels like watching Melancholia without the budget with a small a dose of optimism. It has that same rawness and emotional honesty...an unflinching look at the human condition and the absurdity of life. Unlike Melancholia,, though, it allows for moments of dark humor that I find missing from Trier's films, not a complaint of Trier. All of the characters are insufferable in the best possible way, but if you loved Melancholia or von Trier’s work in general and somehow missed this one, I highly recommend it. ",7,1,1778215577.0,0.67,True,self.movies
1t7jlun,movies,"What films feels structured like a video game, almost like playing one ?","I know Mad God feels like an adventure of multiple levels, almost like an Indie game. But Mad God is really only one of a kind

I know (the most ""videogame-ish"") games didn't really create their own kind of narration, but then it felt more innovative in gameplay, but that's precisely these inspiring movies I'd like to find. The most striking example being Mamoru Oshi's Angel's Egg, very similar from Soulsborne/FromSoftware narration.

  
""Well that's impossible, you forced your inspirations into the film"" Sure but you could say that about any art ever. Otherwise, just see question as such :

\- What films have the least common visual-storytelling, that is currently more evocative of videogames ? 

\-What films clearly inspired such and such games ? 

\-What films seem to reproduce videogame mechanics (Iron Lung as the most faithful adaptation?) ? 

\-**What films you could literally see be adapted into a game ?**

please don't just answer any westerns for Red Dead Redemption, that would be a bit boring. Sony games and relatives do not really count and feel more cinematic/filmic than the films I've cited there \^",0,60,1778271953.0,0.47,True,self.movies
1t5ghp7,movies,Rush (2013) - Niki Lauda gets doubted for being an F1 driver,,9488,538,1778081852.0,0.95,False,v.redd.it
1t7mui5,movies,"How should I filter the movies from TSPDT: Top 1,000 Greatest Films?","I've gotten many different suggestions from people around me who like movies that should check out They Shoot Pictures, Don't They?: Top 1,000 Greatest Films. While I do trust the credibility of this list, I'm not sure I just want to go from 1000 to 1. What would you all recommend I do to try and tackle this list?",0,3,1778279407.0,0.46,True,self.movies
1t6l0q7,movies,Toys (1992) Available Digitally,"For a long time the movie Toys (1992) has been unavailable to purchase physically or digitally unless you buy a used (sometimes expensive) DVD. Now Toys is being released digitally and in HD. Right now it's been on Apple/iTunes for the past half month for $14.99. It's coming to Fandango At Home on June 4. It will likely come to other streaming retailers soon (Google, Amazon Prime, Etc.) as well.

I don't know about an eventual physical release, but I am glad this will finally be available.",38,6,1778182635.0,0.76,True,self.movies
1t6p2ul,movies,Send Help (2026) Movie - All Books Listed,"A reference for all books shown in the movie in order of appearance:

Survival 101 - Susan Marsh

Survival Stories, Unbelievable Stories Of Human Spirit- Janet Mills.

Edible Wild Plants, A Guide To Surviving Outdoors - EIena Rodriguez

Lots Of Knots-  Allen Way

Fire Pit Recipes- Martin Fargher

Women Who Hike- India V

One Thousand And One Ways To Be Alone- Joshua Darcy

How To Bake With Fire? All You Need To Know For Outdoors Cooking

The Roman Empire, A Legacy Of Power And Innovation- M. C. Black

Sailing Women And The Voyages- Nicole

The Expert's Guide To Hunting knives-  David Mc

Edible Wild Plants A Guide To Surviving Outdoors- EIena Rodriguez

How To Talk To Your Bird- Jeff Wallace

Women Adventures Of The Twentieth Century-Marion Pebaqu

The Animals' Who's

Survival Stories, Unbelievable Stories Of Human Spirit, Janet Mills

Off The Grid Survive And Thrive

How To Make A Bird Sp..

Preston Strategic Solutions Confidential Memorandum Appendix D

Surviving The First 36 Hours

Send Help- ""No help is coming, so you better start saving yourself"" - Linda Little.",23,2,1778191591.0,0.72,True,self.movies
1t79vn3,movies,Does anyone know the best way to download movie posters in ultra-high quality (4K/original print resolution if possible)?,"Hey everyone, I’m trying to find the best possible quality movie posters online — preferably original print resolution, ultra-HD, 4K, or even higher if available. I love collecting posters digitally and using them for wallpapers/personal edits, but most sites only have compressed or low-resolution versions.

I’m mainly looking for reliable websites, archives, databases, or methods that people here personally use to get the highest quality posters possible for both Hollywood and Bollywood movies. Official studio sources, fan archives, collector sites, Blu-ray promo databases, or anything similar would be great.

I’m not looking to buy physical posters or contact studios directly — just trying to learn the best ways to find/download the cleanest and highest-resolution versions available online.

Would really appreciate any recommendations, hidden gems, or tips from collectors and movie fans here. Thanks!  
 ",1,11,1778251125.0,0.52,True,self.movies
1t6voqs,movies,Unofficial Discussion - Blue Heron,"Playing in theaters 

Synopsis: A family of six settles into their new home on Vancouver Island as internal dynamics are slowly revealed through the eyes of the youngest child.

Rotten Tomatoes score: 97%

IMDb score: 7.3/10

Cast:

Eylul Guven as Sasha

Iringó Réti as Mother

Ádám Tompa as Father

Edik Beddoes as Jeremy

Amy Zimmer as Adult Sasha

Liam Serg as Henry

Preston Drabble as Felix

Directed by: Sophy Romvari",9,24,1778209263.0,0.84,True,self.movies
1t7tp4n,movies,Drop down the most iconic villain dialogue in cinema history.,"**Joker -**  'Why so serious'  
**Thanos -** I know what it’s like to lose. To feel so desperately that you’re right, yet to fail nonetheless. It’s frightening. Turns the legs to jelly. I ask you, to what end? Dread it. Run from it. Destiny arrives all the same. And now, it’s here. Or should I say... I am.",0,39,1778298041.0,0.35,True,self.movies
1t616o2,movies,'The Fast and the Furious' to hold a special screening at the 2026 Cannes Film Festival to celebrate its 25th anniversary,,408,154,1778131495.0,0.84,False,deadline.com
1t7mzds,movies,Movies you would never dare to watch again?,"For me it was Schindlers list and Grave of the fireflies.  
   
Grave of the fireflies in particular broke me so much that I had nightmares about losing Setsuko that I woke up crying the next day.

Schindlers list broke me when in grew up in my adulthood. I didn’t realize when I was young why mom would sob when she watched it. But now I get it.

So I would never dare to watch them again ever again.",0,51,1778279742.0,0.41,True,self.movies
1t7tpvg,movies,"How do video game movies like the Sonic movies and the Mario movies succeed while other video game movies like the Five Nights at Freddy's movies and A Minecraft Movie fail in terms of story, characters, world building, etc.?","Video game adaptations can be a mixed bag, can't they? While they make a shit ton of money, they can definitely mix between fun and faithful to the source material they're adapting and corporate, fan service-y, and meme filled to the point of embarrassment (Looking at you, Minecraft!) Now what did the Sonic movies, the Mario movies, and others do in those films to win audiences and critics over and the FNAF movies and the Minecraft movies fail to do to win over the same crowds?",0,21,1778298106.0,0.15,True,self.movies
1t6h36a,movies,Allison Williams &amp; Michelle Randolph To Star In Sci-Fi 'Homewrecker' from 'Under Paris' Director Xavier Gens,,39,13,1778174416.0,0.71,False,deadline.com
1t7mnfm,movies,"May 2026, great time for another ""Children of Men"" discussion. (Spoiler warning)","In these trying times, when the world seems so very topsy-turvy. It comforts me to go back to some of the classics. Children of Men (2008) will always remain in my top favorite movies. The cinematography is outstanding! Those long continuous shots take your breath away at times and make you feel like you are part of the events unfolding on screen. Then the way that we are introduced to characters as normal, flawed beings. All of it really resonates well with a story that starts so bleakly and ends with tremendous hope, even as we lose our main protagonist (sorry for spoilers). Will always remain a 10/10 in my book. Thoughts?",0,0,1778278906.0,0.2,True,self.movies
1t64zqd,movies,Richard E. Grant &amp; Dominic West Set For ‘The Man Who Stole Portugal’,,159,31,1778144695.0,0.88,False,deadline.com
1t6jz78,movies,‘Apex’ Reunion: Charlize Theron And Baltasar Kormákur Teaming Up On ‘Six Clean Kills’ Adaptation At Universal,,24,3,1778180412.0,0.72,False,deadline.com
1t7jqkn,movies,Hi guys im looking to find a horror film i watched around 15years ago its a pretty shitty film but its basically these worm type things that take over the body and theres a scene where its in a fat guys stomach and his body explodes ive been looking for the title for a very long time,please help its been a very long time since ive seen the film and it will bring back a lot of nostalgia like i said it was a shitty film but if you could help would mean a lot i watched it with a friend when we was young kids we was obsessed with horror film so we would sneak and watch them together when i would stay around his house,0,28,1778272238.0,0.42,True,self.movies
1t6kvsw,movies,Finally watched Swapped and it’s the wholesome feel‑good movie I didn’t know I needed,"Finally watched Swapped after forever and it’s the kind of movie that actually makes you smile instead of doomscrolling through grim news and deadlines.

It’s light funny and warm in a way that feels like a mini escape from your routine. No heavy takes no forced drama just a cozy story that reminds you to slow down and enjoy something simple for once.

If your life is all work routines and stress this is the kind of film you can throw on one evening and actually feel a bit lighter after. Has anyone else watched it? did it hit you the same way?",21,28,1778182340.0,0.63,True,self.movies
1t7p9qg,movies,‘War of the Worlds’ Producer Defends Ice Cube Film After Disastrous Reviews,,0,39,1778285616.0,0.46,False,hollywoodreporter.com
1t5qcss,movies,"First Images from 'Masters of the Universe' characters Fisto, Ram Man, and Trap Jaw.",,1038,254,1778102571.0,0.92,False,i.redd.it
1t6j9r7,movies,Shailene Woodley Joins MRC Movie Mother’s Helper,,15,2,1778178930.0,0.64,False,deadline.com
1t7edjj,movies,"Automata, 2014. Dir. Gabe Ibáñez. A scientist explains how they communicated with the first limitless AI",,0,2,1778260717.0,0.46,False,v.redd.it
1t5o35y,movies,New ‘Planet Of The Apes’ Movie At 20th Century To Be Directed By ‘Fantastic Four: First Steps’ Director Matt Shakman; Josh Friedman Writing,,1007,155,1778097663.0,0.91,False,deadline.com
1t5lq3y,movies,Idiocracy (2006) Humanity becoming dumb,,1292,395,1778092658.0,0.81,False,youtu.be
1t5s1x7,movies,Jumanji (1995) Alan’s first roll,"Watched the 1995 Jumanji last night, my husband was sleeping so I had volume really low and subtitles on. Sarah and Alan start playing the game in 1969 and Alan’s roll is “in the jungle you must wait, until the dice read 5 or 8”. As he’s being sucked into the game, he yells out “Sarah!! Roll the dice!!” I have seen this movie more times than I can count and never ever heard that part before, only him yelling Sarah’s name. And I only realized he said “roll the dice” because I had subtitles on. After he’s fully sucked in, the bats from Sarah’s first roll come out  of the fireplace and chase her.. if she had come back to Alan’s house after getting chased by the bats, would she have been able to try to get him out if she kept playing alone? Since they were the only 2 people playing, if she rolled again for her next turn, and did not get a 5 or 8, would she be able to just keep rolling since Alan was inside the game and couldn’t roll until he got out? Or since there was 4 playable game pieces total, would she not even have been able to roll again and the game would make them wait for a 3rd and 4th player to finish the game? Just a random thought I’ve been wondering about since hearing the “roll the dice” line I never knew about.",473,148,1778106413.0,0.88,True,self.movies
1t5wtzk,movies,Fear and Loathing in Las Vegas (1998) | Narcotics Conference | Director: Terry Gilliam,"I have always thought this scene is so well done. Terry Gilliam uses lots of his favorites in this scene: faces super close to the camera, crowded/suffocating space, extreme irony, weird camera angles, wild color grading. I recently watched this movie and Brazil - the lighting and set design is unreal. Terry Gilliam is spectacular at finding seemingly normal things and making them into absurdist caricatures. ",246,54,1778118796.0,0.9,False,v.redd.it
1t6btps,movies,Hopecore movie recs?,"apologies if this isn’t the correct place to post this, but i’m trying to find good hopecore movie/tv show recs and i thought (if anywhere) this would be the place to ask! I love a movie that makes me think, but I also appreciate the motivation that comes after watching a movie about good people doing good things. recs absolutely don’t have to be recent or popular, i’m open to anything and everything!! My current favs are little miss sunshine, the good place, and ted lasso. Thanks in advance &lt;33",24,232,1778163327.0,0.57,True,self.movies
1t7kvgb,movies,Is my 7-year-old ready to watch Jurassic Park?,"For context, she is a relatively mature kid. As far as what she watches for movies. She's seen the first three Harry Potter movies, Detective Pikachu, Coraline, she occasionally watches One Piece with me, and most recently has watched Ready Player One and the first Avatar film. Given these films listed, do you think Jurassic Park is in the same field or still too mature for her?",0,43,1778274763.0,0.37,True,self.movies
1t7qi3u,movies,Marty Supreme is a lower stakes version of Uncut Gems,"It has the same frantic flow and a main character who's life is one near impossible risk after another, all for winning. There's not as much on the line, and he is allowed some redemption and hope in the end. It almost feels like Safdie stuck with the pacing of Uncut Gems in a similar way that Tarantino has done with Pulp Fiction. 

  
Great movie.

  
I'm not a big fan of Sinners or One Battle After Another, and believe their awards were closer to a political award than for the content itself, but I also don't think Marty Supreme was completely snubbed except for best actor.

  
He deserved that.",0,55,1778288993.0,0.25,True,self.movies
1t7mkfs,movies,How would Chigurh in No country for old men be moving in 2026. Who would he be working for. Who would he despise?,"Seeing as the movie was set in the 80s and it was in the backdrop of the world transforming into something unrecognisable, and the drug trade and the cartel was charging this transformation. The world right now feels like it’s going through some rapid changes and disillusionment is rampant much like the movie. A contemporary Anton would have an intersting place in this world

Edit: we.new assuming he’s operating at the age he was in the movie today - nothing about him growing older etc.",0,7,1778278708.0,0.15,True,self.movies
1t673bf,movies,"Rooney Mara to Play an ‘Enigmatic, Beautiful, Violent’ Mother in Paris-Set ‘Quest for Love’ From Antonia Campbell-Hughes",,39,2,1778151557.0,0.69,False,variety.com
1t68bkk,movies,"Hey reddit! We're Timur Bekmambetov (director of WANTED, ABRAHAM LINCOLN: VAMPIRE HUNTER, MERCY, NIGHT WATCH) &amp; Ronan Corigan (writer-director of LIFEHACK). LIFEHACK is a tech-thriller that's out in theaters next week. Ask us anything.","Hey reddit. We're Timur Bekmambetov (producer) &amp; Ronan Corigan (writer-director), the filmmaking team behind LIFEHACK. It premiered at SXSW to great reviews in 2025 (currently 100% on Rotten Tomatoes) and is out in theaters on 5/15.

Timur has also directed films such as WANTED, BEN-HUR, ABRAHAM LINCOLN: VAMPIRE HUNTER, NIGHT WATCH, MERCY, DAY WATCH and produced films including SEARCHING, MISSING, HARDCORE HENRY, APOLLO 18, WAR OF THE WORLDS, UNFRIENDED, THE CURRENT WAR, UNFRIENDED 2.

This is Ronan's directorial debut.

**Trailer:**

[https://www.youtube.com/watch?v=hAbzB8e58zk](https://www.youtube.com/watch?v=hAbzB8e58zk)

**Synopsis:**

Kyle and his friends hack for fun, pranking online scammers. Seeking a bigger thrill, they target billionaire Don Heard through his daughter Lindsey's social media, stealing his cryptocurrency.

\------------------------------

*LifeHack* is one of the most exciting Screenlife thrillers in years, packed with shocking twists and currently sitting at 100% on Rotten Tomatoes.

Director Ronan Corrigan and producer Timur Bekmambetov teamed up to create a truly authentic film which lights up the theater-going experience. LifeHack pushes the Screenlife genre to a whole new level. The film is wild, intense, and full of surprises, with technology and storytelling unlike anything you’ve seen before.

We’re excited to share all the secrets behind *LifeHack* with you. Tune in, ask us anything, and join the conversation!

Starring Yasmin Finney, Georgie Farmer, Jessica Reynolds, James Scholz, and Roman Hayeck-Green.

Tickets on sale here: [https://www.iconicreleasing.com/events/lifehack/tickets/](https://www.iconicreleasing.com/events/lifehack/tickets/)  
Alternate Reality Game: [https://play.watchlifehack.com/](https://play.watchlifehack.com/)

Official Poster Art: [https://i.imgur.com/5tm5QgC.jpeg](https://i.imgur.com/5tm5QgC.jpeg)

\------------------------------

Ask us anything! We will be back at 12 PM ET tomorrow Thursday 5/7 to answer questions!",33,101,1778154961.0,0.64,False,i.redd.it
1t5fcbw,movies,"Ted Turner, CNN founder who reshaped global news, dies at 87",,1669,141,1778079384.0,0.92,False,theguardian.com
1t7j6nm,movies,Can someone please recommend a horror that will actually scare me,"This isn’t me pretending to be some big hard guy I’m not haha I’m genuinely just looking for some actual scary movies since I seem to have watched most of the mainstream ones. 

I think for me found footage seems to be the thing that would creep me out the most like the haunted house LLC or whatever it’s called creeped me out

So please I beg I need something creepy and scary ",0,24,1778271024.0,0.26,True,self.movies
1t7bhex,movies,The lost Halloween fan films called “Happy Halloween”(1989) [fully lost],If you go on IMDb and look up Happy Halloween you will find Happy Halloween 666 at the bottom of the search page which is the 6th part to a short film series that seems like it is a parody or recreation of the Halloween movies but from what I know I can’t find them on the internet at all only that they have 6 movies listed and a 7th in production which I’m guessing will never come out but the main actor and writer on a few of the movies is Bryan Fortin (he also directed and acted in a Friday the 13th recreation called Jason’s curse which I can’t find either) he acted in every happy Halloween movie and wrote on some of them to I’m hoping y’all can help find this,0,4,1778254551.0,0.35,True,self.movies
1t6qh7o,movies,Psychological Thrillers Movie Recommendation?,"What are some movies that match my taste for psychological thrillers with strong atmosphere and a clean, satisfying twist ending like The Sixth Sense, Shutter Island, Identity, Side Effects, 1408, The Others, The Usual Suspects, and Stonehearst Asylum while avoiding films that are depressing or overly confusing (like Triangle), or that have weak or unsatisfying twists?",5,27,1778195062.0,0.61,True,self.movies
1t5h2rb,movies,'Mortal Kombat II' - Review Thread,"*Johnny Cage joins other fighters in the ultimate, no-holds-barred battle to defeat the dark rule of Shao Kahn, a powerful tyrant who threatens the very existence of the Earthrealm and its defenders.*

Director: Simon McQuoid

Cast: Karl Urban, Hiroyuki Sanada, Adeline Rudolph, Lewis Tan, Jessica McNamee, Tadanobu Asano, Max Huang, Chin Han, Martyn Ford, Tati Gabrielle, Mehcad Brooks, Josh Lawson, Johannes Taslim, Desmond Chiam

**Rotten Tomatoes:** [70%](https://www.rottentomatoes.com/m/mortal_kombat_ii)

**Metacritic:** [49 / 100](https://www.metacritic.com/movie/mortal-kombat-ii/)

Some Reviews (updating):

[IGN - Max Scoville](https://www.ign.com/articles/mortal-kombat-ii-2-movie-review) \- 8 / 10

&gt;It might not be Oscar-caliber cinema, and hardcore fans of the game with encyclopedic knowledge of the game may have a bone to pick, but it’s big and loud and gruesome and not afraid to have fun. The bar for video game movie sequels isn’t very high, but this one not only clears the bar, it twirls it around like a bo staff.

[SlashFilm - Bill Bria](https://www.slashfilm.com/2165056/mortal-kombat-2-movie-review/) \- 8 / 10

&gt;There is a ""peanut butter and chocolate"" scenario going on with ""Mortal Kombat II."" It's simultaneously a video game adaptation and a martial-arts film, an ode to past-their-prime action stars and a gritty fairy tale of a warrior princess, a no-nonsense action movie and a frivolous romp. It's easily one of the biggest surprises of this year. While it doesn't yet settle the debate about where video game movies will go from here, it proves the subgenre is evolving. Video game movies, especially ""Mortal Kombat"" movies, don't have to be radical reinventions, nor do they need to be relegated to fan service slop. They can be more.

[Consequence - Liz Shannon Miller](https://consequence.net/2026/05/mortal-kombat-2-review-karl-urban/) \- 'B'

&gt;This movie is the right kind of stupid. The reason *Mortal Kombat II* is able to focus on a martial arts tournament is that the previous movie was entirely setup for this moment, establishing the bulk of the characters as well as director Simon McQuoid’s ultra-bloody approach. That movie’s loss is this movie’s gain, especially as the sequel also makes some notable upgrades, including dispatching a weak link or two from the first movie, introducing a few new players, and reviving anyone who died before who feels worth saving.

[AV Club - Jacob Oller](https://www.avclub.com/mortal-kombat-ii-review) \- 'D+'

&gt;It’s all simply an excuse to pit the fighters against one another in different combinations and justify a third film where those who died in ridiculously gory ways can be snagged from hell (Netherrealm) to cash another paycheck. This, at least in spirit, is classic *Mortal Kombat*, a series founded on economical recycling. Perhaps, then, the hackneyed story and repetitive one-liners (not to mention repetitive characters, like the return of Kano, Scorpion, and more) should be taken as faithful rather than annoyingly uninspired. But joyless fidelity only really ever makes people wish they were experiencing the source material instead, whether that means reading a comic or playing a game.

[GamesRadar - Jordan Farley](https://www.gamesradar.com/entertainment/animation-movies/mortal-kombat-2-review/) \- 3 / 5

&gt;Where there is to go next remains to be seen, as Mortal Kombat 2 delivers on pretty much everything you could reasonably expect from a Mortal Kombat movie, for better and worse. In the golden age of video game adaptations, MK2 is nothing special, ultimately. And the peculiar overreliance on pop culture references means it already feels a bit outdated. But as far as Friday-night fodder goes, it hits the mark.

[Blood Disgusting - Meagan Navarro](https://bloody-disgusting.com/movie/3950001/mortal-kombat-ii-review-the-gory-tournament-finally-begins-in-propulsive-sequel/) - 3 / 5

&gt;Mortal Kombat II plays it safe, adhering more firmly to game canon and lore. It delivers plenty of fun and fan service, but it loses some of its original spark along the way in its fervent rush to pack an entire tournament of plotting into its runtime. But its winsome cast and delightfully gory fatalities ensure just enough investment to bop along to the iconic theme song once the end credits arrive.

[The Hollywood Reporter - Frank Scheck](https://www.hollywoodreporter.com/movies/movie-reviews/mortal-kombat-ii-review-karl-urban-1236586504/)

&gt;It doesn’t help that the whole thing comes off as low-rent, with underwhelming CGI effects and creature costuming and make-up that pales in comparison to a typical NYC Village Halloween Parade. When the chief villains look like rejects from *Star Trek*, and I mean the old TV series, you’ve got a problem. But probably not enough of a problem to prevent an inevitable third installment in this cinematic video game franchise that, to its credit, determinedly caters to its devoted fans, who don’t seem to mind that the word “combat” isn’t really spelled with a k.

[Collider - Aidan Kelly](https://collider.com/mortal-kombat-2-review-karl-urban-martial-arts-fantasy/) \- 7 / 10

&gt;As a film, *Mortal Kombat II* does still have some issues with some awkward pacing and perhaps one too many characters to juggle, particularly in the first half. But once the second half gets going, it becomes a bloody good time and a bone-crunching spectacle from start to finish. Sure, there's some clear lack of stakes, since it feels like every dead character can come back at any time, but this is *Mortal Kombat* we're talking about. Dead characters coming back to life is a staple of the series, and if a third chapter can continue the upward trend, seeing what else this iconic cast of characters could get up to is a more than compelling proposition.

[San Francisco Chronicle - Bob Strauss](https://www.sfchronicle.com/entertainment/movies-tv/article/mortal-kombat-2-review-22240912.php) \- 3 / 4

&gt;The result is overall a more lavish and satisfying affair than the previous, COVID-restricted picture. More often than not, stunt coordinator Kyle Gardiner’s (“Ballerina”) choreography recaptures the acrobatic speed of late 20th-century Hong Kong cinema, albeit with CG-assists and severed fingers. As video game adaptations go, this one is decent enough for audiences with no attachment to the source material. Fans may have their quibbles about favorite characters getting shortchanged or killed off, but it’s a safe guess that there’s enough lore and gore here to slake their thirst as well.

[MovieWeb - Julian Roman](https://movieweb.com/mortal-kombat-ii-review/) \- 3 / 5

&gt;*Mortal Kombat II* is a marked improvement over the first film for all the right reasons. It doubles down on what made the games popular and brings in a known commodity with Urban to shoulder the acting burden. McQuoid does not disappoint in his second stab at the franchise, providing red meat to loyal legions without any attempt to stray from the fantastic source material.

[Dread Central - Matt Konopka](https://www.dreadcentral.com/reviews/569961/mortal-kombat-ii-review-same-fight-different-characters/) \- 2.5 / 5

&gt;Despite some well-choreographed and entertaining fight scenes, *MK II*’s premise distracts from the tournament fans came for every chance it gets. What should be cheer-worthy gore feels too much like video game violence itself. And the film constantly gets in its own way by negating impactful deaths with hand wavey mechanics to bring back anyone at any time. But there’s still plenty to enjoy here, from fan favorite characters—I love you, Baraka (CJ Bloomfield)—and set pieces that will make players of the games feel at home. If you liked the previous entry, you’ll no doubt find plenty to pump your fist for here, even if it’s far from a flawless victory. At the very least, I can confidently say that *MK II* is still a good Johnny Cage kick above *Mortal Kombat: Annihilation*…a realm no *MK* film wants to be in.

[Slant Magazine - Justin Clark](https://www.slantmagazine.com/film/mortal-kombat-ii-review-karl-urban/) \- 2.5 / 4

&gt;Mortal Kombat II preaches to a bloodthirsty choir, making no concessions for anyone who has to question why Liu Kang and a man wearing a sawblade hat are fighting in front of a color-changing portal. As a series of games, Mortal Kombat has always existed in the weird nexus of Shaw Brothers-esque Asian mythmaking, high-fantasy adventure, Saturday-morning cartoon silliness, and Hellraiser-style gore, and unshackled from the 1995 film’s baffling PG-13 rating, Mortal Kombat II stands victorious as the first adaptation to get all the proportions right.

[ScreenCrush - Matt Singer](https://screencrush.com/mortal-kombat-2-movie-review/) \- 3 / 10

&gt;*Mortal Kombat* games may not be Tolstoy, but at least when you’re playing one you get invested in who wins and who loses. In *Mortal Kombat II* I truly did not care who lived or died for a single second — mostly because the film made it very clear that death is basically meaningless in this story. Anyone bashed or sliced or maimed can (and do!) get brought back, whether or not there’s a magic amulet handy. Maybe our parents were wrong about video games. That still leaves the possibility, though, that the video-game movies were the real problem. But I would hope even a *Mortal Kombat* fan — and I played *so many* hours of *Mortal Kombat* in my teenage years — could at least acknowledge the absurdity of a film version putting lines like “Strength is not a closed fist” into the mouths of one of its heroes. Strength is *not* a closed fist in *Mortal Kombat*? The game where Sub-Zero’s Fatality is *literally* punching a guy’s head off with a closed fist? That seems pretty strong to me!

[Next Best Picture - Josh Parham](https://nextbestpicture.com/mortal-kombat-ii/) \- 6 / 10

&gt;It’s heartening that some lessons have been learned, making “Mortal Kombat II” a far more enjoyable film. The ensemble can’t be saved by its less talented members, but the newcomers are well-suited to this world, and others find ways to make a more meaningful impact. The story still isn’t the most captivating and has another bit of frustrating sequel bait that muddies some arcs towards the finale, but it has a clearer sense of focus, at least putting the exciting sequences to the forefront. The filmmaking still has a bit of a stiltedness to it, but it leans further into an energizing tone that is far more engrossing. Though the gore could have been pushed even further, and it likely isn’t due to so many protagonists that can’t really be maimed too severely. Still, for those who admire such cheesy spectacle, there’s a good time to be had here, especially coming off the disappointment of the previous film. If another one comes, there’s room for improvement all the same.

[Vulture - Alison Wilmore](https://www.vulture.com/article/mortal-kombat-ii-shouldnt-be-this-rizzless.html) \- 3 / 10

&gt;While Urban hurls himself into the role of Johnny with the commitment of someone for whom the phrase “sequel to a reboot of a fighting-game adaptation” signals only the latest opportunity to shine, the film, which was written by Jeremy Slater and directed by a returning Simon McQuoid, offers so little to work off of that even he gives off the faintest whiff of exasperation.

[Rolling Stone - Elijah Pareño](https://rollingstonephilippines.com/culture/reviews/mortal-kombat-2-movie-review/)

&gt;The first *Mortal Kombat* followed MMA fighter Young, whose fighting spirit goes back to his ancestors, on his path tobackground to becoming a champion. The reboot, however, struggled to make viewers sympathize with a character who isn’t even part of the video game franchise, creating a disconnect between him and the rest of the cast. Unlike in the sequel, where Cage and Kitana are given proper arcs that show why you should care about them, especially in terms of their lore. Historically speaking, video game-to-film adaptations have had a bad reputation among fans. Take Uwe Boll’s infamous attempts at recreating franchises like *Alone in the Dark*, *House of the Dead*, and *BloodRayne*, or even the hammy *DOOM* starring Dwayne Johnson, or the needlessly long *Resident Evil* franchise with Milla Jovovich. *Mortal Kombat II* avoids that curse right away with badass fight scenes. It’s got kickflips, blood, and an action star who lives up to the name of the tournament. What more could you ask for? 

[IndieWire - Alison Foreman](https://www.indiewire.com/criticism/movies/mortal-kombat-2-film-review-1235192434/) \- 'C-'

&gt;As a franchise, “Mortal Kombat” has spent years crossing over with other fictional worlds, recruiting everyone from Jason Voorhees to RoboCop in fights facing its champions. McQuoid throws in a batch of contemporary references, too, nodding at “The Lord of the Rings,” Keanu Reeves, and, believe it or not, “Big Trouble in Little China.” But none of that intertextual awareness matters if the heart of the next movie chapter feels this artistically inert. With whispers of another film already looming at Warner Bros., McQuoid’s best defense might be tapping out — *before* he’s tasked with delivering an even more insufferable cinematic fatality.

[Looper - Alistair Ryder](https://www.looper.com/2166162/mortal-kombat-2-review/) \- 6 / 10

&gt;The question remains whether a ""Mortal Kombat"" movie could ever be expected to be better than this, considering the limitations of the source material. That this sequel translates the simple beat-em-up thrills of the video game into something narratively functional is about as triumphant as it could possibly get for this franchise.

[DiscussingFilm - James Preston Poole](https://discussingfilm.net/2026/05/06/mortal-kombat-ii-review-fan-service/) \- 2 / 5

&gt;Those who have put significant time into the *Mortal Kombat* games know their unique pleasures. A dense mythology, a cast of colorful characters, out-of-this-world visuals, and brutal fighting styles are a massive part of the series. *Mortal Kombat II* merely gestures toward the existence of these things rather than attempting to translate them in any significant way. Not only do fans of the games deserve far better, but so do moviegoers who, at the bare minimum, want a turn-your-brain-off kind of action movie.

[Screen Rant - Alex Harrison](https://screenrant.com/mortal-kombat-2-movie-review/) \- 4 / 10

&gt;The humor is more successful, with Urban's quippy movie star building on what 2021's *Mortal Kombat* did well with Kano (Josh Lawson), but these laughs often come at the film's expense. McQuoid would have been better off leaning further into the silly fun of playing a game like this, rather than the self-serious, save-the-world tone of the first film, since that seems to be what he's better equipped to execute well. But *Mortal Kombat II* only follows that instinct so far. I can only hope that, if *Mortal Kombat III* happens, someone will finally figure out how to adapt this franchise for the big screen. More importantly, though, I hope that by then the studio won't feel like they can get by on this level of execution. The bar on video game adaptations won't be set so low forever.

[Empire Magazine - Amon Warmann](https://www.empireonline.com/movies/reviews/mortal-kombat-ii/) \- 3 / 5

&gt;The creatively gory fighting and amusing — if shallow — characters just about compensate for the paper-thin story. But at its best, it’s a lot of dumb fun. Thankfully, just as he did in the first movie, Kano (Josh Lawson) is on hand to constantly and entertainingly remind us how ridiculous all of this is. Indeed, he might as well be breaking the fourth wall given the Deadpool-esque nature of his jokes and one-liners, which are consistently hilarious. Lawson is a blast in the role, and the knowing nods to the absurdity of Mortal Kombat helps everything else go down a little easier.",1180,674,1778083105.0,0.95,True,self.movies
1t72t4q,movies,Recommend me thriller movies like Searching (2018),"Just watched Searching (2018) and I need more thrillers like it. Fast paced, mystery/investigation vibes, plot twists that actually hit, missing person cases, tech/internet, screenlife style, anything intense and engaging.

My TikTok attention span cannot handle slow burns. 

Any good recommendations please 🫶",0,12,1778232323.0,0.41,True,self.movies
1t7ajku,movies,My two-cents on David Cronenberg's Videodrome (1983),"Mild,  Mild spoilers if that's okay, otherwise let me know I will tag it as spoiler. 

The movie Videodrome feels more like how the media perpetrates and manipulates common man into madness, seeking senseless violence. It slowly compels you, pushes a narrative into you to believe what is unreal as real. It makes you believe something visceral and makes you revolt against the void. The people (the corporations) who order Max to kill others slowly brainwashed him into madness.

It also suggests how our mind responds and functions to the media and violence. The mind perceives it as real and forces that narrative as true and evident because it is portrayed on the screen. It recognises the screen as the true evidence for the truth even when it is only a false narrative, an agenda that is pushed by others. From the beginning it is kinda obvious that Max only liked the idea of sensational thrills of torture and murder, but didn't have the stomach to actually digest the content. He seems agitated at first, feeling disgusted towards it. But the nature of violence, or the content is such that your mind always wanting more; hence, Max's growing interest in finding more on the topic of Videodrome. Also remind me of the movie Thesis (1996) which has some similar effect to the similar, if my memory serves it right. Apart from that the metaphors of tumor and all those were pretty obvious that the obsession of watching morbid things only grows in one's mind if fueled once.

Nevertheless, the movie was amazing, felt more like a student film for its college thesis project lol but very surreal and fun. ",0,3,1778252535.0,0.23,True,self.movies
1t7e73u,movies,"What were all the Multiverse Movie &amp; TV Shows everyone was watching to cause ""Multiverse Fatigue"" prior to the MCU's Multiverse Saga?","When the Multiverse Saga started in the Marvel Cinematic Universe and all throughout it people kept complaining about the concept of the Multiverse being used in so many Movies and TV Shows. That it was stale and people were bored of them.

But like, I can think of maybe a handful that were prior to the MCU's Multiverse Saga? 

Like Everything Everywhere All At Once and Rick and Morty - but I don't remember a whole bunch of Movies and TV Shows focusing on the Multiverse?

Can anyone tell me which ones they were watching?",0,19,1778260352.0,0.3,True,self.movies
1t6lszv,movies,"In the Line of Fire (1993) - Dir. Wolfgang Petersen - Pump Him For Me, Okay?",,6,7,1778184294.0,0.56,False,youtube.com
1t5euzc,movies,"Willow 1988, Willow and Madmartigan escaping the Nockmaar camp using a shield as a sled, Director: Ron Howard",,1109,149,1778078349.0,0.93,False,v.redd.it
1t5i01h,movies,Scarlett Johansson And Ari Aster Team On Director’s Next Film ‘Scapegoat’ At A24,,713,122,1778085035.0,0.91,False,deadline.com
1t64wji,movies,What movie made you want to be a better person?,"For it's 'Meet Joe Black'. The whole movie was great, but it's specifically the speech that Anthony Hopkins' character made at the end that really made me reflect on life. ""And I'm going to... tell you my one candle wish: that you would have a life as lucky as mine, where you can wake up one morning and say, ""I don't want anything more"""". Then he proceeds to say ""65 years don't they go by in a blink"".

I've always heard that life goes by so fast you have to savour every day, but it only really clicked in my head when I heard this speech. Days have been going by so fast for me for the past few years, weeks feel like days and months feel like weeks. This movie indirectly told me to learn more skills, meet new people, challenge yourself, create richer memories making life feel less compressed. All which lead to the ultimate goal: ""wake up one morning and say, ""I don't want anything more'"".",35,68,1778144397.0,0.72,True,self.movies
1t60o7l,movies,"Fantastic Mr. Fox – Breakfast. – Dir. Wes Anderson – November 13, 2009.",,68,20,1778129880.0,0.76,False,youtube.com
1t6h0v9,movies,SUNNY DANCER | OFFICIAL TRAILER | BELLA RAMSEY | ONLY IN CINEMAS AUGUST 14,,9,116,1778174281.0,0.52,False,youtu.be
1t5jvbj,movies,"'Hocus Pocus 3' is officially in early development, with the trio of stars, Bette Midler, Sarah Jessica Parker, and Kathy Najimy, returning to reprise their roles as the Sanderson sisters.",,541,138,1778088852.0,0.84,False,deadline.com
1t7a2xy,movies,"First image of Rami Malek &amp; Tom Sturridge in ‘The Man I Love’. The film follows Jimmy George, an actor facing a life-threatening illness, who takes on what may be his final major role.",,0,9,1778251569.0,0.4,False,i.redd.it
1t5icvq,movies,Official Poster for the 4K Theatrical Re-Release of Ken Russell’s The Devils (1971),,526,57,1778085782.0,0.92,False,i.redd.it
1t7g1dw,movies,"Why are movie reviewers so picky compared to, say, game reviewers?","&amp;#x200B;

Just came back from Mortal Kombat 2. Man, what an awesome movie. It's basically everything you would want as an MK fan.

The I went to check out its score on rotten tomatoes. 65. That's just a rely passable, which is insane considering how good the movie is.

You often see this for movies, where the audience loves a movies but critics go ""nyeh, it's bad"", bur how come? If you compare movie critics to game critics it's like night and day in how they interpret and rate their media. ",0,19,1778264146.0,0.23,True,self.movies
1t7649d,movies,"Movies you were surprised they haven’t remade/rebooted/revived, even in the original medium","I was mulling over it the other day, and I’m surprised that they hadn’t attempted a reboot/remake of *12 Angry Men*, either in its original television format or as a movie. On one hand, I’m *glad* they hadn’t, yet on the other, that got me thinking, what’s a timeless, or least a movie that you’re surprised that Holly or any of the cinematic Woods *hadn’t* attempted to remake/rebooted/revived, even if it’s, say, like in *12 Angry Men’s* case, in its original format (ie Televison).

(Note: this does *not,* repeat *not,* include works that have specific clauses in the creator’s contract that prevents such a thing from occurring, ie Audrey Dimond forbidding any live action adaptations of her husband’s work)",0,46,1778242383.0,0.42,True,self.movies
1t778bk,movies,Recurring dream Im confident is a movie,"Ok so Ive had a recurring dream over the past few years which at this point im confident was a movie or episode of a tv show. In the dream I remember it was about someone who witnessed the murder of someone accidentally. The murderer shot this person in their home before entering and cleaned up the scene and spent the movie hiding out in the victim's house with the murderer finding out about the witness and trying to kill them as well. From what I remember the witness eventually gets away but unknowingly returns and enters the house through the rood. The witness realizes where they are and stays quiet, the police arrived but were about to leave until they managed to spot some blood in the house.

The murderer was bald with facial stubble. I know the details arent overtly specific but I could use some help figuring iut if this was actually a movie. It wasnt Disturbia or Rear Window. Ill try to add more detail if asked specific questions that help me remember more details.",0,8,1778245196.0,0.31,True,self.movies
1t74pgj,movies,High school murder?,"I am hoping to find the title of a movie I watched several years ago. It was a high school murder comedy flick. I can visualize the lead actress' face/appearance but I can't remember the name of the movie for the life of me. 

What I do remember, is the lead had long dark brown hair and part of the plot was she had a broken foot? Like in a boot, kind of thing. 

I think the leading lady was Zoey Deutch or looked exactly like her.

Somebody was killed in the high school and it became a bit of a mystery. Something about the mascot costume? 

I think it was mid 2010s but could have been later. 

Anyone know what the title is? I'm sure I'll recognize it as soon as I see it.",0,13,1778238397.0,0.36,True,self.movies
1t5tj39,movies,"Adrien Brody, Rachel Zegler &amp; Ben Platt To Star In 'Last Dance'",,139,56,1778110031.0,0.72,False,deadline.com
1t5y0z8,movies,Kiss Kiss bang bang what a movie!,"Just finished watching this masterpiece after putting it off for to long. Though there is still something missing for me. At the end it felt like i watched the movie without watching it if you catch my drift. The whole murder mystery story still does my head in. I still don't understand the whole story. Who was who's daughter, who did what,.... Is there someone who would be so kind as to explain the story to me in a quick and easy recap. I'm a movie lover and would like to talk about this film to others.

Thanks everyone!",74,19,1778122039.0,0.84,True,self.movies
1t7enna,movies,Can I watch hokum as someone who doesn’t watch horror movies?,"Hi guys I need some advice my friends really want to watch hookum and I want to join them but to fair I’m quite a scaredy cat specifically when it comes to supernatural/paranormal movies. I can handle any sort of thriller and horror that’s not based around spirits and ghosts and such things. I’ve seen the trailer and it didn’t seem overly focused on this aspect of horror as much as other horror movies. 

I need honest opinions if this is something I could possibly watch or will I be scarred for life ",0,36,1778261293.0,0.21,True,self.movies
1t7iozr,movies,"Michael (2026) On the Set of Michael - Jaafar Jackson, Antoine Fuqua, Graham King",,0,0,1778269948.0,0.17,False,youtu.be
1t5jhuu,movies,"Brendan Fraser to Star In Sci-Fi Movie 'Starman' From Josh Wakely - Follows visionary technologist Tom Adams, who launches a historic expedition to Mars, positioning himself at the forefront of humanity’s next frontier.",,404,76,1778088095.0,0.93,False,deadline.com
1t5jh98,movies,Commando (1985) | Dir: Mark L. Lester | Arnold has a brawl in the mall,,370,153,1778088063.0,0.88,False,v.redd.it
1t5g2n0,movies,'A Quiet Place: Part III' Begins Filming Next Week,,526,131,1778080965.0,0.85,False,dreadcentral.com
1t76g8i,movies,Action heroes,"I saw Mortal Kombat 2 yesterday and although I enjoyed it, I noticed that the fight scenes were a bit too slow. For example, in one of the fights, the opponent held out their arm after a punch, so the other fighter could stab it.

This got me thinking: in the 90s we had action heroes that actually had a real martial arts background. People like Jacky Chan, Jean-Claude van Damme, Chuck Norris or Michael Dudikoff were actual martial artists and the fights, even though they were choreographed, showed that skill.

Nowadays, we get guys like Karl Urban and to a lesser extent Keanu Reeves who are big names in Hollywood and have been trained in MA, but they weren’t black belts coming into acting, they are actors becoming proficient enough to play their roles.

And a guy like Alan Ritchson is more like Schwarzenegger: cast for his impressive looks, but not an actual fighter.

Am I looking at this through nostalgia or were the old action heroes more “real” martial artists?",0,15,1778243251.0,0.32,True,self.movies
1t7brfv,movies,So I rewatched Transformers Five: The last Knight. I’m very sorry for the inconvenience with the title- acronym everybody,"Bro honestly the ending should have just been The plan failing and then Earth collapsing and life as we know it dying. Then they could have done the bumblebee prequel and rise of the beasts. It would have made sense, but noooo they had to defeat the evil female transfomer and yipee the world is saved. 

Genuinely speaking how did we to this day not get a whole transformer film about cogman? Dude carries this film so hard.

And before people ask why did I rewatch this monstrosity it’s because I got it for free from redeeming  a code on a dvd. And I had it downloaded so better this than no film.   
Bus journey somewhat good I guess.

Oh yea and also guess the transformers are responsible for sliming Hitler. wtf 😭 ",0,19,1778255146.0,0.25,True,self.movies
1t4wkkg,movies,Terminator 2: Judgment Day (1991) - Hospital Escape - Dir. James Cameron,,8014,791,1778025132.0,0.95,False,v.redd.it
1t5yai4,movies,"First Poster for John Travolta's Directorial Debut 'Propeller One-Way Night Coach' - Based on Travolta's 1997 book, it follows a young aviation enthusiast on a cross-country flight with his mom to Hollywood that transforms into a life-changing journey filled with unexpected moments.",,39,40,1778122769.0,0.68,False,i.redd.it
1t61bzc,movies,Watched Primal Fear,Watched this movie for the first time. The twist at the end is awesome and unexpected. After thinking about it though I can’t help but wonder why Aaron would willingly be apart of the archbishops exploitation. We saw how aggressive and dangerous he was. Did Aaron enjoy this malicious thing he was doing? ,24,11,1778131983.0,0.73,True,self.movies
1t73rq1,movies,Ok the best time travel movie is back to the future but the second best is ABOUT TIME.,"Ok maybe it isn’t the best if you ask everyone but if you judge the movie by rewatchability then theres something to this.  Some of my other favorites are lake house, looper and edge of tomorrow and teminator. I dont consider interstellar as a time travel movie. I found about time better than these by a hair.   
Its just a great mix of different emotions and memorable scenes and amazing actors. Please someone agree with me on this!",0,60,1778235506.0,0.41,True,self.movies
1t71qb1,movies,r/harrydeanstanton,"I made this sub just now as there wasn’t one, which is kind of baffling seeing as he was one of the greatest character actors, I’m going to go out on a limb and say, ever. Please come and share tidbits, snippets, musings, art, anything himself related that you like. Gis a nudge, do it for Harry Dean. Spread the love.",0,6,1778228592.0,0.29,True,self.movies
1t5hiip,movies,“Jaws” Superfan Builds World’s First Life-Size Replica of the Film’s Boat,,242,35,1778084009.0,0.92,False,nicenews.com
1t6c1e4,movies,"Saw Bi Gan's Resurrection (2025) and was enthralled by it. For fans of his, what should I watch next?","Local theater was playing Resurrection. I went in knowing basically nothing and I absolutely loved it. Was a little slow to get going but by the end of the Noir Dream segment I was bought in and loved everything else. 

  
Having not seen anything else in his filmography, what are the essentials? Is there a good place to start? I'd assume this one is pretty unique compared to his average movie but I'm excited to see more. ",2,5,1778163794.0,0.54,True,self.movies
1t5p360,movies,Give me the Scariest alien invasion/abduction movies,"Ive seen Fire in the sky, It bored me.

Signs freaked me out the first time I've seen it. 

Ive seen the 4th kind, close encounters of the 3rd kind, Dark skys, no one will save you and Nope. 

I really want something to scare me like signs did when it first came out. Bad CGI ruins it for me so B rated movies usually bore me. 

Im sure there are plenty of others ive seen that I cant remember the name too but please let me know what recommendations you have. ",103,472,1778099792.0,0.72,True,self.movies
1t735zd,movies,Jean Claude Van Damme's quick rise and unfortunate sudden end as a top guy.,"Going back in time to how Van Damme became a household name, one really got to acknowledge and respect how he was able to place himself as a top draw next to the likes of Stallone and Arnold.

If you look at Dolph Lundgren who had the better first time prominent exposure in a $300 mil movie compared to Van Damme's No Retreat No Surrender exposure (both playing Russian villains), one would have thought that he would've been the bigger star. But Jean Claude's first time as leading man (out of nowhere ) vs Lundgren's first outing far exceeded the known star's reach. He followed that up with Kickboxer, Black Eagle (where his screen presence even as a villain was evident), Cyborg, Lionheart and Death Warrant of which were all profitable investments and establishing himself as a bankable guy. Lundgren couldn't. Death Warrant in particular wasn't even martial arts driven, but a thriller and suspense movie along with Cyborg being a sci-fi, showing already that he's just not a tournament fighter. Death Warrant laid the foundation for Double Impact (where he showed his range) Hard Target &amp; Sudden Death, while Cyborg did so for Universal Soldier, Timecop and StreetFighter.

He was undeniable, even did Nowhere To Run which was drama driven. But bad judgement like requesting more money for his 3 picture deal and addiction derived him from owning the later 90's. But he was blacklisted and his own endeavour The Quest and subsequent other work bombed and he had to go the DTV road.

Such a sad thing, I can only imagine the regret he perhaps live with. He had great movies afterwards direct to video like Legionnaire (which if he didn't mess up could've been a big theatrical hit for him) The Order, In Hell (once again showed his range) and which I think is his best acting ever Replicant where he once again showed incredible range being both the protagonist and antagonist. JCVD gave him critical acclaim and kind of redeemed him. His redemption was cemented in The Expendables 2.

Do y'all think he could've been the main action man during the 90's if he didn't fuck it up!",0,8,1778233542.0,0.31,True,self.movies
1t64mqg,movies,I like the original IT TV miniseries more than the recent movies,"

It would be hard for me to have any other opinion due to nostalgia. However, even if that wasn't the case, I still think the original is better. First the clown is more 'ordinary', making it scary than the more supernatural one in the new movie. Also he is much funnier, and basically irreplaceable. Second the younger kids were more relatable as horror movies had more impact on me as a young child, in the remake they seem more like teenagers. The way they are treated in school and it being set in the 50's also made it scarier in a lonely way. The original has so many iconic moments, I don't think that it aged poorly at all either even with the TV budget.

",13,12,1778143416.0,0.58,True,self.movies
1t5fyhe,movies,"MOTOR CITY | Teaser Trailer ft. Alan Ritchson, Shailene Woodley",,266,105,1778080716.0,0.86,False,youtube.com
1t71j2x,movies,why does Grave of the fireflies hit so hard,"Watching this movie I felt why Hayao Miyazaki is such a legendary story teller.from the way he tells that It feels as we are part of him carrying his pain like It tells us how the war effects everyone from losing homes to becoming orphans to having to steal from someone to survive and How losing everyone you feels like.this film did all of that in under 90 minutes.these flies are so much better than modern animation films made by Disney and other studio.I haven't seen any western film with so much emotional depth as this .to top this all up it was entirely hand drawn.The animation is so good that we can't tell it is all hand drawn.That is my opinion tell me how you feel about the movie and why does the movie hit so hard

Edit-I just learned this was made by isao sorry was misunderstanding ",0,24,1778227885.0,0.37,True,self.movies
1t6nsra,movies,Cookie Queens | Official Trailer | In Theaters August 7,,0,0,1778188597.0,0.44,False,youtu.be
1t6gbnn,movies,What makes a movie actually “stick” with you long after it ends?,"I’ve been thinking about this a lot lately, especially after rewatching a few films that didn’t necessarily have the biggest budgets or the most complex plots, but somehow stayed in my head for days afterward. It made me realize that “good” movies and “memorable” movies aren’t always the same thing.

Some films hit you with strong visuals, others with emotional weight, and some just have a unique concept that you’ve never seen before. But the ones that really stick seem to do something different—they create a feeling that lingers rather than just delivering a story that resolves neatly.

I’m curious what other people think actually causes that effect. Is it the characters? The tone? The ending? Or maybe just one unforgettable scene that changes how you see the rest of the film?

For me, it’s usually a combination of atmosphere and ambiguity. Movies that don’t explain everything but still feel emotionally complete tend to stay with me longer than films that tie everything up perfectly. Even if I don’t fully understand what the director intended, I still think about it afterward, which feels more valuable in a strange way.

I’d love to hear from others here:

* What’s a movie that stuck with you for a long time after watching it?
* What do you think made it memorable?
* Do you prefer clear endings or ones that leave interpretation open?

Also, do you think modern films are getting better or worse at creating that lasting impact?",2,13,1778172826.0,0.55,True,self.movies
1t72vx0,movies,US President's in movies,"Why are the US presidents in disaster movies written so much better than what the US has had in the last 10 years. It seems to be a trend of the 90s and 2000s. Eg. Beau Bridges in 10.5, Morgan Freeman in Deep Impact, Danny Glover in 2012, etc.

Can someone explain why this is the trend? Or are these exceptions?",0,25,1778232578.0,0.24,True,self.movies
1t6y9id,movies,what is this movie!!!!,"I am trying to find a movie that i used to watch ALL the time as a kid. here are the key details i remember.

\- it was a dog who gets taken (i believe) and then returns home almost mutated into a big shaggy dog  
\-there’s only two kids at home when he returns (a brother and sister i believe)  
\-the man that took the dog was doing other animal testing  in which his lab starts to get burnt down and so someone brings all the animals out and lets them go. (it seems to be a bit of a comedy moment as i believe he gets stuck under the garage a bit)  
\-they return the dog back to normal eventually.

i desperately want to find this movie, and all of the things i’ve been searching have not yet led me to my conclusion. help!",0,14,1778217084.0,0.4,True,self.movies
1t7274a,movies,‘Pitfall’ Exclusive Trailer – ‘Friday the 13th’ Meets ‘127 Hours’ in Theaters This May. Starring UFC Champion Randy Couture and Richard Harmon from Final Destination - Bloodline',"https://reddit.com/link/1t7274a/video/657by7crmvzg1/player

ONLY In theatres May 29th. Tickets are onsale now at [www.pitfall-movie.com](http://www.pitfall-movie.com) and [www.fandango.com](http://www.fandango.com)

Follow the pitfall social @ pitfallmovie    

""A Thrilling, Crowd-Pleasing, Survival Horror film."" - Collider  

After a young man gets separated from his friends while in the woods, he falls into a 10-foot deep pit of spikes, impaling him through the leg, and leaving him trapped. He quickly learns that his fall was not an accident.",0,4,1778230255.0,0.33,True,self.movies
1t5sxxv,movies,"Kelly Marie Tran, Ashley Reyes, Jamie Neumann and Ilia Isorelýs Paulino to Star in Noir Thriller Quads &amp; The Kicker",,48,5,1778108567.0,0.79,False,deadline.com
1t5mdww,movies,"What's a bad movie that you started to watch ironically, but as it went on, it genuinely began to upset you?","For me, Highlander II. I hadn't seen the original until recently and really enjoyed it. I heard there was a sequel, and that it was described as one of the worst movies ever made. I thought it'd be fun way to spend a couple hours, and opted for the apparently-superior Renegade Cut. 

However, as it went on, the more I realized it can't be funny bad, it's just bad bad. The dome? Secret immortal society? Bringing back Ramirez only to kill him a second time? Undoing everything about the original's ending? No, I started to get why it was so horrible, and actively wish I never saw it to begin with.",98,233,1778094052.0,0.75,True,self.movies
1t6w6mn,movies,"Superbad will go down as one of my favorite comedy films. But  I feel that almost all the good parts happen before the adult party. Not saying that the latter half is bad (Michael Cera singing is cinema gold), but I feel that there is a difference in quality. What are other great films like this?","Again, the movie is not bad, even the latter half of the film is still a 7-7.5/10 for me. Is this just a case of the first half of the film filled with so many great scenes and one-liners?

As someone who is not American. The only reason why I know Scottsdale Arizona is from that cocaine guy. It's probably one of the few things I know about Arizona in general apart from the Tea, Navajo code talkers, and Steve Nash.",0,39,1778210701.0,0.47,True,self.movies
1t6k615,movies,Fathers and Daughters (2015),"Just watched Fathers and Daughters and I honestly enjoyed it a lot. The emotional connection between the characters, especially Jake and young Katie, really hit me. The performances were amazing and some scenes stayed in my head long after the movie ended.

That said, I feel like the movie could have developed adult Katie’s storyline a bit more. I would’ve liked to see more depth about how she managed to transform herself emotionally and become someone capable of loving so quickly after struggling with trauma and attachment issues for so long. It felt a little rushed compared to how much attention was given to her childhood.

What do y'all think?",0,0,1778180794.0,0.45,True,self.movies
1t5fef0,movies,Sophie Thatcher Joins Jennifer Kent’s 'The Girl Who Was Plugged In’,,172,12,1778079518.0,0.89,False,deadline.com
1t57esc,movies,First image of Nicholas Galitzine and Ella Purnell Thriller 'The Return of Stanley Atwell',,517,54,1778058260.0,0.91,False,i.redd.it
1t75bhf,movies,My opinion on Secretary,"First of all, the director took a story from a book about workplace harassment and turned it into a fetish movie. This is not even office erotica. Secretary circles around a mentally unstable woman who just got out from a mental institution and an obviously mentally unwell BDSM addict lawyer who essentially uses his ill secretary as an outlet for his erotic fantasy. He acts like he’s helping her but in reality he’s just preying on what he sees as an easy prey. And on top of that, the film aggressively tries to push the idea that “BDSM is better and safer then self-harm” as if it isn’t just as awful and destructive for a mentally unstable woman. Yes it’s totally okay to engage in such a relationship but she isn’t even in the right mindset to give consent. There's something called ""Autosadism"" or ""Automasochism"" which is turning self harm or any mental illness into sexual pleasure, and it has been 100% proven by psychologists that people who turn thoughts or actions of self harm into erotic actions actually WORSEN their condition, because with them already being mentally ill the combination of the two erases the line of ""going too far"" and they can no longer differentiate what is the mental illness and what is the sexual desire, and can even add on new problems. But you people seriously confuse actual BDSM with mental illness. He obviously and clearly had been doing that with all his secretaries previously as we are CLEARLY shown throughout the film.  Taking advantage of an ill woman just to fulfill misogynistic fantasies? This is just choose feminist shit in the worst way, completely serving men’s lustful desires.",0,10,1778240180.0,0.13,True,self.movies
1t5n0tn,movies,"‘Train Dreams’ Filmmakers Clint Bentley, Greg Kwedar Sign Indie-Centric, First-Look Deal with Netflix",,74,9,1778095409.0,0.87,False,hollywoodreporter.com
1t5iwhj,movies,Maddie's Secret - Official Trailer,,108,32,1778086901.0,0.78,False,youtube.com
1t5mfxp,movies,100-Plus Years of Paramount History Are Under the Care of This Archivist,,71,3,1778094163.0,0.84,False,hollywoodreporter.com
1t5pewi,movies,Anyone else hate when movies cut up songs?,"Little pet peeve of mine that I don’t see discussed super frequently 

Obviously, needle drops in film are super common and often iconic. But one thing that bothers me way more than it should is when a needle drop cuts a song to bits during the sequence it’s played in.

I’m not even talking about not playing the full song, I understand that that isn’t typically feasible. I’m more talking about rearranging parts of the song, I guess to get to “the good parts”, but often in a jarring or unnatural way, particularly if you already know the song prior to seeing the movie.

This is done even more frequently in trailers, but I feel like that is more understandable given the time constraints. 

Does anyone else get bothered by this, or have some egregious examples? ",48,35,1778100515.0,0.74,True,self.movies
1t4utlf,movies,Jordan Peele’s Monkeypaw Productions Cuts Down Development Team (Exclusive),,2735,285,1778020720.0,0.94,False,hollywoodreporter.com
1t6vqje,movies,Imogen Poots is a prime example of a good actor who's always miscast.,"She had that 3 movie streak back in 2014 where she was portraying characters she had no business playing: That Awkward Moment, A Long Way Down, and Need for Speed. Those were the first things I've seen her in and I thought she was a bad actress. But then I got to see her in I Know This Much Is True, The Father, and I was surprised at how much depth and range she had, despite how small those roles were. But then I saw her in Green Room and she was miscast there, too. It seems she's better suited for ensemble roles and not much of a leading one. 

I think she's a fine actress but ultimately a very limited one. But hey, so many actors are, when you think about it.",0,25,1778209398.0,0.39,True,self.movies
1t5q71e,movies,"Miles Teller and Eddie Redmayne in Talks to Play Mismatched CIA Agents in Doug Liman Spy Thriller ‘Star One,’ CAA Launching Sales in Cannes",,32,6,1778102222.0,0.69,False,variety.com
1t5w7w8,movies,Movies you just have to rewatch?,Some movies are great. But some movies you can rewatch multiple times. For example I love both the bank job and snatch and have watched them multiple times. But the movie I’ve probably seen more than any other is enemy of the state. Every time I stay at a hotel it seems like this movie is on. And I absolutely love it. What’s that movie for you? ,16,102,1778117130.0,0.7,True,self.movies
1t63iv3,movies,Which are your favorite historical films or series?,"Why?

Which are impressively accurate. Which are whimsically revisionist.

Which display how times have changed. Which show things are the same.

Which would you include as part of media literacy.

Which would you say are examples of the filmmaking craft at its finest.

I like them. Anything you like about them, I want to know.

Edited to ask why.",4,55,1778139377.0,0.55,True,self.movies
1t4tuek,movies,The Wraith (1986) - Phantom Car Race scene - directed by Mike Marvin,,1739,340,1778018344.0,0.93,False,v.redd.it
1t4jsd3,movies,New Poster for 'Scary Movie',,5288,1260,1777996999.0,0.85,False,i.redd.it
1t6bo0s,movies,AMA/Q&amp;A Announcement - Tyree Dillihay - Monday 5/11 at 3 PM ET - Director of 'GOAT',"  
Tyree Dillihay, director of Sony's new animated film **GOAT**, will be joining us here in r/movies for an AMA/Q&amp;A next Monday 5/11. It'll go live sometime tomorrow afternoon, people will be able to ask questions through the weekend, and he'll be back Monday 5/11 at around 3 PM ET to answer questions.

**GOAT** was released in theaters earlier this year and is out on digital soon. It stars Caleb McLaughlin, Gabrielle Union, Aaron Pierre, David Harbour, Nick Kroll, Stephen Curry, Patton Oswalt, Wayne Knight, Adam Pally, Jennifer Hudson, Andrew Santino, and tons more.

Please stop by on Monday if you have questions for Tyree :)

Synopsis:

&gt;A small goat named Will gets a once-in-a-lifetime shot to join the pros and play roarball -- a high-intensity, full-contact sport that's dominated by the fastest, fiercest animals in the world. Ridiculed by his teammates, Will becomes determined to revolutionize the sport and prove that ""small can ball!""

Trailer; [https://www.youtube.com/watch?v=ggZA2oi8S5s](https://www.youtube.com/watch?v=ggZA2oi8S5s)

Please note that this is not the AMA, just an announcement. Please hold your questions for the actual AMA.",2,4,1778162982.0,0.53,False,i.redd.it
1t5plaf,movies,"Noomi Rapace Sci-Fi Thriller ‘Hot Spot’ Lands World Premiere at Fantasia Film Festival in July - In the late 21st century, an investigator and a member of a feared religious sect are brought together by a murder in a refugee camp.",,23,2,1778100902.0,0.79,False,hollywoodreporter.com
1t6vxh9,movies,The myth that yelling = great acting,"I’ve noticed that a lot of “best acting” clips and Oscar bait performances are just men screaming. Think “I abandoned my child” from There Will Be Blood, the argument in Marriage Story, etc.

I love Daniel Day Lewis, but his work in Phantom Thread is miles more interesting to me: all the control, pettiness, tension, and vulnerability are right there without him needing to yell.

It feels like audiences and awards only recognize “big” emotions (anger, breakdowns) as great acting, especially for male characters, and almost ignore subtle stuff like tension, loneliness, sadness, grief, desire, yearning, insecurity, or joy.  
Christian Bale in The Bride! is another recent example for me. It’s such a quietly devastating performance he’s carrying loneliness, yearning, desire, and this exhausted depression that almost tips into hallucination, and it’s all in the way he moves and looks at her. The little fountain moment, where he stoops to pick up pennies, wrecked me because it’s such a small, sad image of this supposed “scary monster” trying to build a life out other people’s wishes.  
And in Phantom Thread, food is basically their love language. The breakfasts, the mushrooms, the way Reynolds eats her meals, there’s no nudity, but you can feel all the intimacy, control, and desire in those scenes. It’s acting that lives in tiny, controlled choices rather than big outburst.

Do we overrate shouting and underrate restrained performances?

Edit for clarity: By “loud” I mean actors literally yelling or cranking up the volume, not just “emotionally big” performances. I’m interested in how much emotional range you can show without shouting.",0,14,1778209956.0,0.27,True,self.movies
1t57hqr,movies,The Hunt (2020) does something I’ve always wanted to see in a movie (small spoiler),"I’ve always wanted to see a fight scene where both characters agree to take a second to catch their breath before fighting again. I always thought it would be so funny, and I was gleefully surprised to see it at the end of this film. A great change from “John Wick” type films where the main character seems to never run out of stamina. Fun movie, great main actress. 3/5

Edit: What makes this so great in The Hunt is that the characters VERBALLY agree to the pause, and even discuss some changes in the fight (“no more glass!”). Lots of movies have “pauses” where both characters catch their breaths, but I’ve never seen it verbalized. I found it kind of endearing in a fight to the death. ",177,96,1778058548.0,0.8,True,self.movies
1t6vvkq,movies,Diversity done right? How to Train Your Dragon,"Saw How to Train your Dragon in a waiting room today and it made me think on it.



I hear all the time people complaining about diversity casting of typically white or male roles.  ""Why do they have to change it?""  Why does it have to stay the same?

  
I think I am in the middle somewhere here but I feel I am in right place.  Diversity casting just because you have the power to do it is sometimes groan worthy.  SNL pokes fun of casting Sterling Brown in Frozen 2. Kenan Thompson finds it absurd he is there in Scandinavia? And its  faux pas to cast white people in Asian stories.  So the theory of keeping cultural or ethnic stories representative stands.

  
And we get to both How to Train Your Dragon and Thor.  Thor was easy, as the Asgardians were aliens and just observed by the Norse.  But How to Train Your Dragon was amazing, with two or three sentences they reasoned out how a story initially northern European was now fleshed out by people from all over the world.  Not only did it make sense but it made the story as a whole so much richer.  

Dr Who changed faces because someone asked why it was always to a white guy, does it always have to be a white guy? And someone said, good point.  But Dragons?  Its so much greater storytelling than why not?  Inclusion and diversity in casting plus seconds of dialog took the story from a regional tale to a global threat.  No longer are they in the movie as some would argue ""someone was told they had to hire \[insert minority\],"" but with this new dept of storytelling, not having diversity would make the whole thing seem low budget.  

  
",0,8,1778209806.0,0.25,True,self.movies
1t60udi,movies,"What's your favorite popular/mainstream film, and your favorite niche/""art"" film?","To be clear: the title isn't meant to imply that mainstream films can't be art. Rather, I think a lot of movie buffs have two types of favorite films: one that everyone will have at least heard of, and one that's more well-known among niche film enthusiasts.

My favorite mainstream film is *The Shawshank Redemption*, for reasons that don't need to be elaborated on. And my favorite niche/""art"" film is *La Jetee*, the short film that inspired *12 Monkeys*, because of its fascinating narrative structure and brilliant twist ending.",7,16,1778130402.0,0.61,True,self.movies
1t6qndg,movies,How come people can see underwater in movies?,"In movies, people swim along underwater with their eyes open and manage to find the handle, the key, the lifeless body of their friend. Unless your ancestors were generations of pearl divers, you can’t focus underwater. Salt makes your eyes sting so you’re lucky to be able to open them for long at all. It’s usually paired with dim, flickering light. Somehow they pretend the actor can see as well as the camera can. I’ve never understood why it stands as a believable fiction. Maybe I’m the odd one out, but it does beg the question why swimming goggles exist if so many people are out there being able to save their friend from a sunken car or escape a sinking ship!",0,43,1778195493.0,0.38,True,self.movies
1t5nsmk,movies,Point Blank (1967) directed by John Boorman - Walker tries to take revenge on Reese,,19,8,1778097045.0,0.63,False,v.redd.it
1t67knj,movies,[TOMT] [Unknown - late 2014] masked killer + chandelier death scene,"Hi ! I'm trying to find a thriller or TV movie (seen before 2014, likely broadcast on international TV 'cause I saw it either in Tunisia or Senegal).

Plot elements I remember:  

• A woman alone in a large house with a big hall and a chandelier.  

• The killer is already known to police but remains anonymous, wearing an expressionless mask (perceived as red i think).  

• The police investigate after the crime, frustrated.  

• Most memorable scene: she’s chased inside, falls down the staircase, and ends up impaled on the chandelier in the hall.  

• The killer uses prepared traps in the house.

Does this ring a bell for anyone?",0,7,1778152913.0,0.42,True,self.movies
1t6s5fj,movies,Fantasy movie with rabbit lead,Folks country men Iam looking for a movie with a rabbit lead an no it's not peter rabbit it a movie about a white boy and an Asian girl finding a magical world and try to help save it with the help of a magician and a rabbit so pls if you know what it is drop the name below Iam looking for it every where but I can't find it ,0,15,1778199403.0,0.2,True,self.movies
1t6qh2h,movies,"Regarding the film ""12 Angry Men"": Do you think Juror #3 is the most deserving of sympathy despite his cruelty, or does his personal prejudice make him an unforgivable character?","https://preview.redd.it/0x0u7bu7qszg1.jpg?width=1536&amp;format=pjpg&amp;auto=webp&amp;s=b692b52af46fea45688edec96a0d6d8dccc3c89f

# The Father-Son Complex: The Real Motive

The tragedy of Juror 3 lies in the fact that he is putting ""the generation of sons"" on trial, not the ""defendant's demographic."" As you mentioned, this is an eternal phenomenon; the older generation always views the rebellion of the younger one as a personal insult and a destruction of values.

* **In his first scene:** He starts talking about the harshness of raising children, and how he made an effort to make his son a ""man,"" only for it to end in a physical clash and abandonment.
* **The narrow vision:** To him, an acquittal means his son was right in his rebellion, while a conviction is a ""delayed revenge"" against all sons who raise their hands against their fathers.

# The Fundamental Difference from Juror 10 (The Racist)

One of the strongest proofs that Juror 3's motives are neither racial nor class-based is his stance towards Juror 10 (played by Ed Begley).

* When Juror 10 began his disgusting, racist rant against slum dwellers, Juror 3 did not pay attention to him or support him. In fact, at one point, he seemed disgusted by this behavior.
* Juror 10 hates the defendant because he is ""one of them"" (external bias), whereas Juror 3 hates the defendant because he ""reminds him of his son"" (internal conflict).

# The Final Breakdown: The Moment of Truth

In the final scene, when Juror 3 tears up the picture of his son, he isn't tearing up a piece of evidence; rather, he is tearing off the mask he had been hiding behind. His final cry of ""Not Guilty"" didn't stem from being convinced by the evidence as much as it was an admission that his anger was directed at the wrong person.

&gt;",0,2,1778195052.0,0.3,True,self.movies
1t5c82k,movies,Exclusive peeks at summer's top movies – from 'Moana' to 'Supergirl',,52,13,1778072449.0,0.68,False,usatoday.com
1t4mn0n,movies,"First Image of Neil Patrick Harris &amp; Lulu Wilson in Comedy-Horror 'The Last Temptation of Becky' - Now a CIA field agent, Becky goes undercover in Poland to infiltrate a family running an inn and planning the Fourth Reich at The Wolf's Lair, one of Hitler's WWII bunkers.",,1655,193,1778002862.0,0.9,False,i.redd.it
1t5s7gi,movies,Have you ever went into a movie thinking it was based on a true story except it wasn't?,"Ages ago I saw *Altered States* (1980). At the time I knew very little about it. For some reason though I was under the impression it was based on a true story.

As things went along that didn't seem so outrageous. The scientist gets deeper into his experimentation &amp; it get trippier but still within the realm of possibility. 

About an hour or so into the movie he transforms into a primitive caveman &amp; goes on a rampage through the town. At that point I began to doubt myself.

Has anyone had a similar experience?",9,73,1778106784.0,0.59,True,self.movies
1t6kxcw,movies,Good movies not based on IP or sequels from 2015-2025…,"I’m looking for movies that one would deem “good” that are not based on other IP or are not sequels of anything previously released. 

The internet is loaded with opinions about the past 10 years being the absolute worst. 

I want to know from people what their take is on that. I know that sequels and movies based on other IP usually control the conversion, I’d love to hear from this sub what they think.

Thanks in advance. ",0,33,1778182435.0,0.36,True,self.movies
1t4og7u,movies,"Guillermo del Toro to Bring ‘Pan’s Labyrinth’ Back to Cannes in New 4K Restoration, 20 Years After Its Record-Breaking Standing Ovation",,1334,39,1778006611.0,0.95,False,variety.com
1t5rx1h,movies,Few questions about Eyes Wide shut,"Watched it yesterday and I found it intriguing, and it’s been lingering in my mind of course(as relevant as ever as well), but while I feel like the movie leaves a lot of mystery on purpose, there’s a few questions I’ve been asking myself.

1. Did Alice cheat on Bill? Based on their last conversation (“no dream is ever just a dream”), I would believe so.

2. Who was the masked guy at the party who looks at Bill and nods at him? Thought it could be Ziegler (prostitute guy at the start), but it doesnt really make any sense since he couldn’t have known that was Bill when he was nodding at him. Was he just there to give the impression Bill was being watched?

3. Was the pianist killed? I realise there isn’t a 100% true answer on this but maybe there’s some clues I didn’t pick up on. I think he was if that matters 

4. The whole Helena being “sacrificed” thing? I had honestly not noticed any of that until today when I started looking up stuff about the movie. It all seems quite far fetched to me to be honest. Does this interpretation imply that Bill and Alice want to join the cult? That they’re giving the daughter away to save themselves? That she got kidnapped without them even noticing? 

5. The mask on the bed. I just saw it as a “we know where you live and we’ve been here” thing but apparently there’s debate about that too? Is there more to it?

6. We learn the woman who sacrifices herself to let Bill go was that prostitute he looked at at the start of the movie. But she couldn’t possibly have known it was Bill, right?  How come she goes straight to him and says he must get out? I just don’t get that, but I believe there’s must be a reasoning for this one.

7. This is again all speculation, but does the daughter of the costume shop owner suggesting a cape kind of imply she’s been one of the women at these parties? Or am I reading too much into it?

Thanks in advance. ",6,11,1778106088.0,0.6,True,self.movies
1t4ermv,movies,Tony | Official Trailer | A24,,3789,555,1777986015.0,0.91,False,youtube.com
1t6dltl,movies,Looking for film title,"This may seem nutso but here goes. I saw an indy film in the 80s that featured a woman meticulously cleaning her house. In real time, we follow her dusting and scrubbing, all the while, she is talking to herself. She is married but we never see the husband. She has no children. She spends her day cleaning an already clean house and thinking. That's all I can recall. Does this movie sound familiar to anyone? Thanks for reading.",0,13,1778167101.0,0.43,True,self.movies
1t6hv9b,movies,Best Car Chase Scene from the Bourne Trilogy,"I recently watched the Bourne trilogy and was still amazed by the car chase scenes. I still think the original car chase from The Bourne Identity is the best one out of the three movies.

Watching that little mini Cooper fly down the stairs, drive the wrong way down the freeway and ultimately still run and be able to be parked without any damage was pretty cool. The cars in both the chase scene in Russia and the United States both got demolished and both ended about the same way with Bourne sacrificing the car to take down the other agent chasing him.

What do you think?",0,11,1778176003.0,0.36,True,self.movies
1t64cav,movies,Recommend movies like ‘500 days of summer ‘,"I’m looking for movies similar to (500) Days of Summer where one person (usually the male lead) is deeply romantic and believes in love/fate/soulmates, while the other person is more emotionally detached, unsure about commitment, or just doesn’t see relationships the same way.

The ending can be happy, bittersweet, or sad, I’m open to anything as long as the relationship feels genuine and emotionally impactful.

Any language is fine . Thanks in advance ",0,18,1778142366.0,0.48,True,self.movies
1t5m8fd,movies,One thing I just thought about while rewatching Passengers 2016.,"&gt;!So you know how when the meteor hits the reactor control computer, and the power flickers and starts a cascade failure? What if the hibernation pod never malfunctioned and Jim stayed in hibernation and the ship continued course?!&lt;

&gt;!My thought process is, when we see Jim/Chris Pratt walk into new rooms/unexplored areas, the lights kick on. It is to be assumed other systems like robots, control panels, buttons, etc also come online at the same time for that general area/room. This means as Chris Pratt walks into rooms he's never been in before. This increases the load on the ships now busted computer systems struggling to maintain the load.!&lt;

&gt;!So if his pod never malfunctioned, which woke him up and allowed him to walk freely around the ship turning everything on. The overall system load would be low enough that while yes, the reactor control computer is cooked from the meteor. The load is so low that it doesn't matter and the ship stays on regular course. And when it reaches close enough to homestead 2 to wake everyone up. The staff can fix the reactor control computer and everything is fine.!&lt;

&gt;!What do you think? I might be entirely wrong but with observing how the ship seems to work. This would have been a fine scenario if the pod never messed up.!&lt;

Obviously if this is the events that happened. We wouldn't have a movie haha.",10,29,1778093736.0,0.57,True,self.movies
1t6jprh,movies,something thatll make me cry,"looking for slow, soft, heartbreaking movies. preferably about a friendship breakup or lesbian relationship heartbreak. i know there arent that many lesbian movies out there and ive probably watched most of them already lol but i really need something that’ll make me cry in a quiet devastating way. i want that empty feeling after the movie ends",0,16,1778179868.0,0.32,True,self.movies
1t5ay5k,movies,"Hi /r/movies - We're John Magaro (actor in PAST LIVES, THE BIG SHORT, FIRST COW, SEPTEMBER 5, CAROL) and Cole Webley (filmmaker). Our new movie, OMAHA, is out in theaters this weekend. Ask us anything!","Hi r/movies, John (actor) and Cole (filmmaker) here! Our new film, OMAHA, premiered at Sundance last year and is out in theaters this upcoming weekend weekend. It's my (Cole's) feature directorial debut.

You may also recognize John from films/series such as PAST LIVES, FIRST COW, SEPTEMBER 5, CAROL, THE BRIDE!, THE MANY SAINTS OF NEWARK, SHOWING UP, OVERLORD, WAR MACHINE, ORANGE IS THE NEW BLACK, THE AGENCY, MATERIALITS, THE MASTERMIND, BIG GEORGE FOREMAN, THE FINEST HOURS, and lots more.

**Trailer:**

[https://www.youtube.com/watch?v=M2OTVoxpetU](https://www.youtube.com/watch?v=M2OTVoxpetU)

**Synopsis:**

&gt;A father conceals the truth about his family's seemingly spontaneous road trip across the American West.

OMAHA is in theaters starting this Friday 5/8 in the US via Greenwich Entertainment and in Canada via Vortex Media.

Ask us anything! We'll be back at 12 PM PT/3 PM ET today, Wednesday 5/6, to answer questions.",38,94,1778069239.0,0.72,False,i.redd.it
1t6jomt,movies,Molly Gordon praises Connor Storrie's 'genius' performance in his next big movie ‘Peaked’,,0,3,1778179798.0,0.44,False,out.com
1t6rl49,movies,Send Help is a poor man’s Triangle of Sadness,"I enjoyed the Raimi-isms and tongue in cheek tone (and actually could have used more of it), but found the overall story pretty derivative given that it’s effectively the same as Triangle of Sadness. 

I did enjoy Rachel McAdams in the role and it’s good to see her take on a different character. 

I think the film has been vastly over praised. Am I missing something?",0,22,1778197937.0,0.35,True,self.movies
1t4jfgb,movies,Official Poster for 'Evil Dead Burn',,1668,144,1777996267.0,0.95,False,i.redd.it
1t55rzw,movies,amazon has infinite money why does prime still have the worst dubbing ever,"I started watching Transit on Prime today. great movie. genuinely interesting but the dubbing was so painfully bad i had to switch it off halfway through 😭 the voices sound emotionally disconnected from the actors, timing feels weird, and every serious scene becomes unintentionally funny.

What confuses me is how trillion dollar companies still struggle with this when random AI startups on twitter are already making dubbing + lip sync look surprisingly natural now.

at this point subtitles genuinely give a better experience.",92,98,1778052327.0,0.68,True,self.movies
1t5gcqz,movies,Models vs Werewolves | Official Trailer | Full Moon Features,,23,46,1778081562.0,0.58,False,youtube.com
1t6faxg,movies,The Wilhelm Scream hunt has begun!,"For years I've kept a spreadsheet of all the places I've encountered our most beloved soundefect. The Wilhelm Scream.   
  
But the other day I started thinking; I can’t be the only nerd out there, hunting the scream.

[The Wilhelm List](http://wilhelmscream.online)

So I've created ‘The Wilhelm List’ and I invite you all to take part in the hunt. bring your one spreadsheets, and get out there again and find new screams.  
  
Let’s build a complete list of all uses of the scream. And once and for all determine how is the best wilhelm hunter out there.

  
\--Benneballe",0,26,1778170659.0,0.45,True,self.movies
1t6rgg6,movies,Have movies largely gotten worse since the mid 2010s??,"I feel like in general movies have gotten worse in quality if script, but also in visual production since covid. Sure there’s always 2-3 big movies that are all around quality per year, but the rest just seem so much worse than they did even eight years ago - especially the streaming service original movies.

Now recently I know Hollywood is obsessed with doing sequels, but that’s not even what I’m talking about.

I always tell my family I feel like there was a modern golden age of movies from 2004 -2018 lol. with a bulk coming in from 2010 to 2013. if you look at the movies made in just the three years it’s incredible.

Does anyone feel the same way??

Any thoughts??",0,30,1778197590.0,0.24,True,self.movies
1t4varx,movies,Hayley Mills Says She Lost 90 Percent of Her Child Stardom Earnings After Bad Financial Advice,,399,39,1778021894.0,0.89,False,variety.com
1t6gk32,movies,Movie where an actor was reading On the Consolation of Philosophy,"I was watching a movie few days back. One of the characters was reading the book [On the Consolation of Philosophy by Boethius. ](https://en.wikipedia.org/wiki/On_the_Consolation_of_Philosophy)

For the love of god I can not remember the movie name now and it is making me very uneasy.

If the movie buffs here have seen the movie and remember it will they be kind to share the movie name. My internet searches have been unhelpful.

EDIT: Not these movies: The Truman Show (1998), Groundhog Day (1993), Stalker (1979), My Dinner with Andre (1981), The Fountain (2006),  Confederacy of Dunces.",0,6,1778173318.0,0.33,True,self.movies
1t4jomk,movies,EVIL DEAD BURN - Official Red Band Trailer,,1358,319,1777996798.0,0.94,False,youtu.be
1t6h1k4,movies,Any movie recommendations?,"I am fancying watching a movie that explores a normal everyday person experience elite level wealth and i don't really mind how it will finish!

I'm thinking along the lines of Crazy Rich Asians sorta rich, like i remember seeing someone else ask for Crazy Rich Asians but they specifically wanted the explore the fashion side of things, i prefer the money side of things.

It was crazy seeing all the wealth and just explaining how they came about all this generational wealth! Anyways any genre is welcome, I just want to watch a good movie!

Think like 'Happy Nation' vibe iykwim!!",0,13,1778174322.0,0.31,True,self.movies
1t4esfd,movies,New Poster for 'Super Troopers 3',,2122,109,1777986056.0,0.94,False,i.redd.it
1t6lfxl,movies,Paramount and Warner Music Team Up for Movies About Artists and Songwriters,,0,14,1778183542.0,0.34,False,variety.com
1t6zoda,movies,The Usual Suspects is Painfully Bad,"I finally watched *The Usual Suspects* with a friend today, and I have a lot to say. This has been on my watchlist for a long time given its high ratings, stellar cast, and reputation as a ""masterpiece."" However, after finishing it, I’m thoroughly disappointed and genuinely don’t see the appeal.

**Acting and Dialogue** I sat through 90 minutes of painfully robotic acting and some of the ""edgiest"" dialogue I’ve ever heard. Ive seen people online say that these wooden Barbie and Ken performances were ""on purpose"" as it points to the twist, but it wasn’t just Kevin Spacey; almost everyone sounded like a machine.

The dialogue is so unrealistic it hurts. No one speaks like a human being; it feels like the script is trying so hard to be tough and cool that it just flops. Every time the characters discuss KS it’s so over-the-top and goofy that it becomes impossible to take seriously.

**The Twist** I’m not even sure you can call it a twist. If you pay attention, especially when Spacey’s character starts talking about KS the ending is painfully obvious. This realization makes the dialogue feel even cornier. I was baffled to see ""Ending Explained"" videos online; there is truly nothing to explain. While the fact that he fabricated the entire story was a slight surprise, his monologue made it so clear he was describing himself.

**Final Thoughts** I’ll admit to being a bit hyperbolic, but I can’t wrap my head around this being called one of the greatest films of all time. I hate the defense that the bad acting, inconsistent plot, and cringey dialogue are ""intentional"" because of the twist. A twist doesn’t excuse a poor viewing experience. I read one review that said, ""If you don't like the twist, it’s still cool to imagine what actually happened."" Am I supposed to just imagine a better movie?

This was painfully bad a 4/10 at best. I know People recommend a rewatch to spot the clues, but I have no interest in wasting more time. I’m genuinely curious what others see in this, I feel like I’m going crazy.",0,104,1778221627.0,0.17,True,self.movies
1t6kcos,movies,"Till you find out that Angel Studios, the people behind the terrible new Animal Farm Movie, are the same people working on the Fablehaven Movie.","I’m scared of how the Fablehaven movie is going to turn out because of who is making it. Like they might cut out all of the magic in those books, and even change the antagonist, who is a witch, as well as the monsters in it, especially the demon. Anyone else just as scared of this possibility as I am?

Edit: So I was wrong, and Angel Studios did not make the new Animal Farm movie. They distributed it. Still, I’m scared of how the Fablehaven movie is gonna turn out, thanks to their involvement. As far as I know, they’re gonna produce and distribute it.",0,11,1778181191.0,0.25,True,self.movies
1t6igm4,movies,Recommend Indian movies for western audiences,"I’m not recommending any romantic musicals or comedies, because I believe only Indians will be able to enjoy those movies. I’m going to recommend movies that are gritty or thrillers because I believe western audiences will enjoy them more.

Black Friday

Drishyam

Gangs of Wasseypur

Satya

Talvar

A Wednesday

Rang de Basanti

Kahaani

Sarfarosh

Pink

Gulaal

Haider

Omkara

My name is Khan

Company

Mother India

Agneepath 1990 &amp; 2012

Ghajini

No one killed Jessica

Maqbool",0,27,1778177219.0,0.28,True,self.movies
1t4u69j,movies,Alien (1979) - Ash examines Kane. Director: Ridley Scott,,359,70,1778019121.0,0.87,False,v.redd.it
1t5dcnu,movies,Propeller One-Way Night Coach — Official Trailer,,17,11,1778075029.0,0.61,False,youtu.be
1t51ip4,movies,I still can't stop watching Amadeus,"Amadeus is one of the few movies I find myself watching over and over again, but I'm not a cinephile and don't know how to articulate why I enjoy it so much. I wish I had the encyclopedic knowledge of movies and the vocabulary so many people on here seem to have when describing their opinions or reviews of movies. I don't know if it's the soundtrack, the acting, or the storyline that is the most impactful to me. All I know is that it is one of the few movies that continues to stir emotions in me when I watch it.

Just had to share for some reason.",114,62,1778038590.0,0.84,True,self.movies
1t6j4nn,movies,Golden Globes Set AI Rules: ‘AI Doesn’t Automatically Disqualify’ a Movie or Show as Long as ‘Human Creative Direction’ Is ‘Primary Throughout Production’,,0,40,1778178630.0,0.41,False,variety.com
1t5h3r2,movies,"Need some recommendations of popcorn, predictable action/thriller movies","Saw Deep Water (2026), and loved it. I am looking for more movies that are like this, olympus has fallen etc.. that are action popcorn movies, but kind of stupid 

Have already seen most of the big blockbusters, (Indiana jones, most statham movies, fast and furious movies I don’t really like) 

Looking for some of your favorites that have that complete action, mindless, but funny movies ",10,49,1778083164.0,0.67,True,self.movies
1t44pss,movies,The Odyssey | New Trailer,,9587,3459,1777954218.0,0.91,False,youtube.com
1t5vuk5,movies,Scary kid movie recommendations,"My 5 year old loves scary movies. I have only shown him kid appropriate scary movies such as gremlins, monster house and coraline. I’m gonna show him the old Jurassic park next. Anyone else got recommendations? All recommendations are welcome \~ 

I already showed him corpse bride and nightmare before Christmas when he was younger. I watched aliens, pan labyrinth and Shaun of the dead as a kid which I loved but I think those are still too scary for him.

Show recommendations would be great too. I was thinking courage the cowardly dog or Scooby-Doo.",1,95,1778116132.0,0.51,True,self.movies
1t6k708,movies,"Ridley Scott deserves a Lifetime Achievement Oscar fr, the Academy is straight up disrespecting him at this point","so i was rewatching The Martian last night (for like the 10th time, no judgment) and it hit me. Ridley Scott has NEVER won an Oscar. man is 88. still cooking. and the Academy just keeps fumbling.

look at the resume. Blade Runner basically invented the look of every sci-fi movie made after 1982. Gladiator won Best Picture and somehow Ridley didn't win Best Director that year, which i still don't understand. Kingdom of Heaven (the director's cut, the theatrical doesn't exist to me) is one of the most slept-on epics ever. American Gangster has Denzel AND Russell Crowe both at peak and Ridley just casually conducting that. and The Martian is my personal goat. matt damon doing math on potatoes shouldn't work and yet.

that's not even getting into Alien, Black Rain, The Last Duel. the man has been carrying cinema for almost 50 years.

and yeah, the Academy has a whole pattern of this. Scorsese had to wait until The Departed. Kubrick never won one. apparently Ridley is next on that list of ""we'll regret this later.""

just give him the honorary one. he's earned it ten times over. every movie he makes ends up being somebody's favorite film and y'all act like he doesn't exist on nomination day.

GOAT behavior. that's all i'm saying.

See you at the movies! ",0,23,1778180856.0,0.37,True,self.movies
1t52s7a,movies,"What Dreams May Come – Chris arrives in Heaven. – Dir. Vincent Ward – October 2, 1998.",,84,32,1778042377.0,0.8,False,youtube.com
1t6iz81,movies,Will they reference the memes in the He-man movie?,"I wonder if Skeletor will say ""Until we meet again"" before making his escape.  That seems like it would be the easiest one.  Also, they could have ""What's Up?"" by 4 Non Blondes playing at some point when Adam is living on Earth.  But what would make me the most hype is if Man-At-Arms is about to fight Skeletor at Snake Mountain, he would say ""I will make your mountain's waters run red with blood"" and Jared Leto calmly stands up from his Bone Throne and says ""Jokes on you.... I'm into that shit."" before an epic fight scene.",0,7,1778178307.0,0.22,True,self.movies
1t69zdo,movies,Looking for Good New Horror or Comedy Movies,"Can anyone recommend some really good new horror or comedy movies from 2025–2026 and tell me where to watch them? I’ve been trying to find something actually entertaining lately, but most recent movies feel boring or overrated. I’m open to anything as long as it’s genuinely funny, creepy, or has a good story.  
Thx",0,8,1778159118.0,0.25,True,self.movies
1t6icb5,movies,Which is the most best horror movie so far?,"I’m looking for genuinely terrifying horror movie recommendations. Not just jump scares, but movies that really stay with you after watching—something disturbing, intense, psychologically creepy, or deeply unsettling.

What’s the scariest horror movie you’ve ever seen, and why? It can be supernatural, psychological, found footage, paranormal, or even based on true events. I’m open to classics as well as newer films.

I’ve already watched a lot of mainstream horror, so feel free to suggest hidden gems too. I want something that will actually make me regret watching it alone at night. What’s your pick?",0,34,1778176978.0,0.24,True,self.movies
1t5133z,movies,Cyberpunk style movies,"Guys, I need your help once again, I'm looking for some good cyberpunk style movies, so far I watched both Blade Runners, Upgrade, Ghost in the shell, Alita and Ready Player One, and also the Cyberpunk Edgerunners anime. Now I'm looking for something a bit less mainstream, everytime I check a cyberpunk movie list, it's always the same I watched before, so please, save me.",91,264,1778037348.0,0.84,True,self.movies
1t4hf0r,movies,"Cube (1997, dir. Vincenzo Natali) Opening Scene",,917,192,1777991972.0,0.92,False,v.redd.it
1t65j8e,movies,Looking for fast paced thriller movies with great plot twists,"I need FAST paced thriller movie recommendations because TikTok has absolutely cooked my attention span.

Looking for movies that:

\- get into the plot quickly

\- keep you hooked the whole time

\- have a GOOD unexpected twist

\- actually end properly

Please no “the ending is up to interpretation"" movies or films that need tons of theories and a YouTube breakdown to understand.

Some stuff I already liked:

\- Run

\- Don’t Breathe

\- Sick 

\- Ready or Not

Hope you guys have good recommendations ✨ ty!",0,33,1778146596.0,0.44,True,self.movies
1t5z2la,movies,Revenge of the Bloody Pulp,"Many years ago, I wrote and published a gore movie newsletter called ""The Gorefest"".  I wrote a long review of a movie I watched called ""Revenge of the Bloody Pulp"".  Now, today I can't find anything about that movie,  Almost like it doesn''t exist.  Has anybody ever heard of the movie?  It did exist, but nothing anywhere now.",0,5,1778125001.0,0.44,True,self.movies
1t68jui,movies,[TOMT] [Unknown-Late 2009] Early 2000s TV movie with a cave demon sealed behind a crystal-like wall,"Hi ! I'm trying to find a dark fantasy film or TV series (seen before 2010, likely broadcast on international TV cause I watched it in Senegal).

Plot elements I remember:

• Two young women in urban/professional clothes meet secretly in a cave or underground space. They kiss, then after a few seconds; one pulls away and leaves.

• As she walks through the cave, she notices a demonic entity with long horns, frozen/completely motionless behind a transparent wall — looked like ice or natural crystal integrated into the rock. Wide open eyes, not moving at all, like it was imprisoned there. She flinches slightly then keeps walking, almost like she already knew.

• The shot starts at eye level then slowly zooms out as she walks away.

• Probably same film: two men kissing in a modern building lobby near a reception desk. White or bluish decor, treated seriously.

• The LGBT element feels structural, not incidental.

I've seen a scene in Hex (kiss between two women in an alien cell) that feels vaguely similar in tone, but the creature doesn't match my memory at all.

Does this ring a bell for anyone?",0,11,1778155537.0,0.45,True,self.movies
1t4r5h1,movies,"Ray Mendoza, co-director of A24's 'Warfare', to direct Western-drama ‘Blood On The Promontory’ - Five convicts are shackled together by foot as they try to escape through the mountains following a violent train robbery.",,294,39,1778012294.0,0.9,False,deadline.com
1t69k38,movies,In the bedroom movie ????,"where can I find the movie IN THE BEDROOM to stream been searching the days with no luck. It’s the 2001  version. I’d love free but I don’t mind paying for the movie just didn’t want to have to order a while hard copy if not absolutely necessary.  I checked all the regular accounts like Apple, prime, fandango etc. ",0,3,1778158102.0,0.27,True,self.movies
1t41ynp,movies,Tenacious D in The Pick of Destiny (2006) - Jables meets Kage. Director: Liam Lynch.,"This is the first scene after the opening credits. Jables (Jack Black) arrives in Hollywood as guided by his poster of Dio. He runs into Kage (Kyle Gass) busking with his acoustic guitar. JB immediately tries to prove himself to KG. You can see Jack Black's hilarious physical comedy skills at work while simultaneously showing off his singing skills. 



Electric dynamite! ",8319,459,1777946621.0,0.92,False,v.redd.it
1t4qxy4,movies,Christopher Lloyd to reprise role as Carl Goodman in Threequel ‘Piranha: Pacific Nightmare’,,233,21,1778011852.0,0.9,False,bloody-disgusting.com
1t69pax,movies,Looking for 2-3 second clips of characters smelling things in Silent Era films,"Hi everyone,

I’m working on a project and I’m looking for short scenes (roughly 2-3 seconds) from the silent film era where a character is smelling something.

It could be a character leaning in to catch a scent or picking an object up to smell it. I'm specifically looking for scenes involving **perfume, food, or flowers**, but honestly, any scene where a character smells a random object would work too.

If you know of any specific films or iconic moments that fit this description, I’d be super grateful for the recommendations!",0,9,1778158448.0,0.32,True,self.movies
1t6j5uy,movies,"I'm tired of people on the internet collectively deciding that a movie is bad before it is released based on rumors, casting, and teasers. And it's happening again.","I don't know how we, the culture of movie fans on the internet, can stop this from happening, but I feel it needs to be discussed.   
  
Over the decades there are so many examples of a collective review-bombing, or troll campaigns against movies that haven't been released yet, some that come to mind are:  
  
Solo: A Star Wars Story (franchise fatigue, probably?) i love this movie and i think most star wars fans would as well if they gave it a chance

People were Against Daniel Craig as James Bond and then Casino Royal turned out to be hugely successful. His tenure has been up and down but i don't think anyone thinks he was a poor choice anymore

Similarly, Michael Keaton was seen as a terrible choice to play Batman in 1989, and people were hating on Tim Burton's movie before it even started production. Now it's considered the standard by which all others are measured (also Ben Affleck and Robert Pattinson - seeing a theme)

The Live Action Snow White and The Little Mermaid (possibly backlash against perceived diversity-washing, and, in the case of Snow White, hand-wringing over how the Dwarf characters were being handled) I haven't seen either of these movies, so i will not venture an opinion  
  
Captain Marvel (combination of franchise fatigue and backlash against the lead actress) I think this movie is fine, lower mid-teir for MCU, didn't deserve the level of hate it received  
  
The Promise (aparently political backlash by a very niche but vocal group of people with strong opinions on the Armenian Genocide of World War I) i haven't see nthis movie either  
  
Even Black Panther was review bombed before it was released (probably a combination of franchise fatigue and perceived diversity-washing) turned out to be great and the early review bombing was largely rendered moot  
  
Now I'm seeing it happen again with the Odyssey. 

Anyway... Please people, wait for the movie to come out and watch it before you say something about it on the internet. you can decide not to watch it if the casting or trailers don't appeal to you, but then, you should forfeit your right to give it a review.",0,108,1778178699.0,0.39,True,self.movies
1t6ds59,movies,The Substance &amp; Acting?,"What made The Substance a gold mine for acting?

  
Quaid and Moore are actors with decades and decades of experience. They're good actors but not otherworldly.



I'm sorry but Qualley has always been a horrendous actor. Somehow all three gave otherworldly performance for this movie.

  
Moore should've won the Oscar, Qualley should get the best supporting nom and Quaid deserved a globe nom for best supporting male for feature.

  
So why do you guys think this movie made performers act good?",0,14,1778167475.0,0.18,True,self.movies
1t4jkf6,movies,"Independence Day 1996, Final Encounter Air Battle Scene, Director: Roland Emmerich",,428,142,1777996554.0,0.85,False,v.redd.it
1t5usvz,movies,Is there a director who makes films in a way that kind of helps teaches film technique and theory?,"I was trying to think of a way to word this so that it makes sense. I think my best bet is to use Better Call Saul as an example. I kind of see it like baby's first film class. It's a master class in camera work and writing, but the themes and symbolism is also put front and center. I don't want to say things are super obvious, because different people understand things at a different pace and in their own ways, but if you go through every episode thread on the sub, you'll find everybody contributing something or other that stood out.

I think I can say it this way without it being a lie: The show's methods were simple, but they were technically difficult to execute. It's my belief that if you watch the entirety of Better Call Saul, when you're done, you are at least the tiniest bit better at understanding and interpreting the language of the screen.",2,42,1778113360.0,0.53,True,self.movies
1t4fqzo,movies,'Sleepaway Camp’ Actor Jonathan Tiersten Has Passed Away,,590,23,1777988269.0,0.92,False,horrorsociety.com
1t67h4o,movies,trademarks of steven spielberg films.,"given how steven spielberg has directed for several different genres, it can be pretty difficult to tell if he has a specific style like quentin tarantino or the coen brothers. however, if you've watched as many of his movies as i have, you will notice that he has certain trademarks throughout his films.

many of his films focus heavily on children, especially his 80s output.

starting with jaws, many of his films have shooting stars in the night sky.

his films often either take place during world war 2 or have some kind of reference to it.

his films often include a shot of a character looking at an incoming object through a car's rearview mirror. 

reflecting his own childhood, his protagonists often tend to be either divorced or children of divorced parents. 

his protagonists are often normal people caught up in extraordinary circumstances. 

his films often feature at least one british actor in the cast.",0,3,1778152639.0,0.25,True,self.movies
1t44st6,movies,New Poster for Christopher Nolan's 'The Odyssey',,3170,281,1777954463.0,0.93,False,i.redd.it
1t58lqw,movies,"AMA/Q&amp;A Announcement - Timur Bekmambetov - Thursday 5/7 at 3 PM ET - Director of 'Wanted', 'Ben-Hur', 'Abraham Lincoln: Vampire Hunter', 'Night Watch', 'Mercy', 'Day Watch'",,12,4,1778062414.0,0.62,False,i.redd.it
1t664cp,movies,Top Gun Maverick,"I’ve never seen the original Top Gun. I saw this movie for the first time a few months ago on a small TV with no surround sound. I loved it so much I watched  5-10x the length of the movie in YouTube clips after. I recently rewatched it on a bigger TV and thoroughly enjoyed it despite knowing what would happen. 

This movie is one of the most rewatchable movies I’ve ever seen, and I’ve seen a lot of movies. The acting is great, but the cinematography and especially, the soundtrack/sound effects makes it incredible. The dark star scene, the G LOC, bird strike, the test run proving the mission can be done, the bell tolls, when they run the actual mission. The third act is perfect. 

I wish I got to see this movie in IMAX (I’m abroad right now until the 18th, and I understand they’re doing a re-release). 

Some of my favorite movies growing up that I rewatched every time on TV and after streaming came out are Oceans 11, National Treasure, Taken, The Dark Knight, Fight Club, Saving Private Ryan, and movies like Pineapple Express, Superbad, The Hangover. 

TGM is a different type of movie compared to most of those but after my first watch it became an instant classic. I absolutely love the movie and wasn’t bored for a second. 

Hans Zimmer sends it over the top. He killed it in Inception, The Dark Knight, and Interstellar. 

Just wanted to share my appreciation for this masterpiece of a movie and experience. I hope the third movie is even better than this one! ",0,53,1778148509.0,0.39,True,self.movies
1t4rdsk,movies,Buried Cannes Classics announcement: Warner Bros is premiering an UNCUT 4K Restoration of Ken Russell's THE DEVILS!,"""**KEN RUSSELL’S THE DEVILS**

Ken Russell  
1971, 1h54, United Kingdom / United States

From Warner Bros. Clockwork. Directed by Academy Award®-nominee Ken Russell, *Ken Russell’s The Devils* stars Academy Award®-winner Vanessa Redgrave and Oliver Reed.

This new 4K restoration of Ken Russell’s masterpiece was assembled from the original camera negative. The film’s sound has been remastered from original English Composite 35mm Mag Film, transferred at 96kHz, plus other original film elements in selected spots as needed.

The Picture and Sound restoration was performed by Warner Bros. Post Production Creative Services, Water Tower Color, and Warner Bros. Sound.

**Screening in the presence of Mark Kermode, biographer of Ken Russell, and Ken Russell’s wife, the academic and researcher Elisabeth Russell.""**

For Reference:

UK X Cut: 1h51m

US R Cut: 1h48m

There are fan versions floating around that are 1h53m that splice in what exists of the censored ""Rape of Christ"" and final jail sequence with Sister Jeanne. So this bodes well that the entirety of the uncensored original cut is what's been restored.",149,14,1778012797.0,0.87,False,festival-cannes.com
1t4f1xw,movies,"Isabella Rossellini Set for Alice Rohrwacher’s ‘Three Incestuous Sisters’ Alongside Previously Announced Cast Dakota Johnson, Saoirse Ronan, Jessie Buckley, Josh O’Connor",,514,52,1777986660.0,0.92,False,variety.com
1t66jff,movies,Has any nostalgia bait sequel or reboot ever been genuinely great?,"We live in the age of sequel movies nobody asked for. From two Indiana Jones ""reboots"" to Disney's live action recreations and musical adaptations like Wicked over yet another Sherlock Holmes or Batman or The Devil Wears Prada 2, there seems to be no shortage of a shortage of innovation.

  
But has there ever been a movie that was obviously made to be a cash-in on nostalgia that has been better than mediocre or even genuinely great? ",0,80,1778149846.0,0.42,True,self.movies
1t63lc8,movies,Synchronic- Rewrote the ending of Synchronic into a much darker psychological tragedy,"I was REALLY enjoying this movie up until the event where his best friend's daughter disappears.  I liked it much more than I anticipated as I hit play on netflix. After watching, I felt like the writers quit being creative and took an easy palatable version for mass consumption rather than flesh out what could have been a better and darker movie.  This completely different ending revolves around removing the missing daugher plot line and deleting the inserted scene about the pill creator committing suicide.

**Alternate Ending – “The Last Pill”**

After experimenting a few times with the drug, Steve returns to the doctors. where the doctor carefully says things like:

“The scans are showing real improvement… we’ve never seen stabilization like this.”

“You’re responding better than we ever expected.”

Obsessed with thinking he has stumbled onto a cure, Over several weeks, Steve’s life becomes a solitary, alcohol-soaked obsession. He is going to fix his brain cancer.

He records hours of tapes, narrating with growing conviction: jump after jump to fantastical new areas where he barely escapes some events and has boring or spiritual introspective experiences with others.

“The drug is repairing my brain. Every jump is healing the tumor. I just need a few more doses before it’s gone for good. I’m racing against time…” would be the theme.

He isolates himself completely — pushing away his buddy, living on whiskey, desperately hunting for more Synchronic while convinced it’s being pulled from the market.

It is so hard to find.  His waking hours are trying to find it anywhere.  He is forced to buy the pill at inflated black market prices as he runs out of money.

Finally he scores what he believes is the **very last pill**. His tumor has shrunk so much that this last jump might be enough to buy him the cure or at least years more on earth. 

Alone in his dim apartment, gaunt and trembling but still hopeful, he holds it up to the camera:

“This is the one. One more big jump and I’ll be cured.”

He swallows it. He bleeds out of current day

**Cut to:**

Pouring rain. Freezing mud. Night. Steve stumbles through a 10th-century Norse coastal village.  It is raining, dark, cold, muddy.  He suddenly realizes this village is under raid. Soaked, filthy, completely out of place. He runs past burning longhouses, witnessing children being slaughtered in horrific ways. Berserkers spot him and roar. The chase is savage.

The berserkers corner him in a dark torch-lit longhouse. They are searching outside.  The carcass of one of the villagers lay on the table having had the blood eagle performed on them moments earlier.  Then it happens.  His watch starts to beep at the 7 minute mark.

Steve collapses in the darkest corner, shaking, covered in mud and blood. Completely broken, he sobs.  He knows he has lost it all.  The noise has given away his position.  The doors are kicked open.  Frightening Norse berserkers stand with swords raised waiting to kill him.   

He cries “no no no no!”  He grabs a knife off the floor and begins repeatedly stabbing himself to desperately end his own life before being tortured to death.

The screen fades to **complete black silence** for several long, uncomfortable seconds.

**Cut to:**

Steve’s buddy’s basement. The friend is sitting in the dark, eyes red, crying quietly as he starts playing the digitized series of tapes that he takes out of a package. He’s emotional, whispering to himself:

The audience leans in — expecting proof of time travel that will vindicate poor Steve's work and sacrifice.

Instead, the tapes reveal the devastating truth:

Scene after scene of Steve slowly unraveling in his apartment is revealed. Talking to empty air. Passing out for exactly 7 minutes at a time (the “jumps”). Getting drunker, more delusional, more isolated. The hopeful early recordings turn manic and paranoid. The cancer, drugs, and alcohol are eating his brain.  Until the final tape:

Steve, in full delusional panic, screaming about berserkers chasing him, then collapsing in the corner of his own apartment, sobbing the same broken line — he keeps screaming “No"" over and over. Until he grabs a kitchen knife and repeatedly stabs himself to death.

The buddy sits in stunned silence, tears streaming down his face, as the tape ends.

**Quiet epilogue**

A small TV in the corner is playing a news segment about the recreational drug Synchronic. The report reveals that the drug creator is currently in heavy litigation — financially destroyed after all remaining pills were recalled and ultimately destroyed months ago. Synchronic had been pulled from the market after waves of lawsuits. The creator looks like a broken shell of a man. The news story makes it clear he is likely going to prison.

",0,6,1778139636.0,0.33,True,self.movies
1t56mfh,movies,THE MIDWAY POINT Official Trailer,,10,12,1778055407.0,0.61,False,youtube.com
1t51zay,movies,"‘Pan’s Labyrinth,’ Ken Russell’s ‘The Devils’ Restorations to Screen at Cannes",,16,1,1778039964.0,0.68,False,bloody-disgusting.com
1t4cbjf,movies,Troy (2004) Hector vs Achilles | Dir. Wolfgang Petersen,,396,215,1777979545.0,0.81,False,youtu.be
1t658nz,movies,"Why was ""My Girl 2""not as good as ""My Girl""?","I personally found it dull and silly. Dan Aykroyd and Jamie Lee Curtis came back just for extended cameos. No Macaulay Culkin for obvious reason. 

  
Anna Chlumsky carries the movie as Vada and she's definitely the best part about the movir but none of the humor or charm from the first film is present in this one. Austin O'Brien is a forgettable romantic interest. Christine Ebersole screams a lot. The storyline of Vada trying to look for her mother's backstory doesn't feel solid enough to support an entire movie. ",0,12,1778145569.0,0.25,True,self.movies
1t4kppq,movies,"Channing Tatum, Tessa Thompson &amp; Patsy Ferran to Star in Charlie Kaufman’s New Film ‘Later The War’, Project Sets 2027 Cyprus Shoot – Based on the short story ‘Debby’s Dream House’ by Iddo Gefen, follows a man who manufactures dreams and nightmares for others, including for his own wife.",,134,15,1777998936.0,0.87,False,deadline.com
1t5mntp,movies,Priyanka Chopra Jonas &amp; Orlando Bloom Join 'Reset' Thriller,,0,1,1778094627.0,0.44,False,deadline.com
1t54fat,movies,Eyes of Fire (1983) - Trailer,,8,0,1778047645.0,0.62,False,youtube.com
1t6ldvi,movies,The Raid fight scenes are dumb,"I think the fight scenes in the Raid looks really stupid honestly. People almost never get hurt and the choreography feels way too fake. It’s like those old 2000s kung fu movies where two dudes are basically dancing instead of fighting for real. half the time the guy already throws his hand up to block before the punch even reach him lol. And whenever someone throws a punch or kick, they just leave their arm or leg hanging there for like 2 whole seconds so the other guy can grab it and do some flashy counter move. Real people dont fight like that. Nobody is just freezing their leg in the air waiting to get caught lmao. Compare that to some Donnie Yen fight scenes. His fights actually feels chaotic and dangerous. Characters scramble around, wrestle, eat punches straight to the face, lose balance, panic, and get dropped fast. It feels like both guys are actually trying to win instead of helping each other finish the choreography.

In the Raid, everybody got insane plot armor too. Dude gets hit by pipes, slammed into walls, stabbed, and still fighting like nothing happened. The whole thing starts looking less like a fight and more like a stunt performance pretending to be brutal.",0,64,1778183419.0,0.07,True,self.movies
1t5kmxo,movies,"New MPA/CARA Ratings and reasons for the week of Wednesday May 6, 2026","G

1.	**Cookie Queens (DOCUMENTARY)** Roadside Attractions, L.L.C.

__________________________________________________________________________________________________

PG

1.	**The Brink of War** (for language, thematic elements and smoking.) Angel Studios

______________________________________________________________________________________________________________________________________________________________

PG-13

1.	**Mobile Suit Gundam Hathaway: The Sorcery of Nymph Circe (Dubbed version and Subtitled version) (ANIMATED) (SUBTITLED)** (for some violent content, suggestive material and language.) Emick Media, L.L.C.

____________________________________________________________________________________________________________________________________________________________________
R

1.	**Bad Karaoke** (for bloody violent content, gore, language, drug use and some sexual content/nudity.)  Father Greg Producions [Producion Co.]

2.	**Haunted Heist** (for pervasive language, sexual material and some violence/gore.) Saban Films, L.L.C.

3.	**Neglected** (for violence/bloody images and some language.) Inaugural Entertainment

4.	**One Last Shot** (for strong violence, and language.) Sony Pictures Home Entertainment

5.	**Train To Busan (2026) (SUBTITLED)** (for bloody violent content.) Well Go USA, Inc.

6.	**Victory or Death (SUBTITLED)** (for bloody violence.) Innonde Films",0,1,1778090397.0,0.45,True,self.movies
1t49a7k,movies,Break up movie that favors the one broken up with.,"My husband and I, stupidly set our two best friends up. One has broken up with the other. We’re still friends with both. We’re going over to the broken hearted friend’s house tomorrow for a movie and Chinese food. What’s a good movie to watch for comfort, for solace, for hope, a happy cry, or no no crying at all. We just to make our gal feel better. ",458,440,1777969503.0,0.88,True,self.movies
1t4nlzj,movies,"Eiza González and Brandon Sklenar to Star in Female Bodybuilding Drama ‘Iron Jane’ From Lissette Feliciano,",,71,21,1778004834.0,0.77,False,variety.com
1t6er1v,movies,Under the Skin (2013) is a confusing 2-star waste of time and metaphors shouldn't excuse a lack of basic logic. (Spoilers),"&gt;!I saw so many long and ""deep"" reviews about this film after finishing—and I’m not gonna pretend like I understand. First of all, I would just like to comment about how adorable Scarlett Johansson looks in oversized clothes.!&lt;

&gt;!Second of all, the ending—what was that? OK I get it that she wants to run away from the guy, but why would she get out of the truck and then run through the forest? And then the guy proceeds to assault her and she somehow gets set on fire. When she's moving through the snow, there’s something called stop, drop, and roll—girl what the hell?!&lt;

&gt;!This film was not only confusing, but also felt like a complete waste of my time. The one thing I liked about it, I swear to God, was just Scarlett Johansson. (trying to finish her filmography) !&lt;

&gt;!Also, why should I need an outside source explaining the film to me just to understand the film itself? If someone says I didn't get the ""heavy themes"" of the film, my response is that there were no scenes that felt heavy until the very end. If you want the audience to get the heavy themes of a film, then make it clear through the actual storytelling inside of the film for goodness sake.!&lt;",0,40,1778169535.0,0.1,True,self.movies
1t4lwnn,movies,"Daisy Ridley, Alden Ehrenreich, Sam Neill Rom-Com ‘The Last Resort’ Lands Worldwide Distribution, US Theatrical Release in 2027 - Directed by Donald Petrie ('How to Lose a Guy in 10 Days'), Written by Karen McCullah ('Legally Blonde').",,81,4,1778001375.0,0.88,False,deadline.com
1t4itck,movies,"Neon Buys Jeff Nichols’ Horror Film ‘King Snake,’ Starring Margaret Qualley, Michael Shannon and Drew Starkey",,115,7,1777994983.0,0.84,False,variety.com
1t5wrv8,movies,Would Blue Heron (2025) be an awkward movie to see with my mom?,"I've heard that Blue Heron is very good and I have an opportunity to see it next week at my local independent theater. My mom and I like to go see movies together, so I was thinking of taking her. We're fine with anything other than moderate to severe sexual content. Is there any of that in the movie? I wouldn't normally be asking here, but it doesn't have a rating yet and I can't find any content evaluation anywhere. Thanks!",0,3,1778118631.0,0.33,True,self.movies
1t5z6ua,movies,NEW TO MOVIES,"This sounds stupid but I watched like less than 10 movies before. I’ve only recently started watching movies, I would see some maybe once a year but they aren’t really memorable. These past few weeks tho I’ve seen like 5 movies because I wanted to experience what I’ve been missing out on. 

I’ve watched:  
Th matrix  
The Truman show  
Vivarium   
( these were recommended to me by a friend and they were awesome movies )

My little mermaid   
Snow White   
I have liked Disney movies ever since I was a kid  
 I’ve seen some comedy movies like rush hour, white chicks and grown ups 1 and 2.

Interstellar and the god father are next on my list. I’m down to watch anything outside gore. Any recommendations would do nicely.",0,51,1778125344.0,0.4,True,self.movies
1t4kuiz,movies,RedLetterMedia — Milwaukee Movie Locations!,,79,5,1777999209.0,0.79,False,youtube.com
1t51iqw,movies,Looking for scenes of people finding each other in big crowds,"Hello! 

I'm looking for movie scenes where 2 people see each other in a big crowd and they're finding a way to go to each other. It doesn't have to be romantic (though that would be my preference), could be just friends or even strangers really, but I would like something that has good visual shots of these. I do seem to recall scenes like this though I can't name an actual movie or show that does at the top of my head...

Sorry for the weird question, I'm studying storyboarding and any would be a great help!

Edit: just woke up and I'm so shocked about the level of enthusiasm and suggestions, thank you very much I'll go through all of them in a bit. I appreciate it a great deal 🙏 ",9,38,1778038594.0,0.6,True,self.movies
1t4imlz,movies,Ozu in Color | TCM &amp; Every Frame a Painting,,75,3,1777994574.0,0.83,False,youtube.com
1t4tcd0,movies,What are some short films that had a strong emotional impact on you?,"Has a short film ever touched you deeply, has any ever made you tear up?

What are some short films that made a strong impact and hit hard? 

And an extra or alternate question, was there a short film that made an emotional impact on you in a different way, or was just really really fun and exciting to watch?",21,42,1778017178.0,0.74,True,self.movies
1t5ege0,movies,"‘The Return Of Stanley Atwell’: Damian Lewis, Jess Alexander, Adrian Rawlins and Will Keen Join Thriller",,1,0,1778077453.0,0.53,False,deadline.com
1t5edgj,movies,"Disney Plans More Short-Form Content, Investment In Original IP",,2,7,1778077276.0,0.53,False,hollywoodreporter.com
1t5508m,movies,"Rudy (1993) - ""Rudy speech from ND"" , directed by David Anspaugh",,3,30,1778049630.0,0.51,False,v.redd.it
1t5xjki,movies,I hated the protagonist in Worldbreaker so much.,"Never have I wanted a main character to die so badly.  Not sure if the blame should go to the script, acting, directing, or editing.  It probably a mix of everything.  a little subtlety would have helped.  Don't watch it unless you want ragebait.  The first scene that pissed me off is when they first get to their boat.  And the second is when she sees someone on the beach.  The actress is young, so I blame bad direction here.  I don't have a problem with the idea or main idea of these scenes just the ham-fisted way in which they were approached.",0,1,1778120708.0,0.14,True,self.movies
1t609i9,movies,"Anyone else getting into a bad habit of skipping through a movies, I'm questioning myself.","Over the last few months I've gotten into an incredibly bad habit of skipping through movies. Not all movies, but quite a lot of movies. Especially action movies that I just feel like are really cliché and have no substance. I'll get through the beginning 10-15 minutes and I slowly start to right arrow key, or click ahead like 25-30 minutes. Just to progress the story, idk if its because I already have a rough idea of what happens or what's going to happen.

A good example was Honest Thief, with Liam Neeson, again not a great movie by any means but just some thing to throw on a watch. I skipped like 4 times in that movie by a significant amount lol. I also like to be present when it comes to movies and new shows and really absorb it. But lately idk, are movies just not that great. Like I recently watch Apex with Charlize and Taron, and I have the biggest crush on Charlize lol and and Taron was really good in the film. I really enjoyed that movie and didn't skip at all just fully immersed, but other films I just can't. If I watch old films from the 90s-early 2000/2010s I never feel like I have to skip but these new films idk man I feel like I'm constantly fast forwarding.

I apologize for the rant but I was wondering if anyone else has been doing this or felt this way. I really want to stop this. I used to just watch almost anything and just take it regardless if it was bad.",0,34,1778128589.0,0.3,True,self.movies
1t5zsy3,movies,Watched Dune Part One. Here are my raw thoughts,"So I just saw Dune Part 1, and here's what I think about the movie.

First, I am curious about how the writer Frank Herbert created such a world and penned it down. How exactly did he think of it? Creating an imaginary world where the logic makes sense, which tells the tales of an outer world, is crazy imagination in my mind. It must have taken a lot of time, effort, counselling of bunch of scientists, and technical collaborators to make sense of it. Moreover, the first movie was fine. Tbh I'm more intrigued by how it was created. As an audience, tbh, there was nothing particularly memorable about the movie for me. Visually, it was good. I really liked the initial frames and shots which made me feel something. They looked otherworldly fascinating, larger than life, and intimidating. I kinda like watching that. But otherwise, I was neither intrigued by the Fremen, nor the Harkonnens, nor the Atreides. I mean, the Harkonnens looked slightly better out of all of them. Also, nothing was shown about the Emperor, so I don't know about that. The fight scenes didn't look interesting either. Nothing really intrigued me. I liked the character of Stilgar (Javier Bardem). That looked nice and familiar. I also liked that scene where Paul and Lady Jessica tried escaping the Sardaukars by manipulating their pitch. I expected a bit more from Duke Leto Atreides and Duncan. They died too soon. To watch Part 2, I'm only excited to see what happens at Giedi Prime. The characters of Paul and Jessica don't excite me. The lord of the Harkonnens was exciting to watch too. Another character I liked was the servant, Shadout Mapes. I expected more of her as well. Now that I think about it, I am kinda excited to know more about the Fremen — their personalities, morals, and how they function. Might watch Dune part 2 soon, after reading a few reddit threads and people's opinion about the movie.",0,19,1778127147.0,0.29,True,self.movies
1t4etav,movies,"Sebastian Stan, Ana de Armas to Star in Felipe Gálvez’s Espionage Thriller ‘Impunity’",,95,1,1777986107.0,0.8,False,variety.com
1t623xf,movies,AMITYVILLE BACKROOMS | Official Trailer,,0,9,1778134507.0,0.08,False,youtu.be
1t3h0pf,movies,Official Poster for A24's Anthony Bourdain Biopic 'Tony',,8110,541,1777899632.0,0.94,False,i.redd.it
1t3o82z,movies,"Mrs. Doubtfire 1993, Could you make me a woman scene, Director: Chris Columbus",,2897,261,1777915145.0,0.94,False,v.redd.it
1t3m4f0,movies,First image of John Cena &amp; Eric Andre in ‘Little Brother’. The film follows a famous real estate agent whose carefully curated world is upended when his eccentric “little brother” unexpectedly reappears. The film hits Netflix on June 26.,,3371,244,1777910795.0,0.92,False,i.redd.it
1t3oyh2,movies,"First Images of Dominic Sessa as a young Anthony Bourdain, alongside Antonio Banderas, Emilia Jones and Leo Woodall in A24's 'Tony'","*“Set in the summer of 1975, when a 19-year-old Bourdain travels to Provincetown, Mass., where he finds work in a local restaurant and, in turn, inspiration and purpose in life thanks to, of course, the food, as well as those around him.”*

Directed by Matt Johnson ('BlackBerry', 'Nirvanna the Band the Show')",2271,229,1777916655.0,0.92,False,i.redd.it
1t53lzs,movies,Help finding this sci-fi animated film?,"hallo, all. i hope this is alright to post here, i've seen similar posts on the sub.

the only information i have on this film is from a clip i happened to see on twitter many years ago.

it's a long shot but here goes:

we're following someone in a space suit, they're running to find someone (?) and they open up a door and instead of seeing a space shuttle or something alien or something modern, the door opens up into a vast mansion with a beautiful garden. i remember something very lush outside, a luxurious space with glass that opens into some greenery.

i think it was meant to be shocking that our astronaut had found themselves in such an earth-like place.

it was very beautifully animated and very smooth, i would compare it to older japanese animated films ive seen but i cannot say for certain its source of origin.

maybe it's obvious to someone, maybe ive completely whiffed. thank you for reading:)",5,24,1778044977.0,0.57,True,self.movies
1t4oasz,movies,Why a 55-Day Shoot Lasted More Than 2 Years: David Lowery on the Long Road to ‘Mother Mary’,,23,0,1778006292.0,0.75,False,thewrap.com
1t42qlg,movies,What is the worst time travel movie of all time?,"There are certainly some fantastic ones like “Primer” and “12 Monkeys”. And I love the time loop genre like “Source Code”, “Edge of Tomorrow” and “Palm Springs”.  

But what are some of the absolute worst time travel movies ever made? I think my #1 is a bit of a cop out because it also falls into the “worst movies of all time” category as well. But … 

Highlander 2

How many people even remembered that this is a time travel movie? 😂",396,854,1777948681.0,0.84,True,self.movies
1t5qu4v,movies,How did the MPAA grade movies in the 1970s?,"I noticed movies like papillon and billy jack rated pg despite papillon showing a beheading and sexual assault and billy jack also showing sexual assault yet movies like texas chain saw massacre which had no blood and no nudity rated R? same with dirty harry some breif nudity scene and not much blood. Why was that? What was the MPAAs logic of the time? I understand some people might say ""PG-13 was not a thing yet"" which is very true however I dont see how that kept billy jack from an R rating...",0,37,1778103635.0,0.36,True,self.movies
1t5sunu,movies,Is there any biopic about real unknown band?,"After I watched „Micheal” I had this thought that popped into my mind. Is there any biopic about the band that was pretty much unknown by majority of the public and after release of the movie this band gained significant popularity? I am searching for examples of niche and high budget films as well. Documentaries don’t count, sorry.",0,32,1778108361.0,0.25,True,self.movies
1t4w0sf,movies,"After years of watching and rewatching The Ninth Gate (1999) I finally understand what its about, specially the ending","Im not going to resummarize the movie or go in deep, because there's millions of those posts already. Im just going to summarize the short version of what I finally understand after all these years: 

The movie is about an attempted power-grab of a Satanic false prophet (Balkan), meanwhile actual Lucifer quietly chooses the right emissary, who ascends at the end.

  
That's the cleanest version of the movie that satisfies all the theories, symbolism and questions. 

  
In a practical sense, what happens at the end of the movie? Corso gains occult knowledge into the mechanics of reality, possibly gains immortality and basically becomes what Balkan is, except he is the actual crowned emissary.",8,19,1778023691.0,0.57,True,self.movies
1t3yfr5,movies,"Paramount’s Untitled ‘Longlegs’ Movie With Nicolas Cage Lands January 14, 2028 Release",,653,155,1777937441.0,0.9,False,deadline.com
1t5x0st,movies,Does Looper Make Any Sense?,"I was rewatching this movie the other day and none of it was adding up.  I know the common complaint is why not have the time machine dump the future loopers into the ocean or a volcano.  That would make sense but the problem goes deeper.  Why do loopers exist at all?  So far as I can tell the future mafia employs loopers in the past to do hits and pays them a lot because the job eventually ends when they close their loop by killing their future selves who have been sent back to the past.  At the same time the future mafia has sent Jeff Daniels to the past to run these loopers and he has also hired a gang of gun wielding enforcers who now control the city.  

  
What are the loopers for?  They seem to be redundant and extra complex muscle but the gat men make them obsolete.  Why do loopers need to be killed in their old age through this complex time travel method?  Their actions in the future still took place.  The mafia seems perfectly capable of kidnapping, is murder beyond them?",0,29,1778119301.0,0.21,True,self.movies
1t4dlgd,movies,First image from ‘The Heretiks’ Home Invasion Horror From ‘Hellraiser’ Reboot Writers,,59,15,1777983048.0,0.75,False,i.redd.it
1t5w0sl,movies,LifeHack (2026) - Poster,,0,13,1778116602.0,0.24,False,i.redd.it
1t3q0e2,movies,Animal Farm Is Not for Kids but They Made It a Kids’ Movie Anyway,,1530,292,1777918847.0,0.93,False,theatlantic.com
1t4caj8,movies,Things that movies often portray in an out of date way,"The introduction of new cultural trends and new technologies sometimes takes a while to be depicted accurately in movies. Creators often want to rely on what they're familiar with from their own experiences and other existing media, and what they expect their audiences to be familiar with.

For example, people are used to the trope of adopting someone from an orphanage, so even though orphanages aren't really a thing anymore, we still see them in movies. Depictions of psychiatry and psychiatric institutions are also quite often horribly out of date, helped by people's general lack of awareness of the topic.

Another factor is how pretty much any movie or TV show written by older people that shows young people talking in slang will often sound wrong to actual young people. The writers are old and aren't as aware of how young people of that time actually talk or behave, so they either rely on slang they remember from their own youth and give off ""how do you do fellow kids?"" energy, use internet buzzwords they've read in the wrong context, or just make stuff up and hope nobody will notice.

Videogames are also often portrayed anachronistically. Games in movies would often use Pac-Man sound effects, still use the concept of ""levels"" to indicate progression, care about ""high scores"" and button mashing while wildly flailing the controller is a valid strategy, because that's what the creators vaguely remembered about the games from their youth. It's gotten better lately due to newer creators being of a generation that not only played games when they were young, but continue to play them.

So what other things do movies often depict in an out of date way?",68,188,1777979466.0,0.76,True,self.movies
1t3u4b9,movies,The Girl Next Door (2004) - Diner scene - directed by Luke Greenfield,,892,152,1777927442.0,0.84,False,v.redd.it
1t5l4bo,movies,The gift (2000),"In this movie we follow Annie Wilson , she is psychic  and trying to  solve murder off the women  named Jessica. This movie is very  good , Billy Bob Thornton  wrote the script  and his mother really was psychic  , Sam Raimi direct  this movie , and he  cast Rosmary Harris  and JK Simmons  in Spiderman  movies because  he worked with them in this movie.",0,8,1778091377.0,0.38,True,self.movies
1t3wyll,movies,"New Poster for 'Rose of Nevada' - Starring George MacKay &amp; Callum Turner - A mysterious boat returns to a village 30 years after vanishing. Two men join its crew hoping for better fortune. After one voyage, they find themselves transported back in time, mistaken for the original crew.",,595,31,1777933846.0,0.94,False,i.redd.it
1t5jld8,movies,Africa-related movie?..HELP,"I’ve been stuck trying to remember this movie for ages and it’s driving me nuts. Hoping someone here can help!  
What I remember:  
•  The title has “Africa” in it (or it’s very strongly Africa-themed)  
•  A famous male actor (I first thought Johnny Depp or Leonardo DiCaprio, but it might be Robert Redford or someone similar) plays a significant role  
•  At the very end of the movie, his character is lying on the ground (injured, dying, or resting dramatically) and says something like “hello to Africa” or “goodbye to Africa” (or a similar line addressing the continent/land)  
It’s most likely a drama, romance, or adventure film — definitely not comedy or horror. Probably from the 1980s–2000s, but not certain.",0,21,1778088299.0,0.33,True,self.movies
1t3qwyt,movies,"Oppenheimer 2023, Trinity Test Scene, Director: Christopher Nolan",,1038,292,1777920729.0,0.82,False,v.redd.it
1t5swds,movies,Mr. Peabody &amp; Sherman. Is a character in the movie bias .,this might be an movie people forgot about but there a scene where the teacher is asking about the president and of course Sherman answering all the questions then you see penny raise her hand to answer the teacher question of “what tree did he plant as a boy” So she said an answer and the teacher was agreeing then after that Sherman disproved the fact and without hesitating she immediately agreed with sherman there for she is bias because you agree with a not “that is smart” but still your the one that asked the question so how are you to agree with someone like that?,0,8,1778108464.0,0.17,True,self.movies
1t5h5js,movies,Kraken | Official Trailer HD,,0,31,1778083260.0,0.49,False,youtu.be
1t4nxh3,movies,Horror suggestion,"I’m looking for a really scary horror movie similar to The Ring, preferably with strong supernatural elements and a deep, unsettling atmosphere. I recently watched Sinister and really liked how disturbing and creepy it felt. I’m not just looking for jump scares, but something that builds tension slowly and stays in your mind even after watching. I enjoy cursed stories, eerie visuals, and psychological horror that feels intense and realistic. Any recommendations would be great.",9,34,1778005502.0,0.64,True,self.movies
1t3wz0s,movies,From an in universe point of view the last two weeks of the Truman Show has got to be the best finale of all time.,"If you're following the show throughout Trumans life you end up learning someone tried to tell him that the world wasn't real, and for 10 or so years nothing on that level occurs he gets married and has a happy life but then its revealed he's still carrying a torch for that person. 

Then the set starts falling apart, then the hints start dropping that his dad didnt die. Truman is starting to see his world isnt real 

Hes trying to escape, this guy that has a terrifying fear of water is forcing himself and his wife to drive over a bridge and - theres a god damned toxic waste explosion ahead hes still stuck there. 

and then Truman snaps during a coffee commercial, is he about to kill his wife? no his friend drops by just in time to stop it.

Next day at the water cooler you're probably asking your friend how long can Truman hold out. 

You tune in again and Trumans gone missing and the world is breaking again its day time when its supposed to be night time, the entire town is hunting him the genre shift to horror is weird but its still compelling. 

You're wondering what the story is going to be and it cuts to Truman in a boat. the tv shows hero has overcome their trauma and a very justified trauma because a storm is about to kill him. 

Yeah you werent around for the early seasons when he was being potty trained or traumatised by the water but you're here now watching the hero fight that trauma to escape. 

Storm breaks and hes alive and you think we'll there no way they can top that until the voice of god appears and tells truman not to leave and despite all that truman is going to brave our real world.

At that point its either writing genius or someone the next day is writing on a forum that the truman show jumped the shark for its impromtu finale.",339,47,1777933874.0,0.92,True,self.movies
1t5p2lk,movies,"Why did ""Street Fighter"" (1994) decide to use Guile as the lead instead of Ken,Ryu or even Chun Li (and why cast a Belgian actor as the American character)?","It would have made more sense for Van Damme to play Vega, anyway. When Street Fighter came out in the 90s,I was lucky enough to go on opening night.

  
I was disappointed, Ken and Ryu were the faces of the game and the film turned these characters into comic relief, side characters who were meant to be laughed at.

Van Damme was completely miscast as Guile. Kylie Minogue as Cammy was wrong and given how useless and thinly written Cammy was, was it even necessary to use the character? 

  
Raul Julia as Bison stole the film. While he was visibly sick, he still chewed every scenery in sight, Ming Na was good as Chun Li, she got to shine and stand out. Andrew Bryniarski as Zangief was a howler, I always enjoy seeing Zangief depicted as a gentle giant. 

Film was campy fun, hated Van Damme as Guile and the disrespect for Ken and Ryu. Whole plot had me going ""What did I just see?"". 

",0,24,1778099756.0,0.22,True,self.movies
1t3lyfn,movies,New Poster for 'The Mandalorian and Grogu',,1048,328,1777910466.0,0.84,False,i.redd.it
1t49fd0,movies,"Once Upon a Time in America, 1984, Sergio Leone, OST Deborah's Theme &amp; Amapola","Deborah's Theme &amp; Amapola OST by Ennio Morricone

Once Upon a Time in America weaves 4 hours of cinematic beauty. In a tender 4-minute moment, Noodles (Robert De Niro) watches Deborah (Jennifer Connelly) dance to Morricone’s Amapola. The film also marks the brilliant Jennifer Connelly's acting debut.",47,9,1777970008.0,0.73,False,v.redd.it
1t3pij2,movies,"New poster for Boots Riley’s ‘I Love Boosters’ movie. Starring Keke Palmer, Naomi Ackie, Taylour Paige, Poppy Liu, Eiza González, LaKeith Stanfield, Will Poulter, Don Cheadle, and Demi Moore. Releases in theatres May 22.",,653,80,1777917800.0,0.87,False,i.redd.it
1t3ufcv,movies,Which musical has the darkest plot?,"I was talking to a friend who was insisting that you cant write a musical about any subject that needs to be taken extremely seriously. His argument is that the genre is inherently goofy (what with people randomly breaking into song) and it would be hard to view the plot with any seriousness because of this. For example, you don't see many musicals about serial killers.

  
So it got me wondering, which musical has the darkest, most serious plot? And does the genre make it hard for you to take that plot as seriously as you should or does it complement it?",364,839,1777928105.0,0.89,True,self.movies
1t5owi2,movies,Imagine if Aaron Sorkin created Idiocracy.,"I watched the movie for the first time pretty recently, and while I didn’t really enjoy it I suppose the film was sort of designed to make you uncomfortable and disgusted.

Imagine if Sorkin wrote it. The main characters could be very typically Sorkin and would have to slow themselves down constantly. Joe and Rita sort of have an advantage over the Sorkin characters, because they know just little enough that they can communicate with the others. If they were smarter, they might have a much more difficult time.",0,6,1778099388.0,0.13,True,self.movies
1t4uxpq,movies,sleepless in seattle,"Hi all

i watched Sleepless in Seattle for the first time ( i’m 25 )   
its my mom’s fav movie so i decided to watch it  
its such a great movie because its easy to digest and the type of movie that makes you believe in destiny and faith (which i needed at this point in my life)   
my fav part is how they made a guy find a” soulmate “ or “significant other” again after losing one which made me realize that you can fall deeply in love twice or even three times in your life  
and man old romcoms just hit different they don’t make movies like that anymore

btw i’m gonna watch (you’ve got mail) tomorrow for the first time and I’m so excited",4,14,1778021001.0,0.57,True,self.movies
1t4nnn6,movies,ALI (2001) - Fight Scenes vs. The Real Fights,,6,0,1778004928.0,0.6,False,youtu.be
1t5krp2,movies,"Movies that give you the feeling of: ""ah, this is a movie""","A little context: I was watching Iron Man 2, it was on TV. The last time I'd seen it was when I was a teenager. It was a different experience, I like the movie, it's a cool and simple Marvel movie, the kind you can just switch your brain off and watch. Yes, I still remembered the most important things, but I was able to see details of the story . But that wasn't what bothered me; it was the constant feeling that it was a movie. I don't know if it was the acting, the set design, or the dialogue, but something was bothering me and screaming in my face the whole time that it was a Hollywood film. I often watch movies and I easily get transported into the movie's world, accepting what's happening on the screen and being guided by the story.

I'm talking about immersion, guys, like, a movie without immersion.

Have you guys ever had this same feeling, or am I going crazy?  
Which movie did you feel the same way about?

",0,25,1778090650.0,0.21,True,self.movies
1t50mfq,movies,Top 3 movies that made you cry,"I start: If you feel sad and you want to cry a river, I recommend you Lilya 4-ever, All about Lily Chou-chou and Mysterious skin. These movies were an before and after on my life because it's a reality most people live... and you don't experience it, but you become aware and conscious about how bad this world can be. 

Tell me, do you have any movies that made you cry a lot? It can be romance, drama, etc, etc. ",0,75,1778036094.0,0.5,True,self.movies
1t41x44,movies,"What, in your opinion, is the best movie that masterfully blends two totally different genres into one film?","Curious to hear your thoughts on this one! I know a lot of films could fit this category over a myriad of genres but I prefer hearing from real people online rather than websites just generating the lists themselves! It could be anything from action, romance, sci-fi, thrillers, suspense, crime, documentary, etc. ",92,278,1777946505.0,0.81,True,self.movies
1t4c7og,movies,"Nina Hoss Thriller 'The Other Side,' 'The Rome Eight' Join Beta Slate at Cannes",,19,0,1777979238.0,0.71,False,variety.com
1t4gau6,movies,"Looking for movie, think mid-2000s maybe earlier","Basically this small group of friends go in this underground tunnel or something like that to hang out and drink with no way out and don't tell anybody at all, there is one opening and someone loses the key or they forgot to bring it don't remember the specifics.

I remember in the end it's revealed one of the women in the group had the key the entire time and watched her friends suffer and die so she could get closer to the guy she liked and spend time together.",8,9,1777989536.0,0.62,True,self.movies
1t4krxw,movies,What makes a character hard to connect with in a movie?,"I've heard of some directors being criticized for being cold, with characters that are hard to care for. 
 
Someone who only shows up for a scene or is an extra is one thing, but what makes a character difficult to connect to for you, even in a film where they have lots of screentime and no shortage of scenes and dialogue?",6,15,1777999064.0,0.61,True,self.movies
1t59cg4,movies,Universal or Sub-Genre Ideals when You Judge a Film,"Do you evaluate films against a universal ideal of ""perfect cinema,” against an ideal of sub-genre, or something else entirely? 

Should a war film and a period drama be judged by the same standards of cinematography, sound, and structure, or does each genre create its own standard?

For me, the ideal shifts from sub-genre to sub-genre—and is different for niches among them—and is largely based on the best example I can imagine of the genre. 

I don't necessarily do it consciously, but on reflection there's always some ideal form present.

For example, Come and See is my ideal war film. It's shockingly brutal depiction of the horror of war, narratively epic, experiential, and undeniably anti-war.",0,19,1778064792.0,0.4,True,self.movies
1t3xz6p,movies,"Thunder Road(2018) Dir.- Jim Cummings, Scene when Jim Arnaurd gets Fired","A monologue from Thunder Road that has left a mark on me. The acting is so intense, you couldn't help but connect to the character. Some of the lines hits you directly. The movie was also very great, would love to rewatch sometime again.  
Also this is my first post here, I hope to contribute more in the future. Do comment trivia about it, would definitely love to know more about the film.",142,52,1777936276.0,0.78,False,v.redd.it
1t5a37d,movies,What other composers like Hanz Zimmer?,"Looking for more people like hanz zimmer, but can’t really find anybody I really like or enjoy, as far as epic grand soundtracks. Really like to put soundtracks on shuffle on Spotify for the work day just curious if anyone has any suggestions? Also Jeremy soule is one of my favorites from Skyrim soundtrack.",0,59,1778066926.0,0.38,True,self.movies
1t4atqu,movies,Kim Jee-Woon: A Primer,,19,1,1777974944.0,0.72,False,youtube.com
1t5goul,movies,Movies that got cocky,"What movie went into the release thinking that they were gonna be the next Titanic, but ended up being the Out Of The Woods. 

Examples that got me thinking about this: 

The Bruce Springsteen movie with Jeremy Allen White (I don’t even know the name 🤣)

And The Bob Dylan biopic with Timotheeeee Chalamamababingbong ",0,27,1778082283.0,0.31,True,self.movies
1t3htg8,movies,What do you feel is the biggest missed casting opportunity in Hollywood?,"Earlier, I was thinking about how it's kind of tragic that Jon Hamm never got to play Batman. To me, he's practically tailor-made to play a comic accurate, suave, playboy Bruce Wayne, and the range he's shown from other roles of his, like in Baby Driver for example, shows he can bring the intensity needed when he has to play the part of Batman as well. He's a really good actor, he's got the right build for it, the right ""intimidating glare"" for when he's under the cowl, and even has the right voice for it. What sucks is that he's made some comments over the years where he alluded to at least being open to it if the opportunity ever arose. IMO a slam dunk of a casting that must have just never lined up for one reason or another. But sadly, Hamm's a bit too old now for what Gunn's DCU has been reported to be looking for in their new Bats, so it'll probably never come to be, at least not in live action.

What comes to mind for y'all when you think about an obvious casting choice in your mind that, for whatever reason, never came to be?",686,1172,1777901493.0,0.83,True,self.movies
1t58fve,movies,Unable to find Raghu Rai: An Unframed Portrait (2017) Documentary,"**Raghu Rai: An Unframed Portrait** seems to be a tough find! I've checked popular platforms like Mubi, Amazon Prime Video, Netflix, and Google Play, but it's not showing up. It was previously available on Mubi &amp; Prime Video, though but it's nowhere to be seen. Anybody else got leads? Any updates or tips would be awesome.",0,4,1778061877.0,0.36,True,self.movies
1t5ffvu,movies,"I Walked Out of ""Titanic"" Audition Because of an Arrogant B*tch -Eric Braeden ""Young &amp; the Restless""",,0,3,1778079609.0,0.19,False,youtu.be
1t3mv1p,movies,"Movies that shouldn't work, but do","What are some examples of movies that on paper sound like they shouldn't work but the end result is a good movie. The movie that made me think of this question is A Knight's Tale - a jousting movie that's primarily a comedy, and uses all sorts of modern music and other modern touches. On paper it sounds cringe worthy at best but I really enjoy it. ",349,481,1777912357.0,0.9,True,self.movies
1t51vnt,movies,Joe's college road trip,"Hi, reddit.

I'm watching Joe's college road trip on Netflix.

I’m a Japanese student currently studying in the U.S., and to be honest, this movie really shocked me. I can see that it has some humorous moments and things to learn from, but the way it portrays Black people felt quite exaggerated to me.

I’d really like to hear your honest opinions, especially from those of you living in the U.S. Do people generally see these portrayals as somewhat relatable, or should I understand them as exaggerated for entertainment?",0,6,1778039662.0,0.43,True,self.movies
1t4wyci,movies,"What is everybody's thought on They Shoot Pictures Don't They?: Top 1,000 Greatest Films?","My film-loving teacher recommended me this list when I asked him for some movies to watch. When I skimmed through the list, a lot of the films on there seemed unknown(Nothing wrong with that). Just curious what everyone else things of them. And if so, are there any other lists put together by different critics?",0,7,1778026101.0,0.46,True,self.movies
1t4wxja,movies,Movie newbie looking for must-seen movies,"EDIT: Wow, I'm already overwhelmed with all the titles haha, didn't expect so many reccomendations. I'd appreciate if you could maybe give a very brief summary of what the movie is about so I can get a better first view of all those awesome movies 

Hi! So, in my past I really haven't seen many movies besides Star Wars/Marvel stuff. I just recently got into a few movies while trying to catch up, and I'm looking for reccomendations that are based on some movies that I really liked.

I've watched and really enjoyed:

Truman Show

Interstellar

La-La-Land

Project Hail Marry

Eternal Sunshine Of The Spotless Mind

500 Days of Summer

I guess I'm just looking for hard-hitting/emotional movies. They can be funny aswell but I really like the feeling of being broken/thinking about the movie a few days after I've seen it. It doesn't need to be about love, can be tho.

Lmk if you guys have any movie in mind that could match my recent History, so far on my watchlist is Fight Club and Blue Valentine. Maybe Inception since I've heard good stuff about it. Also the 2017 BladeRunner interests me but I don't wanna watch the first movie.

Thanks!",0,43,1778026041.0,0.48,True,self.movies
1t3yw29,movies,"May 1-3 Box Office Recap – 'The Devil Wears Prada 2' opens with a dazzling $76.7M domestically and $233.7M worldwide. 'Michael' crosses $400M worldwide, becoming the second biggest music biopic. 'Animal Farm' flops with just $3.3M and gets a ""C–"" on CinemaScore, the worst grade for an animated film.","The Devil walked all the way to #1, as the highly-anticipated ***The Devil Wears Prada 2*** posted a great start. But the real story was overseas, where the film posted an incredible debut across the world. But its presence didn't seem to impact ***Michael*** at all; not only did the film held well on its second frame, but also became the second highest grossing music biopic after just a few days. Among newcomers, Neon's ***Hokum*** posted a pretty good start, while Angel Studios' ***Animal Farm*** unsurprisingly flopped.

The Top 10 earned a combined $167.7 million this weekend. That's up 19% from last year, when ***Thunderbolts*** opened atop.

Opening at #1, 20th Century Studios' ***The Devil Wears Prada 2*** opened with a wondrous $76.7 million in 4,150 theaters. That's over twice as high as the original ***Prada*** ($27.5 million) and it marked Meryl Streep's biggest ever debut. As a reference, it opened higher than last year's summer kick-off, ***Thunderbolts*** ($74.3 million), and it did it without IMAX screens.

The original ***Prada*** was a big hit back in 2006, earning $124.7 million domestically and $326 million worldwide. That popularity hasn't waned off, as the film has found an even bigger life through ancilliaries, with great DVD sales and strong streaming numbers. The film became a big part of pop culture, with Miranda Priestly becoming one of the most popular female characters of the century. Not to mention a few quotes (""gird your loins"", ""Florals? For spring? Groundbreaking"", pretty much everything Miranda and Emily say, etc.) and story arcs (how much Nate sucks) becoming popular and points of discussion.

But still, a comedy-drama opening this high is astounding. Disney and 20th Century Studios knew they had a hit in their hands, and tried to make it a true cinematic event. They brought every important person back (director David Frankel, writer Aline Brosh McKenna, and stars Meryl Streep, Anne Hathaway, Emily Blunt and Stanley Tucci), and offered things people loved about the original (fashion, comedy and drama) while still shaking things up to not feel like a repeat. Instead of recycling the plot, the film addresses the changes of the fashion industry, along with the current trends that can affect it.

The star power has also grown for the cast in the 20 years since the original. Streep was already a big name back then, but Hathaway and Blunt just became bigger names thanks to their roles in many blockbusters (and in Hathaway's case, an Oscar win), while Tucci has also attained stability thanks to a lot of supporting roles in many films (along with an Oscar nomination). Disney then mounted an extensive marketing campaign, which greatly paid off. And the reviews confirmed it was worth the wait, as it's sitting at 78% on RT. Notably, that's higher than the original's 75%.

According to 20th Century Studios, 75% of the audience was female. This was exclusively an attraction for adults, as a massive 85% of the audience was 25 and over. It also skewed old; 36% was 45 and over, and 22% was 55 and over. They gave it a pretty good ""A–"" on CinemaScore, which is above the original's ""B"" grade (back then, films based on books were graded harder by female audiences given their adaptation). Films like these often hold very well, and Mother's Day falling on its second weekend could boost it. Right now, there's no chance ***The Devil Wears Prada 2*** misses $200 million domestically. A great result... but the overseas story is very different.

In second place, Lionsgate's ***Michael*** added a great $54.4 million in its second weekend. That's down just 44%. Not quite as fantastic as ***Bohemian Rhapsody*** (39%), but better than ***Straight Outta Compton*** (56%). This is a sign that word of mouth is in its favor.

Through 10 days, ***Michael*** has grossed a dazzling $184.2 million. By next week, it will dethrone ***Bohemian Rhapsody*** ($216.6 million) to become the highest grossing music biopic domestically. Given its holds and word of mouth, it looks like the film could wind up with over $300 million domestically by the end of its run.

***The Super Mario Galaxy Movie*** dropped 41%, adding $12.1 million. That's its best hold yet, but it further shows that it's unable to drop less than 40%. The film has amassed $402.6 million domestically, which is $115.3 million below the original through the same point. It should end its run with around $430 million domestically.

***Project Hail Mary*** eased just 34%, earning $8.5 million this weekend. The film's domestic total stands at $318.3 million, and it doesn't look like it's stopping any time soon. In fact, it outgrossed ***Mario*** on Monday and Wednesday, and that might become more common from now on.

In fifth place, Neon's ***Hokum*** debuted with a pretty good $6.4 million in 1,885 theaters. That's not close to ***Longlegs*** territory, but it wasn't expected to play like that. It's quite better than ***Immaculate*** ($5.3 million).

Given its low $5 million budget, ***Hokum*** won't have problem in recouping the investment. While Damian McCarthy is not a mainstream director, the film's premise (an author travelling to a hotel in Ireland that could be haunted) was intriguing enough, and the lack of horror competition also helped. Adam Scott may not be headlining blockbusters, but his presence was enough to attract some horror fans. And good reviews (89% on RT) surely helped.

According to Neon, 52% of the audience was male, and 67% was in the 18-34 demographic. They gave it a solid ""B"" on CinemaScore, which is quite good for a horror title. It will face some horror competition in two weeks with ***Obsession***, but ***Hokum*** should still make its way to $15 million domestically.

Debuting in sixth place, Angel Studios' ***Animal Farm*** flopped with just $3.3 million in 2,600 theaters. That's one of the worst wide debuts for an animated film, and it's nowhere close to rank among the studio's top debuts.

This is a failure that wouldn't surprise anyone. ***Animal Farm*** flopped for one reason, and one reason only: it looks so fucking bad. Despite a lot of recognizable voices in the cast, the film just felt like a misguided and tonally confused mess. The film was originally set up at Netflix, before going the independent route. It made its debut in Annecy last year, where it failed to attract distributors, until Angel Studios stepped in.

The thing about ***Animal Farm*** is that it seems like it didn't know what audience it was catering to. Fans of George Orwell don't want a kiddie animated version with lame jokes (that on top of that, rewrites the third act's point), and families don't want an Orwellian adaptation to take their kids. Not to mention that the audience of Angel Studios doesn't tune in for something like this. And regardless of what you wanted, it looks like the film failed in every single aspect, as it was slaughtered with a brutal 24% on RT.

According to Angel Studios, 53% of the audience was male. Very little interest in the 18-34 demographic (35%). In fact, it skewed old: 40% of the audience was 45 and over (and 25% was 55 and over). They gave it a horrible ""C–"" on CinemaScore, which is the worst grade ever given to an animated film (***Happily N'Ever After*** kept that record with a ""C"" for 20 years). Given its horrible start and poor word of mouth, ***Animal Farm*** will drop like a rock very quickly. If it makes it past $7 million, color us surprised. Anyways, director Andy Serkis surely will fare well with ***The Hunt for Gollum*** next year, right?

***Lee Cronin's The Mummy*** continues its freefall. It collapsed 60%, earning just $2.2 million this weekend. The film has earned a meager $27.4 million, and could finish with less than $30 million.

In eighth place, Magenta Light released Renny Harlin's survival thriller ***Deep Water*** in 1,675 theaters. Unsurprisingly, it flopped with just $2.1 million, nowhere close to its $40 million budget. Even with solid reviews (72% on RT) and word of mouth (""B"" on CinemaScore), it's got a long way to go before turning a profit.

Sony/Crunchyroll's ***That Time I Got Reincarnated as a Slime the Movie – Tears of the Azure Sea*** posted $947,325 in 837 theaters.

Rounding out the Top 10 was A24's ***The Drama***, nearing the end of its run. It collapsed 65%, earning $908,303 this weekend. That takes its domestic total to $46.9 million.

# OVERSEAS

Yeah, ***Prada 2*** had a great start domestically. But the hype was bigger outside America.

***The Devil Wears Prada 2*** earned an incredible $156.9 million overseas, for a marvelous $233.7 million worldwide launch. Yes, it managed to open bigger than ***Michael*** last week. The best debuts were in Italy ($16.6M), Brazil ($12.6M), the UK ($12M), Mexico ($11.7M), Australia ($9.4M), China ($8.5M), Germany ($8.3M), France ($8M), Japan ($6.1M), Spain ($5.2M), South Korea ($4.8M) and Argentina ($3.4M). 

In most of these markets, the film has already eclipsed the original's lifetime gross in just one weekend. Given that the overseas markets often carry great legs, ***Prada 2*** is easily for over $650 million worldwide. And that's just a lowball. Given its $100 million budget, this is just a few days away from already breaking even.

Despite the arrival of ***Prada***, ***Michael*** held its own very well on its second frame. It added $80.8 million overseas, for a $430.2 million worldwide run, overtaking ***Elvis*** to become the second highest grossing music biopic worldwide. The best markets are the UK ($30M), France ($21.2M), Mexico ($17.8M), Italy ($15.7M), Brazil ($15M), Spain ($13.8M), Germany ($13.7M), and Australia ($13.4M). It indicates it's easily heading for over $700 million worldwide, and even $800 million can't be ignored. It has yet to open in its last big market, Japan, which it won't hit till mid June. ***This Is It*** earned $57 million alone in the market, and it'd be surprising if ***Michael*** made less than that.

***The Super Mario Galaxy Movie*** added $32.2 million overseas, for a $897 million worldwide run. It opened in South Korea with a pretty good $4.5 million, although it was overshadowed by ***Prada***. It's still on track to hit the $1 billion milestone.

***Project Hail Mary*** added $7.4 million overseas, for a $638.7 million worldwide total, officially overtaking ***The Martian*** ($630 million).

***Lee Cronin's The Mummy*** may be fizzling out domestically, but overseas is here to save it. It added $6.6 million overseas, for a $80.2 million worldwide run. The best markets are Mexico ($5.3M), India ($3.4M), Spain ($3.2M), the UK ($2.9M), France ($2.7M), Malaysia ($2.5M), Germany ($2.4M), Indonesia ($2.3M), Brazil ($2.1M), Italy ($2M), Australia ($1.6M), and Colombia ($1.4M).

# FILMS THAT ENDED THEIR RUN THIS WEEK



|Movie|Release Date|Studio|Domestic Opening|Domestic Total|Worldwide Total|Budget|
|:-|:-|:-|:-|:-|:-|:-|
|*GOAT*|Feb/13|Sony|$27,202,138|$103,316,898|$193,043,674|$80M|
|*Scream 7*|Feb/27|Paramount|$63,615,172|$121,935,967|$213,835,967|$45M|
|*They Will Kill You*|Mar/27|Warner Bros.|$4,970,938|$10,882,152|$18,892,152|$20M|

\- The goat's got game. Sony's ***GOAT*** has closed with $103 million domestically and $193 million worldwide. Not exactly the runaway hit given its $80 million budget and extensive marketing campaign, but it was close enough. But the fact that an original animation hit $100 million is something admirable. Perhaps it'll perform well when it debuts in Netflix.

\- Paramount's ***Scream 7*** has closed with a chilling $121 million domestically and $213 million worldwide. It easily became the highest-grossing film of the franchise, and the return of so many characters surely had a lot to do with it. We'd like to say that it accomplished everything it set out to do... but it failed with the quality. The film had the worst reviews of the franchise (31% on RT) and word of mouth (""B–"" on CinemaScore), and while it had a monster debut, the film had shitty legs. It became the first film in the franchise to miss the 2x multiplier, achieving just a 1.92x multiplier. Even by horror standards, those are poor legs and it indicates audiences weren't content with the film. But hey, the money is all everyone will focus on. Paramount is already working on en eighth installment as of now, so you can expect ***Scream*** to go on for a long, long time.

\- This is going straight to titles that spoiled a film's outcome. WB's ***They Will Kill You*** has closed with a poor $10.8 million domestically and $18.9 million worldwide. This is not a surprise, given the low buzz and incredibly muted marketing. Releasing it the week after ***Ready or Not 2***, a title with a similar tone and premise, didn't do it any favors.

# THIS WEEKEND

Two wide releases, but only one will try to claim the top spot, even if it will be a challenge.

That's ***Mortal Kombat II***, the sequel to the 2021 reboot. The film brings back most of the cast, and further adds Karl Urban, Adeline Rudolph, and Tati Gabrielle as Johnny Cage, Kitana, and Jade, respectively. The original film was released during COVID-19, so the box office tickets are tricky, but it reportedly had strong viewership in HBO Max. The expectation is that they can build an audience for the sequel, especially with the big selling point: Karl Urban as Johnny Cage, whose character has been the main focus of the marketing. Is this gonna be a fatality or a flawless victory?

Amazon MGM is releasing the family comedy ***The Sheep Detectives***, which stars an ensemble cast led by Hugh Jackman, and follows a flock of sheep who set off to solve the mystery of who murdered their beloved shepherd. Trailers have built some buzz, mainly for its crazy premise, and with ***Mario*** winding down, families might want to check something new. Especially with great reviews (95% on RT) on its side. Could it break out?

# STREAMING DATA

Figures for the week of April 20 to April 26 on Netflix:

|No.|Movie|Year|Studio|Weeks in Top 10|Views|Runtime|Hours Viewed|
|:-|:-|:-|:-|:-|:-|:-|:-|
|1|*Apex*|2026|Netflix|1|38,200,000|1:35|60,500,000|
|2|*180*|2026|Netflix|2|17,500,000|1:35|27,700,000|
|3|*Roommates*|2026|Netflix|2|12,100,000|1:47|21,500,000|
|4|*Thrash*|2026|Netflix|3|9,600,000|1:26|13,800,000|
|5|*Untold: The Shooting at Hawthorne Hill*|2026|Netflix|1|4,500,000|1:14|5,600,000|
|6|*KPop Demon Hunters*|2025|Netflix|45|4,2000,000|1:40|7,000,000|
|7|*War Machine*|2026|Netflix|8|3,200,000|1:49|5,800,000|
|8|*Trust*|2025|Republic|1|3,100,000|1:30|4,700,000|
|9|*The Interpreter*|2005|Universal|1|2,900,000|2:08|6,200,000|
|10|Love at Last|2026|Netflix|1|2,600,000|1:31|3,900,000|

The survival thriller ***Apex***, starring Charlize Theron and Taron Egerton, easily topped the Netflix charts with 38.2 million views on its first weekend. That's slightly better than ***Thrash*** (37.7 million) and a bit below ***War Machine*** (39.3 million). This is poised for a very healthy run ahead.

***180*** and ***Roommates*** saw increases in their second frames, but ***180*** was the most impressive, as it doubled last week's take, taking its total to 27 million views. ***Roommates***, meanwhile, has posted 20.9 million.

After topping the charts for two weeks, ***Thrash*** dropped a sharp amount this week to just 9.6 million views. The film has amassed 81.8 million views in three weeks.

***War Machine*** continues posting some pretty strong holds, as it spends an eighth week in the Top 10. The film has accumulated 128.4 million views. In fact, it's 9.6 million views away from cracking the Netflix's All-Time Top 10 chart. It has less than a month to get to that figure in order to get in.

\_\_\_\_\_\_\_\_\_\_\_\_\_\_\_\_\_\_\_\_\_\_\_\_\_\_\_\_\_\_\_\_\_\_\_\_\_\_\_\_\_\_\_\_\_\_\_\_\_\_\_\_\_\_\_\_\_\_\_\_\_\_\_\_\_\_\_\_\_\_\_\_\_\_\_\_\_\_\_\_\_\_\_\_\_\_\_\_\_\_\_\_

If you're interested in following the box office, come join us in r/BoxOffice.",86,21,1777938583.0,0.8,False,i.redd.it
1t5jzx8,movies,Indian movies deserve more appreciation,"People believe that Indian movies are just the romantic musicals from Bollywood, but there are many Indian movies outside of Bollywood. There are Indian movies that are gritty crime thrillers or about social justice. My favourite type of Indian movies are the crime thrillers, I only like some of the romantic musicals. I recommend people try watching Indian movies outside of Bollywood. In my opinion, Bollywood is not a good representation of Indian movies.",0,5,1778089114.0,0.03,True,self.movies
1t3tj4c,movies,"""They Will Kill You"" is a very solid action movie.","I bought this on a whim over the weekend and thoroughly enjoyed it.  The action was solid and shot super well.  The performances were great.  The direction and cinematography were outstanding.  I was also surprised that the trailer didn't give away the actual plot of the movie.  Its rare a film actually holds back the big reveal like they did here.  Didn't see it coming at all. 
  
Oh and seriously that darkness flaming fire axe fight scene was so fucking dope.  When she lit that axe on fire and went back into that dark room and the music slowly starts ramping up as she fucks up the entire room of baddies.  I watched that shit three damn times.  
  
[&lt;Heres the Red Band NSFW trailer&gt;](https://www.youtube.com/watch?v=AqNFJUihSHg)",157,51,1777926198.0,0.82,True,self.movies
1t595ja,movies,Ranking Every Animated Movie Set In Foreign Countries A.K.A. Seven Continents World Tour,"Here's my list of every single movies procuded in USA set in foregin countries ranked by their foregin settings by seven ( technically eight continents ) thank you 

🇲🇽 Pixar's coco 2017 Antarctica sorry no emoji flag of Antarctica warner movies division happy feet 2006  🇫🇷 Disneys beauty and the beast 1991 🇿🇦 DreamWorks prince of egypt fun fact it's based on the book of Moses 1998 🇰🇷 Sony pictures animation kpop demon hunters 2025 🇧🇷 blue sky studios R.I.P. Rio 2011 &amp; finally 🇭🇲 Netflix aniamtion back to the outback 2021 y'all gonna watch this I made by nivhadorky",0,0,1778064197.0,0.27,False,youtube.com
1t3ymk1,movies,‘Gasoline’: ‘SLC Punk!’ Director James Merendino Sets New Film,"According to The Hollywood Reporter, SLC Punk! director James Merendino is set to direct a new film titled “Gasoline.” The project follows a young singer struggling financially while trying to maintain sobriety, as his brothers become involved in criminal activity. The report outlines early story details and development context. What are your thoughts on this project and Merendino’s return to directing?",74,7,1777937910.0,0.84,False,hollywoodreporter.com
1t4527c,movies,Cinematographer Linus Sandgren on capturing the visual sweep of ‘Wuthering Heights’ and ‘Dune 3’:,,22,2,1777955251.0,0.74,False,goldderby.com
1t56l5u,movies,Gerard Butler was considered and Russell Crowe was in draft to play Robert McCall in the equalizer!! What do you think??,"This movie is based on the classic tv series The Equalizer (1985, I wasn't born yet). 

Originally developed by the Weinstein brothers, then it was sold to Neufled at escape artists, then a new draft by Paul haggis. All this was dropped. And this movie went through a few directors before Fuqua landed it. 

I personally do not think anyone could play this character better than Denzel did tbh. ",0,31,1778055279.0,0.39,True,self.movies
1t4t83r,movies,"""Dirty Mothers""","I ran across this crazy '60's era movie about a gang of female bikers, and two ""Probies"" or whatever who rode scooters. There were fight scenes where the chicks beat up male gangs, and they kept using the phrase ""Dirty mothers"". I saw it once on late night TV in FL around 1989, and have been trying to find it ever since.",1,3,1778016899.0,0.53,True,self.movies
1t3xs3w,movies,What are some examples of actors doing a complete 180 from their usual roles?,"I recently convinced a friend to watch *Uncut Gems*, and it reminded me how rare (and great) it is to see an actor completely break out of their usual style and absolutely nail it. *Adam Sandler* breaking out of his typical comedic roles is a great example of this.

What are other great, against-type performances by actors?",58,248,1777935794.0,0.8,True,self.movies
1t4m8jp,movies,"What are other examples of the trope “don’t worry about blind/deaf/crazy person, they don’t react to anything” who then obviously reacts to protagonist?","Recently watched the new Running Man movie (meh) and it had one of my most hated tropes of all time, ”oh my mother is deaf and isn’t mentally well so you’re safe” who then recognizes the protagonist 3 minutes later and tries to call the cops (they subverted it slightly).

I know I’ve seen this in films before but having trouble finding any.",2,12,1778002043.0,0.54,True,self.movies
1t3nonr,movies,"The Name ""Rocky"" (1976) got in Brazil does a favor for it.","""Rocky"" was released in 76. My dad went to watch it way back in 1976 and, a couple of days ago, I was talking to him and he told me something curious: In the movie, Rocky is just an ordinary man, who has a normal job, who goes through your usual underdog story and the movie is well written to the point where you can relate to him and, by the end, you're rooting for him against Apollo Creed. The fact that he is not a superchampion, a famous fighter and all, just a guy who trained really hard and has his own personal struggles help on this.

But funny enough, when the movie was released in Brazil( where i'm from), the Movie got a subtitle added to it: Rocky - Um Lutador, which translates to Rocky - A Fighter. My dad told me that, when they saw the trailers and the title, that "" A fighter"" implied exactly what the movie tells you: He ain't THE fighter, he's just a normal mundane worker, you can relate to him just by the title of the movie. Sure, ""Rocky - The Fighter"" can sound more cinematic and epic, but ""A Fighter"" captures the spirit of the movie",178,42,1777914038.0,0.78,True,self.movies
1t54l0n,movies,Michael movie second part opinion,So was the second part really necessary the movie could be completed in one part or what are your thoughts about the movie being a multiple part movie actually i was really disappointed seeing the movie end at such a point. Wanted to know all ups and downs of Michael jacksons life let me know how did you like movie being 2 part,0,6,1778048177.0,0.33,True,self.movies
1t3ymj9,movies,First viewing of Aliens-1986,"This was suprisingly a great follow up to the original work that Scott did in 79. I did like how James Cameron kept original to the source material and respect with utmost certainty on delivering what I would say is a spectacular sequel. This could have been a bit shorter in length however knowing this James Cameron it’s quite normal to have length films. 

The way he executed the idea of bringing back a android upon the new directive was a great and fantastic idea as we learnt in the first that androids are assholes and that they follow orders whatever they may be. And then towards the end we see that actually since then androids aren’t as bad as they were as Bishop holds onto Rebecca as she’s about to get sucked into outer space. This is an example of what a director who has great story telling and script writing can produce.

Phenomenal film. Not quite 5 stars still prefer the original work of Scott however that being said this is quite great.

My question to you is: Alien Or Aliens? And why that is. ",45,175,1777937908.0,0.68,True,self.movies
1t4qzyv,movies,Confused about movie The Art of Self Defense (2019),"I really enjoyed the entire movie. Thought the first half was hilarious, but I failed to find a lot of comedy in the second half. Not saying that I didn't enjoy the second half as I was already invested, but I even failed to see the movie trying to be funny until the end. Was that intended? Or did I miss something? By second half I mean starting after Casey killed someone. Like I understand hypermasculinity or whatever, they tried to make fun of it in certain parts, but there was still humor there. After that it was kind of just the Sensei using blackmail in order to make people that don't even go to his classes anymore pay him, and also recruit new members for his dojo. It was interesting but I'm trying to find where this second half was trying to be funny.",1,4,1778011971.0,0.53,True,self.movies
1t52q50,movies,Help with a movie title?,"As the title suggests, I keep thinking about this movie, and for the life of me, I can’t find it anywhere. It starts with a group of people in some Eastern country—I’m not really sure where. I just remember that the group traveled there to visit some pyramids. The locals told them not to go, but of course they did. When they eventually got to the top, they ended up getting trapped there by the locals because of the plants. I don’t remember why—I think it’s because they were poisonous or alive. Can anyone help me find this movie?",0,11,1778042198.0,0.46,True,self.movies
1t3lx88,movies,Patrick Schwarzenegger Joins ‘The Bookie &amp; The Bruiser’ In Dual Role Opposite Vince Vaughn &amp; Theo James,"[Patrick Schwarzenegger](https://deadline.com/tag/patrick-schwarzenegger/) has joined the S. Craig Zahler movie, *The Bookie &amp; The Bruiser,* where he will star in a dual role opposite Vince Vaughn and Theo James.

*The Bookie &amp; The Bruiser* is set in 1959 New York City and features a pensive, Jewish fellow named Rivner (James) and an oversized Italian American tough named Boscolo (Vaughn). Having served in World War II, the two return as changed men, no longer fitting into their old lives. Unwilling to take orders or play by the rules of polite society, the two partner up as a bookmaker and his enforcer and run an illicit gambling operation that proves highly profitable — but dangerous. Their operation thrives until they’re caught in a violent power struggle between the Mafia and an Irish gang, forcing them into a violent fight for survival.",169,25,1777910404.0,0.8,False,deadline.com
1t4px6r,movies,What is the most influential film before Citizen Kane?,"Is it MGM’s the wizard of oz?

King Kong?

Metropolis?

The Jazz Singer?

Nosferatu?

A trip to the moon (from all the way back in 1902)?

Or something else?

I haven’t been able to watch CK (due to not having a streaming service that has it and I don’t have a physical copy of it) but I know that is put among one of, if not THE most influential film ever made (or something like that).

Anyway, the point is that it’s important, and I would like to know what was the most influential film before it.",0,21,1778009683.0,0.5,True,self.movies
1t57ema,movies,"What is, iyo, the most anticipated movie this year?","Simple question, that maybe could be an input to a rich discussion in this thread.

Imho, I'm waiting so much, Masters of the Universe, that I consider the real novelty this year.

The other ones are, imho, that I consider a hodgepodge of overused and recycled sequels and reboots.

Street fighter and Mortal Kombat... Beautiful, but for me they do not constitute news, as their brand has been around forever.

Odyssey, even though Nolan is behind the camera, is still yet another adaptation of Homer's work.

Supergirl will owe its success mainly to Lobo, of whom his screen time in the movie is unknown.

Dune? Never liked (always in my opinion)

Edit: I was forgetting Avengers and Spider-Man, but I still classify them among the overused sequels.

What's yours?",0,36,1778058245.0,0.27,True,self.movies
1t34uv1,movies,"Borat Subsequent Moviefilm (2020) Director: Jason Woliner, Rudy Giuliani appearance",,1707,151,1777861380.0,0.88,False,youtu.be
1t563l7,movies,Gore scenes in non-gore movies? I'll start,"The Mile Miglia crash scene in Ferrari (2023)

The guy getting cut in half in Die Hard 3 (1995)

Mind you that the scenes cannot be from a movie that isn't fully considered a gore movie but still has more in many scenes. For example, Jaws, any scene from Jaws cannot be included in this list, because even though the movie can't go into the category of gore, it still has many gore scenes because, c'mon, it's a goddamn shark",0,38,1778053505.0,0.24,True,self.movies
1t3o7hl,movies,The dead poets society changed me,"I saw this movie with my family some time ago didn't pay a lot attention and like three days ago I decided to watch it again and trust me when I say this I've never cried watching a movie except this one how can someone create such a masterpiece 

Please recommend me some masterpieces like this which is thought provoking but not boring ",106,95,1777915111.0,0.8,True,self.movies
1t55sns,movies,The CGI army shots in Peter Jackson’s “Lord of the Rings” trilogy have always fascinated me. They’ve never looked real or convincing yet they're oddly beautiful &amp; often breathtaking. I’m always surprised people continue to accept it when similar unrealistic CGI in Hobbit is criticized.,"It’s never bothered me, but obvious cgi tends not to bother me. Blade 2? Neo vs all those Agent Smiths? I love that shit. 

But Lord of the Rings has these huge sequence of really obvious computer effects. For example…Aragorn and Theoden on horseback go plowing down an ungodly number of Orcs towards the end of Two Towers? 

I find interesting people just go with this. Like…we all know these are nameless computer effects getting mowed down. 

Is it because of how beautiful and painterly these shots are? The charge of the Rohirrim down the steep hill with Gandalf in Two Towers is just mesmerizing. And we cut between real close up and fake wide.

In the prologue at the start we see these huge armies and none of them look “real” but the way their armor shines and the camera moves, I don’t know, there’s something going on here that people seem to not care this is all fake the way they normally complain about unrealistic CGI. Maybe it’s because no one really knows what the amount of people looks like in a military context?",0,7,1778052395.0,0.36,True,self.movies
1t55887,movies,mount rushmore of movies?,"Mine are: 

1. The Godfather (a pinnacle of acting, screenwriting, and revolutionising the anti-hero character)   
2. The Shawshank Redemption (a masterclass of storytelling and hope)   
3. 2001: A Space Odyssey (an awesome story, an awesome and iconic soundtrack)  
4. Citzen Kane (feels illegal to leave a great movie like this out) ",0,20,1778050403.0,0.08,True,self.movies
1t4791j,movies,Rewatching Flipped as an adult hits very differently,"I rewatched Flipped recently, and I forgot how quietly good this movie is.

When I was younger, I remembered it as a cute first-love movie. The tree, the eggs, the awkward school moments, Bryce slowly realizing he was wrong about Juli. It felt sweet and simple.

But watching it again now, I don’t think the movie is really just about first love.

It’s more about the moment when you start seeing people clearly.

The dual perspective is what makes the movie work so well. At first, Bryce and Juli are living in completely different versions of the same story. Juli sees wonder everywhere. She sees the sycamore tree as something almost magical. She sees Bryce as someone special before he has done anything to deserve it. Bryce, on the other hand, sees everything through embarrassment, social pressure, and the fear of being judged.

That contrast feels very teenage, but also very real.

One of the details I appreciate more now is how the movie never makes Juli’s innocence feel stupid. She is romantic, but she is not naive in a weak way. She has her own values before anyone around her validates them. The tree matters to her because she actually knows how to look at things. The eggs matter because they carry pride, effort, and family dignity. Her father’s painting matters because it shows how beauty can exist even inside a life that looks imperfect from the outside.

Bryce’s growth is slower and honestly a little frustrating, but that is probably why it feels believable. He doesn’t suddenly become mature because he likes a girl. He has to feel ashamed of himself first. He has to notice the way his father looks down on people. He has to realize that being liked by someone good does not automatically make him good.

The dinner scene is still one of the most uncomfortable parts of the movie for me. Not because anything dramatic happens, but because the judgment is so quiet. You can feel the difference between the two families immediately. Juli’s family has problems, but there is warmth there. Bryce’s family looks more polished, but the way they talk about other people makes the room feel cold.

That is probably why the ending works for me. It is not some huge romantic confession. Bryce planting the tree is a small gesture, but it means he finally understands what mattered to Juli. He is not just trying to win her attention anymore. He is trying to see the world from her side.

I also think Flipped is one of those movies that benefits from being watched in a calm room, without distractions. It is not loud or visually overwhelming. It depends on small expressions, warm light, family spaces, and that soft feeling of remembering what it was like to misunderstand someone before you understood yourself.

It made me think that not every movie night needs to be about the biggest action movie or the loudest sound system. Sometimes the best home viewing experience is just having the room quiet enough to let a small movie breathe.

I’ve been trying to make my living room feel more intentional for movies like this, not necessarily more “theater-like” in an intense way, but less cluttered and less distracting. I’ve started noticing things like lighting, where the screen sits, whether the setup feels clean, and whether the room actually lets me focus on the story.

That’s actually how I came across CINÈST. I was looking for a way to make the ultra short throw projector setup feel more like part of the room, instead of having the screen, furniture, cables, and devices all fighting for attention.

For people who have rewatched Flipped as an adult, did it feel different to you too? Did you see Juli and Bryce differently than you did the first time?",10,6,1777962248.0,0.7,True,self.movies
1t47rti,movies,Unofficial Discussion - Swapped,"Streaming on Netflix

Synopsis: A tiny woodland creature and a majestic bird suddenly swap bodies, forcing them to team up to survive the wildest adventure of their lives.

Rotten Tomatoes score: 67%

IMDb score: 7.4/10

Cast:

Michael B. Jordan as Ollie

Juno Temple as Ivy

Tracy Morgan as Boogle

Cedric the Entertainer as Caloo

Justina Machado as Calli

Ambika Mod as Violet

Lolly Adefope as Lily

Táta Vega as Ollie's grandma

Nate Torrence as Lodd

John Ratzenberger as Elder Javan

Directed by: Nathan Greno",7,37,1777964054.0,0.74,True,self.movies
1t51p6z,movies,Movies featuring a post-breakup glow up,"I was thinking the other day about how a post-breakup glow up is kind of a cultural staple when you think of romcoms and chick flicks (especially the 2000s), but the only one I can think of for some reason is Legally Blonde. I ran through a few other movies with the “makeover” trope in my head, but none of them really fit (ex. She’s All That and My Big Fat Greek Wedding had the glow ups before they got together, The Princess Diaries was unrelated to relationships at all, etc.).

Does anyone have any other movie suggestions where the main character gets a makeover after a break up?",0,5,1778039120.0,0.25,True,self.movies
1t2q12x,movies,"Not Another Teen Movie (2001) - Jake Wyler (Chris Evans) makes a bet that he can turn the ""most hopeless girl at school"" into prom queen",,11636,1006,1777825546.0,0.93,False,v.redd.it
1t55yaa,movies,"The ""it's comic book accurate"" statement does not stand if the audience doesn't like it","I've seen this numerous times. Whenever something doesn't make sense logically, tonally, canonically or structurally, people say that, ""well, that is how it is in the comics, so, it's comic accurate"".

Something being accurate to a source doesn't automatically make it good.

That way, if anyone wants to make a bad movie, all they have to do is publish it as a book or comic first, then adapt it.

Just something that's been bugging me for a while, and wanted to hear others' thoughts on this.

On the other end of this spectrum, I'm completely on board with instances where, a creator chooses to cherry pick things that they like from the source material, and discard the rest of it, if it will result in an entertaining piece of fiction.

Ex: Batman v Superman: Dawn of Justice (Ultimate Edition) (2016)

Also, there are instances where a completely unrelated piece of work is closer to the source material and better than the official adaptation of it.

Examples:

Upgrade (2018) is a better Venom movie than most official adaptations.

The Incredibles (2004) is a better Fantastic Four movie than most official adaptations.",0,18,1778052969.0,0.21,True,self.movies
1t55epx,movies,"Would “The Fugitive (1993)” have been better (and more realistic) if Dr. Kimble fled police from his initial arrest, rather than escaping prison after a guilty verdict?","What should have happened is Dr. Kimble is arrested, hours or days after the murder, but escapes police custody shortly thereafter and begins his manhunt. It also keeps the murder recent in time.  People flee from police all the time. This is much more realistic than relying on a prisoner to attack police and start a Final Destination chain reaction that leads to a train derailment. 

First, the sentencing date for a crime like this may happen six months to a year after the conviction. The passage of time distances us from the opening scene’s events. The escape isn’t as impactful if it’s a year after the murder than if it had just happened. 

Also, why did Dr. Kimble have same haircut and beard when sentenced that he did when interrogated? These would’ve been a year apart. He shaves his beard when he’s on the run, thinking this would conceal himself, but we expected to believe he didn’t shave once when he was under police supervision, awaiting trial? 

Secondly, Dr. Kimble would’ve bailed out after arrest awaiting trial. Why did he not spend his time as a free man to find his wife’s killer? He would have had a month to work with at least. He’d be on probationary period, sure, but he’d have fewer law enforcement after him then if he were a prison escapee convicted of murder. And no, I don’t believe they would’ve held him without bond.

Police arresting Dr. Kimble initially suspecting him of murdering of his wife is plausible and realistic. What’s not plausible is that this would make it all the way to the trial level, let alone a guilty plea, after numerous interrogations, witness testimonies, his counsel, and the lack of proof beyond a reasonable doubt.

And, a vascular surgeon with no prior criminal history, who can afford good legal counsel, with other doctors to testify what a good guy he is, would not be sentenced to death for this. It’s a plea deal at best.

All in all, it would’ve been better if he escaped arrest rather than as an inmate. ",0,23,1778051016.0,0.22,True,self.movies
1t50fd9,movies,Top Ten Horror Villains,"My wife and I were having a discussion on the top ten best villains in film. Who would be in your list? 

l) Agent Smith / The Matrix

ll) T-1000 / Terminator 2

lll) Anton Chigurth / No Country For Old Men

lV) The Devil / O Brother Where Art Thou?

V) Hannibal Lecter / Silence of the Lambs

Vl) Dracula / Horror of Dracula

Vll) Bill / Kill Bill Vol l &amp; ll

lX) Chong Li / Bloodsport

X) Brad Wesley / Roadhouse

I would say no masked killers from horror. While I love slashers, they should have memorable personality.",0,25,1778035550.0,0.41,True,self.movies
1t4xff9,movies,Does anybody know when Exit 8 will be rentable/streamable etc in Canada…?,"I got super excited to watch it tonight as JustWatch said it’s available on Apple TV and Prime in Canada, but they’re not. The Google AI overview even says it’s in Canada at those places:( I can’t find any information online about when it’ll actually become available, so I was hoping somebody on here might know? Thanks! ",0,12,1778027367.0,0.4,True,self.movies
1t3n0ae,movies,"First Poster for Crime-Thriller 'Carolina Caroline' - Starring Samara Weaving &amp; Kyle Gallner - A young woman joins a charming con man on the run, leaving a trail of crime and passion as they hustle through the Southeast in search of her estranged mother.",,85,28,1777912661.0,0.82,False,i.redd.it
1t4klb3,movies,Netflix’s Find me Falling podcast,"For those that enjoyed the film, here’s an in depth discussion with the filmmakers:

https://youtu.be/XQyCMD4j_JQ?si=19OokQUcZ80Q9lPE

Featuring Oscar nominated editor Kevin Tent and filmmakers Stelana Kliris and Emilios Avraam. In conversation with ACE member and editor Martinos Aristidou.

The discussion revolves around their collaboration on the global Netflix hit Find me Falling, the realities of making films on a small island-nation and the current state of affairs in Hollywood.
",0,1,1777998697.0,0.46,True,self.movies
1t3r1a4,movies,The average ratings on Rotten Tomatoes are back again!,"You may recall about a year ago, [Rotten Tomatoes decided to hide away the average ratings on their website](https://www.reddit.com/r/movies/comments/1k6gc59/what_happened_to_rotten_tomatoes_critic_scores/).

It looks like they quietly brought it back again!

You just need to click/select the Tomatometer percentage and you can see the average ratings.",50,10,1777920975.0,0.81,True,self.movies
1t3t3j8,movies,"AMA/Q&amp;A Announcement - John Magaro - Wednesday 5/6 at 3 PM ET - Actor in 'Past Lives', 'The Big Short, 'Omaha', 'Carol', 'First Cow', 'September 5', 'The Mastermind;, 'Orange Is the New Black', 'The Umbrella Academy', and lots more.",,39,10,1777925275.0,0.77,False,i.redd.it
1t3bwu7,movies,"Coriolanus (2011, dir. Ralph Fiennes) - ""Cut me to pieces!""",,293,83,1777884304.0,0.85,False,v.redd.it
1t4i7lx,movies,"Films with mystery/procedural/thriller similar to The Vanishing, Anatomy of a Fall, Contagion except we see happens at the end","Are there any films you would rec that are similar possibly of mystery or thriller element, but we can actually see exactly what happens at the end of the film?

For example, we see exactly how the virus started at the end of Contagion, what happened to Saskia at the end of the Vanishing.

Anatomy of a Fall was fantastic but the ending we don't actually know what happened to the husband and is up to interpretation.

Cheers",0,5,1777993666.0,0.5,True,self.movies
1t36ygi,movies,"Her – Theodore installs and meets OS¹. – Dir. Spike Jonze – December 18, 2013.",,632,174,1777867443.0,0.85,False,youtube.com
1t4whti,movies,"Andrew Is the Most Realistic and Empathetic Character in ""The Breakfast Club""","His forced bullying of the kid, being bullied by his father and his forced diet... any other former elite wrestlers agree?   
  
His psychology makes the most sense to me and he showed the most character growth.  
  
The whole plot and why they're all there is contrived, but it works and his character just in terms of the story and if you really pay attention to Gordon - I mean - Emilio, makes the most sense.",0,17,1778024934.0,0.41,True,self.movies
1t4qs6b,movies,"AMA/Q&amp;A Announcement - Timur Bekmambetov - Thursday 5/7 at 3 PM ET - Director of 'Wanted', 'Ben-Hur', 'Abraham Lincoln: Vampire Hunter', 'Night Watch', 'Mercy', 'Day Watch'",,0,7,1778011517.0,0.42,False,i.redd.it
1t2zstk,movies,"New Poster for Thriller 'Is God Is' - Starring Kara Young, Mallori Johnson, Vivica A. Fox, Sterling K. Brown, Janelle Monae, - Two sisters embark on an epic quest for revenge after being disfigured by their abusive father.",,1342,283,1777847821.0,0.84,False,i.redd.it
1t4vlv9,movies,Prime Video Issues Privacy Warning for ‘Summer I Turned Pretty’ Fans Amid Filming for Movie,,0,4,1778022642.0,0.32,False,hollywoodreporter.com
1t3rr83,movies,From Being Steven Seagal’s Assistant to Producing Academy Award Winners Like Sound of Metal: My Interview With Caviar’s Michael Sagol,,25,9,1777922473.0,0.68,False,themovienerds.com
1t3n9b4,movies,Archival photos that show a different side of 'Star Wars',,43,3,1777913162.0,0.74,False,sfgate.com
1t436jx,movies,Biopic movies. Perhaps this is the wrong way to tell their stories.,"I caught this Amy Winehouse biopic *Back To Black* last night. Boring, totally inaccurate (from what I've heard) and a total misfire.

It made me think of the many recent musical biopics recently. So many of them are whitewashed, with plot points straight out from Wikipedia. BhoRap and that Whitney Houston film are the perfect examples.

MICHAEL was barely a movie, but just an excuse to revisit some Jackson videos. I thought ELVIS was fairly decent though.

Which is such a waste. Freddie Mercury, Amy Winehouse and Elvis are artists who have such a long and interesting history. Made me think, that a feature film might be the wrong medium to tell their stories. Perhaps a documentary series would be better suited?",5,31,1777949846.0,0.56,True,self.movies
1t4zfov,movies,Can somebody explain the origins of the big mute indigenous American that pops up in movies about incarcerated people?,"I don’t know how much of an established trope this actually is but I’m watching The Green Mile rn and immediately I was reminded of One Flew Over The Cuckoo’s Nest. Something something, if I had a nickel for every time I watched a movie where a big Native American dude just sat and watched his peers without saying much of anything, I might only have 10 cents, but isn’t it strange it happened twice?",0,8,1778032815.0,0.26,True,self.movies
1t31ru7,movies,"""The Craft"" at 30 | Still the Ultimate Sleepover Horror Movie",,814,65,1777852995.0,0.92,False,inverse.com
1t3s27r,movies,Netflix Thriller ‘Play Dead’ Producers Launch Nocturnal Entertainment,"[Nocturnal Entertainment](https://variety.com/t/nocturnal-entertainment/), a film and television financier and production company, has officially launched following the sale of its first feature, “[Play Dead](https://variety.com/t/play-dead/),” to Netflix. 

Nocturnal Entertainment was built to support filmmakers, providing them with a technology-enabled creative suite, engaging with them early on in the creative process and staying closely involved throughout. Led by producers Keaton Heinrichs and Akiva Nemetsky, the company focuses on producing and backing studio-quality concepts while embracing the speed, control, flexibility and price point of the independent model. 

Fully financed by Nocturnal, “Play Dead,” a World War II thriller, was directed by Jaume Collet-Serra. Noah Jupe (“Hamnet”) and Matthias Schweighöfer (“Oppenheimer”) both star in the film. 

“‘Play Dead’ reflects how we’re built to operate,” said Heinrichs and Nemetsky. “We back bold swings, period. Our job is to give filmmakers both the runway and the safety net to workshop ambitious ideas early, then execute them with modern production tools in a way that is both cinematic and disciplined.”

The company will also focus on actively developing material for partners across the entertainment marketplace, including studios, filmmakers and streamers. Nocturnal Entertainment will maintain a strategic relationship with the Los Angeles Times and have access to its intellectual property; more updates on the partnership will be shared soon.",18,1,1777923099.0,0.65,False,variety.com
1t3uwsi,movies,Siskel &amp; Ebert commanded an industry with the ease of two thumbs.,"No other era than this duo’s has arguably determined whether a film did well or not for almost 30 years. Their influence can't be overstated. Their words could inflate or deflate a new arrival at the box office. They were fevered fans of cinema. They were never afraid to lay into a director or actor. And when the letterbox format emerged, they touted it as the only way to watch movies and educated the public when they could. Youtube has a treasure trove of past episodes. It's total time travel. A lot of the show is ripped from old VHS tapes. The quality is considerably nostalgic. I'm often discovering films I had no idea about, with actors I thought I knew everything about. Their back and forth is never dull, always engaging (and oftentimes infuriating). But in the end, witnessing their friendship across three decades’ worth of episodes is really kinda magical in and of itself. “So until next time, the balcony’s closed.",18,34,1777929136.0,0.6,True,self.movies
1t4topi,movies,Who are the wildest co-stars you've seen in a film?,"I saw a poster for a movie called Cell with John Cusack and Samuel L. Jackson. I don't know why, but it just seems like an oddball pairing. I can't really think of too many others myself. I can think of random ones, like maybe it would be strange to see Michael Caine and Marlon Wayans in a movie together, though Caine definitely has a jovial way about him that could lend to Wayans's style of comedy.",0,28,1778017959.0,0.42,True,self.movies
1t3ethn,movies,Kingdom of the Planet of the Apes,"Has to have some of the best CGI of the 2020s. No matter what you think of the story or the continuation of Caesar trilogy, this is an incredible looking film that I don't think got it's flowers for visual effects.

They look so real it's unbelievable and I would just like a discussion thread for this movie because it legitimately looks that good",94,28,1777893808.0,0.87,True,self.movies
1t54ina,movies,Why have movies decreased in quality so drastically in the last decade?,"It seems like these days Hollywood pumps out horribly written slop 99% of the time now. It’s only been a few decades since arguably the golden age of films in the 90s. What exactly caused this massive drop off? And why do movie studios seem hell bent on refusing to course correct?

90% of good modern movies I watch these days are foreign. The US will pop out maybe 3-5 good movies a year and the rest is genuinely bafflingly bad and I just don’t get it. Just totally devoid of creativity or talent. I assume streaming has something to do with it and probably the average persons willingness to continue to consume low effort slop but I’m curious to know if there are any legit reasons to blame for this horrible phenomenon?

Edit: I had no idea this was such a divisive topic in this sub lol 😭 sorry I don’t loiter in [r/movies](r/movies) and not up to date on the trend of similar posts being made apparently. I was just genuinely curious why there seems to be such an uptick in “slop” movies. As far as my made up numbers I’m not stating them as facts just as a generalized guess to convey the experience I’ve had. I really enjoy great movies and to me PERSONALLY it feels that movies in general these days are becoming more dumbed down , repeated, poorly written, etc. while foreign films seem to not be going through this same “evolution” obviously terrible movies have been released since the start of movies and it’s totally valid to say it’s easy to forget that fact when looking in the past. So apologies for causing the mods here to get slandered out of my late night curiosities",0,51,1778047955.0,0.29,True,self.movies
1t4r4g5,movies,“Venganza” 2026 on Amazon Prime is the best new gritty revenge action flick no one is talking about. Get some tacos and cervezas today and settle in for a Cinco de Mayo Mexican shoot ‘em up film that’ll surprise the mierda outta you with how fun it is!,"Seriously, I went into this film pretty blind after a cursory glance at the trailer not expecting much, but in the end I haven’t been this pleasantly surprised with the quality sleeper action flick since watching The Raid. I highly recommend watching it in Spanish over the English dub, even if you hate subtitles the dialogue overall is pretty sparse. 

The script and pacing are tight and free of usual tropes and unneeded melodrama, visual affects are great especially considering it was done on a shoestring budget (and the VFX director has an active post on Reddit giving an inside look into the process -surprised me that it was the top search result for Reddit on this movie, that’s why I made this post), the fight choreography is excellent, the location shots and sets are surprisingly beautiful and authentic, and the plot is just a no bullshit straight to the point run and gun revenge film with some hilarious moments (negligent discharges unassociated with plot was a fun and original detail to see in a film). Got the tiniest bit too “gun-fu” in the final fight scene where as I would have slightly preferred more of a straight up tactical shootout, it’s still buckets of fun and finishes off with a brutal and solid payoff. Easily an 8.5-9 just for the fun factor (I could be biased because like I said I was expecting something way worse, but I think it’s gonna be a cult classic and they just happened to catch lightning in a bottle.",0,3,1778012234.0,0.39,True,self.movies
1t4cm5t,movies,"Hollywood is bringing back the theatrical comedies in the form of sequels, but now we need more original theatrical comedies!","This decade we are getting back comedies and specifically the comeback of spoof comedies like Naked Gun, Scary Movie and Spaceballs, but my goodness where are the original comedies? last decade we had so many, but so far this decade there has only been 4-5 Original comedies to release in theaters. Like seriously it's just time for the original theatrical comedies to shine again. We need something like StepBrothers, Talladega Nights, Ted, Neighbors, Anchorman, Horrible Bosses or even Hangover. It's time that we have those kinds of movies again.",0,21,1777980401.0,0.46,True,self.movies
1t4x9mn,movies,Anyone else have watched Mortal Engines more that once because it so Epic?,"[https://www.imdb.com/title/tt1571234/](https://www.imdb.com/title/tt1571234/)

Have loved this film since I saw it in the theater.

Anyone else into this story and all that it drives? I saw this while working a 9-5 job. Had a long Lunch and decided to goto a film and this is the one that was the most interesting to me. I've now watched it three times (1 on screen and 2 off) it still kicks the same way...is such an underated Film! Anyone else?",0,8,1778026936.0,0.25,True,self.movies
1t4r9e5,movies,Happy Death Day vs Freaky,"I just watch Freaky after watching Happy Death Day  1&amp;2

  
Loved those two, and Freaky got better as it got going but why so much smuttier? 

What ruined it for me was the amount of actual shitty people, and how much cringe, like if Millie and Vince took much longer to switch then damn, it was hard to connect with a charecter. Way different with Death Day, it didn't have to be smutty, and this gory........ anyways, Death Day left me empty wishing they were all my friends or family lol. 

  
Can you guys recommend more that are closer to Death Day for me, happier, fun, more college or older.... ",0,6,1778012525.0,0.31,True,self.movies
1t4tple,movies,Advice please!! Solo young female moviegoer looking for advice on how to deal with disruptive people SAFELY :),"Hi everyone!! I’m looking for some advice here because I (21F) have found myself in this situation quite often in the past year or so.

TL;DR I, a young woman, often (about 1/10 times I go to movies) find myself alone in theatres with groups of men who are extremely disruptive and can even get aggressive with me when shushed or politely asked to stop. Asking staff to assist has often not helped or only helped temporarily. Is there anything I can do to safely stop or prevent this from happening without putting myself in physical danger?

My AMC theatre is more sparsely attended and I’m often nearly alone in showings especially as I tend to go during the day or afternoon since I work at night. It is not uncommon for an audience to be me and a group of men/boys.

Today I saw Hokum (which I think I enjoyed? I’ll have to go again) and was sat in the back corner by myself. The movie started and it was me and then one man (probably my age or a little older) alone a few rows up. Yay! Great, entertaining beginning to the film. About 25 minutes in (55 minutes after showtime) his two friends come in shouting and laughing and shining their flashlights all around. They sit and then literally just talk full volume for the entire length of the movie. Every time there was a jump scare they would fake scream. SO obnoxious 😭

I shushed them twice and then said “can you please be quiet” so they started throwing popcorn and wrappers at me???? At this point I went to go get a staff member who came in and asked them to stop, to which they laughed at.

Now I’m alone in this theatre with these literal adult men who are still talking and fake screaming and so I ask for someone to help me again. Someone from the staff tells me essentially that there’s nothing they can do and it’s unfortunately on me to leave if I am bothered by the other patrons… so yeah alright I dip at that point.

I asked for my A-List credit back, which the manager gave me and then also some kind of universal ticket that can be used for anything I think? I have to look into that lol.

Unfortunately, my schedule is really school and work focused and I get to do very few small things for myself sometimes like go to the movies. The film isn’t going to be shown at any time I can go see it at my theatre before it closes :( this is the one time I had planned out and been able to go and I’m really upset.

Anyway, that’s just today. Long story short is that I’ve had this issue before with pairs or groups of men age 35 ish and under that just talk through entire films or shine lights or use their phones or whatever. I have been threatened and even followed to my car once. I have no ground to stand on as a young woman who is alone and I really don’t know what to do. I’m very polite when I ask people to stop being disruptive and have (I think) exhausted every option here.

Going to the movies is my one hobby and thing I get to do for myself :(. Most of the time I have a great time! But I would say it’s about 1 in 10 times I have experiences like this. I don’t know if it’s the movies I’m seeing that are attracting assholes? But it’s everything from Hoppers to Hokum at this point and I don’t know where to go from here.

Please let me know if anyone has any advice! I’m really at a loss and don’t want to give up my hobby &amp; favorite self-care activity.",0,36,1778018018.0,0.39,True,self.movies
1t3vptb,movies,Unofficial Discussion – Erupcja,"***Erupcja***

Originally premiered on September 4, 2025 at TIFF; released theatrically in the U.S. on April 17, 2026 via 1-2 Special.

Synopsis: The combustible chemistry between a Polish florist and a British tourist in this charming postcard of sapphic synchronicity.

Directed by Pete Ohs

Written by

* Pete Ohs
* Jeremy O. Harris
* Charli XCX
* Lena Góra
* Will Madden

Cast:

* Charli XCX as Bethany
* Lena Góra as Nel
* Jeremy O. Harris as Claude
* Will Madden as Rob
* Agata Trzebuchowska as Ula

Rotten Tomatoes: 85%

Metacritic Score: 72/100

[Official Trailer] (https://www.youtube.com/watch?v=PPMOewiW5XI&amp;pp=ygUHZXJ1cGNqYQ%3D%3D)",9,12,1777930957.0,0.65,True,self.movies
1t4ut3s,movies,Gran Torino - Walt was the problem a lousy father and neighbour,"Wikipedia plot  ""Walt is estranged from his spoiled family"" this is backwards to anyone who watched the film.  
Walt is a cantakorous grump who is rude to pretty much everyone who isn't a drinking buddy and even admitted to the priest that he never tried to connect with his sons ""he didn't know how"". (aka I was the father and exected someone else to raise my kids now I can't stand them)

Every relationship that blossoms in the movie is because people ignore his rudeness and try to help him.

We all loves a redemption story but I felt sorry for the sons, their father who never had time for them or their kids randomly gives the neighbours the time and attention he refused his own blood their whole life.  
If he really repented he would have finally said something nice to them or at least left some meaningful words in the will.

Definitely an example of generation me only looking after themselves and then wondering why things suck.",0,31,1778020685.0,0.39,True,self.movies
1t2n34h,movies,"AI art made by humans: The seemingly AI-generated image of Meryl Streep‘s Miranda Priestley in 'The Devil Wears Prada 2' was actually created by a real human artist, Alexis Franklin.",,2852,190,1777818823.0,0.92,False,deadline.com
1t3jkrb,movies,I’m looking for must-see Australian movies from 1970- 2015!! :),"Please suggest anything that is not as well known and movies that are hard to find. Dark movies with heavy plots are okay to suggest. 

I’ve enjoyed movies such as   
\-The Square  
\-The boys  
\-lantana  
\-Snowtown   
\-beneath clouds   
\-Samson and Delilah 

Anything crime, triller, drama related or physiologically thrilling or true story related is also appreciated if it’s not an Aussie film. Thanks guys pls share 🤍",37,211,1777905414.0,0.74,True,self.movies
1t30ufo,movies,L.A. Production Report: Karen Bass Says Hollywood Is ‘Turning a Corner’ as Subsidies Kick In,,540,98,1777850525.0,0.87,False,variety.com
1t4qo9m,movies,Kramer vs. Kramer,"Just watched Kramer vs. Kramer for the first time. 

I have to say I kind of hated the ending. 

I don't get why they couldn't just have split custody in the end, 50/50. Boy needs his mother just as much as he needs his father. What even happens now? The dad gets sole custody and mom disappears again? That will only harm the boy even more. The whole ""he already has a home"" narrative is a bit lame. He can still have his home with his dad for 50% of the time and make another home with his mom the other 50% of the time. I don't see how this would create a healthy situation for him as he grows. He does need his mom. He also needs his dad.   
  
Just feeling meh about the whole thing.  ",0,27,1778011292.0,0.32,True,self.movies
1t3m39c,movies,Movie Title Needed: Bad Guy’s Throat Dissolves After Being Force Fed a Pill,"SOLVED: Cradle 2 The Grave

\-Like the title, a man is force fed this tablet that dissolves his throat (not the movie Spy).  
\- There is also a scene where this girl is trapped/abducted in the back of a van and calls for help on the phone. She says she is able to see a bunch of lasers like a light show in the building the van is parked in. The lasers are coming from this machine that is creating something, and I think that something is the pill I talked about above. Don’t hold me to that part.  
\\- I can’t remember which year I would’ve seen it but I doubt the movie can be newer than 2013.",27,23,1777910734.0,0.72,True,self.movies
1t4r084,movies,Any accounts on social media that announce ticket drops?,"LA is a battleground for tickets, and I’m usually on top of it, but I just missed out on tickets for The Boys Series Finale because I found out about it 4 hours after they announced it. Are there any accounts on X or even on here that announce movie ticket drops? Something that I could have notify me?",0,8,1778011986.0,0.29,True,self.movies
1t3krx5,movies,Movie about arrogant hacker and cyberspace,"Hi, guys, I was searching the title of a movie I once saw in tv. It's pretty old, probably late 90s or early 2000s. The protagonist is in fact a young hacker that loves to mess in cyberspace even if he was forbidden from ever using virtual reality again. He ends up being hired by an artificial intelligence( who take the form of a young woman) to stop another AI who's trying to use satellites to cause a climate disaster 

  
Anyone knows it? Google just shows me pretty recent movies",22,19,1777907969.0,0.69,True,self.movies
1t2mqi0,movies,1984 Apocalyptic Drama 'Threads' is Getting a 4K Release on July 28,,2512,222,1777817983.0,0.97,False,fangoria.com
1t3ym62,movies,What are your favorite scenes of a character simply sitting down and watching TV?,"As the title suggests, I'm looking for the mundane but memorable moments. What comes to my mind is Shaun of the Dead, with Shaun sitting down and hearing the information from the random collection of TV channels.

Or more recently, Once Upon A Time in Hollywood with Leo and Brad Pitt watching TV- with the whistle and point meme.

What else?",6,28,1777937882.0,0.61,True,self.movies
1t39ogy,movies,Dave Franco Joins Sophie Wilde In Egor Abramenko Alien Invasion Film,,116,5,1777876266.0,0.82,False,deadline.com
1t3sg24,movies,Fatal Attraction - 1987 - Was Alex Dan‘s first affair?,"A Lyne seems to leave it open both ways - the marriage is turning sexless but Beth is still putting in the work to look her best and Dan says himself he is very happy in his marriage - he is moving up economically and maybe thinking he‘s earned a couple of perks when the opportunity presents himself

1. At the exercise book / suishi party - Jimmy and Dan seem to be prowling around a bit - relatively harmless but a tad inoppropriate with their wives with them
2. Weekend business meeting - Alex starts reeling Dan in - Dan immediately reacts positively
3. Restaurant - Alex goes full predator mode and even throws Dan a curve ball by mentioning his wife - Dan only has getting his rocks off on his mind at this point but clearly mentions the relationship has to be discreet - indicates he‘s done this before
4. Morning after - Dan hightails it the hell out of Dodge before Alex wakes up - smart and shows been there done that - but then makes dumb rookie mistake - Alex reels him in for seconds - when Alex calls him he has to be ready to take her down hard but fumbles - she clearly wants a date - Dan doesn‘t recognise the red flags - dumb - very dumb - Dan also never laced up which would also indicate he was a rookie - at the end of the day it is hard to say - but we do know he took the chance as soon as it presented itself",10,8,1777923922.0,0.64,True,self.movies
1t3z7hx,movies,What's a film where you really disliked the beginning?,"I can think of three:

Alien 3

Killing off Hicks and Newt off screen after all Ripley went through during Alien 2 was very unnecessary.

Terminator Dark fate, killing off John Conner instantly made the first two classic films pointless. All that plot and effort just for a very short scene of, well he get's him.

This one's going to be controversial but I loved the ending of Evil Dead II, just for it to be ignored in Army of Darkness. It left a bad taste in my mouth for the rest of the film. The best one is II. ",3,29,1777939385.0,0.53,True,self.movies
1t4hyul,movies,What movies if you could would you make a sequel,"I was thinking about the movie Dazed and Confused which is a great stand alone movie and perhaps kept that way.   But was thinking what if the made it a trilogy with a 2nd and 3rd movies with similar plot lines where they are set in the

Last day of school  into the evening.   The 2nd set in the metal / rock days of the mid 80s and the 3rd set in the grunge / Alternative days of the mid 90s 

Thoughts ",0,54,1777993169.0,0.41,True,self.movies
1t443ma,movies,Name of old asian horror show (forwarding calls which leads to death),"Hi, I am struggling to remember this very old 2000s asian horror show (presumably Japanese), whereby the whole premise is about forwarding phone calls to one another and whoever gets the call last will die. I’m going off really vaguely of what i remember, so bear with me. 

Some of the more iconic deaths I remember are:

Guy starts choking and pulls out one feather from his mouth and after a few seconds, starts vomiting out a ton of feathers and dies.

A girl and her principal were inside an elevator and the principal has all the students phones in one bag. One started ringing and he had to search through them and suddenly it stops. The scene ends with the girl walking out of the elevator with the principal dead and holding his heart, while the rest of the students rushed to take back their phones.

A guy is outside and he gets a video recording (?) of himself walking below some electrical cables. He decides to follow it and once he’s there, the electrical cables ‘came to life’ (for lack of a better phrase) and shocked him to death.

I searched for quite awhile and it always leads me back to: One Missed Call (2003) Chakushin ari. 

However, I went to watch the full movie posted online and it does not have those death scenes i vividly remember. Hence I was wondering if it could be a different movie entirely and it is the wrong edition (?) 

If anybody has impressions of this movie and knows the name, do leave a comment and I will check it out. Thank you!",2,4,1777952451.0,0.56,True,self.movies
1t3kg4w,movies,"'Return to Oz' highlighted in new movie ""The Sheep Detectives""","I've read Leonie Swann’s novel *Three Bags Full*, which the new movie '***THE SHEEP DETECTIVES***' is based on... but I don't remember this from the novel.

But in a review for the film, AVClub noted that the film is set in the fictional town of ""Denbrook, a small English town where the dimbulb locals, amusingly and inexplicably, are huge fans of the movie [*Return To Oz*](https://www.avclub.com/my-year-of-flops-case-file-9-return-to-oz-1798210913). ""

Has anyone seen the film yet?

[https://www.avclub.com/the-sheep-detectives-review](https://www.avclub.com/the-sheep-detectives-review)

**EDIT UPDATE:  FROM THE MOVIE HABIT REVIEW:**  
""Along the way, there’s also a joke out of left field about *Return to Oz*, the long-forgotten 1985 sequel to *The Wizard of Oz* starring Fairuza Balk. The villagers are astonished when the way too green journalist, Elliot, claims to have never even heard of the movie. They explain to him it was filmed right there, in their own backyard. True: both movies (*Return to Oz* and *Sheep Detectives*) were filmed in Hertfordshire. They also claim it’s even better - much better - than the original movie.""

[https://www.moviehabit.com/review.php?story=she\_d926](https://www.moviehabit.com/review.php?story=she_d926)",21,9,1777907282.0,0.74,True,self.movies
1t4l7gv,movies,"What was going on with""Mortal Kombat: Annihilation""(1997) and why was it as bad as it was?","I genuinely thought Annihilation was DTV,I couldn't fathom or accept a sequel for a popular and entertaining film could turn out as bad as it was.

  
Everything was rushed, a important and beloved character was killed off in the opening act, they recast Raiden and Sonya Blade. Everyone was competing on who gave the worst performance: whoever played Jade sounded like she took acting lessons in the Ali MacGraw Acting Institute, they fired the likable Bridgette Wilson for the Kathleen Kinmont wannabe, Sandra Hess. Jax was annoying, Kitana sounded sedated. James Remar was just unbearable as Raiden, at one point he goes through a Son Goku transformation and turns into Andrew Dice Clay. It's like, WTF. Musetta Vander as Sindel was iconic, though.If you're going to be bad, be iconic. 

  
Nevertheless, Robin Shou is the sole actor who appears to be taking it seriously instead of going ""Bai Ling"". It's unfortunate he never became a major star because his Liu Kang delivered effective fight scenes and was charming. Some of the fight scenes are engaging. Sadly, the story sags, the production design comes off as cheap,any direction is nowhere to be seen. 

  
By the end, I couldn't bear it. I still think the first film and the Kristanna Loken series were the best adaptation of the game. ",0,25,1777999965.0,0.36,True,self.movies
1t3ngjz,movies,"Demi Moore, Chloé Zhao, Stellan Skarsgård &amp; More Round Out Park Chan-Wook’s Cannes Jury",,15,2,1777913579.0,0.67,False,deadline.com
1t4o9d7,movies,What’s the best movie you’ve ever seen and why?,"I’ve been thinking about how different films affect people in completely different ways. Some movies are just entertainment, but others stay in your mind for years, change your perspective, or hit you emotionally in a way you didn’t expect. I’m curious to hear what movie had that kind of impact on you and what makes it stand out compared to everything else you’ve watched.",0,24,1778006208.0,0.36,True,self.movies
1t33r7p,movies,"Why do some directors get a ""directed by"" and a ""A (name) film"" credit?","Just started Alien.  Ridley Scott gets credited twice, but unless I'm mistaken the only film he did before, the Duelists was a critical but not a commercial success.  Did he just have pull?  Is there some weird union/contract thing?  A side note: what a stacked cast.  Pretty much everybody in it went on to be a star",210,65,1777858363.0,0.89,True,self.movies
1t4qq9w,movies,If there was a Stevie wonder biopic - who would u want to play him?,"I was just thinking a Stevie Wonder biopic would be so cool. I’m not really sure who I would think who could play him though that’s why I was just wondering if anyone had any ideas? Maybe Leon Thomas the third would be good to play him, I could actually really see that and I think there needs to be a Stevie Wonder biopic someday soon",0,16,1778011408.0,0.21,True,self.movies
1t4nz0u,movies,Where can i watch the English version of Funny Games,"I’ve been looking for the english version of funny games, so of course when amazon prime says they have the english version i’m gonna click on the movie. However, when it started playing it was in German, the original version. The actors on amazon prime show Naomi Watts and the other English actors but ITS NOT THE ENGLISH VERSION AND IT SAYS 2007????!!! So then I go on Pluto TV because it says it’s the english version as well. SAME THING IN GERMAN. Where can I watch this movie??? I am desperate ",0,4,1778005595.0,0.19,True,self.movies
1t34faz,movies,Any good “hood” movies?,"Any good movies that represent that hood in the 1990’s. I know the ones like New Jack City, Boyz In The Hood, Juice, and a couple others but I don’t know if there are any more really good ones. I’m looking to see if there are any I may have missed in checking out as I didn’t grow up in the 1990’s and that means that I didn’t get to see all of the releases ",188,809,1777860183.0,0.78,True,self.movies
1t3niia,movies,Neon Boards ‘I Want My MTV’ From ‘Patti Cake$’ Filmmaker Geremy Jasper,"*I Want My MTV* follows MTV’s inception and early years through the lens of the visionaries who knew that the future of entertainment was merging music and television. While the film is set within the framing of 1980-1985, the project is billed as a timely story of invention and survival in an ever-changing media landscape, especially as MTV recently shut down its last remaining music-only channels. ",12,5,1777913689.0,0.67,False,deadline.com
1t3njta,movies,Just finished Alien-1979 directors cut-2003.,"And wow? The new scenes that weren’t seen before in the theatrical cut were fantastic as when I watched it in my A level film class as part of the module we were studying which was modern Hollywood I always had the question what happened to Dallas and Brett?. From doing a bit of research I found out that apparently it was the studios attempt at milking more money on the original film and that fans ate it up. Honestly I’m not that mad about it. Gave us nice new lore and storyline with what the Xenomorph did in the ship and creating a nest for his victims.   
However when I saw Dallas moaning “kill me” i regret saying i wanted to see what happened to him 😭",12,21,1777913765.0,0.65,True,self.movies
1t3hiqy,movies,80s Movie POV voyeur scene woman mirror,"Trying to identify an 80s movie I saw on HBO as a kid

It played right after National Lampoon’s Vacation on a VHS my dad recorded (likely around 1990–1991 HBO broadcast, maybe late 80s).

The scene in question had:

A blonde woman in a suburban bedroom

She was topless, looking at herself in a mirror and putting on a nightgown

There was a voyeur POV from outside the house

The POV had a circular camera lens effect (like looking through a photographer’s lens)

Possibly a blue nighttime tint

The scene felt quiet and creepy, like you weren’t supposed to be watching and was within the first 15min or so of the movie.

I also vaguely remember something about a computer or database, but that part is fuzzy

If anyone recognizes this scene I’d appreciate it—this has been driving me crazy",21,44,1777900784.0,0.65,True,self.movies
1t3he3v,movies,Hi /r/movies! I'm Cara Cusumano. I'm the Festival Director and SVP of Programming of the Tribeca Film Festival. Ask me anything!,"Hi reddit! I'm Cara Cusumano. 

I'm the Festival Director of the Tribeca Festival and SVP of Programming. I've been with Tribeca for 20 years, and I'm here to answer any of your questions :)

* You can see this year's program [here](https://tribecafilm.com/festival/film). 
* And you can buy tickets [here](https://tribecafilm.com/festival/tickets). 

*Here's a little bio/intro:*

Cara Cusumano is the Tribeca Festival director and SVP of programming. Cara has been with Tribeca for 20 out of the 25 years since the festival began, and has been crucial in elevating the careers of Ryan Coogler, Damien Chazelle, Nia DaCosta, and more now-iconic filmmakers. The 2026 Tribeca Festival will take place from June 3-14 in New York City. Ask Cara about the film selections for this year, her favorite memories of the festival, which directors she has the best stories about, and more! 

*More about Tribeca:*

The Tribeca Festival is an annual film festival. It takes place each spring in New York City, showcasing a diverse selection of film, episodic, talks, music, games, art, and immersive programming. The festival was founded by Robert De Niro, Jane Rosenthal, and Craig Hatkoff in 2002 to spur the economic and cultural revitalization of Lower Manhattan following the September 11, 2001 attacks on the World Trade Center. 

The festival hosts over 600 screenings with approximately 150,000 attendees each year, and awards independent artists in 23 juried competitive categories.

AMA! I'll be back tomorrow (Tuesday 5/5) at 3 PM ET to answer your questions.",18,30,1777900481.0,0.61,False,i.redd.it
1t3fgoa,movies,Which movie would be the most confusing experience if you didn't stop looking at your phone while it's on?,"We all remember the quote from Matt Damon how dialogue on many new shows is optimized for the partially-paying-attention crowd. Endless repetition and explanation of plot points, easy to follow stories, all of that. 

  
This got my wondering: what movie (or show) would be the most confusing experience (outside of silent movies) if you mostly looked at your phone while watching it? ",19,121,1777895655.0,0.57,True,self.movies
1t4vigu,movies,They should remake Nacho Libre,"Nacho Libre was based on a real guy and the story is actually really good. But Jack Black did it in his style, a little too jokey, and it probably  should’ve been a Latino actor. I think it should be remade with a certain level of quality and historical accuracy, because it’s a really appealing narrative!

  
edit: sorry I phrased this wrong, I just meant we need a better film telling of Fray Tormenta’s story. I still think it should have some humor tho.",0,12,1778022411.0,0.19,True,self.movies
1t4ix6y,movies,Dialogue and conversations in movies critique,"I don't know if this kind of thing bothers anyone else but it definitely does me. Whenever a movie shows two people talking and they are facing one another and they switch to the camera where they show the listener's face but still have the audio of the other person talking but you can see the lips and facial movements not lining up with their voice. It's obviously two different takes and they just dub in the audio from the person talking. I wish they would just cut out the person's face from the shot when you can clearly see their lips and face not in sync with their voice. I know they're trying to show us the other person's facial response when they're listening, but it's a mistake that I see every time and it annoys me. It happens more often than you might expect. It also shows up in tv shows very often. But they will usually cut to the other person's face before the person finishes their sentence and you can see how their lips and face don't match their voice. ",0,5,1777995202.0,0.2,True,self.movies
1t2z3lz,movies,"When Harry Met Sally (1989, dir. Rob Reiner) – Harry and Sally discuss fake orgasms.",,245,30,1777846068.0,0.76,False,v.redd.it
1t4j3bs,movies,Do actors doing press tours really matters for the movie though?,"Back in the day most marketing were done via radio, magazines, newspapers, movie theaters and later televisions. All this worked though.

  
Some huge movies like GWTW did some quasi press tours but they were otherwise very-very rare.

  
Since the mid 80s, this has become more prevalent and become even more prevalent every 5 years or so until 2010 where actors doing press tours have become the prevalent norm and they're are expected today. Unless you're DDL though.

  
Why not let acrors be actors and not marketers or advertising execs? Thoughts?",0,34,1777995565.0,0.36,True,self.movies
1t4dh2n,movies,What scene in any superhero movie gave you CHILLS the first time you watched it?,"What’s a scene from any superhero movie that gave you that true spine-chilling, “this is awesome” feeling the very first time you watched it? Not on rewatch, but in the moment it happened where you just sat there and felt chills throughout your body because of how hard it hit you and how legendary it felt in that moment?",0,40,1777982723.0,0.39,True,self.movies
1t3leul,movies,Lucy Hale To Star In Romantic Fantasy Film ‘Vision Board’ — Cannes Market,"The story follows “a struggling fashion designer stuck in a dead-end life who, after drunkenly creating a vision board, wakes up to find herself living her dream reality. She now has it all: a Malibu mansion, a thriving fashion empire, and a seemingly perfect romance with a charming and charismatic partner. But as she leans into this aspirational new life, she begins to realize that achieving everything she ever wanted may come at the cost of losing her authentic self.”",7,0,1777909322.0,0.58,False,deadline.com
1t4jacv,movies,Are straight to streaming movies TV movies or straight to video movies?,"Probably VOD movies? Streaming he's become so confusing. Their original series are considered TV series but how about their original movies?

Controversial opinion but streaming shows shouldn't be considered as TV or even considered by Emmys Golden Globes. They're just glorified web series.

  
I dislike what they have done to television and feature films.",0,14,1777995978.0,0.25,True,self.movies
1t2fk9e,movies,My boyfriend always guesses the ending of movies,"My boyfriend always knows how the whole movie will end before we get halfway through. I want to find a movie that he won’t be able to guess the ending to, he always knows how it will end and it makes the plot twists/endings boring for him (and me too because I always want him to tell me).Im sure there’s lots of good plot twist movies out there and we’re willing to watch them all. I might just have to get him tipsy so he stops analyzing everything so hard and ruining it for himself. And no spoilers please I want to be surprised too🫶🏻",2304,2881,1777796229.0,0.9,True,self.movies
1t46mya,movies,The definitive most iconic Sci-Fi movie of each decade.,"So I'm rewatching Blade Runner (1982) and I'm trying to put this masterpiece in perspective. 

Like what was the reaction of people who saw it at the cinema when it first came out? And then it got me thinking of other sci-fi's that were way ahead of their time and left their mark on pop culture history. 

I was lucky enough to see The Matrix (1999) when it came out and that feels like the one film from the 90's. 

Is it possible to agree on a definitive and unanimous list of the most iconic Sci-Fi movies of each decade?

  
It seems to me it could be these, but I would love to hear if there are others?

  
1960's = 2001: A Space Odyssey (1968)

1970's = Star Wars: Episode IV - A New Hope (1976)

1980's = Blade Runner (1982)

1990's = The Matrix (1999)

2000's = Avatar (2009)

2010's = Interstellar (2014)

2020's = Dune: Part Two (2024)?",0,41,1777960199.0,0.45,True,self.movies
1t4bq3i,movies,Ayuda con esta película,"Arranco excusandome, la Vi hace mucho tiempo como antes de q salgan todas las plataformas y solo teníamos Netflix. Digo esto por si se mezclan películas .

Pero me acuerdo que la trama principal es de un adolescente que se muda a una casa(creo q también había otro pibe que no conocía hasta ese momento) que comparte con el dueño que era medio malhumorado, mientras pasa la película se llevan mejor(nc pq en mi cabeza pienso q era director o trabajaba en teatro) me acuerdo q la casa era de piso de madera vieja.

Conoce a una chica( en mi cabeza es en una playa ) y a medida q se conocen se enamora 

Y el amigo le da consejos de q hacer( creo q era pq se terminaba el verano)

Solo tengo eso, ya se q es una mierda y muy confuso pero ayuda 

 ",0,4,1777977785.0,0.33,True,self.movies
1t2ni6y,movies,"Get Shorty (1995, dir. Barry Sonnenfeld) Chili Palmer (John Travolta) meets Bear, the stuntman (James Gandolfini)",,630,76,1777819805.0,0.92,False,v.redd.it
1t3bjr0,movies,What's your favorite studio logo variation and why?,"I'm just going to admit it aloud—we're not even five months into 2026, and I think that Send Help's variation of the 20th Century Studios logo easily takes the cake for me.

There's so much to enjoy about it, from the little details such as the stationary light on the right and the clouds now moving. Sure, there's no CinemaScope fade-in, and the 1954 fanfare isn't intact, but as someone who adores the variant of the Fox logo used in Down with Love, this is a breath of fresh air.

Although I'm probably not going to be watching Send Help any time soon, whoever thought up this variant is a GENIUS.",21,69,1777882953.0,0.58,False,youtu.be
1t49j5c,movies,Has there been any new developements with the Burial Rites movie?,"It is so hard to find anyone agreeing on what is going on with this film adaptation. I just started reading the book for litreture class,and i'm so curious about how a movie adaptation would go. I've seen claims it started filming last year, claims it is cancelled, claims of diffrent directors being involved. I'm so confused.",0,3,1777970405.0,0.33,True,self.movies
1t4kkf4,movies,How does A.I. hold up these days?,"I saw it when it came out and remember feeling lukewarm about it. I liked the symbolism of the blue fairy and the parallels with Pinocchio. but I don’t remember how the A.I. aspects played out. 

  
fast forward 25 years…and here we are. So, how does it hold up? was it a cautionary tale? did it get things right? did it get things wrong? more importantly…

  
should I rewatch it? 

  
sudden realization: this was the first movie my wife and I watched together on our first date. holy crap. we’ve been married 20 years! ",0,8,1777998645.0,0.21,True,self.movies
1t2lxqv,movies,Gary Lydon: Actor best known for Banshees of Inisherin role dies,,646,11,1777816034.0,0.94,False,irishtimes.com
1t2w3g1,movies,"Adaptation – Robert McKee's Screenwriting Seminar. – Dir. Spike Jonze – December 6, 2002.",,196,37,1777838993.0,0.86,False,youtube.com
1t3k290,movies,Joe Swanberg’s ‘The Sun Never Sets’ Lands Theatrical Release With Independent Film Company &amp; Sapan Studio,"Marking Swanberg’s 10th overall collaboration with Independent Film Company, and his first film in nearly a decade, *The Sun Never Sets* follows Wendy (Fanning), an Alaskan who finds her life upended when her boyfriend Jack (Johnson) —older, divorced, and with children — asks for space to reassess their relationship. During their separation, Wendy reconnects with her ex, Chuck (Smith), sparking an emotionally charged love triangle that forces all three to confront the realities of love, timing, and personal growth.",6,1,1777906479.0,0.62,False,deadline.com
1t49vx7,movies,difference between dubbing and lip sync for movies?,"&amp;#x200B;

So I didnt fully knew this but the reason dubbed content feels off isnt usually bad voice acting.

different languages have different rhythms, syllable counts, mouth shapes. Spanish and Hindi are syllable timed that means every syllable gets roughly equal time whereas english is stress-timed with syllables stretch etc.

So when you translate and record, the mouth movements dont match the new audio, and so it feels off

Traditional dubbing ""solves"" this by rewriting the script to fit mouth shapes which often changes meaning. And new AI lip sync tools like 11 Labs or Sync Labs are approaching it differently they reanimate the lip movements to match the new audio instead of forcing the audio to match old lip movements

That's an insanely different approach. But what do you think how far will this work and if it would scale as well?",0,17,1777971681.0,0.42,True,self.movies
1t2kheo,movies,Movies forced into a pre existing IP?,"I’m fascinated by any piece of media created as an original project, but then forced into an already existing franchise. Maybe I’m not searching correctly but I’m finding it hard to find examples of this happening. For film I know American Psycho 2 was forced into the American Psycho IP without having any prior connection, but I was wondering if there are more well known examples?

  
Editing to say a lot of the replies are exemplifying why I love this topic. It feels like many spin-offs or adaptations are pegged with people saying ""this was probably originally something unique"" or something along those lines. It's a very fascinating criticism to me which is why I love the projects that really are confirmed to have been initially something original!",679,782,1777812303.0,0.91,True,self.movies
1t4mhuo,movies,We don’t talk enough about how good Edge of Tomorrow is,"Rewatched it again this week and it really does get better over time. I’m so grateful for movies like that that kind of stay with you over time, and you get to watch it with your favourite people. Anyway, it’s probably my favourite role of Tom and Emily, they both do some of their best work. I’m also so impressed with Doug Liman, the director, who really did an amazing job I think. The cinematography and production is just really excellent, and the movie feels very cinematic. Very old school action flick vibes, like 80s/90s cameron. I love this movie!!",0,23,1778002568.0,0.3,True,self.movies
1t1zey5,movies,"Adam Scott Auditioned for ‘Hellraiser 6’ Despite Being Killed Off in ‘Hellraiser 4’, Hoping Producers Wouldn't Notice",,22428,305,1777750362.0,0.97,False,variety.com
1t3x0dj,movies,Grave of the Fireflires Movie Review,"I watched Grave of the Fireflies a long time ago, back when anime wasn't that famous in India. It was one of my earliest animes, I started with a few Studio Ghibli movies, and after Spirited Away, I decided to watch this one. I never watched it again after that. You might think it was because it was bad, but no, the movie is actually very good. The reason I haven't revisited it is that I have other things to do, and if I watch it once, I end up thinking about it for an entire week.

​However, I keep watching reaction videos of this movie on YouTube because, honestly, seeing others experience the same trauma it gave me is quite entertaining. Speaking of the film, it’s nothing short of a masterpiece. The animation was some of the best of its time, and the music is absolutely amazing, even today, hearing the main theme makes me want to cry.

​If someone hears the premise, they might wonder what’s so special about it, but that’s where Studio Ghibli comes in. In their movies, even when it feels like nothing is happening, there is actually so much going on. The way brotherly and sisterly love is portrayed in this movie really touches the heart, and the metaphor of the fireflies is brilliant. Even though Takahata’s intention was to show the film as a social failure, the horror of war was clearly visible while watching, even if that wasn't his primary intent. Perhaps that was the aspect people just couldn't ignore. In my opinion, everyone should watch this movie at least once.",0,6,1777933968.0,0.48,True,self.movies
1t4gazc,movies,I think Resident Evil (2026) and Backrooms (2026) should be the future of movie adaptations,"Telling an original story while respecting the original lore i.e ( Kane pixel’s Yt series is canon to the backrooms movie and Resident Evil is using RE2 as a backdrop to tell its new story. Instead of doing a remake to tell the same story using the same characters as the other medium but most of the time worst. I feel like fans of the either series  is getting a new story that respects their time and reverence for the respective series’s . Regular moviegoers is getting a new reason to interact with the original mediums, in Backrooms case the YouTube series and Resident Evil case the games knowing the movie they just watched is apart of the same universe.",0,14,1777989545.0,0.24,True,self.movies
1t2dq5d,movies,The AI Revolution Hollywood Feared Is Already Happening — in India.,,1323,327,1777789988.0,0.88,False,hollywoodreporter.com
1t4io8b,movies,"Watched odessy trailer, want to know the story further ??","Hey recently I watched odessy trailer by Christopher nolan 

And a bit background about it 

Didn't know the whole story 

But would love to watch or hear from people 

If anyone is interested in discussing or watching something together on  Google meet 

Mostly for 30-60 mins only - may be around 9pm. 

Do DM me

I will share the link. ",0,16,1777994672.0,0.09,True,self.movies
1t2igu8,movies,The twist in Blade Runner 2049 that nobody seems to talk about: how is Joi different from the replicants or the humans?,"The experience of watching Blade Runner 2049 in an IMAX theater is something I will forever remember. It delivered not only breathtaking cinematography or a score that honored Vangelis'  masterpiece, but also the brilliant development of the philosophical ideas present in the original. 

Blade Runner 2049 takes the original question of what makes humans different from replicants and extends it, not only by introducing replicants that are designed to obey, but most importantly, by introducing Joi. I was already overwhelmed by the aesthetic experience, but the scene that made my mind explode is the one where K and Joi are looking at genetic sequences and Joi comments that K's life is defined by four symbols (ACTG) while hers is only two (0 and 1). I understood there that this is not a throwaway detail but the philosophical heart of the film, and I'm surprised that this interpretation is not more prevalent.  
  
Many interpretations dismiss Joi's actions as a result of mere programming to do and say what K wants, including using the name Joe, but the point is that K is also programmed, just in a different way, and so are the humans. If being programmed invalidates Joi's love or agency, why doesn't it invalidate K's? Aren't humans equally ""programmed"" by their genetics?





",520,91,1777806362.0,0.87,True,self.movies
1t453b6,movies,Top 5 Movies saved by the ending:,"Movies generally considered good, but with a heavily weighted third act or final moments.

So many times I watching a film and I’m invested af, only to be let down by a pretty average third act. In the end there is a poor reflection on the entire movie as a whole because it doesn’t stick the landing.

What about the opposite?   
Something that looks like it could be stumbling but then triple-quads and nails the landing?

(I like all these movies)  
Weapons  
Crossroads (1986)  
The Mist  
The Rover  
Old Henry",0,44,1777955347.0,0.41,True,self.movies
1t42rpd,movies,The Nutty Professor Analysis,"Eddie Murphy being overweight is a literal metaphor for his being funny in a culture that doesn’t appreciate him. In the same way the nutty professor is dehumanized through his condition, Eddie Murphy feels he was also dehumanized through the truths he told via standup being dehumanized as only jokes. The Eddie Murphy you see without the fat suit is the Eddie Murphy the world wants but his genius is in the parts everyone thinks are ugly and society renders meaningless 

https://youtu.be/j729q1GJyss",0,5,1777948758.0,0.47,True,self.movies
1t2uao0,movies,"‘No Retreat, No Surrender’ (1986) - Final Fight - directed by Corey Yuen",,106,57,1777834968.0,0.84,False,v.redd.it
1t46wdo,movies,"Freebasing ""Crack"" in  the movie Traffic (2000)","Hi,

So I tried using Chat GPT but. it seemed confused on this one. So Michael Douglass Daughter starts doing what I think is ""crack"" in the movie traffic. But when she takes hits, she appears to be nodding off, as if she was doing a downer. This isn't a normal affect is it? Like shouldn't she be tweaking?

AI said she was ""coming down"" but she literally goes into that state of sedation right after she takes hits.

  
This always confused me",0,16,1777961056.0,0.35,True,self.movies
1t3tfc3,movies,Which place would worse to get stuck: The Swamp of Infinite Sadness or The Bog of Eternal Stench?,"Ok so if you're not familiar with either place, a quick rundown;

The Swamps of Sadness were featured in The Neverending Story(1984). If you're depressed while traveling through this place, you sink into the quicksand/mud and drown. The scene is very heartbreaking.


The Bog of Eternal Stench was featured in Labyrinth(1986). If you dip a single toe in the bog, you'll smell bad for the rest of your life. The scene is played more lighthearted.


Whilst it may seem that the Swamps mean death... not true. Atreyu made it through, though he lost his horse. So it's not necessarily fatal... but a very miserable place to be. The Bog, on the other hand, one slip... one splash... and you'll stink forever. Maybe you'd prefer the swamps?


Both much loved 80s fantasy films... both very horrible places the protagonists have to navigate... but which is worse?",0,23,1777925975.0,0.48,True,self.movies
1t3xgsp,movies,Palm Springs vs Groundhog Day: what do you think happened after the films ended?,"I'll try to avoid spoilers, but maybe they can't totally be avoided. I just finished watching Palm Springs and, while I liked it, it took me awhile to figure out my thoughts about the ending: I'm pretty sure bad things are going to happen to the main characters after Palm Spring ends.

I think the movie doesn't realize what it's foreshadowing. It goes for a joke ending, with the family that owns the pool showing up, but that actually highlighted the difference between the endings of Palm Springs and Groundhog Day.

In Groundhog Day, I think Bill Murray's character learned that every day is precious and that little things matter. In Palm Springs, they spent so many days (years? Centuries?) trapped in the time loop, being reckless and killing themselves without a second thought, that I don't think they'll be able to function in a world where they're vulnerable. They don't appreciate each day. They don't appreciate the little things. They're going to have to relearn what it's like to be vulnerable, what it means when every day is different and there are actual consquences (like the family returning).

Honestly, the movies and endings were very similar, but the lessons one character learned fill me with hope and the lessons the other characters learned fill me with dread.

What are your thoughts on this? (Also, what other ""stuck in a time loop"" movies are there? Run Lola Run maybe counts, but all the rest I can think of are Sci Fi, so it's not an unexplained phenomenon.)",0,25,1777935050.0,0.46,True,self.movies
1t2ow0f,movies,"What is your go to ""just got a new TV"" movie?","The last TV I bought was like 6 or 7 years ago, right when Netflix was rolling out their new UHD/4K content for the first time. I pulled up one of the titles that had that as an option, ""Spiderman - Into the Spiderverse"" and was absolutely blown away with my new TV. Since then, when getting a new TV, it is always my go to baseline test.

As I get ready to purchase another new television, this one a big ourchase as it replaces that same TV from years ago, I am left wondering, what is everyone's go to ""new TV"" movie to watch? The one that has those ""WOW"" visuals, or that pesky ""too dark"" scene to see if the new TV can finally overcome the long night.",144,314,1777822940.0,0.86,True,self.movies
1t3d0fv,movies,Two movies from Faroe Islands,"Does anyone know where to find these two Faroese movies? First one is Atlantic Rhapsody (1989), the first feature film ever to be produced in the Faroes. The other one is from the same director - Bye Bye Bluebird (1999).   
I have seen these movies last time about 20 years ago in television but I wish I could find them in to my movie collection.",3,3,1777888128.0,0.58,True,self.movies
1t3pmiv,movies,Are there any good alien abduction/alien invasion movies made by directors in Asian countries or are these types of movies mainly rooted in American culture?,"All of the most well-known movies about UFOs and little green men have come out of American cinema. ""War of the Worlds"", ""E.T."", and ""Close Encounters of the Third Kind"" were highly influential, and you have cult classics like ""Mars Attack"", ""Fire in the Sky"" and ""Communion"". Even recent movies like ""Nope"" (definitely subverts the UFO trope in a really cool way) and ""No One Will Save You"" kind of momentarily reinvigorated the public's interest in alien abduction movies. Are these types of stories just not popular in Asian cinema?",1,25,1777918035.0,0.52,True,self.movies
1t33apw,movies,These are some of my favorite movies - what do I need to watch next?,"- Kingdom of Heaven (Director's cut) (2005)
- Troy (2004)
- Master &amp; Commander (2003)
- Pirates of the Caribbean trilogy
- Lord of the Rings trilogy
- The King (2019)
- 300 (2006)
- Gladiator (2000)
- Outlaw King (2018)
- Alexander (2004)
- The Last Duel (2021)
- The Eagle (2011)
- Centurion (2010)
- King Arthur (2004)
- Braveheart (1995)

What are some good movies in this genre I may not have seen?",23,105,1777857146.0,0.68,True,self.movies
1t443c6,movies,Modified for TV,"I don't understand why it is that movies that are broadcast on over-the-air television - whether network or cable - still start with the disclaimer about the film having been, ""Modified from its original version to fit your TV screen,"" when those days are long gone. Just about everything we see on TV is cropped for widescreen formats and aspect ratios, as many movies are intended to be seen; we're long past the days of TV screens being in 4:3 aspect ratios that would require many movies to actually be modified to fit such a screen: whether completely cropped, presented in a pan-and-scan format, or letterboxed to avoid either such modifications. So why do TV broadcasts of movies even still include such a disclaimer when such a practice is practically obsolete at this point?",0,12,1777952428.0,0.35,True,self.movies
1t2kcik,movies,Seemingly light movies that go surprisingly deep,"Last night I rewatched Thunderbolts: The New Avengers and was reminded of just how well the movie deals with the theme of &gt;!depression!&lt;. For a seemingly light movie about a band of ragtag superheroes, it hits surprisingly hard. What are some other superficially light movies that go much deeper than you'd expect?",200,229,1777811939.0,0.85,True,self.movies
1t4538g,movies,Rush hour 2,"I saw someone post an image of an actor who became quite well known but not at the time, he plays one of the fighters in the sauna scene. Any idea who this actor is please? I tried googling but can’t find anything. Any help will be greatly appreciated, it is driving me crazy not knowing who this actor is. ",0,4,1777955340.0,0.32,True,self.movies
1t48e7l,movies,How was the world building and political stuff in the Star Wars prequels?,"I know people call them long and boring, which is why haven't watched yet, but I do like some expositional dialogue and intriguing bureaucratic back and forths

Is this done well in the prequels? Or is it just another one of Lucas' shortcomings. I've already seen Andor which gave me this itch. And I know it won't be on the same level.",0,29,1777966260.0,0.11,True,self.movies
1t2uln0,movies,Is the next Planet of the Apes still releasing in 2027?,"Last we heard (Oct 2024), the sequel to Kingdom was confirmed and aiming at a 2027 release date

[https://www.hollywoodreporter.com/movies/movie-news/predator-movie-an-alien-sequel-speed-3-1236042464/](https://www.hollywoodreporter.com/movies/movie-news/predator-movie-an-alien-sequel-speed-3-1236042464/)

  
However, as far as I know theres been no further development, no director attached, not even a confirmed name. Do we still think this will make 2027? The previous trilogy all released 3 years apart (2011,2014,2017) and Kingdom came out in 2024, so 2027 would've made sense, but I feel like this is going to be very delayed ",54,29,1777835641.0,0.73,True,self.movies
1t47sh7,movies,Should I watch the devil wears prada 2 or the mummy with my mom in the theatre?,"Should I watch the devil wears prada 2 or the mummy with my mom? 

No spoilers please. I'm aware that the genres are vastly different but I just want to know which is the better movie to spend money on. Also would prefer the movie which doesn't have nudity/sex in it. 

For context, we really liked the devil wears prada part 1 but aren't die hard fans for anything. We also love anything horror. ",0,6,1777964114.0,0.15,True,self.movies
1t1s0ae,movies,"First Image of Thomasin McKenzie ('Jojo Rabbit', 'Last Night In Soho') as Audrey Hepburn in 'Dinner with Audrey'",,11113,573,1777733499.0,0.94,False,i.redd.it
1t3sbht,movies,Movie Find: School Group,"Im trying to find another 2000s movie with a group of high schoolers mainly centered around the girls, and this really weird sickness starts going around!! Also there’s an Indian guy that’s the girls soccer coach I think, who always says “hydrate hydrate hydrate”. So specific loll, but does anyone know what I’m talking about?",0,0,1777923650.0,0.46,True,self.movies
1t2rb4w,movies,“Sinbad: Legend of the Seven Seas” was one of my favorite animated films growing up. Have you seen?,"I grew up loving this film and quite literally wore out my DVD. I thought it had a great story, wonderful animation, and fantastic voice acting. An all star cast with Brad Pitt, Catherine Zeta Jones, and Michelle Pfieffer! I was shocked when I found out that this movie almost tanked Dreamworks and was a huge bomb! I definitely think it doesn’t get the love and recognition it deserves. Have you seen it? If not, you should totally give it a shot!! It’s fun for all ages.",65,29,1777828401.0,0.87,True,self.movies
1t39eg5,movies,Recommendations for movies that deal with identity and/or cloning?,"Some that immediately come to mind are:

\- Moon (2009)

\- The Island (2005)

\-Blade Runner (1982)

\- The 6th Day (2000)

\-Terminator Salvation (2009)

These three have at least some of their time dedicated to a character finding out they are a clone/robot and/or their memories are implanted/their reality is not what it seems.

I would love more recommendations for movies that confront this theme! Thank you",5,54,1777875306.0,0.57,True,self.movies
1t35go2,movies,"A good year (2006), how do you think about it ?","I love this movie.

There’s a quiet warmth in A Good Year. It doesn’t rush to impress; instead, it gently invites me to slow down, to breathe, to notice the small, golden details of life. 

The film feels less like a story and more like a memory, soft, nostalgic, and slightly bittersweet. And the soundtrack is amazing, too.

I don't know which genre this movie is. I love watching films like this a lot back in the 2000s. A good year, Elizabeth Town, Into the wild, A walk in the cloud...",7,15,1777863068.0,0.6,True,self.movies
1t2mh96,movies,Need movie recommendations that are like “The Little Rascals” (1994),"My 5 year old daughter has recently come across the little rascals on Netflix and is obsessed with it. We’ve watched it three times this week alone. She can be picky with her live action movies, but I’ve found she really likes 90s era films like this one as well as Matilda and The Parent Trap.  What are some more we can track down and watch? Doesn’t have to be streamer specific, we can find most things.",92,262,1777817363.0,0.82,True,self.movies
1t41h8m,movies,"I need GREAT movie recommendations (psychological, mind-bending, emotional, layered — not just “dark”)","I know recommendation posts get made constantly, but I want to build a solid master list I can keep coming back to.  
I’m not looking for just “dark” movies — I’m looking for *great* movies. Strong writing, atmosphere, layered characters, tension, emotional weight, or clever storytelling. Something that actually sticks with you.  
Some movies I love (to give you the vibe):  
Se7en  
Donnie Darko  
Seven Psychopaths  
Meet Joe Black  
Kids  
Ken Park  
The Silence of the Lambs  
Antichrist  
Bully  
Super Dark Times  
The Dark Knight  
The Illusionist  
The Prestige  
So yeah — psychological, morally complex, twisty, sometimes bleak… but I also love smart thrillers, intense dramas, and well-done mind-benders.  
I feel like I’ve watched a ton and newer releases just aren’t hitting the same. I know there are some incredible films I’ve missed.  
Hit me with:  
Underrated gems  
International films  
90s / 2000s classics I might’ve skipped  
Psychological thrillers  
Deep character studies  
Anything you consider a legit 9/10 or 10/10  
If it made you sit there in silence after the credits rolled, I want it.  
Appreciate it.",0,49,1777945348.0,0.32,True,self.movies
1t43nh3,movies,What are movies I should watch if I like bttf avengers endgame and the Truman show,"I’ve already shared a list of movies I really enjoy, and now I’m hoping to get some strong, well-thought-out recommendations based on those preferences. I’m especially interested in films that capture a similar vibe, tone, or storytelling style. I’m open to exploring different genres, whether it’s drama, action, or something more unique, as long as they deliver a comparable overall feeling and keep me fully engaged.",0,9,1777951144.0,0.24,True,self.movies
1t41gcy,movies,scenes that reference cyberpunk,"https://preview.redd.it/bp2ek5jr38zg1.png?width=1280&amp;format=png&amp;auto=webp&amp;s=9bb936a9daebe3b429514890a839f97ec6dac68f

what scenes are there in film, that look similiar to this one? i'm trying to make an edit. i know there is a reference in genshin impact and so far i have ones from project hail mary and a better tomorrow (best movie of all time btw) but what else? any help would be greatly appreciated, thank you!

  
 ",0,3,1777945282.0,0.28,True,self.movies
1t2rt0p,movies,A rewatch of “Along Came Polly” in 2026 (SPOILERS),"I stumbled upon this movie, having watched it often as a kid and my thoughts were as followed:

\- was Debra Messing ALWAY this beautiful!  
\- lead characters with NO surgery or lip injections  
\- Insanely good Philip Seymour Hoffman Performance  
\- pretty sure Polly has Borderline Personality Disorder  
\- Having the insurance adjuster try to plan for risk but life has other plans is a plot that has stood the test of time?  
\- my dream of having a shoddy NYC apartment alone like cater waitress Polly is DEAD, that would run 5k monthly  
\- Jen Anniston being manic pixie dream girl  
\- the main character trying to have Jenn Anniston move in with him 2 weeks after he is cheated on!?

All in all, pretty damn good.",35,40,1777829500.0,0.69,True,self.movies
1t1z6aa,movies,That extra 5 seconds of silence at the end of The Graduate (1967) completely changes the movie,"I was rewatching The Graduate the other day, and man, that ending still blows me away.The whole finale is pure chaos and adrenaline, Benjamin busting into the church, the screaming, the glass pounding, the frantic run to the bus. It genuinely feels like this huge romantic victory. Then they sit down, out of breath… and the camera just keeps rolling. No big dialogue, no triumphant music, nothing. Just the two of them staring straight ahead as the silence stretches on for those extra few seconds.That little bit of extra silence completely flips the movie on its head. What felt like a rebellious win suddenly feels awkward, empty, and kind of scary. You can see the doubt creeping in, they just made this massive impulsive decision with zero plan, and now reality is hitting them.I don’t think any movie had really done that before, holding the shot past the “happy” moment to let the uncertainty breathe. Mike Nichols took a risk, and it paid off massively. That one choice turned what couldve been a fun, quirky 60s comedy into something much deeper and more bittersweet about adulthood and how running away doesnt magically fix your life. Its honestly one of the reasons the film became such a classic. That tiny decision makes the whole thing linger with you long after it ends.",2027,136,1777749808.0,0.94,True,self.movies
1t31rdm,movies,Witch of the Holy Night (2026 trailer),,11,14,1777852960.0,0.59,False,youtu.be
1t3xsep,movies,"The Truman Show - What do you think the guy was saying in the car when driving away from Truman, with Sylvia?","In the Truman Show, we see the scene where Truman and Sylvia have their moment together, running away from the school and down to the beach front to have their kiss and time of romance. Just at that moment,&gt;! a station wagon pulls up to the beach with a man portraying himself as Sylvia's ""father"" behind the wheel, who then gets out and drags Sylvia away while she's in the midst of trying to spill the beans to Truman about everything, revealing herself to be Lauren, an actor, and challenging Truman to come and find her, to escape.  The guy gets her in the car and can be seen saying something to her as they drive away.!&lt;

What do you think the guy was saying to Lauren as they were driving away?

I'd presume something like: ""Christof says you're fired. Clean out your locker. You're done. You really blew it this time, Lauren. Why are you doing this to us? What makes you think you're so special?!""",0,1,1777935814.0,0.18,True,self.movies
1t3rkmo,movies,r/movies: Comedy movie scene help!!,"I don’t remember much about the movie or the name of it but I know it’s a comedy and I remember this once scene:

  
So it’s like this scene where an adult man brings a bunch of jars of apple juice to a public area and sits down across from a guy eating a burger and tells him the jars are full of pee and starts telling him things as if he believed the man across form his was his doctor and he were at a clinic and at one point I think he preten to like realize he’s not at a clinic and is like “wait, is this not the docto’s office” or smth like that and then apologizes but while he’s panicking he spills the ”pee” on the guys food and the guy tries to clean the pee off the other guy but the guy eventually just leaves burger and gets up and leaves out of disgust. He does all of this so like people can sneak by or sneak into somewhere but that’s all I remember.

  
please tell me someone knows the name of this movie!! 🙏 ",0,7,1777922083.0,0.43,True,self.movies
1t2r4pm,movies,Best Movie of the year so far - Blue Heron,"I saw three movies yesterday, all about different forms of art and our relationship to its creation.

*The Christophers* is maybe my favorite Soderbergh in a decade. It's small (like most of his movie have been lately), tight, and slightly sterile. The two leads are contrasts in age, race, gender, and character. One of them is a youngish black woman who's planning to forge the works of the older white man. I like movies about crime and lies and art, and this one works to ask the question: What does it take to make a great work of art? And why can't we always do it?

*Mother Mary* has the same actress as *The Christophers*: Michael Coel. Again it's a movie centering on two people. This time she's paired with Anne Hathaway. It's kind of a horror movie. It's about relationships necessary to create art, and about the damage you can't undo, which *The Christophers* is slightly about too (all 3 movies are a bit about the pain of losing someone). It's gorgeous. I'm a big David Lowery fan, and I'm still trying to wrap my heads around this. It shows art as collaboration, and it's about the power of female friendship. It reminds me of Zadie Smith's *Swing Time*, which I've never read.

*Blue Heron*. Best movie of the day and the of the year. It follows a young girl and her family as they deal with her trouble older brother. Then there's a jump and a turn and not quite a twist, and it becomes about memory and loss and the value of filmmaking. There are gorgeous shots and beautiful speeches. It brings to mind *The Souvenir* and *Aftersun*. It made me weep, and I think more people should watch it.",33,21,1777828010.0,0.85,True,self.movies
1t3scaz,movies,I built a multiplayer movie-guessing game called CineKat.io — would love your feedback,"Hey everyone,

I wanted to share something I’ve been working on recently — a game called **CineKat.io**.

Back in school, my friends and I used to play a simple pen-and-paper game we called *“Bollywood.”* One person would think of a movie, and others would guess it letter by letter. Every wrong guess meant striking something off — and slowly losing the game. It was simple, chaotic, and honestly one of the most fun things we played.

I tried to recreate that same feeling, but in a more fun, interactive, and slightly competitive way.

So I built **CineKat.io**.

It’s a multiplayer movie guessing game where:

* You guess movie names letter by letter
* Wrong guesses cost you (yep... kittens)
* you have 9 lives (kittens)
* You can play in real-time with others
* There are different lobbies based on country.
* You can even create custom lobbies for specific types of  film industry (Bollywood, Tollywood, etc.)

Right now, since it's new, you’ll most likely get matched with bots in lobbies. But if a few people join at the same time, you *will* start seeing real players — which is where it gets way more fun.

I’m still improving the game actively, so any feedback would genuinely help:

* Gameplay feel
* UI/UX
* Difficulty level
* Multiplayer experience
* Anything that feels off or confusing

If you have a couple of minutes, give it a try and let me know what you think  
Your feedback could directly shape how this evolves.

Thanks a lot ❤️

https://preview.redd.it/4zsf4cbgc6zg1.png?width=1280&amp;format=png&amp;auto=webp&amp;s=4bc992641cf56cfc7e71f35135c68ae46889bae9

",0,7,1777923697.0,0.33,True,self.movies
1t3zbce,movies,The Story of Everything | Official Trailer,,0,16,1777939657.0,0.24,False,youtube.com
1t33r4y,movies,Coach Lengyel Pre-game Speech - We Are Marshall (2006),,7,4,1777858357.0,0.58,False,v.redd.it
1t2a533,movies,"The Rescuers Down Under (1990, dir. Hendel Butoy and Mike Gabriel) - Opening Scene.",,263,35,1777778520.0,0.9,False,youtu.be
1t3rjvl,movies,Immortal Beloved fails as a movie because it doesn’t know how to use Beethoven’s music,"There is plenty to not like about IB. They tried to make a mystery where there is none. The letter was not a will - he left everything to his nephew and that’s that. While there’s the discussion of who the immortal beloved actually was, it was never a mystery for the ages, just a curiosity. Immortal Beloved is as close to awful as it can be while remaining a professionally, well made movie with top actors and good production values.

But what i found unforgiving is that a lot of the movie is just about pairing his music with some scene they think is dramatic, but you take the soundtrack away and th scene is ludicrous. Just people looking upset or running or screaming, it doesn’t advance the plot in the way the music was part of the story in Amadeus. Here you just have a guy who behaves like a toddler who happens to write great music off screen. We barely see him getting affected by being deaf, other than asking people to write instead of talk. 

There’s no respect of the chronology, and the worst scene should have been the best in the movie: why on earth do they have a flashback during the choral section of the 9th, and have people clapping while the soundtrack is playing the middle of the 4th movement??? The final ten seconds of the 9th are a banger, why not use that? 

They tried to do Amadeus but for Beethoven and failed miserably. But there’s worse! Copying Beethoven with Ed Harris and Diane Kruger is streets behind this one. 

Btw, all this is coming from someone who listens a lot to classical music and loves Beethoven’s music. 

Am i nitpicking? What do you think about this movie? ",0,4,1777922039.0,0.25,True,self.movies
1t1y78q,movies,"Official Poster for Duncan Jones’ ‘Rogue Trooper’ - Follows a lone survivor super soldier on a mission for vengeance, accompanied by a gun, backpack, and helmet imbued with his dead squadmates personalities.",,1208,154,1777747621.0,0.95,False,i.redd.it
1t3phl5,movies,What movie / role since 2014 would you have cast Robin Williams in?,"I think it goes without saying he’d kill it in pretty much anything from voice acting to serious drama to comedy. 

So what movie or role would have been good / better / great with him in it? 

If it was a bad / so-so movie, who would you have swapped out for him to take it from 30% to 90%+ on Rotten Tomatoes?

If it already turned out fantastic, who would you have swapped out for him to get that extra bump towards an Academy Award / Oscar? 

Etc. That sort of thing. 

One to kick off the discussion - imagine Robin Williams voicing a Viltrumite in Invincible. Since he’s normally so comedic, hearing him in a dead serious role would be a stark contrast - if you could even identify it as him due to the lack of comedy. Taking this further, imagine if he voiced multiple Viltrumites and had them say their lines completely seriously but with subtly contrasted humor only the audience would pick up on (let alone having him do Conquest’s whole confession to Mark speech, give him some ad-lib / improv leeway). 

Or another might be having him play opposite Gary Oldman in Slow Horses. Shit could fly between them but Gary’s so fantastic in the role I’m not sure if adding Robin somewhere in the mix would overpower the performance and be too much. 

Let’s hear your suggestions!",0,11,1777917747.0,0.29,True,self.movies
1t2ke8m,movies,“Realistic” Space Movie Recs,"Looking for some “Realistic” Space or Alien Movie Recommendations.

I’ve seen Interstellar, Project Hail Mary, The Martian, Sunshine, Contact, Moon, Alien, Alien: Romulus, Arrival, Aniara, Gravity, Europa Report, Life, The Wandering Earth, 2001: A Space Odyssey, and Approaching the Unknown.

My favorites are the first 6 in order from the list above. I’m aware some of these aren’t that realistic, but really I just mean non-fantasy types like Star Wars, Dune, etc.

Thank you in advance!",46,169,1777812064.0,0.8,True,self.movies
1t3seo8,movies,"Before Basic Instinct, Bardot shocked a courtroom (1958)","https://youtu.be/ly1rKmrDwvs

This clip is from En Cas de Malheur, starring Brigitte Bardot.

What stood out to me is how much of the impact comes from suggestion rather than anything explicit. The scene relies almost entirely on posture, timing, and the reactions of the people in the room, which makes it feel surprisingly modern. Watching it now, it’s hard not to think of later films like Basic Instinct, where similar dynamics are made far more overt and stylised.

What’s interesting is that in this 1958 context, the effect feels more psychological than sensational. There’s a kind of tension built through restraint, and the camera doesn’t push the moment in an obvious way—it just allows it to unfold. That makes it feel less like a “shock scene” in the modern sense and more like an early example of filmmakers experimenting with how body language and presence can shift power within a scene.

It also says a lot about Bardot’s screen presence at the time. She doesn’t need dialogue to control the moment—everything is conveyed through movement and attitude, which is probably why the scene still holds attention decades later.

I’m curious whether moments like this were consciously influential on later films, or if this is more of a recurring cinematic idea that different directors arrived at independently. Either way, it feels like an interesting early example of something that would become much more explicit in later decades.",0,6,1777923842.0,0.3,True,self.movies
1t2vxtv,movies,"What’s everyone opinion on the 2003 skateboarding comedy ""Grind""?","So, I was scrolling through Tubi and came across an early 2000s comedy called ""Grind"" and curiousity got the better of me so I went ahead and started watching it and so far, it’s just absolutely boring and cheesy.

It feels like one of those movies you only want to watch to pass up time out of desperation, but other than that, you do not want to see it ever again.

Don’t get me wrong, the whole concept was interesting, it would have had potential and became a blockbuster if only there was more to the story other than that just ""4 bachelors on a road trip searching for a skateboarding sponsorship"".

If the producers had added more to the story plot, it probably would have worked.

The only thing I really enjoyed about Grind was the character ""Matt Jensen"" played by Vince Vieluf with their quirkiness.

Other than that, I just ain’t feeling it.

And that ""Sweet Lou"" character was kind of gross too, like with how he’s supposed to be a 20+ year old man, but then actively seeks out high school girls to sleep with? That just makes the movie more off-putting, nobody likes a predator!

Anyway, I was curious to hear what anybody else thought of this movie?",13,25,1777838639.0,0.72,True,self.movies
1t3vaf1,movies,None of them do it like The Usual Suspects. Why is this twist so unique? SPOILER ALERT,"I’ve watched plenty of movies with big reveals and massive twists, but none of them do it like *The Usual Suspects*. It sets the bar for the unreliable narrator.

What makes it so different is that Verbal Kint’s story isn't fully made up. It’s a genius mix of reality and fiction. He takes real events that the police can acknowledge—like the police lineup, the robbery of the jewel smuggler, the 27 persons killed on the boat, and the existence of Keaton's girlfriend/attorney Edie Finneran—and weaves them together with entirely made-up details.

And the filler details? Absolute genius. He invents the pseudo-lawyer name ""Kobayashi."" That guy is actually real, but what's his *real* name? It’s a total mystery!

But it leaves me with so many questions:

* How did it all happen, even though Fenster, Hockney, McManus and Keaton are real and were involved since the police spotted them for the lineup?
* How much did Verbal rely on the actual events versus pure fabrication?

The way the movie shows us a flashback (which we assume is truth) but reveals it was just a lie being narrated is why the twist is so unmatched. Why is this movie so different and its twist so unique to you?",0,10,1777929982.0,0.3,True,self.movies
1t3zut7,movies,I really dislike TV screenings of movies.,"Let me explain. I know often movies get cut to fit allotted screen time but sometimes specific parts get cut that are crucial to the movie plot. Let me give you an example. I was watching Independence Day yesterday and small scenes we cut or shortened. The whole scene in the restaurant where Russle is sobering up and a few patrons were making fun of his PTSD, was completely cut. The scene where the attack group flies over the ruins of LA and the pilots have a quick prayer and captain hills mentions he hopes His girlfriend survived the attack was cut. But a crucial moment at the end where the final battle happens they cut out President Whitmores first missile launch which actually misses when the alien shields haven't collapsed yet. It goes from launching a missile to a direct hit, which would confuse an average viewer who hadn't seen the theatrical version of the movie. This 30 second scene meant to convey doubt that the attack would actually work until the president wanted to give it another shot. 

This is why watching TV cuts of movies really hurt an average viewer. Some cuts are made for time but cutting out crucial points ruins the whole viewing experience. This isn't a complaint but an observation on why TV cuts of movies can ruin plot points. I'd like to hear your opinion though. ",0,9,1777941067.0,0.17,True,self.movies
1t3p262,movies,Amanda Kozlowski Promoted To Worldwide Marketing President At Lionsgate,"[Amanda Kozlowski](https://deadline.com/tag/amanda-kozlowski/), [Lionsgate](https://deadline.com/tag/lionsgate/)’s longtime executive strategist and interim Head of Marketing, has been appointed to President of Worldwide Marketing of the Motion Picture Group.

In her new position, Kozlowski will continue to play a role in shaping the studio’s brand strategy and franchise strategy, including the studio’s tentpole IP *John Wick*, *Saw*, and *The Hunger Games*, along with such newer franchises as *The Housemaid*. Additionally, Kozlowski and Motion Picture Group President Erin Westerman will team to shepherd films from development through release in the close partnership between Creative and Marketing.

During her tenure as interim Head of Marketing, Kozlowski was behind the global campaign strategy for a string of Lionsgate hits, including *The Housemaid* ($400M WW), *Now You See Me: Now You Don’t* ($243M WW), as well as *Michael* which just grossed $424M, becoming the second-highest grossing musical biopic of all-time.

The teaser trailer that launched the *Michael* campaign alone set the record as the most-viewed trailer ever for a music biopic in its first 24 hours and became the largest debut in Lionsgate’s history, followed by the teaser trailer for *Hunger Games: Sunrise on the Reaping* weeks later\*,\* which became the second-most-successful trailer launch in studio history.",0,5,1777916865.0,0.38,False,deadline.com
1t2uqta,movies,Dark Shadows 2012 is really fun. I read that in 2012 everyone was angry but today it's just a fun Sunday afternoon comedy.,"Gotta be honest I loved this movie. Some friend recommended. All I knew it had a bad reputation. After I saw it I read about it. I kinda get why fans of the original would be upset that it was a comedy when the OG was serious. But to me it was this funny, goofy, dark gothic comedy...

* the cinematography is gorgeous.
* Eva Green is amazingly scene-chewingly great.
* Johnny Depp is great at getting lost in a character and he's wickedly stoic funny here.
* Michelle Pfeiffer is underused but always great.
* And the supporting cast are dead on hilarious, like caretaker and his quiet mom.

Does coming to it new not knowing the anger and noise, (Budget, box-office, reviews etc) help it be more fun? I really didn't see a problem myself.

It was just a funny watch on a Sunday afternoon.

One of my favorite parts is the renovation montage. Barnabas fixing up the Mansion and the cannery and learning to live in our time, all set to Top of the World by The Carpenters. So absurd mix of this soaring, cheery Carpenters song playing over a vampire restoring his crumbling gothic mansion. And then he sees Carpenter singing it on TV, and says: 'Reveal yourself, tiny songstress! I've head that line before somewhere and never knew it was from that.

This whole thing just made me smile.",10,29,1777835964.0,0.56,True,self.movies
1t2qogl,movies,Name your favorite little known or never got too much attention movies from the 2000s to now,"Let's put out our favorite less known or didn't get big movies so we all have something to check out, if you can sorta categorize them by genre and who is in them that would be cool too, a lot of movies are pumped like politics are and Hollywood can be blown up by money and advertising but so many can't get over the hump that are absolutely amazing. Let's hear what you got",15,78,1777827007.0,0.69,True,self.movies
1t2l6tj,movies,What is the Best Film You Watched Last Week? (04/25/26 - 05/03/26),"We invite you to share the best film you watched this week, whether it’s a recent release, a classic you’ve revisited or film you finally got around to seeing.

**—— RULES ——**

**1. Explain why you enjoyed the film**

**2. ALWAYS use SPOILER TAGS**

**3. Comments that only contain the title of the film will be removed**",25,52,1777814116.0,0.89,True,self.movies
1t2bsz4,movies,What are some great performances from actors that didn’t get along with the film’s director?,"One of, if not the most, notable examples of this is probably Burt Reynolds in *Boogie Nights*, as he notoriously didn't get along with PTA to the point that he turned down a role in *Magnolia* and refused to work with him again. He also expressed confusion as to why people liked the movie so much. However, he still ended up giving a great performance and even got nominated for an Oscar. 

  
Another notable example is Gene Hackman in *The Royal Tenenbaums*, who was reportedly quite irritable on the set of the movie and frequently fought with Wes Anderson to the point that Bill Murray of all people had to step in to defuse the tension between them. ",121,148,1777783674.0,0.86,True,self.movies
1t32la2,movies,Looking for 2 movies,"Hello, I am looking for help on 2 movies from my childhood that I cannot fully remember/find.

1st movie is horror and the only things I remember are a house by itself with some monster and people are trapped inside of it and the one scene that I can think of is a black woman and white guy suicide themselves with a grenade to try and kill it. (Has been mentioned/found in the comments)

2nd movie from what I can remember has an ending with a home invasion against a gang and one of the main characters teammates accidentally shot the son on the staircase of the gang boss and mc was nice to kid and gifted him a playstaion 2 earlier in the movie",3,16,1777855236.0,0.56,True,self.movies
1t2ryaj,movies,What summer release are you most excited for?,"Which movie coming out this summer are you anticipating the most? I’m optimistic about Scary Movie 6 and Disclosure Day, Spider-Man: Brand New Day and of course The Odyssey.

I’m also curious about Passenger and End of Oak Street. Anne Hathaway has a packed year.

What are you most excited for this summer?",10,21,1777829826.0,0.71,True,self.movies
1t21nf7,movies,Beau Starr Dies: ‘Goodfellas’ &amp; ‘Halloween’ Franchise Actor Was 81,,402,22,1777755600.0,0.94,False,deadline.com
1t1yjy1,movies,When do actors know it’s bad,"At what point of the movie making process do you think the actors know it is going to be a bad film? I’m talking about instances where they signed on for the project as they thought it was a good project (rather than just for the pay). Do you think it’s during filming, or only when they see the final cut? ",586,391,1777748421.0,0.92,True,self.movies
1t3qe4o,movies,"My Cousin Said I Remind Him of Raymond Garraty from ""The Long Walk""","[I dont look like him AT ALL LOL](https://preview.redd.it/lgvew4say5zg1.jpg?width=360&amp;format=pjpg&amp;auto=webp&amp;s=decad481f28d89dd23531791fff28dd218f85263)

I haven't watched the movie, what does he mean by it?

Him and I are like brothers but I really hope its a good, at least not horrible thing, otherwise I will have to attack him next time I see him lol.

  
I asked google and it said he thought I was really loyal and nice, but I had to take care of myself more. 

I don't think I'll watch the movie anytime soon, so feel free to spoil it. ",0,3,1777919640.0,0.26,True,self.movies
1t2rtjm,movies,The Donut King Documentary (2021),"Hello Redditors!    
Recently came across this documentary suggestion here on Reddit, but it didn’t seem to exist anywhere online! I found an abbreviated version on YouTube (but the audio isn’t great and the duration doesn’t match up) Any idea where I can find this fascinating film? Many thanks to everyone in advance. ",11,19,1777829531.0,0.76,True,self.movies
1t1m1zx,movies,‘Desert Warrior’ Deserted? Why Anthony Mackie’s Troubled Saudi Epic Failed To Rally Cinemagoers In U.S. &amp; Middle East,,2795,596,1777717173.0,0.93,False,deadline.com
1t2t2y4,movies,What’s your favorite movie theater experience?,"Very different than your favorite movie, but your favorite movie experience in a theater? Could be anything, your first kiss (mine was oddly the weird movie Beowulf), your favorite crowd, whatever.

Mine are a two: Endgame I saw in Boston in a packed theater at 11:30pm, we were at the AMC bar beforehand with some people that randomly sat next to us and everyone was buzzing with theories and in the theater everyone was so into it. Felt like a moment.

Other time me and all my middle school baseball team snuck out to see Signs late at night when we were out for a tournament and the theater was next to our hotel. We were freaked tf out as kids watching it and sprinted back from the theater. One of my favorite movie memories (why with Phoenix watching the news in a closet???)

How about yall?",8,70,1777832312.0,0.63,True,self.movies
1t3m4ft,movies,Raavan: a misunderstood classic,"Watched it today and I think I wasn't mature enough to understand the beauty of it when it was released 15 yrs ago. The depth of characterization, the themes and the music was made with so much care and affection. Maniratnam is a genius and his combination with arr is magical. Abhishek hammed a little but overall his performance was good. The beauty of the story and screenplay is the hero vs villain becomes so blurred u end up rooting for the Raavan in the end. Absolute delight of a movie ",0,4,1777910796.0,0.2,True,self.movies
1t3jgbb,movies,Movies explained badly,"I read these a while back and thought they were hilarious. Here’s a few that I thought were best:

A high school janitor encourages teens to believe in their dreams... 

 Nightmare of Elm Street

A man’s wife is killed by a serial killer. He then enlist the help of a mental impaired woman to find his handicapped kidnapped son...

Finding Nemo

Do you have any others?",0,32,1777905144.0,0.39,True,self.movies
1t2n9ti,movies,"Practically perfect 90's movies that don't get enough acclaim, your honest (maybe unpopular) opinions!","I submit to you, the movie The River Wild, with Meryl Streep, John C Reilly, and Kevin Bacon

https://preview.redd.it/kjkuy1vpoxyg1.png?width=1280&amp;format=png&amp;auto=webp&amp;s=f9cb09bf2e0381a333b1afc2e4fec70b7a79c25c

This is one of my all time favorite movies and it's practically perfect, but I so rarely hear anyone mention it, and I rewatch just about every year.  A strong female protagonist, and this movie made me hate Kevin Bacon as a kid, even after Tremors!  He makes such a good villain.  (Yes, I heard they made a remake.  Not sure why, the original is perfect, why would I watch a remake?  I've never seen the american version of Girl with a Dragon Tattoo either, why would I if the original is flawless?)

What are your 'unloved' 90's favorites that don't get enough re-watches?  A League of Their Own?  Medicine Man?",12,36,1777819264.0,0.6,True,self.movies
1t1vslf,movies,"New Image of Sebastian Stan in 'Fjord' - Co-Starring Renate Reinsve &amp; Directed by Christian Mungiu ('Graduation', '4 Months, 3 Weeks and 2 Days') - An immigrant family living in Norway become subject to an investigation after being suspected of disturbing behavior regarding their children.",,670,92,1777742215.0,0.95,False,i.redd.it
1t3s3g3,movies,robin williams was different and we'll never get another one,"honestly the more time passes the more insane it is that robin williams was a real guy who actually existed. dude's brain ran at like 3x speed, could do 40 voices in a single bit, improvised half his movies and somehow still made you cry in the other half. genie? unreal. mrs doubtfire? unreal. ""it's not your fault"" scene? i'm tearing up just typing it. and the wildest part is he was apparently the kindest, most generous person to literally everyone who met him, like every story is just ""yeah he showed up to the children's hospital unannounced again."" we did not deserve him and we definitely don't deserve to have lost him. miss you king 🫡",0,17,1777923173.0,0.33,True,self.movies
1t22tei,movies,"The Duellists (1977, dir. Ridley Scott) – Opening scene: Lieutenant Gabriel Feraud duels the Mayor's nephew.",,254,47,1777758427.0,0.9,False,v.redd.it
1t23hdk,movies,Rocky II (1979) dir Sylvester Stallone | Rocky &amp; Apollo Rematch,,230,72,1777760081.0,0.8,False,v.redd.it
1t3pupt,movies,“Michael” 2026,"I understand that they chose Michael Jackson’s nephew to play him in the movie. Here’s my issue though.. He doesn’t look like him, and the prosthetic nose they are using looks ridiculous. Did they have no  budget? I get that it would be hard to find somebody that would look like him and could dance like him and that could embody him.. Your thoughts everyone?",0,33,1777918513.0,0.17,True,self.movies
1t23yix,movies,It’s Done! SAG-AFTRA &amp; Studios Reach New (&amp; Bigger) Deal,,208,0,1777761300.0,0.92,False,deadline.com
1t3m0o5,movies,Star Wars: The Mandalorian and Grogu | Mystery | In Theaters May 22,,0,61,1777910589.0,0.44,False,youtu.be
1t2s6ef,movies,Intimidation scene in thriller genre,"hi everyone,

I have this scene in mind that I feel I’ve seen in a movie - but which one? 

a lawyer is being intimidated by the mafia to drop her case, and one day an unknown man “gifts” a bullet to her young son. does that sound familiar to anyone? I can’t remember which film that was, or if I invented it  

  
many thanks!! ",4,2,1777830323.0,0.59,True,self.movies
1t29gbv,movies,movies with depression/mental health issues,i want a good movie that has a good representation of some sort of mental illness/issue. i struggle with anxiety and i hardly see any movies that depict it well.   i also feel like i’ve watched all the the movies about depression. sooo if anyone has some good less popular movies about any of these i would love some recommendations!!,79,252,1777776508.0,0.83,True,self.movies
1t3ndiw,movies,"'Before Sunset' has the perfect ending, and there was no need for a third one.","Yes, I went there. Don't get me wrong, I love the Before movies. Sunrise is great, Sunset just as brilliant, but... did Midnight really need to happen? There's realism, and then there's pessimism. Celine was a bit more jaded in Sunset, sure. And her outburst in the taxi did come out of nowhere, but it felt organic. In Midnight, her character is completely warped. Bitter and bitchy, and I can't help but reminded of what Jesse said about his parents, staying together ""for the well-being of my sister and I"". I honestly think that Sunset ended things perfectly, in a way that allowed viewers to imagine how Jesse and Celine's future went in their own heads.",0,14,1777913406.0,0.26,True,self.movies
