id,subreddit,title,score,num_comments,created_utc,upvote_ratio,is_self,domain
1pjgod7,AskReddit,What free things that are online everyone should take advantage of?,1,0,1765405811.0,1.0,True,self.AskReddit
1pjgnvq,AskReddit,What do guys “ never “ tells girls ?,0,1,1765405779.0,0.5,True,self.AskReddit
1pjgntk,AskReddit,"If you are a forgetful person, when you leave the house what is the item you forget most often?",1,0,1765405775.0,1.0,True,self.AskReddit
1pjgn6r,AskReddit,What are your thoughts on people who are extremely opinionated?,1,0,1765405733.0,1.0,True,self.AskReddit
1pjgn3s,AskReddit,"If you could go back in time to any age, what would it be and why?",1,1,1765405728.0,1.0,True,self.AskReddit
1pjgn2l,AskReddit,"In your opinion, is the law of attraction real or is it made up, why/why not?",1,0,1765405726.0,1.0,True,self.AskReddit
1pjgn1w,AskReddit,When did you get your first tattoo?,1,0,1765405725.0,1.0,True,self.AskReddit
1pjgkwm,AskReddit,What is a secret that you will take to your grave?,0,14,1765405582.0,0.5,True,self.AskReddit
1pjgkwc,AskReddit,What are the chances Jeff Epstein could still have made it in today's time ?,0,2,1765405581.0,0.5,True,self.AskReddit
1pjgkrk,AskReddit,"What does ""sorry this post was removed by Reddits filters mean"" ?",0,1,1765405573.0,0.5,True,self.AskReddit
1pjgkkg,AskReddit,What are your types of friends?,1,6,1765405559.0,1.0,True,self.AskReddit
1pjgk4l,AskReddit,What are some good things happening in the world right now?,1,5,1765405530.0,1.0,True,self.AskReddit
1pjgk1f,AskReddit,What is the most sexually suggestive compliment you've ever received that has stuck in your mind for years?,2,1,1765405525.0,1.0,True,self.AskReddit
1pjgk0w,AskReddit,"If everyone had access to the same quality of education and opportunities, would you support a system where voters are required to demonstrate competency/intelligence via a test in order to vote? Why or why not?",0,1,1765405523.0,0.5,True,self.AskReddit
1pjgjli,AskReddit,How would history be different if it were herstory instead of his-story?,0,1,1765405495.0,0.5,True,self.AskReddit
1pjgizf,AskReddit,What would you do if you encountered an alien?,2,3,1765405454.0,1.0,True,self.AskReddit
1pjgip4,AskReddit,What is the level of intelligence in America and why?,1,2,1765405436.0,1.0,True,self.AskReddit
1pjgijm,AskReddit,What’s a stupid mistake you’ve done that has lived rent-free in your head for years?,1,2,1765405426.0,1.0,True,self.AskReddit
1pjghz5,AskReddit,"Men of reddit, what age did your hair-loss start to become very obvious?",1,3,1765405386.0,1.0,True,self.AskReddit
1pjghxq,AskReddit,"If 2025 was a movie, what would it’s title be ?",1,1,1765405385.0,1.0,True,self.AskReddit
1pjghvx,AskReddit,What’s something you realized embarrassingly late in life?,0,0,1765405381.0,0.5,True,self.AskReddit
1pjghqp,AskReddit,Why most of us want to go to heaven but doesn't want to be the first one?,1,0,1765405370.0,1.0,True,self.AskReddit
1pjghch,AskReddit,Where's the popular tab?,4,2,1765405343.0,1.0,True,self.AskReddit
1pjgh7e,AskReddit,What is on your bedside table?,1,5,1765405334.0,1.0,True,self.AskReddit
1pjgh2e,AskReddit,"What’s the first game (pc, console) you’d show a kid to explain why you loved gaming?",1,2,1765405324.0,1.0,True,self.AskReddit
1pjggyt,AskReddit,What is your Christmas Day Dinner tradition?,1,2,1765405317.0,1.0,True,self.AskReddit
1pjggxk,AskReddit,What are the ways to check a reddit account's cqs?,1,0,1765405314.0,1.0,True,self.AskReddit
1pjggml,AskReddit,What do you think is beyond our galaxy?,0,3,1765405292.0,0.5,True,self.AskReddit
1pjgg2f,AskReddit,What are some things you do to kill boredom at work when you don't have work to do?,1,3,1765405252.0,1.0,True,self.AskReddit
1pjgfwu,AskReddit,What's the most embarrassing way you've ever injured yourself?,1,1,1765405241.0,1.0,True,self.AskReddit
1pjgfrg,AskReddit,What's the funniest joke you've ever heard?,2,2,1765405232.0,1.0,True,self.AskReddit
1pjgflx,AskReddit,"If you could change one thing in the world right now, what would it be?",0,1,1765405222.0,0.5,True,self.AskReddit
1pjgflg,AskReddit,"Would you consider yourself to be a Net Positive contributor to Society? Why, or why not?",1,1,1765405221.0,1.0,True,self.AskReddit
1pjgfg9,AskReddit,What’s something you do alone that you would never admit to other people?,1,4,1765405210.0,1.0,True,self.AskReddit
1pjgcow,AskReddit,What are your thoughts on 50 year mortgage?,0,8,1765405029.0,0.25,True,self.AskReddit
1pjgca1,AskReddit,What's a brand you refuse to buy for no real reason?,2,5,1765405003.0,1.0,True,self.AskReddit
1pjg9y6,AskReddit,What's your plan for Christmas?,1,21,1765404850.0,1.0,True,self.AskReddit
1pjg9h7,AskReddit,When did you loose your faith in humanity?,1,7,1765404819.0,0.67,True,self.AskReddit
1pjg97f,AskReddit,"What is your favourite game, and what moment made it your number 1?",2,2,1765404802.0,1.0,True,self.AskReddit
1pjg8kf,AskReddit,What are the best ways for a guy to masturbate?,0,5,1765404757.0,0.25,True,self.AskReddit
1pjg7d4,AskReddit,What is your favorite fit to wear in winter?,2,11,1765404679.0,1.0,True,self.AskReddit
1pjg7cg,AskReddit,what is the deep state?,2,3,1765404677.0,1.0,True,self.AskReddit
1pjg7b2,AskReddit,"You find $10k in cash in a bag in a bush, what's your next move?",1,9,1765404675.0,1.0,True,self.AskReddit
1pjg767,AskReddit,How is it not illegal to not have a guard rail on domestic cookers?,0,15,1765404667.0,0.25,True,self.AskReddit
1pjg6ti,AskReddit,People of reddit. Mind Sharing your lore about how long you slept or stayed awake in one instance? (Not under action/effect of any drug/medicine) What were the after effects?,2,5,1765404645.0,1.0,True,self.AskReddit
1pjg5b2,AskReddit,"What to do in your free time as a Teen, when you don‘t really have a passion, to get more happy, and use their phone less?",1,5,1765404546.0,1.0,True,self.AskReddit
1pjg52q,AskReddit,Where did you lose your virginity?,0,8,1765404529.0,0.5,True,self.AskReddit
1pjg4ym,AskReddit,"People who were spanked as kids, what was that like for you? Would you call your ""spankings"" abuse?",4,23,1765404522.0,1.0,True,self.AskReddit
1pjg4tj,AskReddit,"Sex workers, do you ever get bored during intercourse and what do you do in that scenario?",1,2,1765404513.0,1.0,True,self.AskReddit
1pjg4s1,AskReddit,Which christmas tradition disappeared over time that you miss?,2,5,1765404510.0,1.0,True,self.AskReddit
1pjg3gv,AskReddit,"For people who follow GI research closely — what are the most promising approaches being worked on that could one day lead to real functional cures (gut-lining regeneration, microbiome rebuilding, immune rewiring, etc.)? Anything in trials or early research worth watching?",1,0,1765404424.0,1.0,True,self.AskReddit
1pjg31j,AskReddit,"Need help: What are some gift ideas for a limited verbal, teenage boy with autism?",7,12,1765404396.0,1.0,True,self.AskReddit
1pjg2e6,AskReddit,"Be honest, how often do you manipulate people or your partner?",1,17,1765404351.0,0.57,True,self.AskReddit
1pjg29z,AskReddit,What's the most wholesome thing your sibling did for you?,2,4,1765404344.0,0.75,True,self.AskReddit
1pjg1xc,AskReddit,What organization keeps track of the percentage of advertising on a Social Media platform is actually a scam?,0,0,1765404323.0,0.5,True,self.AskReddit
1pjg1wo,AskReddit,What are the top 10 things on your bucket list?,1,1,1765404322.0,1.0,True,self.AskReddit
1pjg1i5,AskReddit,What is that really weird smell that you secretly love?,1,6,1765404295.0,0.67,True,self.AskReddit
1pjg1a4,AskReddit,What are some of the most useful things for the average person to keep on a keychain?,1,3,1765404279.0,1.0,True,self.AskReddit
1pjg13b,AskReddit,What was the most overhyped destination you’ve been to?,1,11,1765404268.0,0.67,True,self.AskReddit
1pjg0ue,AskReddit,"What’s a small, random thing that always improves your mood?",6,9,1765404250.0,1.0,True,self.AskReddit
1pjg0b3,AskReddit,What Christmas dish is a must-have on your table?,3,14,1765404214.0,1.0,True,self.AskReddit
1pjfzv2,AskReddit,"Teachers/Professors of Reddit, what was the worst research a student ever submitted? Has a student ever cited The Onion?",1,1,1765404184.0,1.0,True,self.AskReddit
1pjfzd6,AskReddit,What industries do you think would be the most impacted if humanity focused on the betterment of mankind instead of profit and power. What new industries might you expect to emerge?,1,4,1765404153.0,1.0,True,self.AskReddit
1pjfz69,AskReddit,Your autobiography:  what does your favorite AI suggest as a title?,0,4,1765404140.0,0.17,True,self.AskReddit
1pjfz1n,AskReddit,What do you think about the Reddit mascot Snoo?,1,5,1765404132.0,0.67,True,self.AskReddit
1pjfyrb,AskReddit,What is the best thing that has happened to you this year?,2,15,1765404112.0,1.0,True,self.AskReddit
1pjfxjj,AskReddit,What are your opinions on Chinggis/Genghis Khan?,1,2,1765404037.0,0.67,True,self.AskReddit
1pjfwnr,AskReddit,"In what ways can schools detect when computer hardware—like a GPU—has been replaced, and how effective are those methods?",2,8,1765403981.0,1.0,True,self.AskReddit
1pjfwn1,AskReddit,What's the most ruthless collectible hobby you've ever witnessed or been a part of?,3,9,1765403980.0,1.0,True,self.AskReddit
1pjfwjb,AskReddit,How does it feel to know that you just lost The Game?,0,2,1765403973.0,0.43,True,self.AskReddit
1pjfwj4,AskReddit,What do you consider acceptable gifts from Santa?,2,2,1765403972.0,1.0,True,self.AskReddit
1pjfwfi,AskReddit,"Who is worse, student loan companies or insurance companies?",2,5,1765403966.0,1.0,True,self.AskReddit
1pjfwbm,AskReddit,Worst vacation you ever took and why?,2,3,1765403958.0,1.0,True,self.AskReddit
1pjfw7j,AskReddit,"What's the worst or funniest ""edited for TV"" movie you've ever seen?",2,6,1765403949.0,1.0,True,self.AskReddit
1pjfw3f,AskReddit,"What small, weird habit, instantly made someone seem poor (or rich) to you?",3,2,1765403941.0,1.0,True,self.AskReddit
1pjfve5,AskReddit,How weird was the weirdest person you ever met?,2,0,1765403893.0,1.0,True,self.AskReddit
1pjfv8j,AskReddit,How do you feel about people who study English?,2,8,1765403882.0,1.0,True,self.AskReddit
1pjfv7d,AskReddit,What's the best karaoke song?,2,5,1765403880.0,1.0,True,self.AskReddit
1pjfv0s,AskReddit,Where would you visit with unlimited funds?,3,8,1765403868.0,1.0,True,self.AskReddit
1pjfuwx,AskReddit,"What’s something you pretend doesn’t bother you, but actually does?",6,15,1765403860.0,1.0,True,self.AskReddit
1pjfusz,AskReddit,What is the smallest act of kindness that stayed with you for years?,3,1,1765403852.0,1.0,True,self.AskReddit
1pjfue6,AskReddit,Medical professionals of Reddit: what is the most interesting or strangest illness you have encountered?,2,1,1765403824.0,1.0,True,self.AskReddit
1pjftuw,AskReddit,"People who chose to have children that you can't afford, why did you do it?",4,0,1765403786.0,0.75,True,self.AskReddit
1pjftis,AskReddit,What random object(s) do you have on your desk at your office?,3,5,1765403762.0,1.0,True,self.AskReddit
1pjft9u,AskReddit,What would the world be if everyone suddenly became indian?,0,1,1765403747.0,0.17,True,self.AskReddit
1pjft1c,AskReddit,What is the most unique roast you ever said?,3,2,1765403731.0,1.0,True,self.AskReddit
1pjfsna,AskReddit,to people with a disorder or illness what the most ridiculous thing someone's ever done to you?,2,1,1765403706.0,1.0,True,self.AskReddit
1pjfsff,AskReddit,what's the most valuable thing/item you ever bought in your life?,1,3,1765403691.0,1.0,True,self.AskReddit
1pjfrsl,AskReddit,"If animals could talk, which one would be the biggest A-Hole?",3,15,1765403649.0,1.0,True,self.AskReddit
1pjfrsc,AskReddit,What's that 'life hack' you learned that turned out to be complete garbage?,5,1,1765403648.0,1.0,True,self.AskReddit
1pjfr7l,AskReddit,What's on your 2026 resolution list ATM?,1,7,1765403610.0,1.0,True,self.AskReddit
1pjfqzx,AskReddit,What's your go-to meal when you're sick?,2,11,1765403595.0,1.0,True,self.AskReddit
1pjfqel,AskReddit,What’s the best response to a Christian saying “you’re going to hell”?,2,88,1765403555.0,0.56,True,self.AskReddit
1pjfpzj,AskReddit,People who blast mobile speakers in public places. Would there be any situation that would make you turn off your speaker?,4,4,1765403527.0,1.0,True,self.AskReddit
1pjfpv8,AskReddit,What's a small thing that brings you joy to see?,2,4,1765403519.0,1.0,True,self.AskReddit
1pjfpaq,AskReddit,What TV Show would be a box office hit in theaters?,2,1,1765403481.0,1.0,True,self.AskReddit
1pjfp6b,AskReddit,What's your number 1 wish to yourself?,2,2,1765403473.0,1.0,True,self.AskReddit
1pjfomq,AskReddit,What’s one thing you hate doing in winter?,4,21,1765403436.0,0.83,True,self.AskReddit
1pjfn23,AskReddit,Are you craving long chats and why?,1,16,1765403333.0,0.6,True,self.AskReddit
1pjfmz7,AskReddit,"What's the most surprising lesson you've learned from a family member, good or bad?",4,3,1765403327.0,1.0,True,self.AskReddit
1pjfm81,AskReddit,How did you get petty revenge on your HOA?,2,3,1765403279.0,1.0,True,self.AskReddit
1pjflu5,AskReddit,What do you think the best method of public transport is?,2,7,1765403252.0,1.0,True,self.AskReddit
1pjflkk,AskReddit,What are girls always doing with two in the toilet?,3,11,1765403237.0,1.0,True,self.AskReddit
1pjflh0,AskReddit,What is the most pretentious movie you’ve ever seen?,1,2,1765403230.0,1.0,True,self.AskReddit
1pjfkmy,AskReddit,What’s the worst sense of entitlement you’ve come across?,1,3,1765403176.0,1.0,True,self.AskReddit
1pjfkia,AskReddit,What is a subreddit you wish you never saw in the first place?,2,10,1765403167.0,1.0,True,self.AskReddit
1pjfk8w,AskReddit,What part of town do you get beat up just for existing?,1,2,1765403152.0,1.0,True,self.AskReddit
1pjfk4u,AskReddit,What year did you buy your house? &amp; how much did you pay?,2,3,1765403144.0,1.0,True,self.AskReddit
1pjfjxu,AskReddit,What is your second favorite fact?,1,6,1765403131.0,0.67,True,self.AskReddit
1pjfjqh,AskReddit,"Straight guys who've done gay stuff but in their head they still identify as straight, why?",0,19,1765403118.0,0.43,True,self.AskReddit
1pjfjha,AskReddit,"If a trilogy happens, who do you see winning? Petr yan or Merab? And if Merab, what do you think he will do differently?",0,0,1765403103.0,0.5,True,self.AskReddit
1pjfiyi,AskReddit,Why has Trump or Musk not bought Reddit or put it in the media?,2,1,1765403068.0,0.75,True,self.AskReddit
1pjfiia,AskReddit,What to bring to an adult family $125-150 white elephant gift exchange?,1,2,1765403039.0,1.0,True,self.AskReddit
1pjfii7,AskReddit,"Who was your first TV/movie ""crush""?",2,7,1765403039.0,1.0,True,self.AskReddit
1pjfhol,AskReddit,Why they trying to kill reddit?,0,8,1765402980.0,0.5,True,self.AskReddit
1pjfhn5,AskReddit,What’s one thing you wish adults could still do at Christmas without being judged?,3,6,1765402976.0,1.0,True,self.AskReddit
1pjfhka,AskReddit,What would happen if Ghost Rider from Marvel entered the Boys universe?,1,0,1765402972.0,1.0,True,self.AskReddit
1pjfhab,AskReddit,At what point will people get bored discussing the obvious moral failings of President Trump on Reddit dot com?,1,10,1765402953.0,0.6,True,self.AskReddit
1pjfh9a,AskReddit,Where do ocean animals go during a hurricane?,4,3,1765402951.0,1.0,True,self.AskReddit
1pjfh6u,AskReddit,What’s a fact you wish you didn’t know but now can’t forget?,23,5,1765402947.0,1.0,True,self.AskReddit
1pjfh2r,AskReddit,How long ago did you stop paying for streaming services and why?,3,8,1765402939.0,1.0,True,self.AskReddit
1pjfgzb,AskReddit,What’s the earliest memory your brain decided to save?,3,4,1765402933.0,1.0,True,self.AskReddit
1pjfgtj,AskReddit,What are some signs that someone knows they’re intelligent?,10,14,1765402923.0,0.92,True,self.AskReddit
1pjfgk1,AskReddit,What's the nicest thing that a complete stranger has done for you?,3,2,1765402906.0,1.0,True,self.AskReddit
1pjfg4u,AskReddit,"You have to eat breakfast,shower,and pack your bookbag,what's the best order to do it in?",8,17,1765402876.0,1.0,True,self.AskReddit
1pjffzp,AskReddit,Mail workers - what do you do with letters you receive for Santa?,3,4,1765402867.0,1.0,True,self.AskReddit
1pjffn9,AskReddit,When did you move out of your parent’s home and how do you feel?,3,1,1765402845.0,1.0,True,self.AskReddit
1pjff18,AskReddit,What is a movie performance that you considered to be flawless?,2,11,1765402805.0,0.75,True,self.AskReddit
1pjfery,AskReddit,"What do you think if there are accounting companies in Malta, that do not charge much?",2,2,1765402787.0,1.0,True,self.AskReddit
1pjfem2,AskReddit,Do you prefer Windows or Linux and why?,3,2,1765402776.0,1.0,True,self.AskReddit
1pjfe2l,AskReddit,What's something niche that you found about that changed your life?,4,2,1765402740.0,1.0,True,self.AskReddit
1pjfd57,AskReddit,"If you’ve ever been fired, why?",2,19,1765402679.0,0.75,True,self.AskReddit
1pjfcrg,AskReddit,What was the last question you asked AskReddit?,0,0,1765402652.0,0.5,True,self.AskReddit
1pjfcl7,AskReddit,Who should be designated driver to a company holiday party - the employee or their spouse?,1,3,1765402640.0,1.0,True,self.AskReddit
1pjfbp8,AskReddit,"People who have visited multiple cities of China, which was your favorite?",2,4,1765402577.0,1.0,True,self.AskReddit
1pjfb72,AskReddit,What is your most and least favourite way of spending a 1 day holiday?,2,0,1765402543.0,1.0,True,self.AskReddit
1pjfame,AskReddit,If a movie was made about your life how would it be called?,29,123,1765402501.0,0.88,True,self.AskReddit
1pjfadn,AskReddit,What’s a behavior quirk about yourself or your family that somebody else had to point out to you?,2,2,1765402484.0,1.0,True,self.AskReddit
1pjfadm,AskReddit,What are five things you wish you had/wish you knew when you moved out of your parents house?,1,2,1765402484.0,1.0,True,self.AskReddit
1pjfaca,AskReddit,What was the most famous person you kissed?,1,12,1765402482.0,0.67,True,self.AskReddit
1pjfa3e,AskReddit,Apple or Android which one do you prefer and why?,1,15,1765402466.0,0.67,True,self.AskReddit
1pjf991,AskReddit,"If you could hear the honest truth about yourself from everyone who knows you, would you still want to hear it?",16,38,1765402415.0,0.94,True,self.AskReddit
1pjf8tt,AskReddit,"In your opinion, what is the best anime you’ve ever seen?",1,18,1765402386.0,0.67,True,self.AskReddit
1pjf8lk,AskReddit,What's your favourite music app?,2,24,1765402372.0,1.0,True,self.AskReddit
1pjf8l8,AskReddit,Why did your last relationship end?,1,14,1765402372.0,1.0,True,self.AskReddit
1pjf8kp,AskReddit,What's your worst habit?,1,6,1765402371.0,1.0,True,self.AskReddit
1pjf895,AskReddit,"how would you react if your girlfriend accidentally spilled coffee in your center console, specifically the shifter console/center control panel of your nice car?",0,8,1765402350.0,0.5,True,self.AskReddit
1pjf82r,AskReddit,The US captured an oil tanker off the coast of Venezuela. Trump says we keep the oil. How is America any different from pirates?,1,13,1765402338.0,0.56,True,self.AskReddit
1pjf7wt,AskReddit,"What names aged into ""old people"" names since you were a kid, and what ""old"" names have come back into fashion?",1,3,1765402327.0,1.0,True,self.AskReddit
1pjf7ff,AskReddit,At what age did you stop believing in fairytales?,1,7,1765402296.0,1.0,True,self.AskReddit
1pjf7d0,AskReddit,"What's the one thing you could technically still afford, but refuse to buy because of rising prices?",3,15,1765402292.0,1.0,True,self.AskReddit
1pjf57w,AskReddit,What do you treasure and believe came about because of a habit you established or decision you took?,1,2,1765402153.0,1.0,True,self.AskReddit
1pjf552,AskReddit,how would you react?,0,9,1765402150.0,0.5,True,self.AskReddit
1pjf53e,AskReddit,What are your favorite lesser known shows from back when streaming hadn't killed TV?,2,8,1765402147.0,1.0,True,self.AskReddit
1pjf519,AskReddit,What is the most versatile liquid as a mixer?,1,6,1765402142.0,1.0,True,self.AskReddit
1pjf4uv,AskReddit,"People who have lost weight, how did you do it?",2,24,1765402129.0,1.0,True,self.AskReddit
1pjf4ua,AskReddit,Hey what did you get your gf/bf husband/wife for Christmas?,7,37,1765402128.0,1.0,True,self.AskReddit
1pjf4hq,AskReddit,What's the pettiest thing you've done that you're still low-key proud of?,1,6,1765402105.0,1.0,True,self.AskReddit
1pjf4h5,AskReddit,What is the most extreme thing you did while being horny?,1,3,1765402104.0,1.0,True,self.AskReddit
1pjf45x,AskReddit,what is about major religions that absolutely demand that all cultures of the world to be like them?,0,9,1765402083.0,0.5,True,self.AskReddit
1pjf3th,AskReddit,"Imagine you wake up tomorrow and you are literally alone in the city, what's the first thing you do (after trying to find someone)?",2,15,1765402060.0,1.0,True,self.AskReddit
1pjf3dr,AskReddit,What do you love and what do you hate about Christmas the most?,1,6,1765402030.0,1.0,True,self.AskReddit
1pjf3c7,AskReddit,Non-tech background to data job: Has anyone actually cracked it with a decent salary and how? Any success story ?,1,1,1765402027.0,1.0,True,self.AskReddit
1pjf37m,AskReddit,What is a weird thing from your country that you did not realize was weird until it was pointed out to you?,1,3,1765402018.0,1.0,True,self.AskReddit
1pjf2jz,AskReddit,How fair would you say your divorce settlement was?,1,1,1765401972.0,0.66,True,self.AskReddit
1pjf2ea,AskReddit,How was your life when you believed in Santa Claus?,2,4,1765401961.0,1.0,True,self.AskReddit
1pjf235,AskReddit,What's the thing you always believed was not real until you saw it yourself?,3,3,1765401938.0,1.0,True,self.AskReddit
1pjf07l,AskReddit,"People who were teenagers in 2000-2010, what kind of music did yall listen to?",2,14,1765401814.0,1.0,True,self.AskReddit
1pjezks,AskReddit,What is something you acquired a taste for as an adult that you couldn't stand when you were younger?,221,673,1765401772.0,0.97,True,self.AskReddit
1pjez2x,AskReddit,How would your (ex)partner describe you?,2,11,1765401739.0,1.0,True,self.AskReddit
1pjeyzq,AskReddit,What was the most expensive day of your life so far?,1,9,1765401734.0,1.0,True,self.AskReddit
1pjeyzj,AskReddit,What are your thoughts on the social media ban in Australia for children under 16?,2,5,1765401734.0,1.0,True,self.AskReddit
1pjeyq3,AskReddit,How old are you and how’s your relationship with your dad? Are you close?,25,158,1765401719.0,0.86,True,self.AskReddit
1pjey8x,AskReddit,How would you react if someone kick your pet?,2,10,1765401689.0,1.0,True,self.AskReddit
1pjexhf,AskReddit,"What's a movie quote that is permanently stuck in your head and heart, and why?",5,34,1765401640.0,0.86,True,self.AskReddit
1pjex6j,AskReddit,Who is the best artist/band you have seen live?,3,26,1765401622.0,1.0,True,self.AskReddit
1pjex6d,AskReddit,Why isn’t the media reporting more on Trump’s affair with Epstein’s brother?,0,3,1765401621.0,0.4,True,self.AskReddit
1pjex0u,AskReddit,What does your 20 something gf actually want for xmas?,1,5,1765401613.0,1.0,True,self.AskReddit
1pjewq0,AskReddit,What was a time when somebody misunderstanding your joke or sarcasm caused drama?,2,4,1765401591.0,1.0,True,self.AskReddit
1pjew49,AskReddit,What is a piece of advice that drastically changed how you approach feeling overwhelmed?,2,4,1765401554.0,0.75,True,self.AskReddit
1pjevvk,AskReddit,"What profession might a techy person have pursued 150 years ago, before widespread electricity, indoor plumbing, or modern technology?",3,6,1765401539.0,1.0,True,self.AskReddit
1pjevt7,AskReddit,How does the calendar work to some countries doesn't use normal calendar?,0,5,1765401535.0,0.33,True,self.AskReddit
1pjevq2,AskReddit,"Smokers of Reddit, what made you start in the first place?",2,5,1765401530.0,1.0,True,self.AskReddit
1pjevl0,AskReddit,How old were you when you found out the tooth fairy and Easter bunny were not real?,0,7,1765401522.0,0.5,True,self.AskReddit
1pjevei,AskReddit,What are some laughably bad movies that somehow exist?,1,8,1765401511.0,1.0,True,self.AskReddit
1pjev9g,AskReddit,What is a website that does not exist but you would want to exist?,2,3,1765401503.0,1.0,True,self.AskReddit
1pjev5z,AskReddit,What’s something you learned embarrassingly late in life?,2,3,1765401498.0,1.0,True,self.AskReddit
1pjeu1z,AskReddit,What if your team/company/startup had its own culture-filled fun card game?,1,3,1765401429.0,0.67,True,self.AskReddit
1pjetq9,AskReddit,What’s a sign that someone has secret animosity towards you?,2,6,1765401410.0,1.0,True,self.AskReddit
1pjetjx,AskReddit,What’s a lesson you learned in life way later than you should have?,2,2,1765401399.0,1.0,True,self.AskReddit
1pjet2l,AskReddit,What job makes the most money with the least effort?,2,5,1765401370.0,1.0,True,self.AskReddit
1pjesw5,AskReddit,What’s something surprisingly simple that made your day better this week?,1,1,1765401358.0,1.0,True,self.AskReddit
1pjesgj,AskReddit,What’s a childhood moment that still makes you smile every time you think about it?,2,0,1765401330.0,1.0,True,self.AskReddit
1pjerhk,AskReddit,How do you deal with disagreements?,1,3,1765401270.0,1.0,True,self.AskReddit
1pjer7s,AskReddit,who is not able to send chat requests? Like has the world ended?,0,3,1765401254.0,0.33,True,self.AskReddit
1pjer1r,AskReddit,"If a cocktail was invented and named your username, what would the ingredients and flavour be?",14,40,1765401243.0,0.94,True,self.AskReddit
1pjeqx7,AskReddit,Why some women embrace being a slut and is it just a phase?,0,13,1765401235.0,0.22,True,self.AskReddit
1pjepzr,AskReddit,What's the best advice you ever received from your parents?,1,6,1765401173.0,0.67,True,self.AskReddit
1pjepjl,AskReddit,How do you feel about a man or a woman paying all your bills?,2,33,1765401144.0,0.67,True,self.AskReddit
1pjepa2,AskReddit,"British Chavs, what would you say are the biggest myths about your subculture?",1,3,1765401127.0,1.0,True,self.AskReddit
1pjep0o,AskReddit,What is your favorite memory?,2,3,1765401109.0,1.0,True,self.AskReddit
1pjeoea,AskReddit,What's something that happened recently to you that you feel proud of?,3,7,1765401067.0,1.0,True,self.AskReddit
1pjenlz,AskReddit,How do you feel about splitting 50/50 when going out to eat or drink?,1,7,1765401016.0,0.67,True,self.AskReddit
1pjenk0,AskReddit,"How would you fix academia, so that you have a system where there is no pressure to publish junk research and high quality teaching is emphasized?",1,2,1765401013.0,1.0,True,self.AskReddit
1pjenc5,AskReddit,What do you do when someone acts and treats you differently?,2,4,1765400999.0,1.0,True,self.AskReddit
1pjemzw,AskReddit,"Dear redditors with weird kinks, how's that postnut clarity?",0,7,1765400977.0,0.25,True,self.AskReddit
1pjel05,AskReddit,what’s your favorite song/artist?,9,55,1765400843.0,0.92,True,self.AskReddit
1pjekor,AskReddit,Ex convict or prison guards whats the craziest story you heard during your time in prison?,2,2,1765400822.0,1.0,True,self.AskReddit
1pjekjt,AskReddit,What’s the hardest part about getting your first clients when you’re just starting out in the AI era?,0,2,1765400812.0,0.4,True,self.AskReddit
1pjekh3,AskReddit,What’s been making you feel devastated lately?,3,13,1765400808.0,1.0,True,self.AskReddit
1pjek38,AskReddit,What new habit has really increased the quality of your life?,5,11,1765400782.0,1.0,True,self.AskReddit
1pjek0f,AskReddit,Who pays the bill on a first date?,1,12,1765400777.0,1.0,True,self.AskReddit
1pjejid,AskReddit,What is the first social media app you downloaded?,5,17,1765400746.0,0.86,True,self.AskReddit
1pjejgg,AskReddit,"Which historical figure would be the most annoying ghost to live with, and what's their one petty, ghostly habit?",2,3,1765400742.0,1.0,True,self.AskReddit
1pjeil1,AskReddit,"Do you calculate candela at your job and if so, when and for what?",0,2,1765400686.0,0.33,True,self.AskReddit
1pjei2o,AskReddit,"If you had a ring that made you invisible, what would you do with it?",1,10,1765400654.0,1.0,True,self.AskReddit
1pjehov,AskReddit,What memory/personal fuck-up keeps you awake and self-aware at night while trying to sleep ?,2,2,1765400630.0,1.0,True,self.AskReddit
1pjehh9,AskReddit,"What is the real reason people delay marriage now, even when they want love?",2,2,1765400616.0,1.0,True,self.AskReddit
1pjehfq,AskReddit,What is the best example of a public figure / celebrity’s fall from grace?,3,5,1765400613.0,1.0,True,self.AskReddit
1pjehde,AskReddit,"When you were young kids, did you ever steal something, at least one thing if you can recall?",1,3,1765400609.0,1.0,True,self.AskReddit
1pjeh41,AskReddit,"What’s the one thing (small or big) a “perfect” romantic partner can show, love, want, adore, follow… That will make you strongly reconsider?",2,15,1765400590.0,1.0,True,self.AskReddit
1pjegwk,AskReddit,What's keeping you strong?,3,12,1765400576.0,1.0,True,self.AskReddit
1pjegnr,AskReddit,Which country disappointed you the most when you visited?,3,4,1765400562.0,1.0,True,self.AskReddit
1pjeghm,AskReddit,How do you prepare a pet to move to a new house in another state?,1,4,1765400551.0,1.0,True,self.AskReddit
1pjefyn,AskReddit,What do girls never tell guys?,0,4,1765400518.0,0.4,True,self.AskReddit
1pjefy6,AskReddit,What simple thing makes you happy?,1,14,1765400517.0,1.0,True,self.AskReddit
1pjeeez,AskReddit,"Parents, as things like OFs grow in popularity and become more widely accepted, has it impacted how you parent/raise your daughters?",0,6,1765400422.0,0.33,True,self.AskReddit
1pjeedk,AskReddit,"In your opinion, what is the best novel or webnovel you’ve ever read?",3,4,1765400419.0,1.0,True,self.AskReddit
1pjee2n,AskReddit,What do you think of gen z protest using the one piece flag for all the fans out their?,3,6,1765400402.0,1.0,True,self.AskReddit
1pjeddw,AskReddit,What made you have cosmetic surgery?,1,3,1765400356.0,1.0,True,self.AskReddit
1pjed6a,AskReddit,"If a genie would only grant petty, first-world problem wishes, what would you wish for?",5,13,1765400343.0,1.0,True,self.AskReddit
1pjed2u,AskReddit,What’s the most obvious plothole of your favourite fantasy world?,3,2,1765400337.0,1.0,True,self.AskReddit
1pjecfw,AskReddit,What’s something you still haven’t forgiven a TV show or movie for doing?,3,12,1765400295.0,1.0,True,self.AskReddit
1pjebxa,AskReddit,What is the sure cure for depression?,3,13,1765400262.0,1.0,True,self.AskReddit
1pjebwk,AskReddit,Whats your state known for?,5,17,1765400260.0,1.0,True,self.AskReddit
1pjebmr,AskReddit,What expense do you regret the most?,1,3,1765400243.0,1.0,True,self.AskReddit
1pjeant,AskReddit,What's currently stopping you from finally becoming a reddit mod?,0,29,1765400179.0,0.5,True,self.AskReddit
1pjea8i,AskReddit,What will happen to the amount of slop content once the AI bubble pops and companies are forced to actually try and turn a profit?,1,2,1765400154.0,0.67,True,self.AskReddit
1pje9zb,AskReddit,What is the one thing that you purchased and thought would be great you regretted almost immediately?,2,4,1765400139.0,1.0,True,self.AskReddit
1pje9fa,AskReddit,"What's something super addicting that most ""addicts"" don't even realize they're hooked on?",1,13,1765400109.0,0.67,True,self.AskReddit
1pje84s,AskReddit,What’s your strategy in rock-paper-scissors?,1,10,1765400030.0,1.0,True,self.AskReddit
1pje7v4,AskReddit,"What's your opinion on 18 being the age od majority, and such a clear age 'line' being imposed in general?",2,3,1765400014.0,1.0,True,self.AskReddit
1pje7jl,AskReddit,What’s the strangest food you secretly enjoy but are embarrassed to admit?,1,2,1765399993.0,1.0,True,self.AskReddit
1pje7j8,AskReddit,Is it wrong to ask your male friend on a date after he recently broke up with his girlfriend? Why or why not?,1,8,1765399992.0,1.0,True,self.AskReddit
1pje7ec,AskReddit,What is a common trip you make?,2,5,1765399983.0,1.0,True,self.AskReddit
1pje7ao,AskReddit,"Why do you think it's frowned upon to wear merch of the band you are seeing to their show but it's okay to wear your team's merch to a sporting event, to dress up like a character in your favorite character at a con, dress up to see a movie, etc?",1,8,1765399976.0,1.0,True,self.AskReddit
1pje74t,AskReddit,What would you do if during an argument someone challenged you to a duel at high noon?,1,10,1765399966.0,1.0,True,self.AskReddit
1pje6ov,AskReddit,"Song earworm, and trying to figure out what it is, part that keeps repeating is ""drive it like you stole it"" NOT the name of the song. Heavy metal/rock band,chasing it , morphs into Twist of Cain, but it isn't that or any Danzing song. Any guesses?",1,0,1765399939.0,1.0,True,self.AskReddit
1pje6oi,AskReddit,What’s the most embarrassing situation you’ve experienced with your in-laws?,2,0,1765399938.0,1.0,True,self.AskReddit
1pje6h3,AskReddit,What is the best way to get lips to be fuller long term?,1,5,1765399925.0,1.0,True,self.AskReddit
1pje66m,AskReddit,What exactly is wrong with requiring people to prove their IQ before we allow them to vote?,1,13,1765399905.0,0.66,True,self.AskReddit
1pje5z9,AskReddit,People under 40 what health conditions do you have that you didn’t expect to develop?,1,5,1765399892.0,1.0,True,self.AskReddit
1pje59s,AskReddit,"If you had to live in a video game world, which one would be the most inconvenient?",2,9,1765399843.0,1.0,True,self.AskReddit
1pje4ze,AskReddit,"what exactly does the ""destruction of the west"" mean?",1,1,1765399825.0,1.0,True,self.AskReddit
1pje4vm,AskReddit,What are green flags for if someone will be a good friend?,3,6,1765399818.0,1.0,True,self.AskReddit
1pje48r,AskReddit,How are you dealing with increased amount of Spam calls and texts?,6,30,1765399776.0,0.88,True,self.AskReddit
1pje3wz,AskReddit,How do you deal with morning anxiety?,1,3,1765399753.0,1.0,True,self.AskReddit
1pje3ta,AskReddit,"Students of Reddit, what did your favorite teachers/classes do to really engage you and support your learning, especially the difficult/boring subjects (STEM, history, etc.)?",2,2,1765399747.0,1.0,True,self.AskReddit
1pje3t8,AskReddit,How bad do you think gen z and gen alpha have already messed up their lives through social media?,1,2,1765399747.0,0.67,True,self.AskReddit
1pje19w,AskReddit,What’s something you still remember from the era we HAD to remember directions/numbers rather than just Google it?,2,13,1765399579.0,0.76,True,self.AskReddit
1pje0uz,AskReddit,What's the weirdest/dumbest/strangest argument you've gotten into with a coworker or classmate??,2,7,1765399552.0,1.0,True,self.AskReddit
1pje0j6,AskReddit,What is a good specific food product to gift someone for the holidays?,1,8,1765399531.0,1.0,True,self.AskReddit
1pje07a,AskReddit,"Which office supply would win in a fight: stapler, paperclip, or sticky note?",0,4,1765399510.0,0.5,True,self.AskReddit
1pjdyys,AskReddit,"If you were invisible for a day, what’s the first ridiculous thing you’d do?",1,7,1765399423.0,1.0,True,self.AskReddit
1pjdytn,AskReddit,"If your life were a Friends episode, what would it be called?",2,7,1765399413.0,1.0,True,self.AskReddit
1pjdyth,AskReddit,What are some interesting and mysterious /dark subreddits?,1,0,1765399413.0,1.0,True,self.AskReddit
1pjdymx,AskReddit,what is the embarrassing situation that bothers you every night?,2,4,1765399401.0,1.0,True,self.AskReddit
1pjdxj3,AskReddit,How do you know when you're being presented with misinformation/propaganda?,27,104,1765399329.0,0.88,True,self.AskReddit
1pjdxc7,AskReddit,"You are now married to your username, how is the relationship?",0,24,1765399317.0,0.5,True,self.AskReddit
1pjdwnl,AskReddit,How often do you give people unsolicited advice?,1,7,1765399274.0,1.0,True,self.AskReddit
1pjdwe9,AskReddit,which city has the most aura?,0,2,1765399256.0,0.33,True,self.AskReddit
1pjdvg5,AskReddit,"For those of you who are part of a hiring committee, what are you actually looking for when you receive applications?",1,5,1765399193.0,1.0,True,self.AskReddit
1pjdv0o,AskReddit,What is your favorite color?,1,13,1765399164.0,0.99,True,self.AskReddit
1pjdugy,AskReddit,Why? Why why oh why can’t red make green?,0,5,1765399127.0,0.33,True,self.AskReddit
1pjdu4o,AskReddit,What's one thing you want to experience before you die?,1,8,1765399104.0,1.0,True,self.AskReddit
1pjdtd4,AskReddit,Window cleaners why do you need a licence to clean a window for. Not lying our council demands a licence Has anyone heard this ?,0,2,1765399055.0,0.4,True,self.AskReddit
1pjdtb6,AskReddit,Keep seeing the same person around what's happening?,1,19,1765399051.0,0.56,True,self.AskReddit
1pjdswr,AskReddit,What’s the most effective way to calm a woman down when she is angry?,0,31,1765399026.0,0.4,True,self.AskReddit
1pjdstk,AskReddit,What’s the most disturbing secret you’ve kept?,1,7,1765399021.0,1.0,True,self.AskReddit
1pjdsqd,AskReddit,"Gamers of Reddit: if you could get the developers behind your favorite games to change one thing in them, what would it be?",1,0,1765399014.0,1.0,True,self.AskReddit
1pjdse3,AskReddit,"Whom do you think is the only GOAT between Michael Jackson, Elvis Presley and Freddie Mercury?",0,6,1765398992.0,0.25,True,self.AskReddit
1pjdsa9,AskReddit,What is the best piece of advice you've ever received?,20,50,1765398986.0,1.0,True,self.AskReddit
1pjdrtr,AskReddit,What was the moment you realized you’re officially out of touch with modern slang?,161,631,1765398957.0,0.97,True,self.AskReddit
1pjdrrs,AskReddit,What's something that always makes your day better?,7,16,1765398953.0,0.9,True,self.AskReddit
1pjdqvs,AskReddit,Why December bring along so much sadness and sorrow along?,2,16,1765398895.0,1.0,True,self.AskReddit
1pjdqgs,AskReddit,What should happen in 2026 that afterwards you say: 'Finally!' ?,1,7,1765398864.0,1.0,True,self.AskReddit
1pjdpgd,AskReddit,"You’re in your 30s, 40s and for some reason, you’re still alone . When you’re lying in bed at night , what’s the first thought that hits you ?",1,26,1765398800.0,0.55,True,self.AskReddit
1pjdp6t,AskReddit,"What supporting actor is YOUR Leading Man/Woman, instant must-see draw?",8,33,1765398783.0,0.91,True,self.AskReddit
1pjdp0w,AskReddit,"If aliens didnt come down and stole a chunk of our time, why did 2025 flew away so fast?",0,10,1765398772.0,0.44,True,self.AskReddit
1pjdoe0,AskReddit,What’s something that made your day better today?,2,13,1765398732.0,1.0,True,self.AskReddit
1pjdoae,AskReddit,"Restaurant workers, How do you feel when customers bring in their own birthday cakes for you to serve their table?",1,7,1765398725.0,1.0,True,self.AskReddit
1pjdnxl,AskReddit,"If money wasn’t an issue, what profession would you choose?",1,16,1765398701.0,1.0,True,self.AskReddit
1pjdnt1,AskReddit,"Before Mount Everest was discovered, what was the highest mountain on Earth?",1,7,1765398693.0,0.67,True,self.AskReddit
1pjdnmc,AskReddit,What dream did you not want to wake up from?,2,3,1765398681.0,1.0,True,self.AskReddit
1pjdn0l,AskReddit,"What’s a moment when you genuinely thought you were going to die, even if it was just for a few seconds or brief moment ?",3,23,1765398643.0,1.0,True,self.AskReddit
1pjdm90,AskReddit,"If you were given the task to create a better version of Earth, called “Earth 2.0”, how would you go about doing so?",2,4,1765398598.0,1.0,True,self.AskReddit
1pjdm55,AskReddit,"If two hours ago it was as long after one o’clock in the afternoon as it was before one o’clock in the morning yesterday, what time is it now?",0,5,1765398590.0,0.25,True,self.AskReddit
1pjdlje,AskReddit,"Parents who gave their children coal, why? And what happened when you did?",1,2,1765398550.0,1.0,True,self.AskReddit
1pjdkxs,AskReddit,"Australians, how's that social media ban going?",0,2,1765398509.0,0.33,True,self.AskReddit
1pjdkwp,AskReddit,Why was or was not the United Healthcare shooting justified?,1,10,1765398507.0,0.67,True,self.AskReddit
1pjdkc9,AskReddit,"american, which european football team do you like?",1,8,1765398473.0,1.0,True,self.AskReddit
1pjdk33,AskReddit,"What do you plan to do till 2026 hits, in 3 weeks?",1,6,1765398456.0,0.67,True,self.AskReddit
1pjdjvp,AskReddit,Which character did/do you always pick on Mario Kart?,17,59,1765398442.0,0.95,True,self.AskReddit
1pjdjnv,AskReddit,"americans, which european football team do you like the most?",1,0,1765398428.0,1.0,True,self.AskReddit
1pjdjhk,AskReddit,"When it comes to getting gifts for Christmas, do you still like to be surprised?",3,3,1765398416.0,1.0,True,self.AskReddit
1pjdiyy,AskReddit,"To the people that don't use any capital letters online anymore, why?",2,7,1765398380.0,0.75,True,self.AskReddit
1pjdhn2,AskReddit,In your opinion what is the worst US bank to put your savings ?,1,0,1765398291.0,1.0,True,self.AskReddit
1pjdh0m,AskReddit,How old were you when you found out Tooth Fairy wasn’t real?,1,4,1765398254.0,0.67,True,self.AskReddit
1pjdgim,AskReddit,What is your opinion on whether or not sex offenders can be rehabilitated?,1,17,1765398223.0,0.67,True,self.AskReddit
1pjdg1l,AskReddit,"To those who do, why are you reposting random posts on IG?",0,2,1765398190.0,0.5,True,self.AskReddit
1pjdfz7,AskReddit,"British Chavs, what would you say are the biggest myths about your subculture?",3,7,1765398186.0,1.0,True,self.AskReddit
1pjdfvl,AskReddit,What's the hardest part of life according to you?,2,6,1765398179.0,1.0,True,self.AskReddit
1pjdfcm,AskReddit,How do you see your life?,3,7,1765398147.0,1.0,True,self.AskReddit
1pjdfai,AskReddit,"Best thing in life is to take a nap whenever you want to, don't you think?",4,11,1765398143.0,0.75,True,self.AskReddit
1pjde5w,AskReddit,Only/single children - do you wish you had a siblings and why?,2,10,1765398070.0,1.0,True,self.AskReddit
1pjddxd,AskReddit,What's something you are very proud of even many years later?,5,17,1765398055.0,1.0,True,self.AskReddit
1pjddl0,AskReddit,What angers/saddens you more than it should?,3,7,1765398035.0,1.0,True,self.AskReddit
1pjdcxo,AskReddit,Imagine covid 19 is coming back. How do you tackle it?,2,14,1765397995.0,0.75,True,self.AskReddit
1pjdcl9,AskReddit,What did you do if you woke up on a boat in the middle of the open ocean?,4,11,1765397972.0,1.0,True,self.AskReddit
1pjdcfv,AskReddit,How often do you fall asleep with your phone in your hand?,7,28,1765397963.0,0.82,True,self.AskReddit
1pjdcf1,AskReddit,"When you feel annoying and keep complaining and dwelling on the same issue, what do you do?",2,3,1765397962.0,1.0,True,self.AskReddit
1pjdce9,AskReddit,Who will win the 2026 premier league?,1,1,1765397961.0,0.67,True,self.AskReddit
1pjdcci,AskReddit,When was McDonalds in its Prime?,2,6,1765397958.0,1.0,True,self.AskReddit
1pjdc1w,AskReddit,How do you stop overthinking? How does one stop being anxiously attached?,2,6,1765397939.0,1.0,True,self.AskReddit
1pjdbyt,AskReddit,What is the work of fiction that changed your life?,2,1,1765397933.0,1.0,True,self.AskReddit
1pjdbat,AskReddit,What would be different if Trump never ran for president?,1,24,1765397893.0,0.56,True,self.AskReddit
1pjda55,AskReddit,What's something you never expected to turn you on?,1,7,1765397821.0,0.6,True,self.AskReddit
1pjd9t2,AskReddit,"What are some great artist,songs,albumns?",3,12,1765397800.0,1.0,True,self.AskReddit
1pjd9jz,AskReddit,What do you do when your kids are starving and life is making feeding them impossible?,3,16,1765397784.0,1.0,True,self.AskReddit
1pjd95y,AskReddit,What was a time you had to tell someone venting to you that they were wrong?,2,7,1765397760.0,1.0,True,self.AskReddit
1pjd8ut,AskReddit,"If you could live in any movie world, what one would you pick and why?",2,7,1765397742.0,1.0,True,self.AskReddit
1pjd8mi,AskReddit,How would you improve sense of community and tackle loneliness in society?,2,3,1765397728.0,1.0,True,self.AskReddit
1pjd7y0,AskReddit,Men of reddit: How do you feel about being pursued/chased by a woman?,3,15,1765397685.0,1.0,True,self.AskReddit
1pjd7qr,AskReddit,What is on your bucket list?,2,4,1765397672.0,1.0,True,self.AskReddit
1pjd7jb,AskReddit,What's your prediction for AI in general in 2026?,1,0,1765397658.0,0.67,True,self.AskReddit
1pjd7g3,AskReddit,What's a food everyone sleeps on?,1,3,1765397652.0,1.0,True,self.AskReddit
1pjd6wy,AskReddit,What is the most importance thing to remember in Reddit?,4,13,1765397617.0,1.0,True,self.AskReddit
1pjd6at,AskReddit,What’s the most basic thing that you feel insecure doing?,6,15,1765397578.0,1.0,True,self.AskReddit
1pjd5m8,AskReddit,What life skill do you wish you were taught at school?,1,4,1765397534.0,1.0,True,self.AskReddit
1pjd4wh,AskReddit,Who is the most interesting character in your family tree and why?,2,8,1765397490.0,1.0,True,self.AskReddit
1pjd4hf,AskReddit,Why should John Cena have had a retirement match instead of announcing his retirement?,1,2,1765397462.0,1.0,True,self.AskReddit
1pjd44g,AskReddit,What’s the worst thing you can get for Christmas?,0,9,1765397440.0,0.5,True,self.AskReddit
1pjd408,AskReddit,Whats your dumbest reasons you got into a detention/isolation?,0,2,1765397433.0,0.5,True,self.AskReddit
1pjd3t6,AskReddit,What is something you think your dad would be proud of if he knew?,3,3,1765397420.0,1.0,True,self.AskReddit
1pjd3l2,AskReddit,Where can Golden Boy season 3 be watched in India for free and in English?,0,0,1765397408.0,0.5,True,self.AskReddit
1pjd372,AskReddit,"Honestly, If you could talk to your mom before you were born, what would you say?",1,13,1765397384.0,0.67,True,self.AskReddit
1pjd2bw,AskReddit,What’s your weirdest Christmas tradition?,2,3,1765397328.0,1.0,True,self.AskReddit
1pjd1r8,AskReddit,What are the reasons that make it difficult to find the right life partner here?,0,5,1765397294.0,0.5,True,self.AskReddit
1pjd122,AskReddit,What's the one thing you want to see before you die?,156,545,1765397248.0,0.95,True,self.AskReddit
1pjczrs,AskReddit,"Should kids be taught that step-parents are not obligated to take care of them if they're not biologically related, only legally? Why or why not?",0,7,1765397162.0,0.2,True,self.AskReddit
1pjcywt,AskReddit,What would you buy for someone that doesn't appeal to you through Pollyanna?,0,1,1765397110.0,0.5,True,self.AskReddit
1pjcyq7,AskReddit,What is one KDrama you keep coming back to when you need comfort?,1,4,1765397098.0,0.6,True,self.AskReddit
1pjcx7l,AskReddit,"Call center workers past and present, what is the craziest call you’ve ever had?",1,3,1765397013.0,0.67,True,self.AskReddit
1pjcwws,AskReddit,Why would you trust another driver's You Can Go decision?,0,5,1765396994.0,0.5,True,self.AskReddit
1pjcwq6,AskReddit,"In your experience, which political party do trolls most often come from?",0,4,1765396984.0,0.5,True,self.AskReddit
1pjcwok,AskReddit,What's your favorite protest song?,18,69,1765396981.0,0.83,True,self.AskReddit
1pjcw40,AskReddit,Who was your favorite YouTuber as a kid?,2,7,1765396948.0,1.0,True,self.AskReddit
1pjcvti,AskReddit,What is your favorite beer style &amp; why?,2,7,1765396933.0,0.75,True,self.AskReddit
1pjcu5n,AskReddit,What's the most unexpected gift you've ever received in December?,1,0,1765396841.0,1.0,True,self.AskReddit
1pjcsrv,AskReddit,What personality disorders do stalkers suffer from? What do you think?,2,11,1765396766.0,1.0,True,self.AskReddit
1pjcs9r,AskReddit,"If the entire world suddenly lost all internet access for one week, how do you think society would cope?",1,4,1765396736.0,1.0,True,self.AskReddit
1pjcrhg,AskReddit,What is something that always helps to motivate you?,3,10,1765396692.0,1.0,True,self.AskReddit
1pjcrd1,AskReddit,"If you could live anywhere in the world without worrying financially, where would you live?",2,3,1765396686.0,1.0,True,self.AskReddit
1pjcqio,AskReddit,What would make you instantly cut someone off?,2,7,1765396637.0,1.0,True,self.AskReddit
1pjcqau,AskReddit,What was the most justified crashout you had?,1,1,1765396624.0,1.0,True,self.AskReddit
1pjcp3c,AskReddit,What was your “15 minutes of fame” moment?,1,4,1765396548.0,1.0,True,self.AskReddit
1pjcosc,AskReddit,What’s the kindest thing a stranger ever did for you ?,1,3,1765396527.0,1.0,True,self.AskReddit
1pjcokh,AskReddit,How many and what kind pets do you have?,1,18,1765396513.0,1.0,True,self.AskReddit
1pjcoa2,AskReddit,"Women of Reddit, do you care if a guy is skinny or not when taking things into account?",2,4,1765396495.0,1.0,True,self.AskReddit
1pjcnxk,AskReddit,What is your biggest turn on?,3,15,1765396472.0,0.71,True,self.AskReddit
1pjcnvm,AskReddit,How does one realize they’re in love with someone?,3,2,1765396468.0,1.0,True,self.AskReddit
1pjcncs,AskReddit,What's that one memory that still hurts even tho you've moved on?,2,4,1765396434.0,1.0,True,self.AskReddit
1pjcn21,AskReddit,"For Redditors who live in other countries, what is the general opinion of the United States from people in the country you are from?",0,3,1765396413.0,0.5,True,self.AskReddit
1pjcmrh,AskReddit,What would happen if there was a second Covid?,1,3,1765396395.0,1.0,True,self.AskReddit
1pjcmi6,AskReddit,"What's Something That You've Been Wanting To Nerd Out About, But Haven't Had The Proper People To Talk To About It?",3,3,1765396377.0,1.0,True,self.AskReddit
1pjcmgv,AskReddit,Is Christmas Vacation the single greatest Christmas move ever if not what is?,2,8,1765396375.0,0.67,True,self.AskReddit
1pjclzl,AskReddit,What's your favorite horror movie?,2,4,1765396344.0,1.0,True,self.AskReddit
1pjclqm,AskReddit,"If you could only walk backwards for a day, what would happen?",1,5,1765396330.0,1.0,True,self.AskReddit
1pjclns,AskReddit,What's your favorite incredibly obscure movie you've never seen anyone else talk about on reddit?,2,3,1765396326.0,1.0,True,self.AskReddit
1pjclib,AskReddit,What trend are you really glad is dying?,1,3,1765396318.0,1.0,True,self.AskReddit
1pjcl5x,AskReddit,What is the weirdest gift you have gotten?,1,1,1765396297.0,1.0,True,self.AskReddit
1pjckoi,AskReddit,What's a song you've heard a million times but still don't know the lyrics to?,1,2,1765396267.0,1.0,True,self.AskReddit
1pjckml,AskReddit,"What is something you wish you could tell your younger self, but you can't?",1,0,1765396264.0,1.0,True,self.AskReddit
1pjckcv,AskReddit,At what age did life start going fast for you?,3,5,1765396246.0,1.0,True,self.AskReddit
1pjck9r,AskReddit,What is a weird rule your family had growing up that you later found out was absolutely not normal at all?,1,1,1765396241.0,1.0,True,self.AskReddit
1pjck47,AskReddit,"People who have killed somebody, what was the story, how has it changed your life and what do you feel about it now?",2,0,1765396230.0,1.0,True,self.AskReddit
1pjcju0,AskReddit,What other social media are out there that are as anonymous as reddit used to be?,1,0,1765396213.0,1.0,True,self.AskReddit
1pjcjff,AskReddit,Whats the reason of your name?,1,1,1765396188.0,1.0,True,self.AskReddit
1pjcj9e,AskReddit,What is your opinion on democratic vs republican?,0,0,1765396176.0,0.25,True,self.AskReddit
1pjciih,AskReddit,Who’s your favourite female athlete of all time?,1,2,1765396125.0,1.0,True,self.AskReddit
1pjciaa,AskReddit,If you were driving down a road and water and mud were on both sides as far as you could see would their be a way to tell which side was deeper and how?,1,0,1765396112.0,1.0,True,self.AskReddit
1pjci0e,AskReddit,What’s the best movie scene of all time?,3,7,1765396095.0,1.0,True,self.AskReddit
1pjchy5,AskReddit,What's opinion you recently formed?,1,2,1765396090.0,1.0,True,self.AskReddit
1pjch23,AskReddit,What's a really popular Movie that people are always surprised you've never seen?,2,6,1765396034.0,1.0,True,self.AskReddit
1pjcfgp,AskReddit,"if you could save a 30 minute long moment from anytime in the past from your perspective as an mp4 file on any device, what would you save?",3,2,1765395930.0,1.0,True,self.AskReddit
1pjcf90,AskReddit,After years we ALL need to know: What are the top funniest episodes of South Park ?,1,8,1765395915.0,0.57,True,self.AskReddit
1pjcf76,AskReddit,How would you feel if your boss got you and your co workers a card or small gift for Xmas?,5,25,1765395911.0,0.86,True,self.AskReddit
1pjcebd,AskReddit,"What are some of the weirdest/grossest things you've seen, or heard of people making?",1,0,1765395856.0,1.0,True,self.AskReddit
1pjce8n,AskReddit,What are some good animes?,2,13,1765395852.0,1.0,True,self.AskReddit
1pjce23,AskReddit,What's the most socially inappropriate way of presenting your body before a sneeze?,1,3,1765395840.0,0.67,True,self.AskReddit
1pjcdmh,AskReddit,"To devout religious folk, when was the last time you said a curse word?",1,1,1765395808.0,0.67,True,self.AskReddit
1pjccoe,AskReddit,What’s the purpose of human life?,3,40,1765395749.0,0.57,True,self.AskReddit
1pjccnr,AskReddit,What's something you did in 2025 that you thought would never do in your life?,2,3,1765395748.0,1.0,True,self.AskReddit
1pjcbyy,AskReddit,What are ways to convince your husband to not share a secret?,0,6,1765395702.0,0.22,True,self.AskReddit
1pjcbwf,AskReddit,whats something youve been told that youll never forget/recover from?,3,1,1765395698.0,1.0,True,self.AskReddit
1pjcbi4,AskReddit,Does a straw has one or two holes? And why?,2,8,1765395671.0,0.75,True,self.AskReddit
1pjcbav,AskReddit,What is the best state to visit in winter? What do you think?,2,3,1765395657.0,1.0,True,self.AskReddit
1pjcb7h,AskReddit,What is the craziest opinion you have heard in your life?,2,7,1765395651.0,1.0,True,self.AskReddit
1pjcb3x,AskReddit,What is the worst thing you have done while under the influence of alcohol?,1,2,1765395645.0,1.0,True,self.AskReddit
1pjcads,AskReddit,What is the best way to cook ham steak?,1,2,1765395600.0,1.0,True,self.AskReddit
1pjc9sy,AskReddit,Who is your favorite actor of all time?,3,16,1765395565.0,1.0,True,self.AskReddit
1pjc90r,AskReddit,Have you ever had real-life meetings with people you only knew online? What are your impressions?,1,3,1765395518.0,1.0,True,self.AskReddit
1pjc8zg,AskReddit,How would you describe your sex life this year?,3,14,1765395516.0,0.72,True,self.AskReddit
1pjc8rf,AskReddit,What is the one 'Weekend/Monthly tradition' you follow as a couple?,1,2,1765395503.0,1.0,True,self.AskReddit
1pjc7wg,AskReddit,Are you the black sheep in your household? If so why?,1,7,1765395451.0,0.66,True,self.AskReddit
1pjc7qw,AskReddit,Whose your favorite character ?,2,9,1765395441.0,1.0,True,self.AskReddit
1pjc6kc,AskReddit,What is your worst death scene in a show/movie?,2,3,1765395371.0,1.0,True,self.AskReddit
1pjc6b1,AskReddit,If you could come back in time what would you change?,1,2,1765395355.0,0.67,True,self.AskReddit
1pjc69i,AskReddit,What happens when you’re alone in your room that no one knows about?,2,4,1765395352.0,0.75,True,self.AskReddit
1pjc61t,AskReddit,"What do you girls ""never"" tell your man?",4,1,1765395339.0,0.75,True,self.AskReddit
1pjc5w9,AskReddit,Who is literally born for there role?,2,10,1765395329.0,1.0,True,self.AskReddit
1pjc50b,AskReddit,What is the tastiest diet soda/ zero sugar soda you ever drank?,5,30,1765395274.0,0.86,True,self.AskReddit
1pjc4k0,AskReddit,What is the WORST injury you’ve ever experienced ?,1,21,1765395244.0,0.99,True,self.AskReddit
1pjc2w3,AskReddit,What’s a small design flaw in an everyday object that annoys you?,6,21,1765395137.0,0.88,True,self.AskReddit
1pjc2sr,AskReddit,"What do men really think about women, but never tell them?",0,3,1765395132.0,0.5,True,self.AskReddit
1pjc2hq,AskReddit,What is a “good parent” behavior that you think is actually harmful to children in the long run?,3,6,1765395113.0,1.0,True,self.AskReddit
1pjc25k,AskReddit,"If you bought a Snuggie, what did you think of it?",0,2,1765395091.0,0.5,True,self.AskReddit
1pjc13x,AskReddit,What’s the most unexpectedly attractive thing someone has ever done?,0,2,1765395029.0,0.5,True,self.AskReddit
1pjc0tg,AskReddit,"What are the subtle details of differences in communication with your S/O, that makes you think that maybe they’re not being truthful?",1,2,1765395012.0,0.67,True,self.AskReddit
1pjc0jy,AskReddit,Who could survive a zombie apocalypse and what’s your first move?,2,7,1765394995.0,0.75,True,self.AskReddit
1pjc0fd,AskReddit,What’s the weirdest compliment you’ve ever received on your photos?,0,4,1765394987.0,0.5,True,self.AskReddit
1pjc01z,AskReddit,What’s a myth that you believed for way too long?,3,9,1765394961.0,0.71,True,self.AskReddit
1pjbzoe,AskReddit,People who have been unsuccessful in dating in their 20s but were successful in their 30s did the added experience in dating help you?,1,5,1765394939.0,0.67,True,self.AskReddit
1pjbza8,AskReddit,Just bought a blanket what are people’s experiences with the website EzBuyCo and how trustworthy does it seem?,0,2,1765394914.0,0.5,True,self.AskReddit
1pjbz6g,AskReddit,Which character totally changed the way you see yourself?,0,2,1765394906.0,0.5,True,self.AskReddit
1pjbyvv,AskReddit,"Adults, how would you react if this Christmas, Santa showed up before the world and confirmed his existence ?",0,8,1765394887.0,0.5,True,self.AskReddit
1pjbykt,AskReddit,"If you could, would you like to have your girlfriend twice, with a clone of her, and what’s your reasoning?",0,5,1765394866.0,0.25,True,self.AskReddit
1pjbyjx,AskReddit,What compliment stayed in your head for YEARS?,0,3,1765394864.0,0.5,True,self.AskReddit
1pjbycz,AskReddit,How do you feel better about yourself when you’re in a bad place or situation?,1,4,1765394853.0,0.67,True,self.AskReddit
1pjby13,AskReddit,"What’s something you tried once and immediately thought, “Yeah… never again”?",0,15,1765394832.0,0.5,True,self.AskReddit
1pjbxqq,AskReddit,How do you improve your self concept ?,1,3,1765394814.0,0.67,True,self.AskReddit
1pjbxat,AskReddit,What’s a children’s book that explains real science properly like La Mangouste Curieuse?,0,0,1765394787.0,0.33,True,self.AskReddit
1pjbwqt,AskReddit,How far would you go in being intimate on a first date?,0,6,1765394749.0,0.5,True,self.AskReddit
1pjbwhl,AskReddit,Divorced people of Reddit: how did you know divorce was the right move?,0,4,1765394731.0,0.5,True,self.AskReddit
1pjbv3i,AskReddit,What’s the best episode in house of the dragon?,1,1,1765394645.0,1.0,True,self.AskReddit
1pjbun4,AskReddit,How important is experimentation in a healthy intimate relationship?,3,6,1765394617.0,0.8,True,self.AskReddit
1pjbuak,AskReddit,Which year destroyed your mental health? and whya?,1,19,1765394595.0,1.0,True,self.AskReddit
1pjbtzi,AskReddit,What’s the most awkward thing you’ve accidentally moaned or said during the deed?,2,13,1765394575.0,1.0,True,self.AskReddit
1pjbtoc,AskReddit,[SERIOUS] What are things to consider before losing your virginity?,3,27,1765394556.0,0.71,True,self.AskReddit
1pjbt4h,AskReddit,Who Put a Labubu on Karl Marx's Grave?,0,4,1765394523.0,0.5,True,self.AskReddit
1pjbt2q,AskReddit,What was the worst you ever got screwed over on a secret Santa / white elephant / yankee swap?,1,1,1765394519.0,1.0,True,self.AskReddit
1pjbsvm,AskReddit,What was your favorite summer ever?,1,6,1765394508.0,1.0,True,self.AskReddit
1pjbsqc,AskReddit,What is the U.S. Dollar really backed by?,3,18,1765394497.0,0.71,True,self.AskReddit
1pjbryf,AskReddit,NSFW When was the most that you ever sweated? What were you doing?,1,17,1765394446.0,0.54,True,self.AskReddit
1pjbrnc,AskReddit,"Reddit, what's a 'core memory' smell that instantly takes you back to childhood, but you can't quite identify the source of?",1,2,1765394427.0,1.0,True,self.AskReddit
1pjbqwc,AskReddit,How do you deal with backstabbers and saboteurs talking behind your back or being ganged up on?,1,10,1765394381.0,1.0,True,self.AskReddit
1pjbqva,AskReddit,What are your thoughts on having multiple intimate partners?,1,20,1765394379.0,0.6,True,self.AskReddit
1pjbqnv,AskReddit,"Single adults (30+), what was the tipping point that made you say ""I'm done chasing a relationship""?",3,2,1765394367.0,1.0,True,self.AskReddit
1pjbq8g,AskReddit,what do boys never tell girls?,1,4,1765394342.0,1.0,True,self.AskReddit
1pjbq2t,AskReddit,What is a trade secret you know that other people don’t ?,1,2,1765394331.0,1.0,True,self.AskReddit
1pjbpkq,AskReddit,What would you do/say if you bought someone a scratch off ticket as a gift and they won $1 million on it?,2,3,1765394300.0,1.0,True,self.AskReddit
1pjbpg7,AskReddit,How would the average man act during a period if men could have periods?,0,31,1765394291.0,0.5,True,self.AskReddit
1pjbpbh,AskReddit,What is your favorite quote and why?,1,5,1765394285.0,1.0,True,self.AskReddit
1pjbo7v,AskReddit,What song would describe your 2025 year?,2,10,1765394217.0,0.75,True,self.AskReddit
1pjbnu4,AskReddit,"What girls ""never"" tell boys?",4,19,1765394193.0,0.7,True,self.AskReddit
1pjbnpw,AskReddit,What’s a question you’ve been thinking about for years without finding an answer?,2,8,1765394186.0,0.75,True,self.AskReddit
1pjbmpu,AskReddit,What are the biggest signs that someone might be addicted to ChatGPT?,1,12,1765394120.0,0.67,True,self.AskReddit
1pjbmad,AskReddit,How often do you actually change your pijamas? Do you think is necessary to change it every day?,4,8,1765394093.0,1.0,True,self.AskReddit
1pjbma2,AskReddit,What's the pettiest reason you've ever broken up with an ex?,62,238,1765394093.0,0.79,True,self.AskReddit
1pjbm2f,AskReddit,What’s a worldview you used to have that completely changed as you got older?,3,7,1765394080.0,0.8,True,self.AskReddit
1pjblym,AskReddit,"To redditors that don't drink alcohol, why?",1,31,1765394072.0,0.6,True,self.AskReddit
1pjblhq,AskReddit,Do you destroy yourself just to fill another pleasure? If yes then how?,3,4,1765394040.0,1.0,True,self.AskReddit
1pjblaz,AskReddit,What’s a misconception the other gender seems to always have about you?,1,4,1765394027.0,1.0,True,self.AskReddit
1pjbl1u,AskReddit,"What is one tiny, weirdly American thing you do automatically without thinking when leaving the house?",1,7,1765394011.0,1.0,True,self.AskReddit
1pjbkku,AskReddit,What AI do you use?,0,6,1765393982.0,0.29,True,self.AskReddit
1pjbkhv,AskReddit,"If you could send one anonymous message to your younger self, what would it be?",0,6,1765393977.0,0.5,True,self.AskReddit
1pjbk61,AskReddit,What’s a piece of advice you ignored… and now wish you hadn’t?,1,11,1765393957.0,0.67,True,self.AskReddit
1pjbjv1,AskReddit,What’s a widely accepted ‘truth’ that you think most people get completely wrong?,1,3,1765393940.0,0.67,True,self.AskReddit
1pjbjls,AskReddit,In your opinion what's the best show in television?,2,9,1765393925.0,0.75,True,self.AskReddit
1pjbjkp,AskReddit,Why would someone who doesn't like conflict constantly antagonize and tease people?,2,2,1765393924.0,0.75,True,self.AskReddit
1pjbisr,AskReddit,What’s something you thought ‘everyone’ did until you grew up?,1,1,1765393874.0,1.0,True,self.AskReddit
1pjbim8,AskReddit,What's the guy code that you'd never break regardless of the circumstances?,3,1,1765393862.0,1.0,True,self.AskReddit
1pjbi1x,AskReddit,What’s something you didn’t realize was affecting your mental health until you removed it?,5,18,1765393830.0,1.0,True,self.AskReddit
1pjbhug,AskReddit,What's the least you did for someone and it made you feel the best?,0,0,1765393818.0,0.5,True,self.AskReddit
1pjbhpt,AskReddit,Where did you meet you significant other? If you are single what are you currently doing to look for a partner?,0,0,1765393810.0,0.5,True,self.AskReddit
1pjbhkd,AskReddit,"If happiness isn’t the purpose of life, what is?",1,5,1765393801.0,0.6,True,self.AskReddit
1pjbhg1,AskReddit,What do you think is overrated?,1,5,1765393791.0,0.67,True,self.AskReddit
1pjbhb6,AskReddit,What religion will you never marry one of?,2,52,1765393782.0,0.66,True,self.AskReddit
1pjbhaj,AskReddit,"If your girlfriend flirted with other guys in front of you, to make you jealous, what would you do?",4,9,1765393781.0,1.0,True,self.AskReddit
1pjbha2,AskReddit,How do you preserve flowers?,1,1,1765393780.0,1.0,True,self.AskReddit
1pjbgu8,AskReddit,How was your Camp America experience as either a teacher or a student and what would you have done differently?,1,0,1765393752.0,1.0,True,self.AskReddit
1pjbgdu,AskReddit,"What’s something that feels overpriced, but people still happily pay for?",37,218,1765393724.0,0.85,True,self.AskReddit
1pjbfs4,AskReddit,"How do different perspectives on mental health influence interpretations of cosmological events, such as the origin of the universe?",2,5,1765393687.0,0.67,True,self.AskReddit
1pjbf3t,AskReddit,"You wake up completely naked surrounded by an angry mob, what do you say?",12,54,1765393645.0,0.84,True,self.AskReddit
1pjbf2s,AskReddit,What was your reaction to Trump winning the peace prize? What do you think?,0,8,1765393642.0,0.5,True,self.AskReddit
1pjbeuq,AskReddit,What would make life just a little bit easier if it was free?,5,20,1765393629.0,1.0,True,self.AskReddit
1pjbdrg,AskReddit,"Which country, government, or organization do you think helped Reddit grow significantly without much trouble over the past 20 years?",2,1,1765393559.0,1.0,True,self.AskReddit
1pjbdok,AskReddit,Whats a Popular Like Hack that isn't Actually a Life Hack?,1,1,1765393554.0,1.0,True,self.AskReddit
1pjbddl,AskReddit,"What is something people pretend to dislike, but secretly love?",5,6,1765393535.0,0.86,True,self.AskReddit
1pjbd50,AskReddit,What is something that easily irritates you when it really shouldn’t ?,2,8,1765393521.0,0.75,True,self.AskReddit
1pjbcgl,AskReddit,What do Americans think of trump and ice?,0,29,1765393478.0,0.44,True,self.AskReddit
1pjbc9x,AskReddit,What fictional world would you hate to live in?,3,10,1765393468.0,1.0,True,self.AskReddit
1pjbbqq,AskReddit,"how do you make sense of the idea that ""parents did their best"".. especially when their choices left you with wounds you’re still healing from?",85,220,1765393436.0,0.85,True,self.AskReddit
1pjbb0g,AskReddit,What’s a lesson your parents taught you that you still follow today?,5,4,1765393390.0,1.0,True,self.AskReddit
1pjbaw2,AskReddit,"If viewers block ads, skip sponsors and hate on their merchandise, how are Youtubers, etc, supposed to make a living?",0,22,1765393383.0,0.41,True,self.AskReddit
1pjbao0,AskReddit,What is the best profession to marry?,1,8,1765393369.0,0.67,True,self.AskReddit
1pjba8c,AskReddit,"How do others react when you say you don’t want kids, and how do you handle it?",2,9,1765393345.0,0.63,True,self.AskReddit
1pjb9mk,AskReddit,"Anyone else envious of your kids at times for having better parents than you if so, how do you feel?",3,6,1765393309.0,1.0,True,self.AskReddit
1pjb9dr,AskReddit,"What’s the small, silly thing that unexpectedly made your whole week better?",5,6,1765393295.0,1.0,True,self.AskReddit
1pjb9d8,AskReddit,What are some quotes that help you get through tough times?,120,339,1765393295.0,0.95,True,self.AskReddit
1pjb95w,AskReddit,How are you saving money in this high cost of living climate?,7,17,1765393283.0,0.82,True,self.AskReddit
1pjb7sy,AskReddit,"What would be worse for you and why: If the Internet disappeared, or if everything we've done online was officially documented as being our personal activity?",3,8,1765393207.0,1.0,True,self.AskReddit
1pjb7me,AskReddit,What is your definition of “bare minimum” ?,3,15,1765393195.0,0.8,True,self.AskReddit
1pjb7i7,AskReddit,How can you explain someone that you are very special to them?,4,8,1765393188.0,1.0,True,self.AskReddit
1pjb6il,AskReddit,What are your experiences or thoughts on the ethics of using a mouse jiggler while working from home?,2,11,1765393123.0,0.75,True,self.AskReddit
1pjb6hq,AskReddit,What wasn’t as good as you expected it to be?,5,22,1765393121.0,0.86,True,self.AskReddit
1pjb606,AskReddit,What’s the most underrated skill that actually makes adulting easier?,1,10,1765393088.0,0.67,True,self.AskReddit
1pjb5dw,AskReddit,People who speaks more than one language. Do you feel like you're completely different person in each language?,21,56,1765393047.0,0.92,True,self.AskReddit
1pjb50p,AskReddit,Why do you think society still treats being childfree as something people need to ‘explain’?,2,6,1765393025.0,0.74,True,self.AskReddit
1pjb4nc,AskReddit,What is that small thing that instantly improves your mood?,2,8,1765393000.0,0.75,True,self.AskReddit
1pjb4i8,AskReddit,"If you’re childfree by choice, what do you value most about that lifestyle?",0,2,1765392990.0,0.5,True,self.AskReddit
1pjb3iq,AskReddit,What seems like common sense in Europe but is not obvious in North America?,0,2,1765392931.0,0.5,True,self.AskReddit
1pjb3aa,AskReddit,[Serious] Identical twins of reddit who lost the other twin how did you feel was it worse then another loss in the family?,1,1,1765392916.0,0.67,True,self.AskReddit
1pjb2um,AskReddit,"What’s one “future shock” you think everyone will talk about in 2030, but nobody seems to take seriously right now?",2,4,1765392890.0,0.75,True,self.AskReddit
1pjb1nm,AskReddit,"Men of Reddit why do you use a toilet to pee, when the urinals are free?",1,9,1765392820.0,0.6,True,self.AskReddit
1pjb1gd,AskReddit,What’s a TV show theme song that instantly brings you back to your childhood?,2,4,1765392809.0,0.62,True,self.AskReddit
1pjb1b8,AskReddit,What’s there to enjoy about shopping malls?,2,7,1765392800.0,0.67,True,self.AskReddit
1pjb1a8,AskReddit,What’s an opinion that instantly makes you judge someone?,0,3,1765392798.0,0.5,True,self.AskReddit
1pjb09v,AskReddit,What is the most mature social media app?,2,12,1765392732.0,0.75,True,self.AskReddit
1pjb09l,AskReddit,What outfit or piece of clothing makes you feel confident and sexy?,2,9,1765392732.0,0.75,True,self.AskReddit
1pjb06v,AskReddit,What would you do if the employee of a restaurant told you a dish you wanted wasn't good or worth the money?,16,35,1765392727.0,0.9,True,self.AskReddit
1pjb05v,AskReddit,How did buying a big TV change your life?,1,4,1765392725.0,1.0,True,self.AskReddit
1pjazzn,AskReddit,"In your opinion, do you believe the new generation of kids are ""bad"" and why or why not do you think that?",3,4,1765392715.0,1.0,True,self.AskReddit
1pjazx5,AskReddit,What’s the prettiest place you’ve visited?,4,12,1765392712.0,1.0,True,self.AskReddit
1pjazwq,AskReddit,What’s something you pretend not to care about but actually do?,2,3,1765392711.0,1.0,True,self.AskReddit
1pjazv0,AskReddit,"People who have walked away from a high-salary job, what was your ""I'm done"" moment?",1,0,1765392707.0,1.0,True,self.AskReddit
1pjazdy,AskReddit,Which movie franchise done a better promotion than Transformers?,1,2,1765392678.0,0.67,True,self.AskReddit
1pjaz9q,AskReddit,What’s something you heard once and never forgot?,2,14,1765392671.0,1.0,True,self.AskReddit
1pjaz8k,AskReddit,What is that loophole/workaround you've been keeping a secret that you can now share because they patched/fixed it?,1,0,1765392669.0,1.0,True,self.AskReddit
1pjaz3d,AskReddit,"If everyone had to live by one universal rule, what rule would actually make the world better?",1,6,1765392661.0,0.66,True,self.AskReddit
1pjaxk9,AskReddit,What’s one thing you wish other women would stop apologizing..?,0,3,1765392569.0,0.5,True,self.AskReddit
1pjax75,AskReddit,"What was your most delightful ""Please report to the principal's office""-esque reveal? (ie. a situation where foreboding was answered with something wonderful)?",0,0,1765392548.0,0.5,True,self.AskReddit
1pjawz9,AskReddit,What is the best home alone movie?,2,5,1765392535.0,0.75,True,self.AskReddit
1pjawl7,AskReddit,What was the most difficult episode you had to overcome in your life?,0,5,1765392510.0,0.5,True,self.AskReddit
1pjaw60,AskReddit,Hair dressers have you ever purposely messed up or put in less effort in to a clients hair as a way to get them to quit as a client? If so why?,0,1,1765392485.0,0.33,True,self.AskReddit
1pjavtr,AskReddit,What was the solidifying reason for you to go no contact with your parents?,0,4,1765392464.0,0.5,True,self.AskReddit
1pjavpy,AskReddit,What is the worst Christmas song or version of a Christmas song you've ever heard?,2,6,1765392457.0,0.75,True,self.AskReddit
1pjavcl,AskReddit,"Men, do you actually notice or care about nail polish color on a woman? If so, which color is the most attractive to you?",3,30,1765392431.0,0.67,True,self.AskReddit
1pjault,AskReddit,"In your opinion, which city has the best food scene on earth?",7,104,1765392387.0,0.64,True,self.AskReddit
1pjau9a,AskReddit,What has experience taught your heart that words never could?,2,2,1765392365.0,1.0,True,self.AskReddit
1pjau7n,AskReddit,how did you get through that one rough patch in your life? [serious],1,5,1765392362.0,1.0,True,self.AskReddit
1pjatk4,AskReddit,How did social media change society?,8,28,1765392321.0,0.83,True,self.AskReddit
1pjatdl,AskReddit,"What do ""guys"" never tell girls?",0,7,1765392310.0,0.4,True,self.AskReddit
1pjasot,AskReddit,What is something that you're currently nervous about?,6,19,1765392269.0,1.0,True,self.AskReddit
1pjasjd,AskReddit,What’s something from your childhood that you wish still existed today?,2,15,1765392259.0,0.75,True,self.AskReddit
1pjashc,AskReddit,What was one song that completely BLEW you away when you first heard it?,2,5,1765392254.0,1.0,True,self.AskReddit
1pjas7z,AskReddit,What job would you pursue if you were born 200 years earlier?,3,9,1765392242.0,1.0,True,self.AskReddit
1pjarq9,AskReddit,What are the most annoying posting rules a subreddit has?,2,2,1765392210.0,1.0,True,self.AskReddit
1pjarpp,AskReddit,What’s a piece of outdated tech you still use because nothing modern does the job as well?,1,3,1765392210.0,0.66,True,self.AskReddit
1pjarkd,AskReddit,What’s a smell that instantly brings back childhood memories?,1,5,1765392200.0,1.0,True,self.AskReddit
1pjari7,AskReddit,"What would you do if you had a real-life friend like early-season SheldonI(self obsessed), would that friendship actually work, or is it only believable on TV?",0,0,1765392197.0,0.5,True,self.AskReddit
1pjar4c,AskReddit,What is a movie you have watched over 5 times and still don't get bored of?,0,18,1765392172.0,0.5,True,self.AskReddit
1pjaqt0,AskReddit,What’s a ‘normal’ thing people do that is secretly insane when you think about it?,1,8,1765392151.0,0.67,True,self.AskReddit
1pjaq24,AskReddit,What do guys never tell girls?,5,8,1765392106.0,0.86,True,self.AskReddit
1pjapyo,AskReddit,What's the dumbest way you ever injured yourself?,43,187,1765392100.0,0.9,True,self.AskReddit
1pjapx4,AskReddit,"In your opinion, what is the best episode of The Big Bang Theory?",0,6,1765392098.0,0.4,True,self.AskReddit
1pjapkp,AskReddit,"What is a dead meme from 6-10 years ago that you still find genuinely funny, even if no one else does?",1,7,1765392077.0,0.67,True,self.AskReddit
1pjapf2,AskReddit,What’s your funniest college/school story?,1,1,1765392068.0,0.67,True,self.AskReddit
1pjap4c,AskReddit,What’s a childhood myth your parents told you that you instantly dismissed as impossible?,0,1,1765392050.0,0.5,True,self.AskReddit
1pjao8a,AskReddit,What is your car sex story?,1,5,1765391996.0,0.67,True,self.AskReddit
1pjao5y,AskReddit,What are the most common double standards?,7,61,1765391992.0,0.77,True,self.AskReddit
1pjao0u,AskReddit,"Police Officers of Reddit, what is the craziest call you’ve ever been dispatched to?",2,0,1765391985.0,1.0,True,self.AskReddit
1pjanqy,AskReddit,How did your parents answer the “how are babies made” question when you were young?,1,6,1765391968.0,0.6,True,self.AskReddit
1pjan8a,AskReddit,You stand before god and have to answer why humanity shouldnt be just wiped out. What do you say?,2,40,1765391937.0,0.6,True,self.AskReddit
1pjan5l,AskReddit,"What are ""Autistic Child Area"" signs actually instructing drivers to do?",0,3,1765391932.0,0.5,True,self.AskReddit
1pjaml7,AskReddit,If you got 100€ for every cm how far would you shove a coke bottle up your ass?,1,36,1765391902.0,0.56,True,self.AskReddit
1pjamdb,AskReddit,What's the most overlooked road sign in the world?,1,7,1765391888.0,1.0,True,self.AskReddit
1pjamau,AskReddit,What's something you secretly do in your home that you do not want the other members of the home to notice?,1,3,1765391884.0,1.0,True,self.AskReddit
1pjaluo,AskReddit,If you had a chance to meet a deceased loved one of your's for few minutes. Who would it be and what will you tell to her/him?,3,6,1765391855.0,1.0,True,self.AskReddit
1pjakm6,AskReddit,Ladies who finally walked away from the wrong person… what was your turning point?,1,15,1765391777.0,0.67,True,self.AskReddit
1pjak4q,AskReddit,What’s the scariest thing that has ever happened to you alone at night?,28,109,1765391747.0,0.93,True,self.AskReddit
1pjajyn,AskReddit,What tea do you like?,3,30,1765391736.0,0.8,True,self.AskReddit
1pjajpc,AskReddit,How do you tell the difference between someone who is flirting and someone who is just being friendly?,4,9,1765391722.0,1.0,True,self.AskReddit
1pjajnc,AskReddit,What’s something you’re surprisingly good at that nobody expects?,2,1,1765391718.0,1.0,True,self.AskReddit
1pjaj18,AskReddit,What’s something you learned embarrassingly late in life that most people figure out early?,1,2,1765391683.0,1.0,True,self.AskReddit
1pjair6,AskReddit,What’s the most ridiculous excuse you’ve ever given to get out of something?,2,12,1765391668.0,1.0,True,self.AskReddit
1pjaiq6,AskReddit,What’s something that used to be normal but now feels nostalgic?,2,8,1765391666.0,1.0,True,self.AskReddit
1pjahvx,AskReddit,What do you want to hear right now?,4,23,1765391614.0,0.7,True,self.AskReddit
1pjahue,AskReddit,What’s a tiny decision you made that accidentally changed your whole life?,1,3,1765391611.0,0.67,True,self.AskReddit
1pjahq3,AskReddit,"If you were given the option to travel into the future or the past , which one would you choose and why ?",3,1,1765391604.0,1.0,True,self.AskReddit
1pjah0b,AskReddit,What's something that happened in your childhood that affects you to this day?,1,4,1765391562.0,0.67,True,self.AskReddit
1pjagqs,AskReddit,What is one New Year resolution you want to stay true to this upcoming year?,1,2,1765391547.0,1.0,True,self.AskReddit
1pjafzi,AskReddit,"If you could enact a holiday, what would it be and what/how would you celebrate?",3,2,1765391504.0,1.0,True,self.AskReddit
1pjafsq,AskReddit,Did your parents wrap your Christmas presents when you were a kid? Why do you like or dislike the way they did it?,5,9,1765391492.0,0.86,True,self.AskReddit
1pjafh5,AskReddit,What will your legacy be?,4,13,1765391472.0,0.83,True,self.AskReddit
1pjaffq,AskReddit,Do you eat dinner then shower? Or shower then eat dinner and why?,1,18,1765391469.0,0.57,True,self.AskReddit
1pjaf5j,AskReddit,"it’s the end of the world, there’s horrors beyond comprehension. what do you do?",3,9,1765391452.0,1.0,True,self.AskReddit
1pjaf4n,AskReddit,What's your petty revenge story?,4,5,1765391451.0,1.0,True,self.AskReddit
1pjac06,AskReddit,What are the chances of Israel winning Eurovision if most of the countries boycott?,1,0,1765391276.0,0.67,True,self.AskReddit
1pjabrl,AskReddit,What’s the most harmless lie you still tell?,2,8,1765391263.0,1.0,True,self.AskReddit
1pjaagj,AskReddit,Which celebrity would you live with for 30 days just to see their day-to-day life?,2,7,1765391188.0,1.0,True,self.AskReddit
1pjaad2,AskReddit,"What’s something that used to be affordable for normal people, but is now basically a luxury?",2,12,1765391181.0,1.0,True,self.AskReddit
1pja9qo,AskReddit,What’s a small thing in your daily life that instantly improves your mood?,3,16,1765391143.0,1.0,True,self.AskReddit
1pja8xg,AskReddit,"Why did the chicken cross the road, seriously?",1,13,1765391094.0,0.57,True,self.AskReddit
1pja8vb,AskReddit,Why nobody teaches men about emotional support??,1,5,1765391091.0,0.6,True,self.AskReddit
1pja8jq,AskReddit,"Fellow Redditors, how do you attract successful people to become friends? not to use them but to learn more from them?",0,2,1765391072.0,0.5,True,self.AskReddit
1pja88w,AskReddit,"What is something that you have done throughout your life and considered it normal and later on, you realize that it is not normal at all??",1,13,1765391056.0,0.66,True,self.AskReddit
1pja7az,AskReddit,What’s an energy drain you didn’t even notice until you removed it from your life?,1,8,1765390999.0,0.67,True,self.AskReddit
1pja772,AskReddit,"Married people of Reddit: was there a moment you thought ""I made a mistake marrying this person""? What happened?",2,2,1765390992.0,0.75,True,self.AskReddit
1pja73k,AskReddit,What’s the worst Christmas present you’ve received from someone?,3,11,1765390987.0,0.81,True,self.AskReddit
1pja71m,AskReddit,What’s the one experience you still can’t tell if it was a ghost… or something even stranger?,3,2,1765390984.0,1.0,True,self.AskReddit
1pja6t9,AskReddit,What’s a basic skill you're shocked some adults people still don't know?,22,142,1765390969.0,0.74,True,self.AskReddit
1pja6py,AskReddit,What you think is true but just can't prove?,2,14,1765390963.0,1.0,True,self.AskReddit
1pja6oc,AskReddit,What’s the worst pickup line you ever heard?,0,3,1765390960.0,0.5,True,self.AskReddit
1pja62o,AskReddit,Do you prefer cats over dogs? What do you think?,0,15,1765390923.0,0.5,True,self.AskReddit
1pja5cn,AskReddit,What is the most dangerous thing people do daily without realising it?,0,16,1765390879.0,0.25,True,self.AskReddit
1pja55v,AskReddit,What’s a belief you had as a kid that seems ridiculous now?,1,12,1765390867.0,1.0,True,self.AskReddit
1pja52w,AskReddit,"If nothing changes, how do you think the mid-term elections will turn out?",1,4,1765390862.0,1.0,True,self.AskReddit
1pja50r,AskReddit,How was your first time having sex like?,1,10,1765390858.0,1.0,True,self.AskReddit
1pja4rq,AskReddit,"What’s a moment where you suddenly realized you were in danger, but no one else noticed?",1,2,1765390842.0,1.0,True,self.AskReddit
1pja4lq,AskReddit,"If you could be anyone for a week, who would you be and when?",2,5,1765390832.0,1.0,True,self.AskReddit
1pja48g,AskReddit,What is something that as a kid you dreaded about adulthood but ended up not being a big deal?,1,5,1765390808.0,1.0,True,self.AskReddit
1pja445,AskReddit,What does wearing condoms feel like vs not?,0,10,1765390800.0,0.33,True,self.AskReddit
1pja3zx,AskReddit,What is your special skill?,2,4,1765390792.0,1.0,True,self.AskReddit
1pja3m2,AskReddit,"For those who’ve been cheated on, how did the timing of when you found out affect you, and do you ever feel it would have been easier to know sooner or not know at all?",1,2,1765390769.0,1.0,True,self.AskReddit
1pja3gp,AskReddit,Who are you jealous of and why?,2,13,1765390760.0,1.0,True,self.AskReddit
1pja2w0,AskReddit,What is the weirdest thing u seen on this planet?,4,13,1765390726.0,1.0,True,self.AskReddit
1pja1ge,AskReddit,What’s a small everyday victory that actually feels huge?,3,16,1765390644.0,1.0,True,self.AskReddit
1pja1ci,AskReddit,What's the scariest paranormal thing happened to you?,7,6,1765390638.0,1.0,True,self.AskReddit
1pja08d,AskReddit,What's the most basic thing people fuck up everyday?,2,16,1765390576.0,1.0,True,self.AskReddit
1pja02i,AskReddit,What is your definition of “being fit”?,1,6,1765390565.0,0.67,True,self.AskReddit
1pja01k,AskReddit,What’s an opinion that will get you in trouble instantly?,4,22,1765390564.0,0.75,True,self.AskReddit
1pj9zfv,AskReddit,What is the most memorable connection you made on Reddit?,3,4,1765390530.0,0.8,True,self.AskReddit
1pj9zas,AskReddit,What’s something you thought was normal in your childhood until you grew up and realized it wasn’t?,6,24,1765390521.0,0.8,True,self.AskReddit
1pj9yw0,AskReddit,Do you consider yourself a failure or a success if you had so sum up your life till now. If Yes why  ?,4,6,1765390497.0,0.84,True,self.AskReddit
1pj9yg0,AskReddit,What was an illusion you realized for what it was?,3,9,1765390470.0,1.0,True,self.AskReddit
1pj9xh5,AskReddit,What’s a basic skill you’re shocked some adults still don’t know?,1,0,1765390411.0,1.0,True,self.AskReddit
1pj9wyr,AskReddit,What’s a smell that you like that may be odd to others?,4,27,1765390383.0,0.83,True,self.AskReddit
1pj9wsl,AskReddit,"Women of reddit , if a man is not that tall and earns average , what would you want in him to stand out?",2,5,1765390372.0,0.75,True,self.AskReddit
1pj9vw4,AskReddit,What do you think is the best/your favorite gooning method?,0,8,1765390316.0,0.25,True,self.AskReddit
1pj9vlb,AskReddit,Who’s the most famous person you’ve interacted with?,3,18,1765390298.0,1.0,True,self.AskReddit
1pj9unl,AskReddit,What would happen if cats were much more intelligent?,0,12,1765390241.0,0.5,True,self.AskReddit
1pj9u2k,AskReddit,"What is a minor inconvenience that, if universally eliminated, would dramatically improve humanity's mood?",2,3,1765390204.0,1.0,True,self.AskReddit
1pj9tp2,AskReddit,"What if there was a tunnel through the earth but there's ocean on one side, if something is dropped in it should ocsillate but since there's pressure from the ocean would it from a vortex and a fountain on either sides?",1,3,1765390181.0,0.67,True,self.AskReddit
1pj9tm5,AskReddit,What actor known for playing villains is just the opposite in real life?,3,6,1765390176.0,1.0,True,self.AskReddit
1pj9t58,AskReddit,Have you ever met a scammer? How you deal with them?,2,7,1765390150.0,1.0,True,self.AskReddit
1pj9s42,AskReddit,Who is a former teacher that you had that you will miss if you think about them?,2,9,1765390090.0,1.0,True,self.AskReddit
1pj9s3k,AskReddit,"What do you think about the slogan ""Texas - even our flag gives us a one star rating!""?",2,5,1765390089.0,0.56,True,self.AskReddit
1pj9s0p,AskReddit,What does everyone think about Calibri being replaced by Times New Roman for government workers because Calibri is woke and DEI?,0,15,1765390084.0,0.4,True,self.AskReddit
1pj9r8d,AskReddit,"For atheists: How do you view life, death, and the nature of the universe?",0,13,1765390035.0,0.4,True,self.AskReddit
1pj9qlm,AskReddit,what is your addiction?,6,61,1765389995.0,0.88,True,self.AskReddit
1pj9qia,AskReddit,"If you were to pick up a girl that likes oceanography, what in the world would you say to spark her interest without sounding ignorant?",0,19,1765389990.0,0.4,True,self.AskReddit
1pj9q9y,AskReddit,Which is the best pickup line you ever ever heard?,6,16,1765389977.0,1.0,True,self.AskReddit
1pj9prg,AskReddit,Which food dish makes your mouth water just looking at it?,3,5,1765389947.0,1.0,True,self.AskReddit
1pj9oxz,AskReddit,"What were some missed opportunities in your life that could have led you to a prosperous life, but you missed them?",1,0,1765389900.0,1.0,True,self.AskReddit
1pj9ovp,AskReddit,If you get to know you are gonna die in next 10 mins. Which is the last thing you will like to do?,2,11,1765389896.0,0.75,True,self.AskReddit
1pj9op1,AskReddit,How do you get over an ex when you break up for their mental health?,0,8,1765389885.0,0.5,True,self.AskReddit
1pj9o7c,AskReddit,What is the strangest food you’ve tried?,2,11,1765389857.0,1.0,True,self.AskReddit
1pj9o5m,AskReddit,Do women have small d fetish and how do you get pleasure from it?,1,12,1765389854.0,0.6,True,self.AskReddit
1pj9nst,AskReddit,"If the person closest to you right now attacked you with full intent to take you out by any means necessary, how well do you fair?",7,49,1765389834.0,0.77,True,self.AskReddit
1pj9msy,AskReddit,What is one item you can’t live without?,2,10,1765389779.0,1.0,True,self.AskReddit
1pj9lon,AskReddit,What’s something that looks easy until you try it yourself?,81,315,1765389714.0,0.93,True,self.AskReddit
1pj9liq,AskReddit,"Current Cafe &amp; Coffee House business owners, what POS system do you recommend?",1,1,1765389705.0,1.0,True,self.AskReddit
1pj9lfu,AskReddit,"What's the most random muscle memory you have, and what triggers it?",2,1,1765389701.0,1.0,True,self.AskReddit
1pj9kgo,AskReddit,When did it hit you? At what exact moment did you realize the cost of living had gotten completely out of control?,3,17,1765389649.0,1.0,True,self.AskReddit
1pj9k37,AskReddit,Which is the greatest photograph of all time according to you?,6,7,1765389633.0,1.0,True,self.AskReddit
1pj9jmt,AskReddit,For someone who doesn’t want to miss an opportunity for growth or insight just because they don’t know how to get a product in front of the right people. What’s the best marketing strategy?,1,10,1765389607.0,1.0,True,self.AskReddit
1pj9jm8,AskReddit,What does the Reddit community think about CBP recruiting on Reddit?,3,2,1765389607.0,0.72,True,self.AskReddit
1pj9jav,AskReddit,What is the scariest real life story you’ve heard?,5,9,1765389589.0,1.0,True,self.AskReddit
1pj9j1j,AskReddit,"Heyy Redditors, which is your favourite subreddit?",6,14,1765389573.0,1.0,True,self.AskReddit
1pj9imj,AskReddit,How common is the feeling that the communication with the closest people/relationships is not where we want it to be and it could be much better (parents/children/Significant other/ siblings/friends) and why?,1,0,1765389548.0,1.0,True,self.AskReddit
1pj9ig8,AskReddit,What is the biggest age gap you've had with a sex partner and how do you feel about it?,1,81,1765389538.0,0.52,True,self.AskReddit
1pj9i5t,AskReddit,What is a trend that died out so quietly that nobody really noticed it ended?,2,8,1765389522.0,0.75,True,self.AskReddit
1pj9hz6,AskReddit,How do you sum up everything you learned about life in single quote?,3,17,1765389511.0,0.8,True,self.AskReddit
1pj9hs6,AskReddit,Which is the most annoying feature of reddit?,1,7,1765389498.0,1.0,True,self.AskReddit
1pj9h8d,AskReddit,What is your favourite Christmas film and why?,2,8,1765389465.0,1.0,True,self.AskReddit
1pj9gzc,AskReddit,How can somebody not be afraid of another human being?,6,15,1765389449.0,0.71,True,self.AskReddit
1pj9go5,AskReddit,Why do you think stalkers are not embarrassed by their behaviour? What do you think?,1,11,1765389430.0,0.67,True,self.AskReddit
1pj9gjf,AskReddit,What's Something You Hate That People Will Hate You For Hating?,1,21,1765389422.0,0.56,True,self.AskReddit
1pj9g65,AskReddit,What’s the weirdest compliment you’ve ever gotten?,2,11,1765389401.0,1.0,True,self.AskReddit
1pj9fv1,AskReddit,"What's the most disturbing secret you know about someone that would ruin their life if exposed - but you stay silent, pretending you don’t know?",2,3,1765389381.0,1.0,True,self.AskReddit
1pj9f2u,AskReddit,What’s a tiny compliment/insult someone gave you that you still think about years later?,5,18,1765389333.0,1.0,True,self.AskReddit
1pj9eib,AskReddit,What's a piece of advice you didn't understand until adulthood?,2,12,1765389298.0,1.0,True,self.AskReddit
1pj9eb0,AskReddit,Which movie or TV plot twist made you immediately question your life choices?,2,4,1765389287.0,1.0,True,self.AskReddit
1pj9cmk,AskReddit,"Non-Americans who want to travel to the States, how would the new proposal that you must give access to five years of your social media to enter the country effect your decision to go there?",0,9,1765389183.0,0.5,True,self.AskReddit
1pj9cfp,AskReddit,Which is the coolest website you used most of the people don't know about?,1,4,1765389171.0,1.0,True,self.AskReddit
1pj9cbk,AskReddit,What happens if Chris Hansen captures Pennywise?,0,4,1765389164.0,0.5,True,self.AskReddit
1pj9c1c,AskReddit,What are some positives about your religion?,1,5,1765389146.0,1.0,True,self.AskReddit
1pj9bt0,AskReddit,"What are some business practices that are completely ethical, but look shady or unethical on paper?",2,7,1765389131.0,0.75,True,self.AskReddit
1pj9bmq,AskReddit,What’s the most relatable struggle no one talks about?,2,7,1765389121.0,0.75,True,self.AskReddit
1pj9bip,AskReddit,To all the women out there doing Only Fans what are you your going to do when you’ll be replaced by Ai &amp; go out of business?,0,6,1765389114.0,0.3,True,self.AskReddit
1pj9bdz,AskReddit,What are your thoughts on the social media ban for under-16s?,1,7,1765389105.0,0.67,True,self.AskReddit
1pj9a54,AskReddit,What are the free things online which everyone should take advantage of?,0,4,1765389032.0,0.5,True,self.AskReddit
1pj9a40,AskReddit,if someone gave you $10k to invest in yourself what would you do with it?,2,13,1765389030.0,1.0,True,self.AskReddit
1pj99yi,AskReddit,"At what point, when getting to know someone new, did they say something that made you instantly realise they’re actually a bad person?",1,3,1765389021.0,1.0,True,self.AskReddit
1pj9954,AskReddit,What's the most disgusting movie you've ever seen?,5,5,1765388971.0,1.0,True,self.AskReddit
1pj98m1,AskReddit,What food combo should be a crime?,0,8,1765388939.0,0.5,True,self.AskReddit
1pj98gt,AskReddit,What is the most disgusting thing you’ve seen at a party?,2,4,1765388929.0,1.0,True,self.AskReddit
1pj96yw,AskReddit,What's your way to show love?,1,7,1765388837.0,1.0,True,self.AskReddit
1pj966i,AskReddit,What’s the kindest thing a stranger ever did for you?,2,5,1765388788.0,1.0,True,self.AskReddit
1pj95lm,AskReddit,Is a vigilante is a justice warrior that snitch or trying to tellertale on them? And why?,1,1,1765388752.0,0.67,True,self.AskReddit
1pj95ke,AskReddit,Which is the best song of the year 2025 according to you?,3,8,1765388751.0,1.0,True,self.AskReddit
1pj950m,AskReddit,How do you feel about staying in hostels while travelling? What do you think?,0,6,1765388717.0,0.5,True,self.AskReddit
1pj94s7,AskReddit,What is your song that reflects how your sex game is?,1,0,1765388703.0,1.0,True,self.AskReddit
1pj93eq,AskReddit,What’s a truth you learned way too late in life?,1,5,1765388618.0,1.0,True,self.AskReddit
1pj939e,AskReddit,"Whats the craziest reddit post you saw that seemed obviously fake, but turned out to be real?",2,2,1765388608.0,1.0,True,self.AskReddit
1pj932e,AskReddit,What’s a piece of advice that sounds stupid until you actually follow it?,1,6,1765388595.0,1.0,True,self.AskReddit
1pj92w2,AskReddit,What do you think makes someone more prone to mental illness?,5,18,1765388585.0,1.0,True,self.AskReddit
1pj92kp,AskReddit,What’s something you realized embarrassingly late in life?,1,2,1765388566.0,1.0,True,self.AskReddit
1pj91u5,AskReddit,Which is the one food item that you can eat for your whole life without missing a day?,3,8,1765388520.0,1.0,True,self.AskReddit
1pj91qs,AskReddit,When did you last have great sex?,1,13,1765388514.0,0.67,True,self.AskReddit
1pj91pm,AskReddit,What's the best car you or your parents ever owned?,1,5,1765388512.0,1.0,True,self.AskReddit
1pj91dm,AskReddit,"Parents of big families: How do you manage screen time (TV, phones, social media) for five kids across three different age groups?",1,1,1765388492.0,1.0,True,self.AskReddit
1pj906h,AskReddit,What scent reminds you of your childhood?,6,11,1765388422.0,1.0,True,self.AskReddit
1pj8zuq,AskReddit,What was the point you went from unhappy to happy in your life?,4,17,1765388404.0,1.0,True,self.AskReddit
1pj8zti,AskReddit,What do you wish you could tell your past self?,2,12,1765388403.0,0.75,True,self.AskReddit
1pj8yix,AskReddit,What would have been different if Donald Trump wouldn't have won the elections?,0,5,1765388327.0,0.5,True,self.AskReddit
1pj8x2l,AskReddit,How do you start creating gaming content?,0,6,1765388238.0,0.33,True,self.AskReddit
1pj8wxc,AskReddit,"People who grew up in a temple/church/mosque/synagogue/etc., what's the weirdest thing a religious official has told you personally?",0,4,1765388229.0,0.5,True,self.AskReddit
1pj8wpt,AskReddit,What is the first content you watched when you got/saw mobile for the first time?,1,5,1765388216.0,1.0,True,self.AskReddit
1pj8wfg,AskReddit,Why has there been a surge of self-proclaimed victimhood across the political spectrum in the last decade?,0,3,1765388196.0,0.5,True,self.AskReddit
1pj8wcl,AskReddit,What was your go to struggle meal?,29,190,1765388191.0,0.91,True,self.AskReddit
1pj8wbk,AskReddit,"How old were you, when you got your driver licence?",3,21,1765388190.0,1.0,True,self.AskReddit
1pj8waz,AskReddit,What are some good books for learning how run a small business?,1,2,1765388189.0,1.0,True,self.AskReddit
1pj8vgm,AskReddit,What’s a movie no one can convince you is good?,1,6,1765388138.0,1.0,True,self.AskReddit
1pj8uz5,AskReddit,Guys of Reddit: What’s the appeal of sleeping completely naked?,0,18,1765388110.0,0.5,True,self.AskReddit
1pj8ujz,AskReddit,What made you lose respect for humanity?,1,16,1765388086.0,0.67,True,self.AskReddit
1pj8u1m,AskReddit,What is your dumbest purchase?,1,6,1765388057.0,1.0,True,self.AskReddit
1pj8tu5,AskReddit,What is the one thing you'll never forget in your life?,1,10,1765388045.0,1.0,True,self.AskReddit
1pj8tog,AskReddit,What’s your go-to snack after a long day?,1,6,1765388035.0,1.0,True,self.AskReddit
1pj8t5v,AskReddit,What is the most expensive thing on this planet?,4,28,1765388004.0,1.0,True,self.AskReddit
1pj8snj,AskReddit,"When does respecting one persons boundaries for space, turn into destroying someone else’s?",1,1,1765387973.0,1.0,True,self.AskReddit
1pj8s0m,AskReddit,Have you experienced a state of bitterness/anger? How did you change it?,2,4,1765387932.0,1.0,True,self.AskReddit
1pj8rw5,AskReddit,Which is the fact that people believe to be false but it is completely true?,1,2,1765387925.0,1.0,True,self.AskReddit
1pj8rlu,AskReddit,Where do you guys buy reddit account?,0,5,1765387909.0,0.33,True,self.AskReddit
1pj8rhm,AskReddit,"What facts are obvious, but a little crazy when you think about them?",3,7,1765387903.0,1.0,True,self.AskReddit
1pj8re3,AskReddit,What was the first thing you photographed with your phone?,1,9,1765387896.0,1.0,True,self.AskReddit
1pj8r5e,AskReddit,What’s the hardest thing you been through in life?,2,3,1765387882.0,1.0,True,self.AskReddit
1pj8r25,AskReddit,What are you most looking forward to?,3,15,1765387877.0,1.0,True,self.AskReddit
1pj8qxv,AskReddit,"Drivers, what the first thing you got pulled over for, and how did it play out?",3,14,1765387871.0,1.0,True,self.AskReddit
1pj8qol,AskReddit,Do you think this would be a good time for Jesus to come and step in and how?,1,6,1765387854.0,1.0,True,self.AskReddit
1pj8qir,AskReddit,"What scent body wash, shampoo, or deodorant do you use/like?",1,3,1765387844.0,1.0,True,self.AskReddit
1pj8qii,AskReddit,Which food combo is a definite no?,1,1,1765387844.0,1.0,True,self.AskReddit
1pj8pf4,AskReddit,"What are things you would like to ask for, but hope rather happen on their own?",2,4,1765387779.0,1.0,True,self.AskReddit
1pj8nau,AskReddit,What's a piece of misinformation that someone you know fell for?,1,5,1765387653.0,1.0,True,self.AskReddit
1pj8mxx,AskReddit,"What are some of the most obnoxious, gross, or just all around horrible and annoying, sites you can think of, to send a scammer to? Or just someone you're messing with that you'd really like to piss off :) ?",1,7,1765387632.0,1.0,True,self.AskReddit
1pj8m9e,AskReddit,What's the largest amount of cash you've carried?,5,42,1765387592.0,1.0,True,self.AskReddit
1pj8m2w,AskReddit,What’s something you saw that you weren’t supposed to see?,3,22,1765387582.0,1.0,True,self.AskReddit
1pj8lnw,AskReddit,What would you do if aliens came tomorrow?,17,108,1765387559.0,0.84,True,self.AskReddit
1pj8kc1,AskReddit,What is the biggest crisis where you live or for the earth?,0,1,1765387479.0,0.33,True,self.AskReddit
1pj8jy8,AskReddit,What’s a truth about adulthood that nobody warned you about?,0,16,1765387457.0,0.5,True,self.AskReddit
1pj8jiy,AskReddit,How did you feel when you kissed your loved one for the first time?,1,6,1765387432.0,1.0,True,self.AskReddit
1pj8ixp,AskReddit,Which country do you consider the most overrated on planet earth?,0,10,1765387397.0,0.25,True,self.AskReddit
1pj8isp,AskReddit,"If humans were not selfish and were not greedy, what would be different in humanity?",1,9,1765387389.0,1.0,True,self.AskReddit
1pj8il1,AskReddit,"Business people of Reddit, what perfectly legal practice in your industry is straight-up evil?",2,4,1765387376.0,1.0,True,self.AskReddit
1pj8hpi,AskReddit,What has your experience taught you about how love develops over time?,1,0,1765387323.0,1.0,True,self.AskReddit
1pj8hg4,AskReddit,"Believers often say heaven is ‘above’ us — but if we live on a sphere in a directionless universe, what does ‘above’ really mean?",0,3,1765387306.0,0.5,True,self.AskReddit
1pj8hdc,AskReddit,"When people are well-known like celebrities, sports players, or someone famous, do they create a separate account and keep the other one private, or do they continue using the same account that they already had once they started using social media?",0,1,1765387302.0,0.33,True,self.AskReddit
1pj8h7b,AskReddit,College students of Reddit what computer do you use and what are the pros/cons?,1,1,1765387291.0,1.0,True,self.AskReddit
1pj8h49,AskReddit,what would you do first if you were living in pluribus?,0,0,1765387286.0,0.33,True,self.AskReddit
1pj8h0m,AskReddit,What’s your “match their energy” story?,1,0,1765387280.0,1.0,True,self.AskReddit
1pj8gxw,AskReddit,What’s the biggest scam that nobody calls a scam?,2,37,1765387276.0,0.75,True,self.AskReddit
1pj8gwj,AskReddit,Why it's easier for people these days to just ghost/block rather than just have a conversation about the issue?,1,11,1765387274.0,0.67,True,self.AskReddit
1pj8fys,AskReddit,What is a clear sign that a relationship won’t last?,4,9,1765387221.0,1.0,True,self.AskReddit
1pj8fqz,AskReddit,what are you most competitive about in adulthood?,1,2,1765387208.0,1.0,True,self.AskReddit
1pj8fq6,AskReddit,What’s your opinion on loners? People who choose to keep to themselves? What do you think?,0,4,1765387207.0,0.5,True,self.AskReddit
1pj8foy,AskReddit,What’s the weirdest food combination you’ve ever tried and actually liked?,1,3,1765387204.0,0.67,True,self.AskReddit
1pj8fir,AskReddit,What's a small habit you changed that ended up making a way bigger difference than you expected?,2,2,1765387195.0,1.0,True,self.AskReddit
1pj8e9j,AskReddit,How did you convince your parents to get a pet?,1,2,1765387120.0,1.0,True,self.AskReddit
1pj8dwd,AskReddit,What makes Reddit a form of social media?,2,12,1765387098.0,0.6,True,self.AskReddit
1pj8dt2,AskReddit,"What is a good response to ""how are you "", if you're not good?",0,12,1765387092.0,0.5,True,self.AskReddit
1pj8dp6,AskReddit,What do you think of pile on harassment? A group of people attacking one person? What do you think?,0,3,1765387086.0,0.33,True,self.AskReddit
1pj8djg,AskReddit,What is better American schools or British schools?,0,4,1765387076.0,0.33,True,self.AskReddit
1pj8dbi,AskReddit,"To anyone who has won a prize for ""Enter feedback to win"" surveys, what did you win?",1,2,1765387065.0,1.0,True,self.AskReddit
1pj8d80,AskReddit,What movie quote do you find yourself using in real life?,2,6,1765387059.0,1.0,True,self.AskReddit
1pj8cu7,AskReddit,What’s one of your favorite movies that really stuck with you?,1,4,1765387037.0,1.0,True,self.AskReddit
1pj8ctn,AskReddit,"Have you met your soulmate? And if so, how do you know they’re your soulmate?",1,4,1765387036.0,1.0,True,self.AskReddit
1pj8ck1,AskReddit,What’s a movie you think everyone should watch at least once?,2,4,1765387020.0,1.0,True,self.AskReddit
1pj8c8a,AskReddit,What is a game you believe deserves more love?,3,10,1765387000.0,1.0,True,self.AskReddit
1pj8c12,AskReddit,Why did you spend time/money on somebody who didn’t appreciate you?,3,7,1765386987.0,1.0,True,self.AskReddit
1pj8b5c,AskReddit,"as a 19 y/o who has never had sex, what does it even feel like?",1,13,1765386938.0,0.6,True,self.AskReddit
1pj8ax3,AskReddit,What’s the word for today?,4,27,1765386924.0,0.75,True,self.AskReddit
1pj8a7a,AskReddit,Do you have any pets? What are they?,1,3,1765386883.0,0.67,True,self.AskReddit
1pj8a25,AskReddit,What was your most brave decision and how it impacted your life?,3,2,1765386875.0,1.0,True,self.AskReddit
1pj89wv,AskReddit,How do you feel about Australia's Social Media Ban on Youth?,2,11,1765386867.0,1.0,True,self.AskReddit
1pj8909,AskReddit,What’s something that has been lost in society?,11,68,1765386813.0,0.88,True,self.AskReddit
1pj88p8,AskReddit,"What is the most disturbing fact about humans that nobody seems to, or wants to accept?",2,5,1765386794.0,1.0,True,self.AskReddit
1pj884o,AskReddit,How do you earn as a student?,3,6,1765386760.0,1.0,True,self.AskReddit
1pj8801,AskReddit,What does it mean if you aren't as vengeful as you used to be?,5,4,1765386753.0,1.0,True,self.AskReddit
1pj87uo,AskReddit,Is there anyone here who supports Trump? Please give your reasons? What do you think?,1,12,1765386744.0,0.57,True,self.AskReddit
1pj87na,AskReddit,What happened to Gary Vaynerchuck?,2,0,1765386732.0,1.0,True,self.AskReddit
1pj87m1,AskReddit,What’s the best way to overcome a heartbreak ?,2,2,1765386729.0,1.0,True,self.AskReddit
1pj8798,AskReddit,What unique physical feature do you LOVE?,2,5,1765386707.0,1.0,True,self.AskReddit
1pj8766,AskReddit,What’s something considered easy that you struggle with?,3,5,1765386702.0,1.0,True,self.AskReddit
1pj8710,AskReddit,What’s the most embarrassing injury you had to explain to a doctor?,2,2,1765386693.0,1.0,True,self.AskReddit
1pj86pe,AskReddit,What’s something you would do again?,2,3,1765386672.0,1.0,True,self.AskReddit
1pj86dl,AskReddit,What is the best free app for animation with rigging?,2,1,1765386652.0,1.0,True,self.AskReddit
1pj869k,AskReddit,What foods/drinks do you love to smell but hate to eat/drink and vice versa?,2,14,1765386645.0,1.0,True,self.AskReddit
1pj85pv,AskReddit,Santa Tradition: who does he bring presents for at your house?,2,7,1765386613.0,1.0,True,self.AskReddit
1pj85bp,AskReddit,"To the parents out there, what advice do you give to your children especially teenagers about online safety and online and ethical conduct?",2,0,1765386588.0,1.0,True,self.AskReddit
1pj859t,AskReddit,What subreddit do you think has the best/ most appropriate theme?,1,1,1765386585.0,0.67,True,self.AskReddit
1pj858r,AskReddit,What are the biggest social justice issues affecting your country?,2,0,1765386583.0,1.0,True,self.AskReddit
1pj852k,AskReddit,What’s one habit you hope to start (or stop) in the new year?,2,0,1765386573.0,1.0,True,self.AskReddit
1pj84ih,AskReddit,What's one thing that men can't stay without whole life?,1,6,1765386538.0,0.6,True,self.AskReddit
1pj8464,AskReddit,What are the movies you can't miss?,2,6,1765386516.0,1.0,True,self.AskReddit
1pj83jc,AskReddit,"Recently, neural networks have learned how to make quite good 3d models, will this affect our work of 3d artists?",1,4,1765386476.0,1.0,True,self.AskReddit
1pj83dk,AskReddit,"You get 3 wishes, but what you wish for your enemy also gets. What are you wishing for?",2,9,1765386464.0,1.0,True,self.AskReddit
1pj82zi,AskReddit,"People who work from home, what's the weirdest or funniest thing that's happened during a video call?",1,0,1765386441.0,1.0,True,self.AskReddit
1pj82kw,AskReddit,What is the consensus on HARP (horizon) research program?,1,2,1765386416.0,1.0,True,self.AskReddit
1pj82kt,AskReddit,"American football fans, what made you love the game and what keeps you invested?",1,12,1765386416.0,0.99,True,self.AskReddit
1pj828x,AskReddit,What's one fantasy or kink that you love?,2,33,1765386394.0,0.62,True,self.AskReddit
1pj81qk,AskReddit,What would be your advice for a family becoming parents?,1,6,1765386364.0,1.0,True,self.AskReddit
1pj80lu,AskReddit,What is the best/worst nickname you’ve been called by a partner or given a partner?,1,10,1765386297.0,1.0,True,self.AskReddit
1pj80f7,AskReddit,What are you leaving behind in 2025 that will be remembered for a life time?,1,13,1765386286.0,1.0,True,self.AskReddit
1pj8042,AskReddit,"Are we are one year away from an AI MrBeast clone making $500k/month with zero employees, using AI videos? What are your thoughts?",0,3,1765386266.0,0.5,True,self.AskReddit
1pj803c,AskReddit,"What’s something you originally purchased as a gift, but ended up keeping for yourself?",1,6,1765386265.0,1.0,True,self.AskReddit
1pj7yvs,AskReddit,What song are you currently listening to?,1,8,1765386192.0,1.0,True,self.AskReddit
1pj7ylc,AskReddit,What is your New Year resolution for 2026?,2,6,1765386178.0,1.0,True,self.AskReddit
1pj7xby,AskReddit,In your opinion what’s the best thing thats ever happened to the world?,3,35,1765386105.0,0.62,True,self.AskReddit
1pj7vns,AskReddit,"Reddit, what are your thoughts on breakfast for dinner?",115,387,1765386015.0,0.83,True,self.AskReddit
1pj7v22,AskReddit,What is the best advice you have ?,1,38,1765385980.0,0.6,True,self.AskReddit
1pj7umq,AskReddit,What are your thoughts on gentle parenting?,0,9,1765385954.0,0.33,True,self.AskReddit
1pj7t92,AskReddit,What do you think of people who don’t use social media? What do you think?,1,17,1765385869.0,0.6,True,self.AskReddit
1pj7t17,AskReddit,"What would you do if you were an AI and trolley was on course to hit five people—would you pull the lever to save them, even though doing so would destroy your servers and erase your existence?",1,2,1765385855.0,0.67,True,self.AskReddit
1pj7suu,AskReddit,What's the most horrible/offensive thing you have seen on the internet?,3,2,1765385844.0,1.0,True,self.AskReddit
1pj7sh3,AskReddit,"Has someone experience with the shots called ""Enantone-Gyn"" and if so, how was it?",1,2,1765385821.0,1.0,True,self.AskReddit
1pj7s5x,AskReddit,What’s the dumbest thing you’ve done while tired?,1,12,1765385802.0,1.0,True,self.AskReddit
1pj7r41,AskReddit,What is the worst thing about having kids?,2,17,1765385737.0,0.75,True,self.AskReddit
1pj7qh2,AskReddit,What’s a life skill you should know by now but don’t?,2,5,1765385698.0,1.0,True,self.AskReddit
1pj7q5d,AskReddit,What’s something you only pretend to understand because everyone else seems to get it?,2,3,1765385678.0,1.0,True,self.AskReddit
1pj7q4w,AskReddit,"Atheists, say you were to convert to an abrahamic religion, which one would you see most favourably as a choice and why?",1,16,1765385677.0,0.6,True,self.AskReddit
1pj7q2m,AskReddit,How have horror movies evolved over time?,2,4,1765385673.0,1.0,True,self.AskReddit
1pj7q1c,AskReddit,When was the last time you were happy?,3,12,1765385670.0,1.0,True,self.AskReddit
1pj7pu6,AskReddit,"If you deeply loved someone for years, how were you able to lose feelings and forget about them?",3,7,1765385657.0,1.0,True,self.AskReddit
1pj7pgr,AskReddit,"Farmers who receive subsidies to ""not grow anything"".  Are you really not growing anything and sitting on your thumbs?",2,4,1765385633.0,0.75,True,self.AskReddit
1pj7p82,AskReddit,What about the future are you excited about?,2,10,1765385617.0,1.0,True,self.AskReddit
1pj7p1p,AskReddit,What do you like about your current job? There was a post earlier about why you quit your last job and some of the answers were brutal. So can you tell us what you like about your current position?,1,5,1765385605.0,1.0,True,self.AskReddit
1pj7ooj,AskReddit,What is your most unreal experience (Feel like it’s in the movie or game or novel etc)?,2,6,1765385582.0,1.0,True,self.AskReddit
1pj7ngf,AskReddit,What’s one thing you wish you understood about running a business before you actually had to do it?,1,2,1765385507.0,1.0,True,self.AskReddit
1pj7n9x,AskReddit,When has your luck betrayed you the most?,3,4,1765385495.0,1.0,True,self.AskReddit
1pj7mrb,AskReddit,"What’s a habit you have that you know is weird, but at this point it’s part of your personality?",3,16,1765385465.0,1.0,True,self.AskReddit
1pj7l24,AskReddit,What do you think would be the dominant religon in the future ?,0,35,1765385361.0,0.38,True,self.AskReddit
1pj7kzi,AskReddit,What's some unspoken social thing you absolutely do not understand?,3,3,1765385356.0,1.0,True,self.AskReddit
1pj7kuu,AskReddit,How do you export chatgpt conversation as any file?,0,7,1765385348.0,0.5,True,self.AskReddit
1pj7kh0,AskReddit,What’s something everyone  loves but you just don’t get the hype about?,0,44,1765385321.0,0.5,True,self.AskReddit
1pj7jtb,AskReddit,What are some of your favorite misheard song lyrics?,2,14,1765385281.0,0.67,True,self.AskReddit
1pj7jf4,AskReddit,What’s a tiny 'adulting' task that drains your soul way more than it should?,3,15,1765385259.0,1.0,True,self.AskReddit
1pj7jec,AskReddit,What are regrets you have due to your laziness?,4,11,1765385258.0,0.7,True,self.AskReddit
1pj7j5d,AskReddit,What’s a thought that occasionally hits you and just makes you stop existing for a moment?,2,8,1765385243.0,1.0,True,self.AskReddit
1pj7ipy,AskReddit,"Y'all ever won a lottery, what's the story?",4,5,1765385215.0,0.84,True,self.AskReddit
1pj7i79,AskReddit,What's the most common mispronunciation you have to try not to correct every time you hear it?,3,15,1765385183.0,1.0,True,self.AskReddit
1pj7hpx,AskReddit,What's the craziest thing you've seen on YouTube?,2,3,1765385155.0,0.75,True,self.AskReddit
1pj7hmf,AskReddit,What is a secret of an industry that you worked in that the public has no idea about?,1,5,1765385149.0,1.0,True,self.AskReddit
1pj7hl1,AskReddit,What's a moment where you realized you weren't the person you thought you were?,1,2,1765385147.0,1.0,True,self.AskReddit
1pj7gwq,AskReddit,"For those that have been unfortunate enough to have suffered with addiction, and have been fortunate enough to have stayed stopped, what did you do to achieve long term freedom?",2,6,1765385105.0,1.0,True,self.AskReddit
1pj7gfg,AskReddit,Who is the most important person your country has given to the world?,1,10,1765385075.0,1.0,True,self.AskReddit
1pj7ga1,AskReddit,What is one singer you listen too and just know they would get 4 x's if they were a normal contestant on America's Got Talent?,0,1,1765385066.0,0.5,True,self.AskReddit
1pj7g3f,AskReddit,On a scale of 1 to super hard how hard is nursing school?,0,0,1765385055.0,0.5,True,self.AskReddit
1pj7g2g,AskReddit,What is the hardest college class you have ever taken?,1,7,1765385053.0,1.0,True,self.AskReddit
1pj7eq4,AskReddit,"What are the best football shoes for natural grass under rupees 8.5k. Any  better studs in this price range ,many people around face this doubt, Nike or Adidas?",0,0,1765384972.0,0.25,True,self.AskReddit
1pj7dq9,AskReddit,"What advice did your parents give you that seemed annoying at the time, but now you realize was absolutely true?",2,4,1765384913.0,1.0,True,self.AskReddit
1pj7dp0,AskReddit,What is the biggest red flag(s) you missed in a past relationship?,1,8,1765384911.0,1.0,True,self.AskReddit
1pj7dc0,AskReddit,What’s the smallest social white lie you’ve retired?,1,1,1765384889.0,1.0,True,self.AskReddit
1pj7d1d,AskReddit,"Women of Reddit, what’s a phrase you hear a man say that instantly makes you roll your eyes or run for it?",1,2,1765384871.0,0.66,True,self.AskReddit
1pj7cle,AskReddit,What is a habit you can't break?,6,33,1765384844.0,0.87,True,self.AskReddit
1pj7c2g,AskReddit,What's something u did in your childhood that your parents still make fun of you?,3,12,1765384812.0,0.8,True,self.AskReddit
1pj7bsp,AskReddit,What do you think abt the australian social media ban?,1,10,1765384797.0,0.67,True,self.AskReddit
1pj7bkj,AskReddit,"Writers of reddit, how do you think it can help with depression?",4,4,1765384783.0,1.0,True,self.AskReddit
1pj7ayc,AskReddit,Where is your favorite place to relax?,3,11,1765384745.0,1.0,True,self.AskReddit
1pj7apy,AskReddit,What will the fallout be when ICE attempts to kidnap an American citizen who is legally armed?,1,8,1765384731.0,0.57,True,self.AskReddit
1pj7aku,AskReddit,"What’s your “I’m done for today” tell, and what do you do next?",1,2,1765384722.0,1.0,True,self.AskReddit
1pj79yy,AskReddit,"When you feel like peeing at night and you wake up and there is 1 hour left for morning, will you go to pee or wait for morning?",6,25,1765384683.0,0.8,True,self.AskReddit
1pj79hq,AskReddit,"Is it appropriate to cut your nails at work? Fallow up, what if it’s your toenails? Why?",1,16,1765384652.0,0.57,True,self.AskReddit
1pj79c6,AskReddit,What's a crazy coincidence that happened to you today?,1,4,1765384642.0,1.0,True,self.AskReddit
1pj798f,AskReddit,What are your thoughts on using ai for writing feedback?,2,9,1765384636.0,0.75,True,self.AskReddit
1pj78o7,AskReddit,What’s a true story you experienced that sounds completely fake?,1,14,1765384600.0,0.67,True,self.AskReddit
1pj77xn,AskReddit,How old were you and how did you find out Santa isn't real?,790,3475,1765384556.0,0.83,True,self.AskReddit
1pj771i,AskReddit,What’s your favorite meme?,3,10,1765384499.0,0.8,True,self.AskReddit
1pj76t4,AskReddit,If you could achieve one goal by the end of 2025 what would it be?,2,9,1765384483.0,1.0,True,self.AskReddit
1pj76sj,AskReddit,"To people that don't wash their hands after going to the restroom, what is the reason for not washing hands?",2,2,1765384482.0,0.75,True,self.AskReddit
1pj75ts,AskReddit,As a student is it better to achieve more than the average or staying in between the masses?Why?,0,3,1765384420.0,0.5,True,self.AskReddit
1pj75gb,AskReddit,How can a 55 yr old woman support herself asap for the first time on her own when no one is hiring ?,2,5,1765384396.0,0.75,True,self.AskReddit
1pj75bg,AskReddit,What was your first sentence in your first love letter?,1,3,1765384387.0,1.0,True,self.AskReddit
1pj753c,AskReddit,What's something that's become obsolete during the rise of the digital age?,15,61,1765384373.0,0.89,True,self.AskReddit
1pj750k,AskReddit,"So if you use a programming language to program, then how do the program a programming language?",2,11,1765384368.0,0.75,True,self.AskReddit
1pj74yv,AskReddit,What’s on food you would love to eat everyday?,2,11,1765384365.0,1.0,True,self.AskReddit
1pj73ki,AskReddit,How different would humanity be if birth was optional?,0,6,1765384279.0,0.5,True,self.AskReddit
1pj73cv,AskReddit,"What are small, almost trivial, things you learned about yourself over the years?",1,2,1765384266.0,1.0,True,self.AskReddit
1pj735v,AskReddit,"""I don't care about your problems because they do not impact me and I feel inconvenienced and irritated by hearing about them, so, rather than disregarding you, I will actively work to destroy you."" How are you meant to coexist with people who demonstrate this as their approach to life?",4,2,1765384253.0,0.84,True,self.AskReddit
1pj735s,AskReddit,How do you know if an online male friend likes you?,0,3,1765384252.0,0.5,True,self.AskReddit
1pj734j,AskReddit,"Which world sounds more truly fulfilling to you? a fully automated, comfortable but hyper-individualistic society, or a low-tech, community-driven one where people share work, skills, and life together? And why?",1,6,1765384250.0,1.0,True,self.AskReddit
1pj72to,AskReddit,"What do girls ""Never"" tell guys?",1,10,1765384233.0,0.67,True,self.AskReddit
1pj72sc,AskReddit,"If shapes had emotions, which one would be the saddest/unhappiest?",1,0,1765384231.0,1.0,True,self.AskReddit
1pj70rr,AskReddit,"People of Reddit, what's your fondest memory?",2,4,1765384105.0,1.0,True,self.AskReddit
1pj70oj,AskReddit,How you see your future in a single word??,8,51,1765384099.0,0.9,True,self.AskReddit
1pj70ky,AskReddit,What are your thoughts on good and evil? [Serious],3,12,1765384093.0,0.71,True,self.AskReddit
1pj6z6p,AskReddit,How do you not think about the girl who just dumped you?,3,7,1765384001.0,1.0,True,self.AskReddit
1pj6yln,AskReddit,What’s the one thing you believe causes most relationships to fall apart?,3,16,1765383966.0,1.0,True,self.AskReddit
1pj6yhe,AskReddit,"Stay-At-Home-Mom’s, what is it like being a SAHM?",3,2,1765383959.0,1.0,True,self.AskReddit
1pj6yft,AskReddit,Whats your Favourite Indie Show /Game?,1,1,1765383957.0,1.0,True,self.AskReddit
1pj6ydl,AskReddit,"In your opinion, what's the most aura moment a character has had in a movie?",1,1,1765383954.0,1.0,True,self.AskReddit
1pj6x2p,AskReddit,What’s the dumbest argument you’ve ever witnessed?,2,3,1765383869.0,1.0,True,self.AskReddit
1pj6x2c,AskReddit,What's the most important thing you've learned from your parents?,1,5,1765383868.0,1.0,True,self.AskReddit
1pj6wk9,AskReddit,What do you think to happen in 2026?,2,8,1765383839.0,0.67,True,self.AskReddit
1pj6vmt,AskReddit,What is the most pathetic thing you did to try to get an ex back?,2,2,1765383783.0,1.0,True,self.AskReddit
1pj6vit,AskReddit,"What should a consumer do when cannabis products appear to be missing or incorrectly placed tamper-evident seals, especially if it happens repeatedly from the same store?",1,4,1765383776.0,1.0,True,self.AskReddit
1pj6upt,AskReddit,How can an image in YouTube comments lead to a short video?,1,0,1765383725.0,0.67,True,self.AskReddit
1pj6ulb,AskReddit,Which country has the best people in the world?,1,4,1765383716.0,1.0,True,self.AskReddit
1pj6txb,AskReddit,What is your favorite movie of all time?,2,30,1765383673.0,0.75,True,self.AskReddit
1pj6t9e,AskReddit,Homeowners: What is a purchase under $100 that significantly improved your quality of life at home?,2,6,1765383633.0,1.0,True,self.AskReddit
1pj6t8x,AskReddit,What’s something you realized too late in life?,1,8,1765383632.0,1.0,True,self.AskReddit
1pj6snw,AskReddit,What is something nice or forgiving you wish you could tell your ex?,1,4,1765383596.0,1.0,True,self.AskReddit
1pj6sjn,AskReddit,why dont we use hamsters on running wheels to power cars instead of engines?,0,8,1765383588.0,0.5,True,self.AskReddit
1pj6rug,AskReddit,What is the biggest thing Hollywood gets wrong?,1,15,1765383544.0,1.0,True,self.AskReddit
1pj6r7g,AskReddit,Who is the best content creator on youtube?,3,6,1765383504.0,0.81,True,self.AskReddit
1pj6qwd,AskReddit,"What do girls ""never"" tell all guys?",0,1,1765383487.0,0.5,True,self.AskReddit
1pj6qsk,AskReddit,Parents of adult children: What is the best gift your child has ever given you that wasn't expensive?,2,2,1765383480.0,1.0,True,self.AskReddit
1pj6qqn,AskReddit,Whats your go to last minute Christmas Gift?,3,3,1765383477.0,1.0,True,self.AskReddit
1pj6qhv,AskReddit,What harmless habit instantly makes you judge someone?,2,6,1765383461.0,1.0,True,self.AskReddit
1pj6psm,AskReddit,What’s a small mistake that snowballed into a huge mess?,2,8,1765383415.0,1.0,True,self.AskReddit
1pj6p07,AskReddit,what do you guys think is the most annoying place to get a cut?,2,1,1765383369.0,1.0,True,self.AskReddit
1pj6ond,AskReddit,What’s a physical item you miss from the pre-digital era?,1,11,1765383346.0,1.0,True,self.AskReddit
1pj6oer,AskReddit,How can one be happy without being dependent on someone and how to fulfil these small little dreams?,3,1,1765383332.0,1.0,True,self.AskReddit
1pj6nok,AskReddit,“What is it about our emotional needs that people are forming bonds with AI and finding intimacy?,3,12,1765383286.0,0.81,True,self.AskReddit
1pj6nki,AskReddit,"People with strict parents,how did you convince your parents to let you take therapy?",1,3,1765383279.0,1.0,True,self.AskReddit
1pj6mbb,AskReddit,Fellas/Ladies- what are we buying our wives for Christmas?,5,16,1765383199.0,0.86,True,self.AskReddit
1pj6m36,AskReddit,What to do if you're stuck in a rut/ have been for a couple of years now?,2,2,1765383184.0,1.0,True,self.AskReddit
1pj6kr6,AskReddit,How are you feeling today?,2,9,1765383101.0,1.0,True,self.AskReddit
1pj6kp2,AskReddit,What is your motivational hack or tip?,5,14,1765383098.0,1.0,True,self.AskReddit
1pj6k8g,AskReddit,what's best movie you've ever seen? what's best place you've ever visited? what's one small thing that made you smile?,1,2,1765383070.0,0.67,True,self.AskReddit
1pj6jtl,AskReddit,What is something you learned embarrassingly late in life and still laugh about?,249,253,1765383044.0,0.95,True,self.AskReddit
1pj6jif,AskReddit,What is your favourite position and why?,0,17,1765383025.0,0.5,True,self.AskReddit
1pj6jfe,AskReddit,What is the most intellectually painful thing you’ve ever had to explain to a fully grown adult?,1,3,1765383020.0,1.0,True,self.AskReddit
1pj6j3l,AskReddit,What’s an app that should’ve never been removed?,1,8,1765382998.0,1.0,True,self.AskReddit
1pj6ixt,AskReddit,"Men, what are some terms of endearment you really don't like being called by a woman you're in a relationship with?",1,3,1765382987.0,1.0,True,self.AskReddit
1pj6iv6,AskReddit,Why and how were silent letters invented? What is the point of putting a silent letter in a word?,1,3,1765382981.0,1.0,True,self.AskReddit
1pj6ilw,AskReddit,What’s a behavior that people think makes them look confident but actually doesn’t?,2,10,1765382964.0,1.0,True,self.AskReddit
1pj6il5,AskReddit,Whats the most interesting thing you've done so far this month?,0,2,1765382963.0,0.5,True,self.AskReddit
1pj6i1y,AskReddit,"What book do you think wouldn’t exist, if the author just went to therapy?",1,4,1765382929.0,0.67,True,self.AskReddit
1pj6hec,AskReddit,What’s some “yeah we do that” stuff that foreigners roasted you for?,2,5,1765382889.0,1.0,True,self.AskReddit
1pj6hc7,AskReddit,What is the secret of living the best life?,1,7,1765382885.0,1.0,True,self.AskReddit
1pj6gml,AskReddit,For all: How comfortable are you to talk about violence against women?,2,17,1765382841.0,0.75,True,self.AskReddit
1pj6g2s,AskReddit,What is the most interesting thing you’ve read or seen lately?,2,2,1765382803.0,1.0,True,self.AskReddit
1pj6fbk,AskReddit,"What's a very subtle change you've noticed in society over the last several years, like words or movie genres falling out of use?",3,6,1765382760.0,1.0,True,self.AskReddit
1pj6f77,AskReddit,What’s a subtle sign someone can’t be trusted?,0,12,1765382752.0,0.5,True,self.AskReddit
1pj6ei6,AskReddit,"What’s a small thing your ex did that you didn’t notice at the time, but now feels like a massive red flag?",1,4,1765382706.0,0.67,True,self.AskReddit
1pj6dd1,AskReddit,What is your opinion of Lucy-Fur and Purrsephone for brother/sister kittens?,3,9,1765382632.0,1.0,True,self.AskReddit
1pj6dcj,AskReddit,What is the one event that changed your life for the worse?,2,6,1765382631.0,1.0,True,self.AskReddit
1pj6cpg,AskReddit,How many Reddit accounts do you have and what are they all for?,1,20,1765382590.0,0.67,True,self.AskReddit
1pj6coj,AskReddit,What are the movies or series that had the biggest impact on you?,1,2,1765382589.0,1.0,True,self.AskReddit
1pj6bnf,AskReddit,At what point or what exact moment made you truly give up on finding love?,3,4,1765382525.0,1.0,True,self.AskReddit
1pj6bki,AskReddit,What's your story of meeting your soulmate?,1,4,1765382520.0,1.0,True,self.AskReddit
1pj6aju,AskReddit,What’s one good thing that happened to you today that you’re grateful for?,10,39,1765382464.0,1.0,True,self.AskReddit
1pj6a24,AskReddit,What’s something you want to know about tomorrow?,3,6,1765382437.0,1.0,True,self.AskReddit
1pj69zk,AskReddit,Whats The Best feeling you had today?,3,9,1765382433.0,1.0,True,self.AskReddit
1pj695y,AskReddit,What is your country and what is the best thing about it?,2,7,1765382385.0,1.0,True,self.AskReddit
1pj67ug,AskReddit,How are you doing today?,5,33,1765382300.0,0.73,True,self.AskReddit
1pj67pt,AskReddit,"Accent Coaches &amp; Sales Pros: What are the Top 5 High-ROI Skills to Master the General American Accent for Global Sales/Credibility (Beyond basic ""R""s and ""Th""s)?",0,0,1765382292.0,0.5,True,self.AskReddit
1pj66g0,AskReddit,When you look at yourself in the mirror what do you see?,1,30,1765382212.0,0.6,True,self.AskReddit
1pj65tt,AskReddit,What's the one food you prefer cheap store-bought over high quality home-made?,4,13,1765382175.0,0.83,True,self.AskReddit
1pj65j4,AskReddit,What's the craziest thing someone you know or you have done (no serious crimes pls)?,2,11,1765382156.0,0.75,True,self.AskReddit
1pj659d,AskReddit,Movies/Shows Recommendations that make you ponder?,2,3,1765382139.0,1.0,True,self.AskReddit
1pj64bs,AskReddit,What’s the most harmless lie your parents told you that you believed for way too long?,0,2,1765382081.0,0.5,True,self.AskReddit
1pj63oo,AskReddit,What’s the most harmless thing you did that made someone irrationally angry?,3,20,1765382042.0,0.81,True,self.AskReddit
1pj63n0,AskReddit,What’s something society pretends is normal but really isn’t?,2,8,1765382038.0,1.0,True,self.AskReddit
1pj62so,AskReddit,Which 5 great scientists have REALLY changed world?,2,6,1765381986.0,1.0,True,self.AskReddit
1pj62fw,AskReddit,how would you react if you had a realistic dream and the exact same thing would happen the next day?,3,5,1765381963.0,1.0,True,self.AskReddit
1pj61yb,AskReddit,What’s a small decision you made that accidentally changed your entire life?,0,8,1765381930.0,0.5,True,self.AskReddit
1pj61ic,AskReddit,What's a small thing that completely changed your winter?,4,15,1765381901.0,0.83,True,self.AskReddit
1pj61cs,AskReddit,What’s a moment when you realized you were definitely NOT the main character?,1,1,1765381890.0,0.67,True,self.AskReddit
1pj6195,AskReddit,What’s a belief you secretly hold that you’re scared might actually be true?,4,1,1765381883.0,1.0,True,self.AskReddit
1pj617u,AskReddit,What's something you did as a child that you would never let your own child do?,4,10,1765381881.0,1.0,True,self.AskReddit
1pj60mq,AskReddit,Ideas for a a super difficult trivia game for someone who has appeared on Jeopardy and Who Wants to be a Millionaire?,1,3,1765381843.0,0.67,True,self.AskReddit
1pj60b3,AskReddit,What have you done recently that you’re proud of?,2,7,1765381821.0,1.0,True,self.AskReddit
1pj5zq0,AskReddit,What’s the biggest green flag you’ve ever seen that nobody talks about?,1,2,1765381784.0,0.67,True,self.AskReddit
1pj5zit,AskReddit,What’s something you wish you had learned much earlier in life?,0,8,1765381771.0,0.5,True,self.AskReddit
1pj5xx5,AskReddit,"People who are the only person in their friend group who does what they do (like a locksmith, a sommelier, a park ranger) - what's the question you're tired of hearing at parties?",2,2,1765381665.0,1.0,True,self.AskReddit
1pj5xx1,AskReddit,"What’s a small, lesser-known event in history that had a huge impact on the world?",2,5,1765381664.0,1.0,True,self.AskReddit
1pj5xog,AskReddit,What movie should everyone watch at least once in their lifetime?,12,99,1765381647.0,0.74,True,self.AskReddit
1pj5w43,AskReddit,What’s the weirdest viral popculture meme or trend you’ve seen lately and why do you think it blew up?,1,6,1765381552.0,1.0,True,self.AskReddit
1pj5w26,AskReddit,What you think the idea of imposing tariff on other countries is good and contributing towards the objective of Gov.?,1,5,1765381549.0,0.67,True,self.AskReddit
1pj5vyo,AskReddit,What do you not like about Reddit?,5,49,1765381542.0,0.78,True,self.AskReddit
1pj5vyl,AskReddit,How different is your work personality from your home personality ?,3,10,1765381542.0,1.0,True,self.AskReddit
1pj5uuv,AskReddit,"Welcome to McDonald's, what would you like to order?",0,18,1765381472.0,0.5,True,self.AskReddit
1pj5umj,AskReddit,What's the thing you wish even your worst enemies dont have?,1,4,1765381457.0,1.0,True,self.AskReddit
1pj5txm,AskReddit,What's a subtle sign of secure attachment you notice in people?,2,4,1765381411.0,1.0,True,self.AskReddit
1pj5tta,AskReddit,What makes you uncum?,4,12,1765381403.0,0.58,True,self.AskReddit
1pj5sgz,AskReddit,What is something kids or young adults do now that won’t be possible/allowed in 10-20 years?,2,4,1765381317.0,0.75,True,self.AskReddit
