id,subreddit,title,selftext,score,num_comments,created_utc,upvote_ratio,is_self,domain
1t9uhsi,gaming,Making Friends Monday! Share your game tags here!,"Use this post to look for new friends to game with! Share your gamer tag &amp; platform, and meet new people! 

This thread is posted weekly on Mondays (adjustments made as needed).",16,10,1778479212.0,0.67,True,self.gaming
1tcsrpe,gaming,Came across a much simpler time in gaming today,"I’m on a real retro kick and checking out what passed for old school storytelling.

This is what you would call a masterclass.",3999,304,1778750236.0,0.95,False,i.redd.it
1tcc3ne,gaming,We need another game like L.A Noire!,,12343,829,1778704691.0,0.94,False,i.redd.it
1tcw2yy,gaming,'Forza Horizon 6' - Review Thread,"**Game Title**: FORZA HORIZON 6

**Platforms**:

* Xbox Series X | S (May 19, 2026)
* PC (May 19, 2026)
* PlayStation 5 (2026, TBD)

**Trailers:**

* [Forza Horizon 6 - Official Gameplay Teaser Trailer](https://www.youtube.com/watch?v=pWw-UENvdTw)
* [Forza Horizon 6 – Official Launch Trailer](https://www.youtube.com/watch?v=oYhaW-Vr4wg)

**Developer**: Playground Games

**Reviews aggregates:**

# [OpenCritic: 92 / 100 - 100% Critics Recommend](https://opencritic.com/game/19996/forza-horizon-6)

# [Metacritic: 91 / 100](https://www.metacritic.com/game/forza-horizon-6/)

**Some Reviews (updating):**

[IGN - Luke Reilly](https://www.ign.com/articles/forza-horizon-6-review) \- 10 / 10

&gt;Technically, Forza Horizon 6 has not skipped a beat, and it runs like a titan. Aesthetically, it’s the best-looking and best-sounding game Playground has produced to date, set in the most wonderfully realised map it’s ever crafted – full of dense, authentic details and stunning driving roads. It’s rewarding to explore, the campaign is well-paced with a great payoff, and I simply cannot stop playing. I’ll always concede Forza Horizon 3 may forever be my favourite open-world racer, because who doesn’t love driving around their own backyard, but make no mistake: Forza Horizon 6 is unequivocally the best. The new standard in open-world racing is here, and it’s a gundamn masterpiece.

[Eurogamer - Dom Peppiatt](https://www.eurogamer.net/forza-horizon-6-review) \- 5 / 5

&gt;Forza Horizon exists at the intersection between simulation and arcade. There have been missteps along the way, where the balance has thrown out to either side, but here, in Japan, Playground Games has the traction, the momentum, and the confidence to barrel through the finish line apace, hitting all the corners and nailing all the lines. This is Forza Horizon at its most powerful: with broad appeal and niche specialty, overclocking the fun factor whilst adding depth to its most finicky mechanics. The Japanese backdrop came at the perfect time; a beautiful accompaniment to a beautiful game. It's taken 14 years to get here, but I think Forza Horizon 6 finally delivers on the promises the original game made, way back in October 2012.

[Radio Times - Rob Leane](https://www.radiotimes.com/technology/gaming/forza-horizon-6-review/) \- 5 / 5

&gt;Turn 10 Studios have mastered the art of creating these giant sandbox environments, stuffing them with varied things to do, and letting you loose in a staggering array of different vehicles to just have fun. Tune the radio to your favourite music genre, start your engines, and let yourself enjoy it.

[Giant Bomb](https://opencritic.com/outlet/132/giant-bomb) \-[Jeff Grubb](https://opencritic.com/critic/1047/jeff-grubb) \- 5 / 5

&gt;In a lot of ways, this is my ideal video game. Becoming one with the controller and the vehicle in a drop-dead-gorgeous setting that essentially never runs out of content? It’s almost perfect, and I think it’s fair to use that word for the craft that is on display in Forza Horizon 6.

[VGC](https://opencritic.com/outlet/821/vgc) \- [Chris Scullion](https://opencritic.com/critic/4391/chris-scullion) \- 5 / 5

&gt;Forza Horizon 5 was already an exceptional racing game, but Forza Horizon 6 takes everything up a notch to deliver an even more engaging, entertaining and all-encompassing experience. There's an absolute wealth of racing, exploring and collecting to do here, and that's before the inevitable live-service updates start adding even more content. Few games are as essential as this.

[Dexerto - Joe Pring](https://www.dexerto.com/gaming/forza-horizon-6-review-this-generations-essential-racer-3363442/) \- 5 / 5

&gt;Horizon’s sixth entry is such a triumph on almost every conceivable level that it’s difficult to imagine how Playground will be able to refine the series’ quality further than it already has. Barring wonky building systems that, thankfully, can be completely ignored, this isn’t just the quintessential Horizon game. Playground’s newest racer sets the benchmark for fun-first racing that’s almost obsessive in how accessible it makes itself to any type of player without anything getting lost in translation. Playground has spent 16 years refining Horizon’s formula into something remarkably frictionless, and Horizon 6 feels like the first time every piece fully clicks into place. Forza Horizon 6 doesn’t just bring the series to Japan. It finally brings Horizon home after a journey that started in Colorado, and the result is one of the best racing games of all time.

[Nexus Hub](https://opencritic.com/outlet/528/nexus-hub) \- [Sam Aberdeen](https://opencritic.com/critic/4725/sam-aberdeen) \- 10 / 10

&gt;Forza Horizon 6 blends spectacle with endlessly satisfying arcade racing, a vibrant Japan setting, and an unbridled sense of fun - it doesn't reinvent the Horizon formula, but Playground Games still knows how to build the ultimate festival racer.

[MondoXbox](https://opencritic.com/outlet/794/mondoxbox) \- [Davide Mapelli](https://opencritic.com/critic/7628/davide-mapelli) \- 10 / 10.0

&gt;Forza Horizon 6 accomplishes an extraordinary feat: improving upon a formula that was already close to perfection. Playground Games elevates the experience with a stunning, massive map of Japan, refined mechanics, and endless content. It’s a majestic racing game and a true masterpiece that will keep players engaged for years to come. An absolute must-play for any racing fan.

[GAMINGbible](https://opencritic.com/outlet/983/gamingbible) \- [Richard Lee Breslin](https://opencritic.com/critic/11606/richard-lee-breslin) \- 10 / 10

&gt;Out of all the gorgeous places this series has taken us, Japan was always a frequent request across social media, and now that wish has come true. On top of that, the gameplay is divine, and the content that the game has now, and perhaps what’s to come, might just keep us entertained until the arrival of the next entry and beyond, wherever that may take us. We may only be in April, but I’d be surprised if anything pips Forza Horizon 6 as the best racing game of 2026.

[Stevivor](https://opencritic.com/outlet/424/stevivor) \- [Jam Walker](https://opencritic.com/critic/9597/jam-walker) \- 9.5 / 10.0

&gt;Despite \[a\] handful of quibbles, I still find Forza Horizon 6 to be an utter joy. Drifting down lush mountainous woodlands to a stunningly radiant coastal fishing village while Rydeen plays is an absolutely singular experience.

[Gamer Social Club](https://opencritic.com/outlet/895/gamer-social-club) \- [Mark Pell](https://opencritic.com/critic/11162/mark-pell) \- 9.5 / 10.0

&gt;An exceptional, breathtaking world that players will be kept busy in for years, Forza Horizon 6 is one of 2026s best games and one of the best racing games ever created.

[Game Informer - Brian Shea](https://gameinformer.com/review/forza-horizon-6/remaining-on-the-podium) \- 9.25 / 10

&gt;There’s always a moment early on in the Forza Horizon games when everything just clicks. Though that moment came a bit later for me in this sixth entry, by the time the game opened up, revealing its broad collection of offerings, I was absolutely hooked. Even for a series built on delivering approachable racing action that appeals to both newcomers and hardcore players, Forza Horizon 6 impresses at each turn, delivering one of the greatest racing games of this generation.

[Console Creatures](https://opencritic.com/outlet/798/console-creatures) \- [Luke Williams](https://opencritic.com/critic/7697/luke-williams) \- 9 / 10.0

&gt;Playground Games revs its engines on yet another Forza Horizon experience that is both safe and still committed to racing ahead at the pace of good game development in one of its most beautiful settings yet.

[GamesRadar - Justin Towell](https://www.gamesradar.com/games/forza-horizon/forza-horizon-6-review/) \- 4 / 5

&gt;If there was a bit of personality on show from the rival drivers, more action in the racing to make it less of a procession, a little more resistance in the trackside obstacles and Flatout 4-style deformation tech for the crashes, this would likely be the best racing game ever made. As it is, while it plays the racing too safe to be essential for racing game aficionados, even they will undoubtedly take much enjoyment from the sheer high quality of this game. It is amazing.

[PC Gamer - Phil Savage](https://www.pcgamer.com/games/racing/forza-horizon-6-review/) \- 84 / 100

&gt;Ultimately, Forza Horizon 6's only competitor is the previous Forza Horizon games—itself a scary thought given the regularity with which Microsoft removes them from sale. While I'd love for the series to flex its creativity a bit more, that desire doesn't dampen my deep appreciation for what Forza Horizon 6 does achieve.",316,230,1778760138.0,0.91,True,self.gaming
1tc5wso,gaming,how to make your game cool as fuck: add exaggerated title cards,(re9) (aw2)  (control),6802,367,1778691965.0,0.94,False,i.redd.it
1tcllcj,gaming,"ARC Raiders is Moving to a New Cadence of Updates as Embark Studios is ""Building for the Long-Term""",,601,117,1778727730.0,0.93,False,wccftech.com
1tbzltz,gaming,Alan Wake 2 is so committed to be oppressive that the safe rooms look like this,Break rooms in this game be nastier than the actual streets ,7431,359,1778678729.0,0.95,False,i.redd.it
1tc8rr1,gaming,What's the best obscure video game you've ever played?,I'm not talking about the stuff that's got a cult following like Dark Souls 2 or popular weird games like Power Wash Sim. I'm talking about the stuff that's buried in the deep recesses of your mind. An example would be Cloning Clyde on the old 360 store for me. I'm hoping to find some gems that I've overlooked. ,1101,3598,1778697730.0,0.92,True,self.gaming
1tcyin9,gaming,Kaiju gaming,,34,20,1778765972.0,0.77,False,i.redd.it
1tc9x6g,gaming,"did you know in MGS V, your recruits learn new language?","the video doesn’t need to be watched unless you want evidence

but it’s easy to check yourself too…. just go check any story-related ‘generic’ character you can recruit like Silent Mastodon, Silent Basilisk, Panzer Buffalo… Gray Mongoose.

you could keep track of any DD recruit but it’s probably fastest to just go recheck one of those set characters so their name/portrait/languages are static (exact same for every player, every file).

and if you go back much later ?

they’ll have learned other languages

kinda a cool detail showing how DD soldiers grow together at Mother Base

but mechanically, also a big deal if you take your time and put in a LOT of hours after you’ve reached Africa but don’t finish all the missions there

as quickly you’ll have so many soldiers that speak all the languages",780,54,1778700091.0,0.92,False,reddit.com
1tcj2r5,gaming,Template used by Namco pixel artists for Genpei Tōma Den.,,167,11,1778721153.0,0.93,False,i.redd.it
1tcoil9,gaming,What should I play while in labor?,"My mother was in labor with me for 36 hours. According to her, she spent the majority of that time playing Tetris. Now I am expecting babies and nearing the point where I could go into labor at any time. Figure it’s important to keep up the family tradition. Does anyone have any recommendations for me? I’m leaning towards Subnautica 2, Pokémon, or maybe Stardew Valley.

Guidlines  
It has to be something on the Switch or Steam Deck.  
No Multiplayer for obvious reasons.  
Nothing that requires a huge amount of skill and focus like a souls-like.  
No horror games, because I probably shouldn’t be playing something that raises my blood pressure too much.",56,135,1778736226.0,0.62,True,self.gaming
1tcxvv1,gaming,Sektori (Switch 2 version) review from Nintendo Life 9/10,,12,6,1778764528.0,0.88,False,youtu.be
1tbzht1,gaming,"Digital is now 93% of Capcom's game sales, expected to rise to 95.4% this current fiscal year",,848,272,1778678472.0,0.93,False,capcom.co.jp
1tcl0qd,gaming,Cutesy games for my wife,"My wife has recently gotten into gaming and I'm looking for games for her. They shouldn't be overly difficult and ideally with no spiders! So far she's really liked:

Planet Lana

It takes two

A hat in time

Sackboy's big adventure

We're on PC. I don't think they necessarily have to be platformers, but she doesn't really like RPGs. So, yeah, cutesy causalish games for her. What do y'all have for me?",75,263,1778726206.0,0.71,True,self.gaming
1tcqw68,gaming,I wish games had more fun experiments like cTOS phone app from Watchdogs that let you hack into people's games.,,33,10,1778743924.0,0.78,False,youtube.com
1tbpzah,gaming,Capturing mewtwo in the office shh (pokemon red version) game boy color og,,2775,182,1778649265.0,0.92,False,i.redd.it
1tc4c4s,gaming,"Announce of The Talos Principle 3, coming soon to Steam and PS5","**Game description:**  
  
As if awakening from a troubled sleep, you find yourself in a strange, contradictory world of crumbling temples and abandoned science outposts: the Anomaly, the only place in the universe where the laws of physics don't work as they should. Your memories are fragmented, but you know you came here for a reason.  
  
Tasked with solving a series of increasingly complex puzzles, you will relive your life as an explorer, and with it, the history of the world that humanity built.  
  
Some say the Anomaly is Heaven. Some say it’s Hell. All that’s certain is that judgement awaits.

# The Ultimate Puzzles

Tackle a fresh set of devious puzzles using both familiar and all-new mechanics, taking the gameplay to its absolute peak. Complete only what you must, or pursue the deeper secrets of the Anomaly and the answers they hold.

# Journey's End

Take the last step in the story of The Talos Principle in a thought-provoking, character-driven exploration of life, death, and the Sublime as envisioned by the Talos writing team: Jonas Kyratzes, Verena Kyratzes, and Tom Jubert.

# The Universal Republic

Explore an ambitious future history through fragments of personal memories. From a desert planet undergoing terraforming to the beautiful gardens of Elysium, experience a hopeful vision of the distant human future: post-scarcity, but never post-human.

# Reality Is Music

Enjoy an all-new original soundtrack by master composer Damjan Mravunac, whose music is the beating heart of the trilogy.",350,71,1778688774.0,0.92,False,youtube.com
1tbo8tj,gaming,"""The Numbers Aren't There"" for Dead Space 4 to Happen, Says Former Dead Space Writer and Producer",,2713,403,1778644079.0,0.96,False,wccftech.com
1tbu4it,gaming,Few other games have made me feel the same awe and wonder as the first Mass Effect,,839,212,1778663202.0,0.93,False,i.redd.it
1tbpp76,gaming,This moment made me realize I was playing something special (Tales of Symphonia),"Tales of Symphonia starts off cozy comfy and of course ramps up to some intense stuff pretty early on. But the section surrounding Palmacosta and the Governor General-Dorr really brought home how writing is so important and character growth can be witnessed first hand. It was one of the first games that had me glued and made me feel ""This is something special here.""",1671,230,1778648402.0,0.9,False,i.redd.it
1tbr2ly,gaming,DOOM 2016 is now ten years old!,,826,152,1778652727.0,0.89,False,i.redd.it
1tbxy96,gaming,UPDATE: Marvel Tokon interview has been updated - Story mode will be both animated comic book and playable battles,"In episode mode, there are playable battles incorporated throughout. Battles that are connected to the story unfold, and it's designed so that anyone can enjoy it casually, like reading a comic, allowing for a more interactive experience of the story",236,33,1778674725.0,0.91,False,thegamer.com
1tbtfk3,gaming,Game Release Calendar May Week 4 - Forza Horizon 6 coming out with 30+ other games,"Some games that looks pretty exciting for next week:

* It Reaches (May 18)
* Forza Horizon 6 (May 19)
* Yoshi and the Mysterious Book (May 21)
* Coffee Talk Tokyo (May 21)
* LEGO Batman: Legacy of the Dark Knight (May 22)

Yes, some of them are Early Access or just updates but some look pretty cool to at least check out. ",403,88,1778660777.0,0.89,False,i.redd.it
1tc6pw3,gaming,"Alabaster Dawn, a ""spiritual sequel"" to CrossCode, released in early access a few days ago... has anyone tried it yet?","CrossCode is one of those games that I always recommend to people when they want an indie RPG done right; it had a great mix of slick combat, exploration, and puzzles. That being said, the story was kinda only OK, and it does feel like it overstayed its welcome at some parts in the second half of the game. Still absolutely worth playing, IMO.

I remember reading forever ago that the studio that made it, Radical Fish, was working on a new game, and saw that just a few days ago they released an Early Access version of it. The new game is ""Alabaster Dawn,"" and aims to be a ""spiritual sequel"" to CrossCode, where they take what worked and add to it, and leave out what they weren't happy with. Apparently the current early access version only goes to the middle of the second chapter, and it's kind of pricey for a work in progress ($25, although there's a sale for 15% off on Steam at the moment), although there is a demo for free. But I was surprised I hadn't seen it mentioned here; or maybe I missed it? 

Anyway, I'm wondering if anyone has tried out the demo or bought the game in early access and has any feedback, or comparisons between it and CrossCode. Thinking of buying it after work today but I'd like other peoples' first impressions too. ",62,33,1778693577.0,0.74,True,self.gaming
1tc1zz5,gaming,[OC] Crimson Desert: Photo Mode - Mount Benus [14225x8112],"# [Full Size Image](https://i.ibb.co/Y4qtG5tp/MB-32mb.jpg) (imgBB)

&gt;**Captured on**: PS5 Pro

&gt;**Rendering Mode**: Quality

&gt;**PSSR**: Enabled

&gt;**Editing**: Adobe Lightroom

&gt;**Panorama Software**: AutoPano Giga

Thanks for looking! c:",105,24,1778683981.0,0.79,False,i.redd.it
1tbv2dl,gaming,Games that make you feel like The Punisher?,"AKA games where you're a vigilante type character absolutely gunning through enemies that absolutely deserve it?

  
I just saw the Punisher special, and at points it really felt like a video game. Got me itching to play something like it. 

* The Punisher (2005) fits the bill but is quite graphically dated and annoying to get running on PC.
* Watch\_Dogs (the first one) ticks that ""vigilante justice"" box nicely, but it doesn't hold much replay value in my opinion and again is from like 12 years ago.
* Mafia 3 was an outstanding revenge game, fun gun-play, I thoroughly enjoyed it, but that was 10 years ago so again, getting a bit dated.

Anyone recommend any stand-out newer titles that could fit the bill?",244,359,1778666335.0,0.77,True,self.gaming
1tc31ro,gaming,The Chaos of TimeSplitters 2,,84,36,1778686184.0,0.82,False,youtu.be
1tb3u6m,gaming,Subnautica 2 Leaked And Cracked Two Days Before Release,,7178,874,1778597277.0,0.96,False,vgtimes.com
1tboj42,gaming,What was a game series that just kept getting worse after the first game?,"the first game was either good or bad, but the series just kept going downhill after

has to be nothing but shit after the first game, so series that had a few good ones before the downfall and series where it had one good game sprinkled in between don't count here

edit: if you're going to say Call of Duty, it better be said with a good reason why you think the original Modern Warfare trilogy was worse than Call of Duty 1

also, no technicalities, so comments that go ""oh, well if you ignore x"" or ""well, if we start with y"" don't belong here. It must start with the first game and get progressively worse over time.",513,977,1778644882.0,0.87,True,self.gaming
1tayii3,gaming,eBay rejects GameStop’s takeover bid and says their offer is not “credible”,,13919,814,1778584667.0,0.96,False,dexerto.com
1tbaf5k,gaming,Marvel Tokon doesn't actually have a campaign. Instead it has comic book style scenes with no gameplay or matches,"&gt;**4Gamer:**  
Arc System Works' fighting games seem to have substantial story modes. What about Marvel Fighting Spirit?

&gt;**Yamanaka:**  
It's difficult to directly compare the volume of content to the story modes in other titles because the format is different, but in Marvel Fighting Spirit, you can enjoy a story using a motion comics style in a game mode called **""Episode Mode.""** We had a manga artist draw the base manga, and then we added movement to each panel to advance the story, which is a fairly time-consuming way to present it. We have prepared five teams, and it has enough content to provide nearly 10 hours of gameplay in total.

&gt;**Yamanaka:**  
From the beginning of the project, we decided that a story mode was absolutely necessary for casual players, and the only thing left to discuss was what form it should take. Marvel is all about comics, so we thought about how to make it interactively enjoyable, and that's how the idea of making comics move came about. By adding sound and movement to motion comics, we can also make use of the PS5's vibration function.

&gt;**4Gamer:**  
In episode mode, will there be any matches where the player controls the game in between?

&gt;**Yamanaka:**  
No. Basically, once you start episode mode, the story will progress even if you leave it alone. You can fast-forward by pressing a button, or pause and enjoy the illustrations at your leisure, but it's designed to be enjoyed in the same way as reading a comic book.

&gt;As an aside, recording the voices for episode mode was a challenge. In previous Arc System Works titles, we usually recorded about three languages, but this time we needed to record ten languages.

&gt;However, I think being able to enjoy a fighting game in one's native language is a wonderful experience, so I would like to do my best to support it, with the help of SIE regarding localization.

It's really disappointing how often fighting games skimp out on single player content and you would think with sony's backing maybe this would be different. Instead it has even less actual content than all the fighting games that just make you fight evil clones of characters.",1030,213,1778610808.0,0.92,False,4gamer.net
1tbdlg3,gaming,Stranger of Paradise gets slept on HARD.,"Yes, the story is campy, chessy and ridiculous, but goddamn did the developers make up for it in the gameplay. I always thought the idea of making a soulslike Final Fantasy game could turn great and this is it.

The combat is very fast and you constantly have to be absorbing attacks to build your MP in order to use your abilities. You can equip 2 Jobs on your character and instantly swap between them during battle, with multiple weapons, abilities, equipable combos and even unique abilities provided by certain weapons or stolen from enemies during the fight. Certain weapons can execute different attack animations depending on the direction you're pressing. Its really deep and extremely replayable.

If you're not a soulslike fan, don't worry... **it has difficulty options**. You can play completely solo on the highest difficulty or add up to two CPU characters and/or choose a lower difficulty. 

It reviewed well back when it was released and now that I played it, I'm surprised it's not brought up too much compared to even indies in this genre. Which makes me think it's never getting a sequel. I was thouroughly surprised by this game.",663,252,1778617449.0,0.8,False,i.redd.it
1tav6v0,gaming,"Sega has canceled development of its ‘super game’, as it pivots away from live service games",,4809,404,1778574000.0,0.97,False,videogameschronicle.com
1tb5st5,gaming,Crimson Desert increases Pearl Abyss Q1 earnings more than fivefold to $220.6m,"&gt;South Korean developer Pearl Abyss's Q1 operating revenue surged 419.8% year-over-year to ₩328.5 billion ($220.6 million), driven by the March 19 launch of Crimson Desert.

&gt;Operating profit reached ₩212.1 billion ($142.5 million), up from ₩7.9 billion ($5.3 million) a year earlier, reflecting strong marketing and revenue growth.

&gt;Net profit rose to ₩170 billion ($114.2 million) from ₩7.7 billion ($5.1 million) in the same period last year.

&gt;Crimson Desert generated ₩266.5 billion ($179.1 million) with sales evenly split between console and PC.",830,151,1778601351.0,0.91,False,gamesindustry.biz
1tcwm35,gaming,Lego Batman,"Other than being portable, would there be any other reasons to get Lego Batman on switch 2 vs PC?",0,6,1778761491.0,0.33,True,self.gaming
1tb4prw,gaming,Legendary Tekken boss Katsuhiro Harada has joined SNK and formed a new studio inside it,"&gt;In an announcement published on Tuesday, Harada confirmed the formation of ‘[SNK](https://www.videogameschronicle.com/companies/snk/) VS Studio’ in Shinagawa, Tokyo, where he will act as CEO.

&gt;According to Harada, the ‘VS’ in VS Studio’s name holds various meanings, including “Video game Soft (VS Development Division),” and “the spirit of ‘Versus’ challenging tradition”.

&gt;“VS Studio’s philosophy is ‘Beyond tradition, crafted to perfection’,” he said in a statement. “We will combine technology, sensibility, and world-class expertise to pursue the ultimate. From a free, open, and spacious environment, we will generate new ideas and create memorable games. We established this studio to bring this vision to life.”

&gt;He added: “Having been involved in game development for many years, I’ve constantly considered how I want to spend my time as a developer and what kind of environment allows developers to perform at their best.

&gt;“VS Studio is one answer to that question. By bringing together technology and knowledge, and working with passionate colleagues, we aim to deliver the best gaming experiences to users worldwide.",659,62,1778599111.0,0.95,False,videogameschronicle.com
1tbqpgl,gaming,Thousand Arms at 3X res + FXAA looks stunning on the RG477M (PSX).,"Love that JRPG to bits.  
Who knew dating sims + adventuring went well together?",37,13,1778651538.0,0.66,False,i.redd.it
1tcxmxo,gaming,Code related to pre orders for GTA 6 found on the /VI page,Source: https://xcancel.com/SanjuD19928/status/2054838384041087008#m,0,14,1778763968.0,0.3,True,self.gaming
1tcwho6,gaming,Discussion - Total War + Anno + Mount and Blade + Europa Universalis = Video Game Heaven?,"If any devs are reading the subreddit. I know AAA gaming has been struggling recently. My grand plan... if money was no object...

A video game that includes the mechanics of all those games combined (plus a few e.g. KCD, Blade &amp; Sourcery for VR. You can pick timeline throughout history and just enjoy yourself and get immersed. I keep dreaming but i hope one day....

Only comparable that comes to my head are non related, such as ARMA (game persistence), Microsoft Flight Simulator 2024 (world is your oyster) and those old Novalogic titles based off Delta Force Black Hawk Down / Joint Operations Typhoon Rising. Or a persistent world such as No Mans Sky (map never ends/procedural generation).

That kind of massive open world, where you can play things at the high level, rts level, micro level, all the way down to RPG level where you can stick your face into the ground and see every fine grain of mud/sand/water with path tracing like cyberpunk etc.

AI may give an opportunity to ease burdens on devs so this can be achievable.

The question is, is it achievable? In my lifetime? I think and hope so, yes.

",0,11,1778761181.0,0.19,True,self.gaming
1tcx11j,gaming,Forza Horizon 6 runs like crap on 8GB video cards,,0,49,1778762540.0,0.42,False,youtube.com
1tckmx2,gaming,Recommendations for Casual Competitive Multiplayer Games?,"I play a lot of Dead By Daylight because I really enjoy the more casual competitive nature of the game. I don't have to worry about my skill level tanking if I stop playing for 6 months, or because at 46 my reaction times have dulled.

I'm wondering if anyone has recommendations for other casually competitive games. Any genre. I just want to get some more variety in my gaming diet so to speak 😄",0,62,1778725196.0,0.49,True,self.gaming
1tat8kd,gaming,"Metal Gear Series Reaches 66.1 Million Sales, Silent Hill Series Tops 17.1 Million",,994,70,1778567425.0,0.96,False,gamingbolt.com
1tb1qra,gaming,Indiana Jones and the Great Circle seems like another impressive Switch 2 port,"By looking at this video and Reading reviews it seems like Indiana Jones for Switch 2 is another really good port! I think its very cool to have this games on the system, both for portable play and for people that have the Switch 2 as their main system.

  
I played this game at launch on the Series S, its excellent, if you havent played, you should. I really hope they are making a sequel but i suppose they are working on Wolfenstein 3.",194,116,1778592667.0,0.73,False,youtu.be
1taqui3,gaming,"According to Sega's quarterly report they have cancelled their ""super game"" and will also focus less on F2P titles","This is the project that seemed to be a multi year ongoing project that was rumored to cost upwards of $800m (probably a lifetime estimate not launch).

edit: In case anyone asks all the revival games like crazy taxi and JSR are still alive and listed as TBD on the release slate.",868,149,1778560020.0,0.97,False,i.redd.it
1tcp9kv,gaming,"Xbox CEO Wants To Know If You Spell It ""Xbox"" Or ""XBOX""",,0,44,1778738557.0,0.36,False,gamespot.com
1tac8uz,gaming,"Playground Games Adresses Forza Horizon 6 Leak, Says The Leak Was Not Caused By Preload And Threatens Franchise-Wide Hardware Bans",,4547,713,1778524717.0,0.96,False,dexerto.com
1tck1lx,gaming,Cheap Knockoffs of Steam's new controller?,"Steam's new controller while expensive, seems to be well received by the people that got them. And when you think about it, it's amazing no one has thought to put track pads on a controller before.

So how long before we can expect cheap, third party knockoffs of Steam's controller? Basically new controllers with built in trackpads?",0,6,1778723708.0,0.29,True,self.gaming
1taotpx,gaming,The Best Nightclub in Video Game History - any_austin,,753,200,1778554308.0,0.84,False,youtu.be
1tcijkc,gaming,Ark Survival Ascended or No Man’s Sky?,"I’ve been playing no man sky for years. It’s always an okay game for me.

What bothers me about NMS is lack of NPC involvement, and their A.I. are still dumber than Minecraft NPCs.

Excellent base building. Impressive exploration. Infinite traveling.

But it gets boring pretty fast because you’re all alone. No NPCs for you to recruit and develop. Story is tedious because you’re all on your own and the reward was not even worth it.

Faunas are still not that exciting neither. Hell, you can’t even have a proper Pokémon battle against other fauna in the wild! They’re not that dangerous or even fun.

Because of lack of NPC either brains and weak ass faunas, I’m eyeing on Ark Survival Ascended. Is it the game I’m looking for ??

I don’t care about “infinite” exploration or top notch base building. I only want to build a base to survive against the wilds. Especially with more NPCs and diverse of beasts.

Recruiting or expanding the settlement would be nice but I’ve already accepted that Fallout 4 is one of the kind game, and none of other games could replicate Fallout 4’s base building, developing settlements, and defense system.

So my question here- how do you compare Ark survival to No man’s sky? Are they quite same games? Let me know!

If ASA is any bit lesser than FO4, but slightly better than NMS then I’m all in to buy that game!",0,12,1778719836.0,0.33,True,self.gaming
1tcsolr,gaming,I tried STAR CITIZEN so you DON'T have to (yet),"Edit: this is not my video

I'm a biased superfan but I have to warn people not to buy the game.  Use the free fly events to try it out, and damn it is gonna be buggy, laggy, chaotic, and often disorienting for a new player.

This guy has players helping him and showing him how to play, so don't expect this experience at all... Though it is possible, these are public servers where you can freely interact for the most part.

I think this is a great look at the unique strengths of the game that keeps players coming back despite the controversies and management.",0,18,1778749958.0,0.23,False,youtu.be
1tciohj,gaming,"My controller broke, what should I replace it with?","I quite liked my nintendo pro controller, but I’m not gonna get something that drifts that badly again if I can help it, so I have no idea what I should get instead. Recommendations have been weirdly hard to find, so even if you just have a resource to link or something I’d appreciate it.

Edit: Wow, lots of responses, that was fast!

I definitely should have specified, I have a Switch and a PC. Sounds like there 8bitdo ultimate is a strong contender, so I will be looking into that and making sure I keep the receipt. Thank you all for the info!",0,15,1778720202.0,0.19,True,self.gaming
1tcm176,gaming,When was the first time you realised actual people make games?,"Obviously as a kid I understood abstractly that someone had to make the things I enjoyed, but still it totally changed my perspective on games when I actually got to see/hear the people behind them.

I remember Will Wright demoing the beta build of Spore, Peter Molyneux talking up Fable 3, Jade Raymond and Patrice Desilets explaining the vision behind the original Assassin's Creed games, and the interviews with Casey Hudson and the other leads that came on the Mass Effect disc.

(You can tell from my list the era I grew up in haha)

So who do you remember being your first exposure to game developers, on camera or in print?

EDIT:
To clarify, which *specific* developers do you first remember seeing interviews with talking about the games they were making? As opposed to just vaguely being aware that games you like are made by some group of people whose names you don't know haha",0,37,1778728929.0,0.29,True,self.gaming
1tcdfyg,gaming,Neowiz and Round8 Studio (Lies of P publisher and dev) have commented on the “Al Artist” job opening.,"[As the Lies of P sequel enters full-scale development, developer Neowiz says it's working on another Soulslike and a narrative RPG | Eurogamer.net](https://www.eurogamer.net/lies-of-p-sequel-neowiz-plans)

Responding to Eurogamer, the official response from Neowiz and Round8 Studio is as follows:  
""The job posting in question is not a role that will be directly involved in the production of the Lies of P sequel. Instead, they will reside within an independent art R&amp;D team at Round8. GenAl tools are only used in preliminary stage work to improve efficiency of repetitive, foundational tasks. Al-generated visuals function strictly as internal reference material during pre-production, a method for establishing visual direction before formal production begins. The intent is to build a proprietary visual library trained exclusively on assets for which Neowiz and Round8 hold full legal rights. All final assets for the upcoming game will be created by experienced artists.""",0,47,1778707560.0,0.44,True,self.gaming
1tag449,gaming,Games where enemies die easily but there are a lot of them?,Looking for something like helldivers but where enemies go down in one shot and I just have to manage giant hordes.,895,994,1778532728.0,0.93,True,self.gaming
1tcjrhj,gaming,AI in games: does this definition work?,"Keen to get a view from the wider community on something l just posted on another sub about AI usage in the creation of games. 

Either AI is replacing who and how art and assets are conceived. 

Or it’s an enablement tool. 

The second is fine. The first is not. ",0,10,1778722976.0,0.1,True,self.gaming
1taglvy,gaming,Test of Time Update - Time-Tested Civs | Civ VII,,521,84,1778533778.0,0.92,False,civilization.2k.com
1tc3gli,gaming,What online/live service games are worth playing these days?,"I am looking for a game that has a wide community and a game that is fun to play online. I have been playing a lot of single player games lately but I have been considering a few online games and I was curious what games you think are worthwhile to play.

Games I am considering:

* GTA Online
* Arc Raiders
* Marathon
* World of Warcraft
* Guild Wars 2
* Helldivers 2

I am open to other games, I have a Mid-range gaming laptop and a PS5 slim.",0,43,1778687024.0,0.32,True,self.gaming
1t9rj5o,gaming,Forza Horizon 6 has leaked almost 2 weeks early after the entire unencrypted game was accidentally pushed through a Steam update by the developers All 155 gigabytes of files were spotted on SteamDB shortly after the update,,10593,604,1778470083.0,0.97,False,twistedvoxel.com
1tckcnn,gaming,Marathon will be a stepping stone for D3,"Marathon is starting to reach that 10k player count, and when it goes sub 10k, it's head will be on the chopping block, and I am predicting the following is going to happen.

Bungie will announce support for Marathon will slow down as they restructure and focus on making a Destiny 3 with expansions packs for Destiny 2 to hold players over while building up to the eventual Destiny 3. They will release all currently finished or worked on updates to Marathon to finish up what they started.

After the final update, marathon will be announced to go end of service, and then the following D2 expansion will actually reuse current Marathon assets and include the Marathon ship as a new location for D2, and the Cryo Archive will be restructured as a new raid for D2.

Then Destiny 3 will be released and Marathon will be a simple location, dungeon, raid and weapons set for D3, and the game will either be the savior or destroyer of Bungie as a studio.

EDIT: I want to make something perfectly clear, I am not asking, nor really want a Destiny 3, I am making a predicition on how I think Bungie is going to try and save their studio from closure WHEN Sony decides to cut all support. I'm not hoping for another Destiny, I already served my time, I don't need another stint into that prison. This is merely a predication in what Bungie might do to stave off shut down.",0,43,1778724467.0,0.16,True,self.gaming
1taha42,gaming,I painted a model Lagiacrus from Monster Hunter!,"3D printed with resin and painted by me.

Model Sculpted by Mini Monster Mayhem.",219,15,1778535253.0,0.93,False,i.redd.it
1tbdsbc,gaming,RPG Survival,"So, I've played Minecraft on and off but never really got far. While I don't dislike the survival aspect, I'm definitely more of an RPG player. However, I have some friends big into the crafting/building stuff and less into the RPG end. Is there a solid game out there that really meets both ends? Hytale is neat but feels like a ""next steps"" Minecraft. Everwind just hit early access recently and seems neat, but is it just another ""next steps"" Minecraft? Enshrouded seems like it would fit my desires, but will it meet my more builder friends' wants?

Thanks in advance folks!",2,68,1778617847.0,0.52,True,self.gaming
1ta1ypv,gaming,Thought yall might like my new Songbird tattoo! (Bioshock Infinite),,868,106,1778502838.0,0.84,False,i.redd.it
1taq0ej,gaming,"If you could have a pinball machine in your home, which one would you want?","I would want Cue Ball Wizard.

My psuedo father and mother in law have Elvira and the Party Monsters.",34,250,1778557656.0,0.63,True,self.gaming
1t9s8un,gaming,The New Lego Batman Game Has Reportedly Been Made Playable Early By Accident,,2871,79,1778472170.0,0.96,False,opencritic.com
1ta56mk,gaming,What game had a world that was way more interesting than you expected?,"There are some games I go into expecting the gameplay to be the main draw, but then I end up getting way more invested in the world itself than I thought I would. Sometimes it’s the atmosphere, the lore, the setting, or just the feeling that the world has a lot more personality than it first seemed like it would.

For me one of the biggest examples was Prey (2017). I expected to mainly enjoy it for the gameplay, but the setting and overall feel of Talos I ended up being a huge part of why I liked it so much.

What game was like that for you?",321,328,1778510171.0,0.92,True,self.gaming
1tc2y2h,gaming,Minecraft is free on Xbox,,0,7,1778685973.0,0.19,False,i.redd.it
1t9kfep,gaming,aah finally time to clean the underside of my ship,Game: Windrose,3783,135,1778450763.0,0.95,False,i.redd.it
1tbyct8,gaming,I think my love for gaming is dwindling.,"I've noticed it lately, I'll pick up one of my handhelds bring it to bed, sometimes just look at it and play around with some things and then just turn it off and go to bed. Even with the handhelds I literally just got in my head I'm questioning if I even want these things anymore. I was up for a bit in the middle of the night constantly thinking about it lol. I have so many other things to worry about or need to get done that I put it off to the side because I have FOMO. I don't know if I'm overwhelmed by the amount of games I have and need/want to play or I'm just burnt out at this point. I used to play for hours at a time now the most I can do is a little more than an hour if even that. I have a habit of buying handhelds then getting rid of them just to get different ones to eventually get rid of those also. ",0,73,1778675754.0,0.23,True,self.gaming
1ta76aw,gaming,What's a thing in gaming that you swing between loving and absolutely despising?,"You can be as broad or as specific as you like, for me it's something general af  
  
It’s the very concept of grinding, as in doing same-ish activities hundreds to thousands of times over until you’re incrementally rewarded for it some way and so on in a loop that just lengthens the time of those activities, while giving you the reward at longer and longer increments.

If you’re any sort of mmo or arpg (PoE, Last Epoch, Diablo…) fan or even a cozy farming enjoyer (yes you, Stardew), I can only hope you already know what I’m aiming at here… when I say swinging between enjoying it (just wanting it to continue forever) and hating every second of it because you know the odds of getting that sweet piece of loot you want are so slim, so RNG contingent, that it’s only a matter of sinking time. And literally nothing else.

I could yap on about how in some games grinding is less painful because ways you can influence RNG drop rates, like the Circle of Fortune in Last Epoch, or running tormented bosses and helltides in Diablo 4. But I’m not talking technicalities here because ultimately it doesn’t matter if the grind for something will take me 2 hours or 6 hours, it depends on how fun and mentally soothing it will be to lose those hours for a piece of digital loot.

Basically, before I get down into it I don’t know myself if I’m in for a good time or for a slog that gets boring about ten minutes in. Sometimes the mood keeps me for months on end, oftentimes it’s just for that one long gaming night-sesh…

I think this is the biggest general hate-love divide for me as a gamer right now, just based on the brute time the game wants me to spend repeating similar things over and over. What would be your most intense love-hate relationship of this sort, if ye have one?",84,184,1778514350.0,0.78,True,self.gaming
1ta46c2,gaming,Is anyone old enough that they’d have a friend you’d switch gaming consoles with for a week or so? My friend would take my Sega Mega Drive and I’d take his Super Nintendo.,It was fun! I’m not sure it’s something people with do now with modern consoles. ,112,104,1778508014.0,0.83,True,self.gaming
1t9krx5,gaming,"Round8, developers of Lies of P are looking for an “AI Artist”, an emphasis on Gen AI use",,1558,821,1778451631.0,0.88,False,neowiz.com
1ta2108,gaming,How the Pathfinding in Dark Souls works,,109,17,1778502999.0,0.83,False,youtu.be
1tbn5jp,gaming,I finally beat the what i thought was the hardest difficulty on this game (Lost Pages),THEN TURNS OUT THERE'S MORE?? I can't include more than one image for some reason so i will include it in the comments,0,1,1778641057.0,0.23,False,i.redd.it
1t9eu3g,gaming,Forza Horizon 6 Files Leaked After Devs Accidentally Upload Unencrypted Steam Preload,[ Removed by Reddit in response to a copyright notice. ],2728,448,1778437825.0,0.93,True,self.gaming
1tbhnce,gaming,What games will you NEVER uninstall when your storage is full?,I have 1TB on ps5 and sometimes delete a game I like just to have room for something else. There’s a few games that will never see that goodbye…,0,106,1778626695.0,0.42,True,self.gaming
1t97em2,gaming,This has got to be my favourite moment of a video game questioning video game logic! (Screenshot is from Undertale),,2724,113,1778420830.0,0.93,False,i.redd.it
1tbnjq3,gaming,How come billion dollars company like Bungie fail so hard at researching at what gamers want ?,"Topic. It's easy to assume Bungie is probably at the top of gaming companies and it's backed by sony, another top level gaming division. Now when you have million dollars at your disposal and probably the best talent of world. Combine that with years of gamers data and research, how come these company fuble so hard. How they misread the room so badly. At the same time various indies and AA developers are outshining with there games. Bungie had destiny franchise which was at verge of exploring into various media fronts including rumore tv and movies. The franchise itself is problematic to say least BUT a big money maker. Yet they abandoned it to pursue some very niche game with a heavy budget. Its clear cut that if they would have made a sequel to destiny 2 it would have been MUCH LARGER hit. So if profit is all what these companies about , why they make decisions which are opposite. Concord was another glaring example. How much profit do these companies expect out of any games. Is there any metric to it. Because I am so lost. Companies expect billion dollars profit out of 100 million dollars investment if anything less they consider it as failure. Now coming to US developers as whole i don't remember much of success lately. Whereas the Asian counterpart are getting both critical and financial success. Are people really not that talented at these places or something else happens which general public isn't much aware of. ",0,95,1778642113.0,0.34,True,self.gaming
1tbekbc,gaming,"What's a game you should for all intents and purposes really like, but for some reason never got into and why?","For me it's Skyrim.

I like RPGs, I like Exploration. I like Dark Souls, Witcher 3 and similar games.

Overall I should probably like Skyrim, but I've started the game multiple times, back on the 360 and multiple times on PC, vanilla, slightly modded and heavily modded.

The furthest I've come is about the end of act 2 I think, no idea how much side content I did.

  
I just don't like the gameplay, the combat is boring, neither melee nor magic felt good to me, so I always got bored after a while, even tho the world and the atmosphere are cool most of the time.

One day I will get back to it, I still have the aforementioned save, but I have so many different games I'll probably play before it.

  
So what is your game? 😄",0,131,1778619545.0,0.41,True,self.gaming
1t9hvdd,gaming,I made Mehrunes Razor from Skyrim (1045 Steel and Leather),The newest addition to my Skyrim armory,611,47,1778444609.0,0.95,False,i.redd.it
1t98afe,gaming,Nintendo boss reportedly wants to make up for Switch 2 price increase with a stronger line-up of games,,1710,593,1778422965.0,0.89,False,gamesradar.com
1tbi1gj,gaming,Directive 8020 and High on Life 2,"Working up until the weekend, but at least my weekend is sorted. Love the Dark Picture Anthology so looking forward to playing Directive 8020 and as for High on Life 2 was a late discoverer of the first one and was delighted to know they were making a sequel. What’s everyone else playing at the moment",0,18,1778627660.0,0.35,False,i.redd.it
1tb523h,gaming,The Feeling of Anxiety and Awkwardness Playing Games in Public Places,"Does anyone here ever feel like this?

I own a Switch 2 and also a Retroid Pocket 5, and I do love the idea of sitting on a bus/train/plane, or in a cafe, and minding my own business and chilling with a game.

But there's this invisible brick wall that halts me from doing it. The sheer sense of dread, anxiety and unease at the idea of playing a video game in public for others to see in fear of judgment or unsolicited comments.

Have I actually played my Switch in public before? Yes, I have, but every time I do, I feel like I'm doing something wrong, or shameful, and I get so much irrational embarassment, that I just end up turning it off, putting it back in my bag, and just doomscrolling my phone in order to feel ""normal"".

My fears are always the same; someone passing by and either looking at me, looking at what I'm doing, or seeing what I'm playing and making an internal judgment into themselves as they walk away.

I'm also anxious of someone who recognised what I'm doing and makes some sort of commentary, or stands and watches me.

I understand this is a - as I said - irrational feeling, but I cannot shake it. Scrolling my phone on the bus is boring to me, listening to music is fine but I much prefer to be playing something. I'm happier that way.

But anyway, does anyone else get this feeling? The feeling that you're participating in some sort of stigmatised, or ""wrong"" activity? How do you even get to the point of not being bothered by it?

**[EDIT]**
Okay I've seen some comments here that are of some sort of comfort; the ones stating that people often won't pay attention or care - that's a relief to hear. Sounds daft when I say I've never thought of the opposite, but where I live, there are plenty of hooligans that misbehave on public transport and it sort of puts me off, but again if I keep in the mindset of them not caring, it might encourage me more. I guess they'll be too occupied being toe-rags than wondering what I'm doing.

To those that are telling me to get therapy, or grow up and be an adult, or that I made an embarrassing reddit post - you people are fortunate to not share the same feelings I do when it comes to social situations; I envy you. I wish I could say those kind of things to people suffering from chronic anxiety etc. and not feel like an AH afterward.

To the rest of you. Thanks. I thought I was alone in this. I'll try and get into the mindset of reminding myself nobody cares what I do in public but I've had this stupid problem for 20 years and while I am now more confident talking to people who talk to me first, the ""doing what you enjoy in public"" has always been a challenge. So I'll work on it.",0,59,1778599835.0,0.42,True,self.gaming
1t9n5c1,gaming,"Engineer creates video game of Alaska’s Tracy Arm landslide, which generated a megatsunami","&gt;ANCHORAGE, Alaska (KTUU) - An engineering professor outside of Alaska has created a simulation and video game that can help people understand the scale of August 2025’s Tracy Arm landslide and tsunami in Southeast Alaska in real-time.

&gt;The massive landslide fell from the fjord wall in Tracy Arm in the early morning hours of August 10, 2025. It created an approximately 328-foot tsunami wave that pushed water about 1,578 feet up the fjord wall, [according to a new research article.](https://www.alaskasnewssource.com/2026/05/06/alaska-had-second-tallest-tsunami-ever-recorded-2025-with-zero-warning/)

&gt;“It’s really hard to convey the scale of these events. But maybe if we could create digitally, so that you can imagine you there during the event, you’ll have some idea of the tremendous scale of the landslide,” Lynett said. 

&gt;Part of that simulation allows the person playing the video game to try to outride the tsunami on a jet ski.

&gt;The game is not yet available to the public, but he is working on making it available on Steam for free, he said.",199,10,1778457854.0,0.92,False,alaskasnewssource.com
1tbd81r,gaming,RPG where buying from merchants isnt a waste of money?,It's pretty common knowledge that in most RPG buying gear from merchants is a waste of money or last resort only tactic but I think it would be a cool if a game figured out a way to actually balance having a useful merchant with quest/found items anybody know what I mean?,0,67,1778616644.0,0.34,True,self.gaming
1tb253u,gaming,What are the studios of the 2020s that we will remember fondly in the 2030s?,"For me, Bethesda, 2k and Bioware really dominated the 2010s with Fallout, mass effect, dragon age, Skyrim, borderlands, etc. But each of these studios has really struggled to release a game to universal acclaim. Just about everything has been met with a middling response, with most impressions being that ""its alright"" like Starfield, Dragon Age: The Veilguard, Borderlands 3 &amp; 4, and others. 

  
It got me thinking, what studios are having their golden age right now? Nintendo had a sling a heavy hitters, but when I zoom out a bit, I guess maybe the whole question is moot. We've had a lot of studios with just 1 or 2 projects that really blew our minds like Santa Monica with God of War, Larian with Baldur's Gate 3, Elden Ring from Fromsoft and Cyberpunk 2077 from CDProjeckt Red. Each of these studios certainly have a history of making great games in their own right, but have only had one major release so far this decade. 

  
Idk. Interested to know what everyone thinks. 

  
I guess now that I think about it, FromSoft deserves to be in the 2010s too. They really killed it by birthing an entire genre. If you get a whole archetype named after your series you deserve a plaque or something. And on that note, they're kinda the only holdover I can think of from the 2010s right now. 

Edit: deleted FNV from the lineup bc Bioware made that one",0,99,1778593583.0,0.44,True,self.gaming
1t903sy,gaming,Europe May Soon Get a Non-U.S. Alternative to Unreal Engine,,2881,351,1778397890.0,0.88,False,gizmodo.com
1tb3kgj,gaming,Is physical media officially dead? Mandatory online activation for AC Black Flag Resynced is a huge concern.,"I just saw the requirements for the physical edition of AC Black Flag Resynced, and it's disappointing. Even with the disc, you need a mandatory internet connection to install and start the game.

As someone who collects physical games, this is a dealbreaker. It's a single-player experience-why do we need Ubisoft's permission to play a disc we bought? If the servers go down in the future, this disc becomes useless.

I wanted to open a discussion here: Are we okay with this becoming the industry standard? How do we protect game preservation if even physical copies are just 'timed licenses' now?

I'd love to hear your thoughts on this. It feels like we are losing the right to actually 'own' our games.",0,143,1778596700.0,0.46,True,self.gaming
1tbmt30,gaming,4 reasons why Breath of the Wild is the most important game in the last 10 years,"There is barely anything that has not been said about Breath of the Wild. The game got a 97 score at Metacritic, was Game of the Year, is from one of the most prestigious franchises in gaming and is made by the most tradional publisher in the market.

But I still sometimes hear people not giving it credit and saying the Breath of the Wild is only considered special because it is the first true open world game played by Nintendo gamers, which is not true because of Xenoblade, and diminishes all the great features that this game brought and that changed gaming forever.

So here are 4 reasons why Breath of the Wild is the most important game in the last 10 years.

1. It changed the Zelda formula. 

The Legend of Zelda is one of gaming's most important franchises. It has been both a force for revolution and a quality standard in the industry for 40 years. However, some games, no matter how important they are, become dated. Resident Evil had the courage to change its format in 2005 with Resident Evil 4. God of War had the courage to change its format in 2018 with God of War. The same thing happened to Zelda. 

The old formula made by A Link to the Past and Ocarina of Time was great, but got dated. It takes a lot of courage for one franchise this big to take a risk and abandon its main formula. And its huge when it happens and it works flawlessly. Resident Evil 4, God of War and Breath of the Wild were all considered game of the year for that.

2. It changed open-world games for the better.

Open world gaming has been a thing since the late 90s and it really took form with GTA 3 and Morrowind. Ever since, open world games found their form, but like I discussed above, a grest formula can also get dated. The main open world Formula was used by Rockstar, Sony, CD Project but has been known as the Ubisoft formula, where you have a big map full of objectives your main goal is to go to every place on the map and solve the quest, even if its part of the campaign or a side quest. But when Zelda arrived, it changed its focus from quest solving to true exploration. 

It showed how artifical open world games had become. Even great games like Witcher 3, which has much better world building and side quests than Zelda, still feel kinda artificial when compared to Zelda. Games like Skyrim also exists, but those games focused more on hlw your character develops than on the exploration. Breath of the Wild made it possible for games like Elden Ring and Crimson Desert to exist and the industry is better for it.

3. It saved the Switch launch. 

Pretend we are in january of 2017. Nintendo was in the end of the WiiU/3DS era and just had their Switch presentation. They showed a 3D Mario for the end of the year. They showed an Splatoon sequel for summer. But the only new game announced at that presentation for the launch was 1-2 Switch. At the end of that presentation they showed an amazing trailer that confirmed that Zelda, which had previously been confirmed to come to the Switch, would be a launch title. Nintendo stock fell. People concluded that the only good game on the launch of the platform would be Zelda and thst could be a problem. 

What people couldn't have known is how strong Zelda would be. It saved the Switch launch by itself and paved the road to what might end up being the best selling console of all time. If Zelda failed, the Switch could have failed. If the Switch failed, Nintendo would probably have gone third party. And an industry with less competiton is definetly worse.

4. It destroyed the concept of ""handheld game"".

From the launch of the Gameboy in 1989 with Tetris until the launch of Breath of the Wild in 2017, the industry had a concept of what a handheld game was. It was either a smaller scope game than its home console counterpart, like GTA LCS and GOW:GoS or it was a differente kind of game, like Phantom Hourglass was compared to Twilight Princess. 

But then, 2017 arrived and Zelda broke that barrier. It bacame the first handheld game to win game of the year and changed gaming forever. When the Steam Deck arrived, its main drawn was being able to play Elden Ring on the go. Handhelds are back in fashion and they aim to play every game that is being released. The Switch 2 did not get RE Revelations 3, it got RE9. And from now on there is no such thing as a handheld game. Every game is a handheld game. ",0,88,1778640105.0,0.16,True,self.gaming
1t8li77,gaming,Another reminder to embrace your local libraries,,4992,241,1778359135.0,0.94,False,i.redd.it
1t90r15,gaming,Conquest about to conquer a world (Modded RDR2),,484,45,1778400127.0,0.77,False,i.redd.it
1t91a18,gaming,"Just finished Mixtape. I did not care for it, but I also understand why some people love it.","As a TV show, I think Mixtape is pretty good. However, Mixtape is not a TV show, it is an interactive video game. Except, it's also not a game, because to say Mixtape has gameplay would be like saying a TV show is like a video game because you can raise and lower the volume. Mixtape largely achieves the title of video game through technicality.

I actually have nothing against story-driven games with limited gameplay. I enjoyed Life is Strange when it came out, and the recently released Dispatch was also very fun. Edith Finch, That Dragon Cancer, Before Your Eyes, Gone Home, all of these are experiences that benefit a lot from being interactive, but I just don't it see with Mixtape. 

The gameplay changes depending on the moment, but half the time it's either skateboarding somewhere, or walking very slowly. Both these means of locomotion feel really sluggish and bad to control. The non-standard gameplay is sometimes novel or charming but always very slow. As far as presentation goes the game looks nice and sounds nice at least. 

I just don't think this game needed to be a game at all. It gains very little from being an interactive piece of media, beyond the ability to linger in the environments a bit longer, which honestly might be enough for it to be worth it to some people. 

If I had to give Mixtape a score I'd probably settle on a 6/10, but that's because I'm compromising between reviewing it as a video game and reviewing it as a TV show. For actual gameplay I'd give it a 3/10. But as an entertaining piece of media I'd give it maybe a 7/10 since I enjoyed most of it in a guilty pleasure sort of way. ",402,537,1778401966.0,0.68,True,self.gaming
1t90i4u,gaming,"The Making Of: Metal Slug - ""I Never Thought That It Would Have Sequels""",,339,29,1778399275.0,0.97,False,timeextension.com
1t895s0,gaming,My Katamari Damacy full sleeve is complete,"Done by Jeff Ziozios, Bay City Tattoos in Tampa FL over about 60 hours and 14 sessions. ",4179,224,1778343071.0,0.88,False,imgur.com
1tbasgu,gaming,"Games I’m dying to play but won’t until I’m given a physical option. Not sure the response this’ll get, but it’s the hill I die on.",,0,256,1778611584.0,0.16,False,i.redd.it
1t8dee1,gaming,Everyone experiences this at some point in RollerCoaster Tycoon before their learn about the Handyman,,1794,133,1778352587.0,0.92,False,i.redd.it
1t9092r,gaming,Any updated Stardew Valley alternatives?,"Its been a long while since the last post I could find on this and I still havent found a game that quite scratches the same itch, so I thought Id check with the hive mind if there are any other games that have popped up or are on the near horizon.

  
I prefer the top down 2d type of game (so not something like the 'my time in' games, PC is acceptable but bonus points if its available on switch. I like all aspects of the game (farming, fighting/exploring, socializing) and dont mind if a game leans a little more into on part, though less interested in the fighting side if Im being honest.

  
Ive always had my eye on graveyard keeper but heard it has some shortcomings, so the upcoming sequel has me intrigued. Theres a kstarter out for a Renaissance era one called Velanit that looks like it could be good fun so I chucked some money at it, but will be probably minimum a year away assuming it manages to get backed - Hoping for something to to fill some upcoming time off I have. Sound off with any ideas, and thanks in advance!",164,133,1778398397.0,0.82,True,self.gaming
1t9co8f,gaming,Nemesis System in a Superhero RPG | How It Would Work,"Was just thinking about how incredible a superhero RPG would be with the nemesis system, my favorite gaming feature of all-time.

**How would the death revival work?**

* You're either a lab student who gets caught in an experiment gone wrong and now you revive when dead or you come in contact with a magical meteor and revive when dead, etc. | also give you a set powers that you choose and can be improved upon with perks and whatnot through leveling up

**How would the nemesis system work?**

* At the beginning, you beat up goons and villains and can only send them to jail.
* A little after beginning the game, you get contacted by a Nick Fury type person who says ""We're part of the government that tries to rehabilitate villains, when you beat them down send them to us for rehabilitation"" Now after you beat down a villain, in addition to the send them to jail option, you have a send them to Nick Fury's agency option and you can get them rehabilitated there and added to your team, with similar features to Shadow of War (bodyguard, have them attack another villain, etc.)
* Of course rehabilitation can sometimes fail and they can betray you out in the field while you're fighting other villains or just flying/swinging/traversing around the open world
* If you die, whether it's a goon or a villain, they level up, move up the chain of command and get a new perk. There would be multiple different villain groups that are also fighting each other and vying for power.
* Around mid-game, you lose control of your powers and accidentally kill a villain in a scripted sequence. Now after you beat a villain, you can choose to kill them which means they will no longer appear in the nemesis system (unless they cheat death and come back with robot parts or they come back after having been experimented on and now they have more perks)
   * This would give you an opportunity to be a vigilante hero, and while this option may give you more XP, it'll cut you off from quests and worsen your relationship with the police and the Nick Fury-like person's organization, resulting in the ""bad ending""
   * BONUS IDEA: What if you start the game with only decent super strength, but you discover that you can steal villains' or other superhero's powers, but ONLY if you kill them! Would give the player some dilemmas where you could really like an NPC's personality and such and want them on your team, but also you kind of want their powers for yourself.
* Auto-generated names/personalities/traits for heroes and villains that get added to the game all the time just like in Shadow of War
   * They can level up by completing missions/taking each other down

**Character Customization**

* Full character customization, hair/skin color/tattoos/etc.
* Pick your superpower (starts off weak then gets better through perks/leveling up)
   * Only 3 basic powers to pick from (fire, ice, electric) but can gain other people's powers by killing them (refer to BONUS IDEA above)
   * Hero Route - Stick with your power throughout the whole game just upgrading it, can still get pretty strong
   * Vigilante/Villain Route - Kill other villains/heroes for their powers

**Open World**

* I'm thinking it takes place in a REALLY BIG city (like super huge mega city) with some outskirts to roam around for exploring and also below the city are like sewer cities/outposts
* Quests/points of interests/ etc.
* In-game social media app/podcast that comments on things that happen like when heroes take down villains and vice versa
   * Think Jonah Jameson in the Spider-Man games or the social media app in the NBA2K games 

**New Game+**

* Can start with a way bigger selection of powers/outfits/costumes
* Stronger enemies with more perks
* Can kill right from the start of the game

**DLC**

* Villain DLC that lets you join the villain's side
* Attackers from Beyond DLC - aliens attack the giant city

  
What do you y'all think? I would love to play this game and i don't think it would be out of the realm of something that could possibly be made (obviously the nemesis system is in limbo rn with Monolith Productions going under but a guy can dream lol)",28,38,1778433012.0,0.61,True,self.gaming
1t8jpog,gaming,"We tracked over 5,000 unique players over almost six months in a limited Minecraft world with no rules or admins. Here is the political and map they've created (and warred over) so far.","This experiment we are running has no admins or staff enforcing borders, so what you see here are players who are claiming land and hoping they are able to hold it using in-game mechanics. 

This experiment has been running around six months so far and has had over 5,000 unique players join and contribute in that time. Borders are shifting all the time and the world is changing at a rapid pace. 

The east is currently in a bit of a chaotic state at the moment, with multiple skirmishes and small wars going on. But new nations continue to pop up despite the sporadic conflict. Many of the world's nations are working on rail lines and debating best practices and methods. Others are just writing books and distributing their literature and propaganda through the world using a printing press.

Feel free to ask about any certain areas or conflicts on the map! I love to see how this has developed over time and what actions/decisions people take next to shape the world. It's crazy what giving people a truly free sandbox can do. Yet, they'll still draw borders and imaginary lines. ",758,150,1778357711.0,0.88,False,i.redd.it
1t8dl6q,gaming,"Was looking at old photos this morning and came accross the Star Fox team designed by the God of War art director, Raf Grassetti. Reminds you of something?",Weirdly similar to the new Star Fox design revealed this week.,957,104,1778352960.0,0.83,False,i.redd.it
1t92h8m,gaming,A Blast from the Past Ep.1: Dead to Rights Retribution,"Dead to Rights: Retribution: A Forgotten Gem of the Action Genre

Today I want to talk about one of my favorite games in my collection, a true underdog that dared to introduce bold, innovative mechanics, only to be unfairly slammed by the press and quickly fade into obscurity. I’m talking about Dead to Rights: Retribution, developed by Volatile Games and published by Namco Bandai Games for PlayStation 3 and Xbox 360 back in 2010.

You play as Jack Slate, a no-nonsense detective with a brutal, take-no-prisoners approach to crime-fighting. By your side is Shadow, his loyal and deadly husky companion. Shadow isn’t just for show; he’s a fully controllable ally, giving the game a unique and memorable dynamic.

What sets this action game apart is its seamless transition between third-person gunplay and hand-to-hand combat. It brilliantly blends the mechanics of cover-based shooters with the intensity of 3D brawlers. I’ve yet to play another title that strikes such a satisfying balance between the two.

The disarm system is particularly noteworthy and, honestly, criminally overlooked by the industry. You can disarm enemies in close quarters, instantly turning their own weapon against them with a cinematic headshot. It’s fast, visceral, and incredibly fun. To this day, I don’t understand why no other developer has adopted this mechanic.

But that’s just the beginning: bullet time, blind fire while facing away, brutal melee finishers, and the ability to use enemies as human shields; this game does not hold back. The impact feedback is gloriously weighty, with a proper fighting system that includes light and heavy attacks, dodges, guards, and parries.

You can also issue simple commands to Shadow via the D-pad, like attacking enemies or fetching weapons and ammo. There are even stealth segments where you control Shadow directly, letting you maul enemies and toss them around like ragdolls. It’s as savage as it is satisfying.

Narratively, the story is a serviceable hard-boiled noir setup. It's nothing groundbreaking, but enough of a reason to unleash hell on every lowlife in your path.

The graphics are rough, and some character models are downright ugly. Still, there’s a rugged, almost spartan charm to the aesthetic that fits the tone perfectly.

If you’re a fan of gritty action games, Dead to Rights: Retribution is absolutely worth your time. It's one of those rare titles that dared to do things differently and largely succeeded, despite being buried by the market.

So, did you know about this title? Have you ever played it, or did I just introduce you to your next hidden gem?",54,23,1778406208.0,0.73,False,i.redd.it
1t87fvl,gaming,Subnautica 2 Early Access Gameplay Trailer🎉,Early Access launching on may 14th!,1072,302,1778339117.0,0.88,False,youtu.be
1t7vfrp,gaming,"Nintendo president apologizes for Switch 2 price increase, promises ""robust software lineup"" to make up for it",,5543,657,1778303276.0,0.93,False,nintendoeverything.com
1t90amk,gaming,What's your hook in playing racing games?,"In my teens I used to play a lot of NFS, Midtown Madness, Monster Truck games. Extensively played Drive Club and Forza Horizon games. But lately I've lost interest and can't understand why. What's your hook in playing those games?",35,115,1778398553.0,0.74,True,self.gaming
1t9zjwn,gaming,Show frame rate for windowed game?,"Does anyone know how I can show the frame rate for a windowed game? Anything I tried (Steam overlay, Nvidia, Xbox game bar) just seems to work with full screen games. ",0,18,1778496269.0,0.39,True,self.gaming
1takqg2,gaming,Mixtape is commissioned art and should’ve been marketed as such.,"Not here to hate on or defend the new game Mixtape, I just wanna give some context I don’t see enough people discussing on this site and maybe shed some light on why it’s divisive. 

The financial backer of Mixtape is Megan Ellison, daughter of Oracle CEO and founder Larry Ellison. She’s been known to bankroll movies even if the director is known for being commercially unsuccessful. Megan’s behind movies like Her, True Grit, Nimona, and Phantom Thread and she’s built a reputation in Hollywood for being the equivalent of a Renaissance patron. 

Mixtape makes more sense from this angle. It’s the A24 or Letterboxd crowd dabbling in what is essentially the visual novel format. Look at a trailer for a prestige indie movie and you’ll notice Mixtape’s marketing is much more similar to a Paul Thomas Anderson flick than a more conventional game. I suspect this is why there’s such a huge game between your IGN types and what your average Joe on this site is saying.  ",0,249,1778543572.0,0.32,True,self.gaming
1t8u5km,gaming,Why is Mixtape so divisive?,"There seems to be a lot of love for the game from reviewers and journalists. And that seems to be making a group of people irrationally angry. Like, what is people’s problem with the game? I’ve seen comments like, ‘walking sim bad’, ’it’s cringe’, and ‘IGN gave it a 10 but Crimson Desert a 6’. I genuinely don’t understand what one has to do with the other. I’ve also seen people pull out the ‘iTs wOkE!’ Which doesn’t feel like it means anything anymore. It’s just a buzzword for things that conservatives hate. 

I haven’t played the game yet, so I’m happy to hear actual criticism about the game. But so far, it seems like noise to me, and I don’t get it?",32,648,1778379567.0,0.57,True,self.gaming
1t7k6qv,gaming,Slay the Spire is currently being review bombed over listing Anita Sarkeesian in the credits for Slay the Spire 2,bruh,7845,1378,1778273248.0,0.85,False,thegamer.com
1t7orga,gaming,Double Fine Is Unionizing,,2311,96,1778284257.0,0.95,False,aftermath.site
1t9rniw,gaming,Help my wife pick her first Zelda game,"My wife (33) is the definition of a casual gamer. She grew up with Sims and Civ on her family computer but never really had a console. Stardew Valley and Kirby and the Forgotten Land are her current favorite games. But she also enjoys co-op/competitive games like Mario Kart, Plate Up/Overcooked, Boomerang Fu. In her mind, there are four broad types of games (her actual words and definitions):

Shoot ‘em ups: Not actual schmups but literally any game with a gun where the aim is to shoot other things. Halo and CoD are prime examples. Worms also falls into this category because “they have guns and you shoot the other worms.”

Storybook games: any game that doesn’t just drop you into the game immediately and has a cutscene longer than 15 seconds. 

Open world games: self explanatory, but any game where you can go where you want. Elden Ring, Hogwarts Legacy, Kirby and the Forgotten Land. 

Computer games: Sims, Civ, Neopets, Oregon Trail, etc. Stardew is technically “a computer game but on the Switch.”

She knows what Zelda is (but thinks it’s dumb it’s called Zelda when the main protagonist is Link) but is curious to try a Zelda game for the first time. Based on the above, what do you think the best place for her to start would be? OG Zelda feels too hard due to lack of direction. I worry she’d bounce off OoT/MM because it will feel too dated. I was thinking Link’s Awakening, particularly the Switch remake. 

Thoughts?",0,78,1778470441.0,0.43,True,self.gaming
1t9x1ju,gaming,What's the biggest lie you've seen in the gaming industry?,"For me, YandereDev, enough said.",0,190,1778487815.0,0.32,True,self.gaming
1t8374y,gaming,What’s a weird gaming habit you’ve had for years?,"Could be saving too often, checking every corner, reloading after tiny mistakes, organizing inventory obsessively…

I feel like every gamer has at least one habit they never grew out of.",159,394,1778328414.0,0.82,True,self.gaming
1t8rnub,gaming,Time-strapped Dad: Pragmata or Saros?,"I have limited time for gaming these days and have contemplated buying one of these games, but am unsure which will be the best use of my time. This leads me to crowdsourcing Reddit opinions, the ultimate decision making tool. I played Returnal and really enjoyed it. Pragmata sounds like a decently short experience (a positive) and people seem to like it, especially dads.

Thoughts?",16,35,1778372546.0,0.72,True,self.gaming
1t7l0uz,gaming,Sony Backs ‘Marathon’ Even After $765 Million In Bungie Impairment Losses,,2185,705,1778275101.0,0.94,False,forbes.com
1t9utxk,gaming,"Got a Steam controller, need some advice on games that run on a potato.","I bought a Steam Controller as it had showed sold out and then randomly popped up for sale (Australia), and I grabbed it.

My teen son has a competent gaming PC and vast Steam library, the controller will be well loved.

But in the interim, I had a blast ont AM4 5600G running only integrated graphics.

Megabonk is great on the controller. I really like the controller, far more than I expected.

I'm coming from a Dualsense Edge on PS5PRO. PC is not and won't be more than a bit of a look.

What other games work ok on a AMD 5600G (Zen 3 integrated graphics), 32GB ram.

EDIT:

Sorry if my use of ""potato""was incorrect here. The controller was bought becuase I could, not because anyone in the houshold was wanting it, besides it's cool and new factor. Now I want a steam machine, it's really nice hardware.

Regarding Vampire survivors, the rotation pattern I get into has caused drift in my Dualsense Edge modules twice, (I'm quite certain it's the direct cause). The Steam Controller is less susceptible so that is an ineresting a win there.

Games suggested so far:

Doom 2016, Portal1 and 2, Warframe, Hades, Hollow Knight, Vampire Survivors, Torchlight 2, BG3, CP77, Halo MCC, ESO, FO76, Destiny 2, Dragons Quest 1+2 remake, Vampire Masquerade Bloodlines (with mod), Skyrim, Left For Dead 2, Disco Elysium, Risk Of Rain 2, Tunic, Coal LLC, Barony, Undertale, Celeste, Dead Cells, Stardew Valley, Divinity Original Sin 2

I was going to type all this on Steam controller but that was excessive.",0,29,1778480269.0,0.27,True,self.gaming
1t7819w,gaming,"Indie shooter devs pull a reverse-Concord: No one played their game, but they 'make it free to play and keep the servers online indefinitely' anyway","&gt;Which was something of a bittersweet event for its devs at Double Eleven, who wrote in a message to players that ""We failed on our terms, and we're proud of that.""

&gt;Blindfire had, quite simply, failed to set the world on fire. Despite mostly positive reviews, it never caught on, meaning its release was more of a Viking funeral than anything else. But—in a time where [online games suddenly becoming unplayable](https://www.pcgamer.com/gaming-industry/stop-killing-games-delivers-absolutely-incredible-hearing-in-european-parliament-there-was-no-parliament-member-that-wasnt-responding-positively/) is more of a hot-button issue than ever—the devs said that they were going to make the game free rather than shutter it, and committed to keeping the servers up for years to come.

&gt;""Blindfire didn't blow up. It didn't top charts. But it meant everything to the team who made it,"" wrote the devs. ""Instead of shutting it down, we've made Blindfire free for everyone. Not as a marketing stunt. Not as a desperate last push. But because we believe creative work matters, even when it doesn't go viral.""",9355,543,1778247036.0,0.95,False,pcgamer.com
1t79etz,gaming,"Super Mario World, The Legend Of Zelda Director Takashi Tezuka Retiring From Nintendo",,3965,126,1778250127.0,0.98,False,gameinformer.com
1t7iwby,gaming,"Andy Serkis says the success of games like Clair Obscur is ending Hollywood “snobbery” about video games as inferior media: “I don’t see any difference between that and acting in films/stage/TV. The irony is Hollywood is using video game engines to drive all their previews for big action sequences""","&gt;“I don’t see any difference between that and acting in films or on stage or TV. It’s exactly the same. You approach the character and build a character in the same way.”

&gt;And my first engagement with video games was with a company called Ninja Theory. And we made a game called ""Heavenly Sword"" for PlayStation 3. At that point, actors looked down on video games as like, ""I wouldn't get involved in a video game."" You know, now young actors coming out of drama schools and they're like, ""I really wanna be in a video game."" The irony is that Hollywood is using video game engines to drive all of the previews for all of the big action sequences in all of the movies, but also for cinematographers to use pre-vis and to be able to place light sources or moonlight or sunlight or, you know, very specifically in a shot. It's an essential tool of modern filmmaking.

&gt;And there has always been that snobbery about video games not being anywhere near filmmaking. But that's all changing and certainly looking into the future when we have more immersive storytelling, which is what's happening.""",1210,146,1778270412.0,0.94,False,youtu.be
1t7bi14,gaming,"After 42 years of working at Nintendo, Takashi Tezuka is retiring. He co-created Mario Brothers, and served as director of such games as The Lost Levels, SMB3, SMW, SM All-Stars, and Yoshi's Island, and was responsible for major contributions to the company.","Enjoy retirement, legend!",2627,49,1778254588.0,0.98,False,i.redd.it
1t7rs3p,gaming,What game that's shut down would you love to play again,For me that has to be Gotham city imposter I loved that game,376,822,1778292538.0,0.91,True,self.gaming
1t7asiz,gaming,An Ad for a Super Nintendo Game Sale from 1990,,2332,866,1778253060.0,0.96,False,i.redd.it
1t7doou,gaming,"Fallout 1 and Elder Scrolls 3: Morrowind now run on Fallout 4's Pip-Boy, thanks to a modder",,1324,45,1778259302.0,0.98,False,rockpapershotgun.com
1t7gq4v,gaming,Skywind 2026: The Road Continued,,517,74,1778265636.0,0.92,False,youtube.com
1t96met,gaming,"This stealth WW2 game ""Airborne Troops: Countdown to D-Day"" has cool stealth gameplay","Been replaying this game out of nostalgia of the PS2 days, as I've played it back when it came out in 2004, and wanted to see how badly or well it aged, but this time I'm playing it on PC. My verdict is, the game has entertaining but shallow stealth gameplay, I'd like if the game had a way more refined detection/alert system, but the World War II backdrops in Normandy are cool to look at.",0,6,1778418839.0,0.46,False,i.redd.it
1t7q21l,gaming,Planet of Lana 2 was a beautiful sequel,"I absolutely adored the first game (made a post about what I liked on this sub if your interested) and the sequel didn't disappoint.

Once again the music composed by Takeshi Furukawa is just beautiful, nothing massively different to the first but has enough of a change to show the progression but recall back to our past memories with the game.

The visuals are gorgeous as ever, love the art style of a painting like design, vibrant and pretty with plenty of eye candy on top of the new biomes and locations that we get to explore. 

The story progresses Lanas and Muis journey, it manages to keep the intrigue around the space faring civilisation dpesite what was revealed in the first game which was fun to learn about as your revealed more details. It sets up a 3rd installment very well, or not as the ending for now can be interpreted however you like to, up to the studio if they want to (please do it!!!!!)

Gameplay is also a progression of the first, again nothing drastic or different but it's enough where it's refreshing but familiar as well as puzzles requiring more thought and consideration which I liked alot.

Planet of Lana 2 is a wonderful game, it took me about 9hrs to finish though I did take my time and walked alot through location to location, probably looking at 7ish hours of playtime for a standard playthrough. Very much worth the price being offered for the experience visually, musically, gameplay and story wide.

Thanks for reading if you did! ",117,45,1778287771.0,0.83,False,i.redd.it
1t7bitf,gaming,Star Fox – Prologue – Nintendo Switch 2,,626,264,1778254636.0,0.85,False,youtu.be
1t9iyxr,gaming,The IGN reviewer was mostly right about Crimson Desert - it is a pure 6/10. [post is full of spoilers],"I have 24 hours in the game and I can't force myself to play it anymore. It's just so damn boring. 

Anyway, for fairness's sake, I will start with the pros.

1) the world - it's really detailed, whole lots of activities, puzzles to do and points of interests to discover. It's brimming with detail and it's absolutely beautiful and varied. Granted, I played for a short amount of time, but the things I disovered were always varied.

2) the combat - feels nice and packs a punch. You have a diverse moveset and it's gennerally really fun. Boss fights are cool as hell.

3) graphics - mostly great ('cept indoor lightning). Enviroments look really beautiful.

4) post launch support - really great, lots of new features added, QoL stuff also done, bugs ironed out.

That's where the pros end.

Cons: 1) the main story - boring, dumb and barebones. That's how I describe it. There are \*many\* main fetch quests in the story which are a boring slooooog. A lot of barebones story elements which shouldn't be barebones - like politics. In a game like KCD1, politics between nobles was everpresent and done masterfully. It was funny, serious, enthralling and many times intense.

On the other hand, CD has tons of factions everywhere, but the politics are just not there at all. At most, they are very surface level. It should ve the opposite!!! There is sooo much potential there and it's all wasted away. 

2) the side quests - same as the main quests: incredibly boring and straight up dumb. One sidequest had a noble asking Kliff to check out a mysterious building that he is very worried about. I went in expecting something like a cool ancient castle or a cave - however, it turned out to be a FAST TRAVEL POINT. THE SAME THING THAT'S IN THE TOWN CENTRE OF HIS OWN TOWN (Hernand). What the fuck man???

3) The MC is a NPC - ""alright, FAASTAH, yes, fine"". It's his whole dictionary. Expressionless and emotionless. Complete opposite to Henry (KCD), V (Cyberpunk), Geralt (TW3) and Arthur (RDR2). 

4) the dialogue in general - it feels really artifical (especially when the dialogue is moving to slow). It's soul crushingly boring and could honestly make me sleep better than an insomnia medicine

5) random things like combat lasting way too long, the boring cooking animations, significant buildings in enemy outposts being really hard to find, characters being locked out for no reason

6) the beggining of the game - it's so confusing. After you die in battle and get ressurected in the intro, you arrive to hernand and then greet an old man, seek information in the inn only to be forced to arm wrestle for some reason (???) which is followed by a hostage situation. After that, you have to do a bunch of AWFUL main story fetch quests. And folks say RDR2's intro was bad...

Anyway, that's all. Curious to hear your thoughts. ",0,144,1778447217.0,0.44,True,self.gaming
1t70g29,gaming,"News Release : May 8, 2026 ""Notice Regarding Price Revisions for Nintendo Products and Services""",,2372,595,1778224162.0,0.96,False,nintendo.co.jp
1t778cw,gaming,"TIL that there were about a dozen Game Boy Color games with rumble. They had oversized cartridges, with space for a spinning motor with an off-center weight and a AAA battery, letting the game cartridge act like an N64 rumble pack",,715,125,1778245198.0,0.96,False,imgur.com
1t9l17t,gaming,"Here's the nightmare fuel of the day! (Spoilered it for anyone who hasn't played through the neutral route of Undertale and, more importantly, anyone who has a fear of bugs... seriously, if you hate creepy crawlies, do not click!)",,0,23,1778452303.0,0.13,False,i.redd.it
1t9abqw,gaming,"What  simple game feature screams  ""ah this game is good""?","been wondering that, since no game is perfect.

But what is a simple feature to make a game significant better?

  
To me it is buttery smooth gun play in an FPS game ",0,88,1778427683.0,0.39,True,self.gaming
1t8yk14,gaming,Simple Questions Sunday!,"For those questions that don't feel worthy of a whole new post.

This thread is posted weekly on Sundays (adjustments made as needed).",0,26,1778392805.0,0.46,True,self.gaming
1t9cq2a,gaming,Who would win in a deathmatch Booker dewitt and Elizabeth vs subject delta and Eleanor lamb both at full power and upgrades,"I honestly can't tell who would win both the fight. Both have incredible firepower and powers that could give them the edge over the other but in the end I would have to give it to Booker and Elizabeth due to Elizabeth ability to warp reality though tears, but what do you belive",0,15,1778433128.0,0.12,True,self.gaming
1t719li,gaming,PVKK (Planetenverteidigungskanonenkommandant) Delayed to Next Year,,932,116,1778226989.0,0.93,False,i.redd.it
1t6u159,gaming,New DLC for Resident Evil Requiem just released,,2730,216,1778204620.0,0.95,False,i.redd.it
1t7502d,gaming,We just released my dream game called WARDRUM on Steam! It combines turn-based tactics with rhythm. (Video with sound in the comments),,449,104,1778239276.0,0.87,False,imgur.com
1t7c26n,gaming,"The SNES and Genesis were legendary, but the TurboGrafx-16 doesn't get enough love.",,182,95,1778255797.0,0.86,False,i.redd.it
1t7izjh,gaming,Thats what you get for always blocking the door!,Game: Windrose,65,10,1778270599.0,0.76,False,i.redd.it
1t7f70h,gaming,I made a poster for STRANGER THAN HEAVEN,,99,19,1778262406.0,0.75,False,i.redd.it
1t6dal6,gaming,"""It is frustrating to see policymakers suddenly claim everything is 'for our safety'"" - Stop Killing Games joins pushback against age verification laws",,9891,445,1778166444.0,0.98,False,eurogamer.net
1t6sqty,gaming,Path of Exile 2 is officially leaving early access soon,,1285,358,1778201044.0,0.88,False,polygon.com
1t716xa,gaming,Nintendo Switch 2 has sold 19.86 million units / Nintendo Switch has sold 155.92 million units as of Q1 2026,[IR Information : Sales Data - Dedicated Video Game Sales Units](https://www.nintendo.co.jp/ir/en/finance/hard_soft/index.html),330,308,1778226740.0,0.83,True,self.gaming
1t92p2u,gaming,"It’s like playing a Gen X John Hughes Movie - Just Finished ""Mixtape"" on PS5. Sharing some of my thoughts and observations and comments (non-spoilers and not a review).","I just wrapped up Mixtape on PS5. I really enjoyed the game. I don't consider myself a big gamer (I buy probably 4 games a year and probably average 3 hours a month in gaming). Very different than any game I’ve played (not a big simulator person).

* I got this due to the buzz I've been hearing about + that its a short (I did it in 4 hr) campaign and it truly felt like playing a movie.
* Maybe Super Bad esque movie. Animation is very much Spider-Verse
* Honestly as O.G. gamer, it gave me Dragons Layer Vibes but happier as it’s intuitive, forgiving, rewards experimentation (i spent a solid 20-30 mins replaying slushy)
* Like a cassette mixtape, there is a an A side and B side. I broke the game up around track 12/13..
* The final Track on Side A (🖕🖕Level) is currently my favorite level.
* I hope we get additional content but don't think so
* The skateboarding mechanics around is soooooo much fun
* Camera motion sooometimes got weird but not distracting. I only got throw off course that I wasn’t watching a movie
* I can envision this as a fun game to bring people over and play with a group (they watch it as a movie and you audience asks the player
* 4.20/5 stars (would have been a 5/5 but i haven’t figured out how to get high in the game yet). All jokes aside it’s a 9.5/10. Great game. Also let me know if you figured out how to get blazed

  
Let me know if you have any questions and I'll try my best to answer or provide my POV.",0,31,1778406962.0,0.24,False,i.redd.it
1t7oi8j,gaming,Nintendo Switch 2 Pro controller and any other controller with 2 extra remappable buttons,"I recently got the NS2 Pro controller and I honestly forgot about the ""GL"" and ""GR"" buttons that are on the bottom of the controller and have a question for anyone willing.

What video game(s) and function(s) did you remap a button to those bottom buttons and why? (or any other controller that has 2+ extra buttons)

thank you in advance!",12,26,1778283586.0,0.66,True,self.gaming
1t8qvo8,gaming,What's one video game you are surprised made a whole bunch of money?,Like you play this game and you didn't think it was all that but to later look online and see that the game developers made bank,0,91,1778370436.0,0.39,True,self.gaming
1t8wtb3,gaming,"Sometimes, I am not a smart man.",""" a Japanese PSP game a goodwill? Oh hell yeah, I bet it's some kick ass jrpg I've never heard of and I don't know Japanese, let's get it!!!!""

Ya, it's not a kickass jrpg game, apparently It's a fan service romance visual novel as far as I can tell/read up on",0,18,1778387397.0,0.28,False,i.redd.it
1t6f5ot,gaming,Escape From Tarkov lead game designer quits after 1.0 release,,3385,497,1778170356.0,0.96,False,dualshockers.com
1t93j55,gaming,"I think Marathon suffers from people being afraid to try and play this, due to the overwhelmingly negative discourse surrounding Bungie","I've seen a video recently, where the guy said this game is among the most searched entries on steam db, and it still is like that. So if I don't misenterpret something, the game has a ton of interests

the game looks very interesting, with a very distinct artstyle, combined with the gunplay from bungie, I think a lot more people would give this a shot if there wasn't all the negative discussions surrounding it, making it seem like not only this, but destiny could be shut down in the near future, a lot of it is Bungie's own fault, but still.

So if I don't misinterpret steam db's most searched games list, the game has lot of interest, but the uncertainty of bungie and their now 2 main titles, deters most people away to try, in their mind, a potentially soon to be dead game

edit: clearly some of you, not all,  didn't even bother to read what I wrote, also being condescending seems like a common thing in this sub or what?",0,97,1778409781.0,0.23,True,self.gaming
1t69jzj,gaming,I honestly really like the new designs and i think the overall project makes sense,"The title of the game implies that Nintendo wants to push this basically as a reboot. And i do understand that this can be ""meh"" for long time fans but with how popular the movie and the Switch 2 are, its a really good occasion to start from zero.

  
Speaking of Zero, i think this new Starfox is really the first real time they tried to reboot the series using 64 as a base. Yes, Zero did that too, but not only with a weird gimmick that made the gameplay worse but also on a console nobody got. If a tree falls in the middle of the forest and nobody is there ecc. ecc., apply the same thing to Starfox Zero. 

Speaking about the artstyle, i found it weird at first but the more i look at it the more i like it. The idea of having actual animal-looking animals fighting in space is kinda fascinating to me and it reminds me of Fantastic Mr Fox. I also think it makes sense from a business standpoint: this is basically a reboot, and by giving this game his own (weird) artstyle it makes it stand out more from the rest of the Nintendo games. Its really unique. But that's my opinion of course.



Overall im really hyped for this project, the visuals are awesome and im really curious to see the new cutscenes and play the new online mode. And i hope this is going to sell enough to make new titles. 

  


  
",6084,1123,1778158095.0,0.89,False,i.redd.it
1t6vi6y,gaming,"Instead of ""what games aged poorly"" let's talk about what makes a game age poorly or age well?","Let's talk about the features or aspects of games that make them still playable by today's standards.

Like why does Ocarina of Time stay gold? What is a game Like OoT that did not age well? What makes them substantially different?",260,335,1778208754.0,0.8,True,self.gaming
1t77c8q,gaming,"Sony, PlayStation Chiefs Detail AI Vision Amid Tariffs, Memory Crunch",,36,132,1778245422.0,0.59,False,variety.com
1t8sfi7,gaming,"Remedy's control is now available on iphone and ipad for R99(around 5/6 $), what does this mean for the future of gamining?",I'm currently playing on my ipad mini 7 with a controller and it got me thinking about what the future holds and why is no one talking about this more?,0,33,1778374670.0,0.2,True,self.gaming
1t78vgj,gaming,Is there a game similar to Xcom 2 that has cooperative multiplayer?,"I’m trying to find a co-op game for myself and a friend to play. I’m wondering if there is a game in this genre (x-com, chaos gate demon hunters, phoenix point) that allows a cooperative campaign experience.

Thanks for any recommendations ",30,48,1778248935.0,0.79,True,self.gaming
1t6qzl1,gaming,Steam Controller: Reservations open May 8th,,362,130,1778196368.0,0.89,False,store.steampowered.com
1t6716z,gaming,Pragmata Has Sold 2 Million Units In 16 Days,,3559,345,1778151380.0,0.95,False,ign.com
1t8b962,gaming,The new Teenage Mutant Ninja Turtles game is the best TMNT game in years - POLYGON,,0,20,1778347772.0,0.42,False,polygon.com
1t8t6qt,gaming,"Nowadays every game has a static HUD, I miss HUDs that would dynamic move according to what was happening in the game.",,0,34,1778376791.0,0.3,False,i.redd.it
1t7wf73,gaming,Self Promotion Saturday! Small streamer? Just getting started? Tell us about it here!,"Use this post to tell us about your YouTube Channel or Twitch stream! Show us your creativity and tell us why we should subscribe. What makes you unique?

Please note that this thread is NOT for selling or advertising stores. Report any such posts and we'll deal with them. Thanks!

This thread is posted weekly on Saturdays (adjustments made as needed).

Reminder that you must follow our [rules of promotion.](https://www.reddit.com/r/gaming/wiki/index?utm_source=reddit&amp;utm_medium=usertext&amp;utm_name=gaming&amp;utm_content=t5_2qh03#wiki_rule_7.3A_self-promotion)",0,16,1778306408.0,0.5,True,self.gaming
1t8a7e9,gaming,Is it possible to create a custom server on ps3 to play max payne 3,I really miss this game and I hear it was done with driver san Francisco and wondered if max payne was possible?,0,10,1778345462.0,0.25,True,self.gaming
1t6zlfz,gaming,Making Kingdom Come: Deliverance 1 &amp; 2 | Warhorse Creative Director interview (PC Gamer),,60,9,1778221358.0,0.74,False,youtube.com
1t83pqo,gaming,What's the most interesting placement-based game you've played?,"I'm using 'placement-based' in quite a loose way here - I mean games that use tiles, or counters on a grid / network or stuff like that where placement matters massively towards winning, as is the main mechanism towards doing that, with or without mechanics built on top?",0,64,1778329850.0,0.38,True,self.gaming
1t6s9nv,gaming,What's one video game character in your opinion got screwed over by the plot?,There are a lot of characters that get screwed over by the plot but if you had to pick one character who would you pick and why,149,310,1778199721.0,0.81,True,self.gaming
1t6gfsj,gaming,"Angry Birds, Dragon Quest, FIFA International Soccer, and Silent Hill inducted into World Video Game Hall of Fame at the Strong Museum of Play.",,472,77,1778173068.0,0.95,False,polygon.com
1t8n0xz,gaming,Mixtape is a Fine Movie (spoilers hidden),"Well, you already know where this is going, so I'll save you the time. Mixtape is a 7/10 story with 3/10 gameplay, and it continues the precedent that reviewers heavily favor story games over other game genres.

I completed the game.&gt;! I like the Lesbian stuff of rockfords character being a small footnote over the trope of being the entire personality!&lt;. I don't resonate at all with the story or time period, and a lot of the stuff that happens is just completely unbelievable. The game comes off as bit of a nostalgia bait, and yet in other ways just doesn't feel like it at all. The story moves too fast for me to really get engaged deeply with the characters, so I didn't feel anything &gt;!when cass just storms off angrily, even though the game wants me to. The game portrays the dad cop in such a bad light that it honestly feels pretty silly when he just... suddenly gives her space when somethings on fire? He was convinced by talking with her ""bad influence"" (in his eyes) friend once? !&lt;  It just feels like a victim of not exactly having enough time to properly flesh out the character, and it disappoints. I also feel like the characters are somewhat tropy.

In terms of gameplay, the free roam interactions aren't bad at all, even though the game feels pretty stiff during it. The problem comes from the walkathon move in one direction sections that don't really add substance, and the autoscrollers. The walkathon sections are, as advertised, walkathons. You only need to press forward and they last a little too long, so they lose their novelty. They're also pretty misplaced in the story and they feel awkward after a moment of ""wow thats cool"". And the autoscrollers... jesus christ the autoscrollers. Besides a singular softlock because I actually tried to play the game (I got stuck in a slide), you can basically afk through 80% of them. Infact they actually play more interesting that way, because it looks risky (there aren't any fail options) when the game tries to autosteer. Almost like the sections would feel better as cutscenes. 

I feel like the game is getting 10/10s because its a story game, and its lack of substance in gameplay becomes an excuse to hard focus on the story. Which feels increasingly common for video games nowadays.

Its a 6/10 for me, which is still a good score in my scale of rating. The game just doesn't wow me story wise and it has no gameplay to make up for it. It also lacks replayability, which is a HUGE negative for these games. There's nothing new to explore in a second playthrough besides doing nothing in the autoscrollers.",0,51,1778360657.0,0.25,True,self.gaming
1t6kamx,gaming,Werewolf: The Apocalypse - Rageborn - Reveal Trailer,,187,136,1778181068.0,0.87,False,youtu.be
1t6ogz1,gaming,Anyone know what's going on with ILL development or release date?,I want to wear a mech suit and shoot giant babies.,89,50,1778190155.0,0.77,False,youtu.be
1t7zuy3,gaming,Is the constant steamchart watching part of the reason games get more and more risk-averse?,"People just constantly create another steam chart karmafarm slop, not only for this game but so many other games are just measured by their player numbers which is ridiculously stupid. 

The bigger reasons are the ridiculous dev times and budgets, but I think these negative low effort and low value posts by the internet, create a ton of damage for games and deter people from even considering trying them.

",0,26,1778317958.0,0.38,True,self.gaming
1t8jn7n,gaming,Mixtape is an absolute gem that should not be missed by anybody who grew up in the 90s.,"I went into Mixtape expecting one of those wistful little Indie gems and walked out wanting to phone every friend I had at seventeen. This game is special. Not in the polite, ""well-crafted indie"" way critics reach for when they don't know what else to say, I mean the kind of special where you sit there after the credits with the controller in your lap, slightly hollowed out, and very glad about it.

You play Stacy Rockford, a girl on the last night before leaving her hometown, maybe forever, in Northern California in the nineties, walking through her own memories with her two best friends, Slater and Cassandra. That's the whole pitch. No inventory, no skill tree, no crafting bench. What there is, is a mixtape, the one Rockford has put together for the night and the entire game is built around it. Each track triggers a vignette. You skate down a hill, take photos, skip rocks on a lake, hit baseballs, drift through a rainy day. Nothing overstays its welcome, and almost nothing repeats. It feels like flipping through a shoebox of old photos, except every photo gets to play its song.

And what songs. The Cure, Joy Division, Siouxsie and the Banshees, Lush, Roxy Music, DEVO, Iggy Pop, Smashing Pumpkins, Portishead. They didn't license a soundtrack, they curated an entire emotional autobiography. The needle drops are gorgeous, but more than that, they're meaningful. The team clearly thought hard about the kind of person who would insist on listening to one playlist all day long, and what music would mean to them, and the result is a soundtrack that doesn't sit underneath the game, it is the game.

The nostalgia is what catches you off guard. I didn't grow up in nineties California. I didn't even grow up in the USA. I didn't have these friends. I never went to this party. And yet by the end I missed all of it like I'd lived it, which is the trick the very best coming-of-age stories pull off, making you nostalgic for a life you never lived. Mixtape does it without ever getting saccharine. The writing is funny and a little raw, the friendship between the three of them feels genuinely lived-in, and the ending lands somewhere bittersweet rather than sad.

It's roughly four hours. Considering the low price, there is genuinely no reason to skip it.",0,145,1778357656.0,0.28,True,self.gaming
1t5gjhr,gaming,"62% of hardcore players no longer buy full-price games, survey suggests","&gt;According to [the report](https://www.gamesindustry.biz/ign-entertainment-releases-internal-data-as-public-report-developed-by-kantar-and-uc-berkeley), 38% of Millennials (people aged 30 – 44) and 42% of Gen Z (those aged 14 – 29) said they still buy full-price games, but only 20% Gen X (people aged 46 – 61) said they would.

&gt;Gen X consumers prioritize [Google](https://www.videogameschronicle.com/companies/google/) search for discovering new games, while 85% of Millennials favor YouTube, and Gen Z prioritizes social media.

&gt;Generation X respondents said they favor single-player games, Generation Z prefers multiplayer titles to almost the same degree, and Millennials are almost evenly split.

&gt;Generation X and Millennials are more likely to return to games in order to complete or master them, while Gen Z are more motivated by new customization or community content.

&gt;Consumption of game guides varies by generation, with Gen X indexing higher on tips videos, Millennials on map tools, and Generation Z on build guides.

&gt;Generation X is highly skeptical of AI and more trusting of brand recognition, being 38% less likely to use AI for discovery and 44% less likely to believe that AI summaries are as good as human ones.",15649,2733,1778081965.0,0.96,False,videogameschronicle.com
1t6z603,gaming,Free Talk Friday!,"Use this post to discuss life, post memes, or just talk about whatever! 

This thread is posted weekly on Fridays (adjustments made as needed).",7,38,1778220002.0,0.61,True,self.gaming
1t665h1,gaming,"Rolling for Recovery, a book about Gaming and Mental Health","I found this book on Amazon while I was searching for something to help me build a gaming experience for my brother with Autism. The book is called Rolling for Recovery: Why Gaming Helps Veterans with Mental Health Challenges. It mostly focuses on how games like Dungeons and Dragons, Warhammer and more help with issues like PTSD, Depression and Isolation. The author also wrote a gaming module for D&amp;D to help understand how to build a game to include tools and skills without the game being medical. I found it very helpful and informative. It’s not a deep dive into psychological aspects but very, I guess the terms is layman….easy to grasp. 

I hope it helps anyone who may have friends or loved ones that could use some insight on these topics. 

Have a great day everyone and keep gaming!!",296,17,1778148609.0,0.92,False,i.redd.it
1t5stsk,gaming,The Fantastic Mr Star Fox….,,2318,273,1778108307.0,0.94,False,i.redd.it
1t6ermm,gaming,Every Guy In A Videogame,,97,27,1778169571.0,0.72,False,youtube.com
1t7t87k,gaming,Best System for Steam Games on a Budget?,"Hey there, as I get older I find myself less and less drawn to triple aaa games and more interested indie games. I just want to play cool little puzzle games, strategy games, or games that give a retro feel. Games like The Drifter, The Roottrees are dead, or The Seance of Blake Manor. Any recommendations for a system I can buy for these kind of steam games while spending not too much money? ",0,38,1778296664.0,0.4,True,self.gaming
1t85w9e,gaming,Mixtape is phenomenal.,"I’ll preface this by saying I’m in my 50s so this game hits my sweet spot of being the same age as the main characters for when it takes place but so far it’s a very thoughtfully put together game. The animation is great, even the UI is clever and it may have one of the best soundtracks I’ve ever heard in a game. Recommended if you’re into narrative games. ",0,395,1778335438.0,0.45,True,self.gaming
1t6ejdk,gaming,Will: Follow The Light Launch Trailer,,93,36,1778169070.0,0.79,False,youtube.com
1t7paoe,gaming,hey guys i need some recommendations for a single player game that i can play for hours,"looking for a single player game that could last me for hours and can run on my computer the specs are this:NVIDIA GeForce RTX 3050 Ti Laptop GPU (4 GB) Intel(R) UHD Graphics (128 MB) 

price can be $40 and below. thanks guys ",0,77,1778285692.0,0.39,True,self.gaming
1t7q9d3,gaming,Games Like Lords of the Fallen with 3 player Seamless Co-op for PS5/Xbox?,"Love the LOTF seamless coop, any games that have anything similar? I know Elden has a mod but I only have ps5 and xbox",0,27,1778288347.0,0.25,True,self.gaming
1t7ot16,gaming,"Growing up, Have your parents ban you for playing a certain video game for a stupid reason?",Like the game wasn't bad or too violent but for some strange reason your parents didn't want you to play it,0,99,1778284377.0,0.43,True,self.gaming
1t7ysdo,gaming,Mixtape has some great easter eggs if you ignore the instructions.,,0,19,1778314247.0,0.17,False,youtube.com
1t7ra83,gaming,Australian hip-hop group Hilltop Hoods sample Ocarina Of Time’s Forest temple in their song “Something Bigger Than This”,"It’s pretty cool and a cross over I wasn’t expecting. Is anyone else a fan of Hilltop Hoods ? 

The Ocarina Of Time is very influential and part of the pop culture history so not unexpected. ",0,11,1778291179.0,0.33,False,open.spotify.com
1t6h3w4,gaming,Tragedy at Deer Creek Gameplay Trailer,,29,7,1778174458.0,0.76,False,youtube.com
1t7p1cb,gaming,Need help finding a game to sink my teeth into,"I recently just took a 3 week break from video games and my hands are itching to play. However, I stopped playing simply because many of the games I have been playing felt like chores rather than having fun. Now that I stopped playing, I don't want to go back to these games.

So right now, I am struggling to find a game that suits what I want. I am looking for something very specific that will satisfy my needs. This is what I am looking for in a video game.

1. F2P

I don't mind a one time purchase, but I don't want to constantly spend a lot of money on the game. I do not want a game that has ANY way to spend money that sets one person ahead of another person in terms of gameplay.

2. Progression

The gameplay doesn't matter too much but I do have a type of game I like to play. I love games with a progression system. Raise your level, train your characters, unlock new skills, etc. What comes with progression is grinding and farming. I want the farm to be endless and to have something that I can always work towards. You can farm however you want, whenever you want as long as you have the time for it.

3. Competitiveness/Heavy end game content and cycle.

I want a game that directly involves competing against another person/group. Something along the lines of a leaderboard or a rank point system. A game where competition matters so much, it has an esport or could be an esport. I also love PvE. I want the progression to be challenging and engaging. I will emphasize on the engaging because I don't want a game where you can just afk everything.

I like games with a union or group system with other players.

4. I prefer to NOT play an MMO. I have tried a few but I do not like the gameplay/graphics/feel of the game. You can recommend some to me, but don't recommended just MMOs.

I think thats it. I am being very picky about my games because if I don't find a game for me to play and grind, then I most likely will quit gaming in general because my break felt AMAZING. I felt free.

Some games I played and enjoyed for reference:

Etheria Restart: (similar to Epic 7 or summoner's war and probably one of the games I invested heavy into in term of time.) Amazing turn based gameplay. Amazing content. Union battles are amazing and you can still have personal rank with 1v1s. The problem: I couldn't keep up with progression as I was completely F2P. I peaked top 200 players each season but I couldn't do so anymore in the latest season due to the pay gap.

Warframe: Amazing everything. Visuals, gameplay, and very fun progression. The problem: low emphasis on competition and end game content. Things get very easy once you get strong.

Where winds meet: Again. Amazing visuals, decent gameplay, and your typical gacha/asian progression with random stats which I don't mind too much but there was a problem. The problem: The game has a stamina system. I can't farm however much I want because to get gear, you need to spend a resource that takes time to recover.",0,33,1778284973.0,0.23,True,self.gaming
1t5tndb,gaming,Absolutely massive progress on one of the weirdest Elden Ring mods I've ever seen.,I actually can't fathom how this is even possible,579,57,1778110342.0,0.87,False,youtube.com
1t5r8cx,gaming,A 'StarFox Direct' stream from Nintendo goes live in ~5 mins.,,765,320,1778104533.0,0.9,False,youtube.com
1t5ho4p,gaming,My Happy Meal Mario toy from when I was a kid VS my son's Happy Meal Mario,,1432,140,1778084340.0,0.97,False,i.redd.it
1t7dgv0,gaming,Oh The Caverns We'll Explore,"Oh the caverns we'll explore.

Scan the ceilings, watch the floor.

EMMI lurks around the bend.

Pay attention or find your end.



Oh the caverns we'll explore.

Want to play a little more?

Minutes turn to hours fast.

Find more missiles, what a blast.



Oh the caverns we'll explore.

Here we see the waters pour.

Do not know which way to go.

Run it fast or walk it slow.

This lonesomeness I do adore.

Oh the caverns we'll explore.



I've been putting Metroid Dread off for a while, focusing more on 3-5 hour games or Picross/puzzle types where I can quickly knock out a round or two. Turns out save points are plentiful, and I should have suspected as much coming from the team behind Samus Returns. Problem is, I hit one and keep going lol.

I've only gotten through a couple E.M.M.I. interactions so far (and a small pile of game overs), but I'm glad I finally brought this one into rotation. Dread's visuals are quite enjoyable. I remember loving the 3D of Samus Returns; it's nice to see the same care at the higher resolutions afforded by the Switch Lite I'm using (with headphones of course).

Looks like good things to come. Will report back (don't hold your breath, it could be a while). I just hope the final boss difficulty doesn't do some insane ramp like Return's final boss... it just felt disproportionate to the rest of the bosses.

I also appreciate the automapping with icons and the option to leave markers. Hopefully I can keep at this steadily enough to not rely on it as much, but one never knows.

;tldr; Metroid Dread is really good so far.",0,12,1778258826.0,0.39,False,i.redd.it
1t5tr2l,gaming,STRANGER THAN HEAVEN - Cast &amp; Story Reveal Trailer,,223,74,1778110604.0,0.85,False,youtube.com
1t7iew2,gaming,Irdeto justifies how Denovu doesn’t affect game performance,"They claim that 75-80% of Denuvo’s execution happens during loading screens so you won’t feel it in gameplay

They were so confident they literally cited a reverse engineer’s own writeup of Hogwarts Legacy to prove it",0,41,1778269314.0,0.28,False,irdeto.com
1t5jaxf,gaming,This box of lug nuts uses the artwork from the cover of Ridge Racer 7,,645,26,1778087708.0,0.96,False,i.redd.it
1t6a3qx,gaming,What's your favourite misheard quote or phrase spoken by a character in a game?,"Sometimes could be because of the way a character spoke, or because they spoke too fast, or simply because some of us (including me) whose first language isn't English. But the misheard quote or phrase sounds funnier than the original one.

Mine would be ""Lettuce attack"" spoken by an air unit called Corsair (in Protoss race) in Starcraft. What's yours?",18,61,1778159408.0,0.66,True,self.gaming
1t6ew9y,gaming,List of Some Current Active Asymmetric PvP Games,"Just wanted to make a list of some current active asymmetry games that may be or interest for other players.

So an asymmetric game is a PvP experience where each side plays by entirely different rules. Unlike traditional multiplayer games where everyone shares the same abilities and goals, asymmetric games deliberately give opposing sides unique mechanics, objectives, or playstyles. One team might be powerful but outnumbered, while the other relies on cooperation and numbers to compensate — creating a power disparity that makes every match feel like two different games being played at once. So without further a do:

# Team Based Games:

Depth — Sharks vs. divers in tense underwater combat where each side plays completely differently. [https://youtu.be/xWHq5iY1xXc?si=-cBTOTVG9aHKRQao](https://youtu.be/xWHq5iY1xXc?si=-cBTOTVG9aHKRQao)

Primal Carnage: Extinction — Humans armed with specialized weapons face off against a team of player-controlled dinosaurs. [https://youtu.be/fDHyErSv8wA?si=DCEazzYeuYWMraYo](https://youtu.be/fDHyErSv8wA?si=DCEazzYeuYWMraYo)

Killer Klowns from Outer Space — Three alien Klowns hunt seven human survivors across maps inspired by the cult classic film. [https://youtu.be/9xO\_N8jvQyQ?si=TH21OP3umhnegtrA](https://youtu.be/9xO_N8jvQyQ?si=TH21OP3umhnegtrA)

The Texas Chain Saw Massacre — Three members of the Sawyer family work together to stop four victims from escaping. [https://youtu.be/nhmVvuiKPyc?si=\_7-YigFaHYe1i6AX](https://youtu.be/nhmVvuiKPyc?si=_7-YigFaHYe1i6AX)

Left 4 Dead 2 — Four survivors fight through zombie hordes while opposing players control special infected to stop them. [https://youtu.be/FP0f7a-RX7I?si=st44LoBA-\_nBbfO\_](https://youtu.be/FP0f7a-RX7I?si=st44LoBA-_nBbfO_)

Back 4 Blood — A spiritual successor to L4D2 where four Cleaners battle through hordes shaped by a card-wielding Corruption Director. [https://youtu.be/wrqg7ZkojBw?si=1Ee1WQTN0CB2X\_Y1](https://youtu.be/wrqg7ZkojBw?si=1Ee1WQTN0CB2X_Y1)

# One vs Many Games:

Dead by Daylight — One player-controlled killer hunts four survivors who must repair generators and escape. [https://youtu.be/rwW8I6fnsHc?si=FaZw6g12gzTssZcn](https://youtu.be/rwW8I6fnsHc?si=FaZw6g12gzTssZcn)

Dragon Ball: The Breakers — A powerful Raider hunts seven ordinary civilians desperately trying to escape using the Time Machine. [https://youtu.be/K3mLoQa-lEU?si=ywCqP9kpUmVg3TKX](https://youtu.be/K3mLoQa-lEU?si=ywCqP9kpUmVg3TKX)

Predator: Hunting Grounds — One player stalks as the Predator while a four-person fireteam tries to complete objectives and survive. [https://youtu.be/yrz9qQCOmy8?si=EGWa1l3dOsVshuM1](https://youtu.be/yrz9qQCOmy8?si=EGWa1l3dOsVshuM1)

Ghostbusters: Spirits Unleashed — One ghost haunts a location while four Ghostbusters work together to trap it. [https://youtu.be/-cPboFBUkvo?si=HzligvfnCC9NsfmH](https://youtu.be/-cPboFBUkvo?si=HzligvfnCC9NsfmH)

Resident Evil: Resistance : It involves four survivor players competing against a mastermind player who can create traps, enemies and other hazards. [https://youtu.be/FvsdVZbrqTM?si=-9\_I2Y3nXzHVl6BB](https://youtu.be/FvsdVZbrqTM?si=-9_I2Y3nXzHVl6BB)

# Social Deduction Games:

Among Us — Crewmates complete tasks aboard a ship while hidden Impostors sabotage and eliminate them one by one. [https://youtu.be/p0aHDT8wwrw?si=5GyD6nHGIevbfWek](https://youtu.be/p0aHDT8wwrw?si=5GyD6nHGIevbfWek)

Deceit 2 — Players must survive and identify infected teammates who are secretly working against the group. [https://youtu.be/-MMX5oykbQM?si=EXCJlR4P2LKAfdQT](https://youtu.be/-MMX5oykbQM?si=EXCJlR4P2LKAfdQT)

Secret Neighbour — A group of kids tries to rescue their friend while one player secretly plays as the disguised Neighbour. [https://youtu.be/FsXNRe2wAEQ?si=EElbMYfJhnD-m2PF](https://youtu.be/FsXNRe2wAEQ?si=EElbMYfJhnD-m2PF)

# Real-Time Strategy Games:

Natural Selection 2 — Marines and Commanders battle an alien Kharaa hive in a genre-blending mix of FPS and RTS. [https://youtu.be/vsLzVhoTQkk?si=uuJUtRzd2LvvZ7br](https://youtu.be/vsLzVhoTQkk?si=uuJUtRzd2LvvZ7br)

Silica — Humans fight an insectoid alien threat in a hybrid where some players command from above while others fight on the ground. [https://youtu.be/HXvzoiDXsrM?si=MPG5duZPmQxB36gR](https://youtu.be/HXvzoiDXsrM?si=MPG5duZPmQxB36gR)

StarCraft — Three radically distinct factions with unique units, mechanics, and strategies clash in iconic competitive RTS battles. [https://youtu.be/fIkTdNN3sis?si=P1uMxIzTX0afuv-h](https://youtu.be/fIkTdNN3sis?si=P1uMxIzTX0afuv-h)

# Digital Board Game:

Root — Up to four factions with completely different goals, rules, and playstyles compete for control of a woodland in this asymmetric strategy classic. [https://youtu.be/DU0\_KlPfbmU?si=SAUMt1MhDW9qkgFj](https://youtu.be/DU0_KlPfbmU?si=SAUMt1MhDW9qkgFj)

# Upcoming:

Halloween: The Game — Michael Myers stalks Haddonfield in IllFonic's upcoming 1v4 stealth horror game, targeting a 2026 release. [https://youtu.be/jhkesn3VX8k?si=2gkzXZIvk6KdV8I2](https://youtu.be/jhkesn3VX8k?si=2gkzXZIvk6KdV8I2)

My personal thoughts on the ones I played: Dragon Ball: Breakers is pretty awesome for its crazy multiple win conditions for each side, dynamism, and insanity of gameplay changes for each villain despite its low budget production. Dead by daylight is a good entry point with its talent system but it does feel vanilla overtime. IllFonic does some original stuff with multiple games of their horror franchises but long term support sometimes limited. Primal carnage just stupid fun while depth had potential but the skill shot aspect and somewhat underwhelming sharks is off putting. The rts shooters hybrids has potential but still need work although audience remains to be seen there. Finally root is awesome board game generally am worth a try in real life as well.

So yeah, just a list I wanted to share with others. Feel free to add own suggestions or inputs if you like too.",11,21,1778169820.0,0.58,True,self.gaming
1t7d9gz,gaming,007: First Steps - PC Requirements,,0,33,1778258384.0,0.37,False,i.redd.it
1t78iu5,gaming,"Looking for a multiplayer game with no MMR, RNG, meta or ranking system. Just casual fun","I feel like nowadays every multiplayer game has these competitive intrinisic mechanics in them promoting player engagement and subsequent microtransactions spending. Im really sick of it and i am looking for good old just random matchmaking multiplayer fun.

It can be really anything, from card games, to strategy, FPS etc. I just want to have some casual fun but still be engaged in improving my skills and do my own thing, discovering the game and his mechanics at my own pace.

I really want to avoid any kind of ranking, skill based matchmaking system which i think is always serving the developers rather than the players. I don't want any game with meta as it quickly turns into a brainless exchange between players who just copy stuff on the internet.

And avoid any sort of RNG mechanic or at least avoid the ones that clearly plays with some kind of stupid 50% win ratio. If i have a 20% win ratio but i'm having fun and improving myself i'm totally fine. I jut don't want to feel like im been programatically directed to a stupid arbitrary ratio when i play something. Its infuriating to loose a game when you know its not your fault, and extremely bland and void of any joy when you easily win because the game wants you to.

Are still games like this around? I already play chess so dont recomend that, i want some PC multiplayer game.",0,80,1778248157.0,0.37,True,self.gaming
1t74zwq,gaming,If Xbox made playing online free then that would give them a massive leg up over PS and Nintendo,"Im discussing this simply because of all the large changes happening in Xbox lately. Seemingly everything is being looked at as an opportunity for Xbox to improve and right themselves as a gaming company. One very significant improvement they can make that would set them ahead of the competition (aside from PC I know) is making online play fully free.

At this point it seems silly that we still have to pay to play online on consoles, especially when in many games we can play along side PC players who are playing online for free. Removing this barrier would be a huge selling point for Xbox and would garner a huge amount of praise from the Xbox community.

Now im not claiming that this is an easy change to make. Obviously theres a lot of money to be made by selling online subscriptions or else they wouldnt have been doing it so long. That income would likely have to come from somewhere else unfortunately. But at the very least a change like this would cause an influx of good community opinion and likely more people moving to the Xbox brand. Both of those results would be hard to quantify in value but they would absolutely be worth some amount of that lost income.

Im interested to hear some thoughts from others on this. Im sure there are things im not thinking about with a change like this, good or bad. Ultimately i would just love for this to happen because it would be such a huge selling point for Xbox. If nothing else, in the event that Xbox does make this change and Sony or Nintendo decide to do it at the same time i feel like thats just a win for everyone.",0,37,1778239263.0,0.47,True,self.gaming
1t5dlsw,gaming,"Ed Boon: ""We're definitely pursuing another Mortal Kombat game.""",,717,183,1778075594.0,0.92,False,collider.com
1t575vz,gaming,Subnautica 2 is finally coming out next week along with 29 other games,"* Outbound (May 11th)
* Directive 8020 (May 12th)
* Notmads (May 13th)
* Subnautica 2 (May 14th)
* Driver Together (May 15th)

All eyes are probably on Subnautica 2 for next week but also Outbound will get some love.",1675,456,1778057386.0,0.88,False,i.redd.it
1t5w9i0,gaming,What current games give the same feels as old call of duty? (Modern Warfare/World at War),"I’ve been in the hunt for that classic shooter feel that nothing seems to fill. Is it just a sign of me getting old and doing the whole, “they don’t make em like they used to”?",63,114,1778117255.0,0.68,True,self.gaming
1t5alxu,gaming,"I don’t know if it’s a sign of the economy, me getting older or just diminishing returns on console upgrades, but i’m kinda okay if PS5 sticks around long term.","It’s almost a certainty that we’re looking at $999 for the next one based on recent upward trends, and now that pretty much every game is 4K/60 FPS or close to it and with graphics being as photorealistic as they are now i’m just not really sure what more a PS6 could give us. PS5 also basically has all the functionality we could really want out of a console so yeah, I just have no real desire to upgrade.",701,435,1778068370.0,0.86,True,self.gaming
1t6814e,gaming,What deck builders should I try next? / Steam feast,"

Edit: I ment to reference the debuilder steam fest lol

My absolute favourite is definitely balatro, also really enjoyed slay the spire.

Monster train games and darkest dungeon were too hard for me

Sol casteo was also interesting to play as well.

Two recent ones ive enjoyed are legand of Keeper's and stray path. 

Omelet you cook was another stand out for me, especially luck be landlord and Dicey dungeon and slice and Dice.",7,63,1778154187.0,0.57,True,self.gaming
1t5j66v,gaming,Are there any genres you just cannot enjoy no matter how much you try?,"I really dislike (maybe dislike is too strong a word, idk) deckbuilding/ccg games. I love rpg and strategy games where your chance of successfully completing an action is somewhat down to chance, but I really don't enjoy it, on a fundamental level, when random chance is involved in whether or not I can take an action in the first place.

So while a bunch of my friends are enjoying games like Slay the Spire 2, I just can't, and I get a lot of crap for it and it makes me feel kinda bad.

So I'm wondering if I'm alone in this? Not in this genre specifically, but just any genre in general. Are there any you just can't enjoy no matter how much you try?",168,635,1778087444.0,0.82,True,self.gaming
1t5k4cj,gaming,Completed Pragmata last night. Damn. What a game.,"I'm so glad I gave the demo a try on a whim. That got me very interested in the potential of this game. And IMO it 100% lived up to the potential I saw in the demo. This is my wildcard game for GOTY. I don't think it'll win the actual awards. But this game came out of nowhere for me, to be one of the best gaming experiences I've had in a while. 

Anyone who is still on th fence, don't hesitate. This game delivers from start to finish (and what a finish). 👏",128,79,1778089361.0,0.74,True,self.gaming
1t5f6xn,gaming,"20 years ago on this day (May 6th) just after 12:45pm Pacific Time, Halo 3 was revealed to the world at E3. 'This is the way the world ends.'","How has the time flown by so quickly?! I came across this footage a few weeks back of a recording in the audience at E3 2006 of Halo 3's reveal trailer. That piano still hits as hard as it did back then. I found this video of the audience at E3 witnessing that trailer for the first time, I hope it can get preserved off of YouTube as it is a momrnt of console gaming histiory imho.

Without a doubt some of the best video game advertising followed up to Halo 3's release in 2007. From the Believe advert Campaign with veterans, the diorama and its website and Landfall.

Those who were there lived through a special time in gaming history.",195,85,1778079055.0,0.89,False,youtu.be
1t5clmd,gaming,"SUMMER GAME FEST 2026 Trailer | Streaming live on Friday, June 5 at 5p ET / 2p PT.",,226,107,1778073290.0,0.87,False,youtube.com
1t6wb09,gaming,"Sony Q4 FY3/2026 Financial Results (Jan-March 2026) | PS5 HW at 1.5M (-46.4% YoY), SW at 74.6M (-1.97% YoY); FY G&amp;NS sales Flat YoY, OI up 12%Y0Y",,0,8,1778211054.0,0.42,False,sony.com
1t4qfs9,gaming,Xbox No Longer Developing Copilot For Consoles,"**Asha Sharma wrote on X:** 

Xbox needs to move faster, deepen our connection with the community, and address friction for both players and developers.

Today, we promoted leaders who helped build Xbox, while also bringing in new voices to help push us forward. This balance is important as we get the business back on track.

As part of this shift, you’ll see us begin to retire features that don’t align with where we’re headed. 

*We will begin winding down Copilot on mobile and will stop development of Copilot on console.*

https://playday.one/2026/05/05/asha-sharma-cancels-copilot-on-xbox-as-she-restructures-xbox-leadership/",4264,443,1778010804.0,0.96,True,self.gaming
1t70oki,gaming,Nintendo Plans Switch 2 Price Increase as Outlook Disappoints,,0,23,1778224972.0,0.3,False,bloomberg.com
1t6whhz,gaming,Am I the only one who still loves simple mobile puzzle games? 👀,"I know everyone talks about big AAA games now, but honestly I still enjoy simple puzzle and casual games before bed 😂



They’re weirdly relaxing.",0,33,1778211603.0,0.38,True,self.gaming
1t4vsjg,gaming,MindsEye developer Build a Rocket Boy lays off even more people after revenge DLC,,1494,69,1778023106.0,0.97,False,pcgamer.com
1t4wlo7,gaming,Looking for shooters where the guns feel powerful,"I'm tired of shooters with bullet sponge enemies, pea shooter pistols, and confetti cannon shotguns. I want the power fantasy guns.

I would prefer a singleplayer FPS, but I'm open to suggestions. I honestly don't really care if it's balanced or challenging, I'm just trying to chill and shoot some dudes after work.

Any recommendations for that kind of vibe?",1254,1150,1778025213.0,0.92,True,self.gaming
1t5hf8k,gaming,Meet the indie studios funding other indie studios,"&gt;From the meager $5 price of entry and the silly hats players can buy for their crewmates, *Among Us*developer Innersloth has generated tons of money in revenue. **Enough, in fact, to pass along millions of dollars to other indie studios.**

&gt;[Innersloth announced Outersloth in 2024](https://www.gamedeveloper.com/business/innersloth-announces-outersloth-new-indie-publishing-label), an indie game fund. Outersloth is not a publisher. The initiative is designed to support indie developers financially, not provide publishing services. A bunch of games have been released already: *Flock Around*, *Dosa Divas*, *Mars First Logistics*, *One Btn Bosses*, *Battle Suit Aces*, and plenty more. **It's funded at least 10 more games currently in development, and its support generally ranges from $50,000 to $2 million**

&gt;As of April, another indie developer is also looking to use its success for good. *Peak* co-developer and publisher Landfall announced its [funding and publishing initiative Evil Landfall in early April](https://www.gamedeveloper.com/business/peak-co-developer-landfall-might-finance-your-next-indie-game). Led by CEO Kirsten-Lee Naidoo, Evil Landfall has been operated behind the scenes for three or so years. 

&gt;Like Outersloth, Evil Landfall is largely providing investment on a project-by-project basis. So far, it's invested in [REPO](https://landfall.se/supported)[, ](https://landfall.se/supported)[How To Fish](https://landfall.se/supported)[, and ](https://landfall.se/supported)[Voidigo](https://landfall.se/supported)[.](https://landfall.se/supported) **Evil Landfall plans to invest up to $1 million into ""a few games a year,"" it said.**

&gt;In January, *Phasmophobia* developer Kinect Games launched its own publishing business to help out other indies. **It'll support two to three games per year, taking on games that are roughly a year away from publishing.**",58,10,1778083816.0,0.8,False,gamedeveloper.com
1t5eoz4,gaming,Games with deep or interesting job/class systems?,"Looking for games where you can mix and match jobs or classes in ways that actually matter. Like where the system has real depth to it — being able to carry abilities across jobs, subclassing, weird combos that break the game, that kind of thing.

I've already played the obvious ones — FFT, Octopath (dropped it, story didn't grab me), Bravely Default series. Not looking for those.

Specifically interested in games where the job system feels like the main point of the game rather than just a feature slapped on top. Obscure stuff welcome, doesn't have to be a big franchise.

  
Thank you",76,93,1778077976.0,0.82,True,self.gaming
1t57gcb,gaming,Any survival games that are more than nodes?,"Here’s a long shot, but I’m hopeful: Are there any survival/building games that go beyond just harvestable nodes?

I love the genre (standouts are Subnautica and Grounded, personally) but always become extremely aware of the fact that I’m just finding nodes and submitting a binary interaction with them. In Subnautica they even look like nodes.

I absolutely get this is how computers function, and I don’t know what the alternative is. But I just feel like there could be something… more?",191,168,1778058411.0,0.8,True,self.gaming
1t6qjc7,gaming,Looking for a coop/multiplayer game to play with my friend on mac,"I'm on windows he's on mac. We both have old machines where we're playing civilization 6 right now, but we would like to diversify. Best thing would be a strategy game or something in that direction, cause he doesn't really have the right equipment to play action games or with high graphics. It doesn't need to be free to play at all costs (pun intended) but would be appreciated.  
Any suggestions?",0,14,1778195209.0,0.35,True,self.gaming
1t77it2,gaming,"Some may not like it, but this is true. [Amount of playable titles for budget handhelds]","Here's a small graph i made comparing the amount of playable titles you can own on three major budget handhelds.

Including native releases for the Switch 2, backwards compatibility and emulators, excluding any form of temporary ownership such as subscription-locked games.

To be more fair towards the Switch 2, I only counted libraries from Nintendo consoles, past and present.

Count was acquired from Wikipedia game list pages and may be slightly inaccurate. Some games may appear many times over from ports etc, for simplicity's sake, let's count different versions as different games.

Please pardon any rough edits, such as blurriness/artifacts etc, i was trying a new image editing software.",0,178,1778245839.0,0.24,False,i.redd.it
1t6t01m,gaming,FF7 Rebirth Arcade Edition (QCF motions),,0,6,1778201750.0,0.38,False,steamcommunity.com
1t6oums,gaming,And I bought them again! For the nth time.,"There is a bundle out there that provides you all the classics: BG, BG2, NWN, IWD and the whole Lords of the Realm collection for narrowly 1€ each. 

I've already bought them on all platforms, also own several physical copies, but then, I had to buy them twice for my kids accounts, despite them playing mostly For Honor and CoD mw 2019. 

Maybe,  they will someday appreciate them, or just my nostalgia and its wasted money..",0,6,1778191059.0,0.3,True,self.gaming
1t4gc4i,gaming,"Lords of The Fallen 2 unveiled some new female armour sets, the sets were designed specifically with fan feedback in mind",,4467,2340,1777989614.0,0.84,False,i.redd.it
1t6qd3r,gaming,Dead Space Remake VS Silent Hill 2 Remake,What do u guys think is the better game: dead space remake or silent hill 2 remake?,0,34,1778194786.0,0.29,True,self.gaming
1t4l26j,gaming,New xbox CEO overhauls leadership by bringing executives from CoreAI and Instacart over amid sinking sales,"&gt;“We need to evolve how we work and how we are organized across our platform,” Sharma wrote in a memo viewed by CNBC. “Right now, it is too hard to ship impact quickly. We spend too much time inward instead of with the community, and we lack the depth we need in some of the fundamentals.”

&gt;Last week, Microsoft reported its fourth [gaming revenue decline](https://www.cnbc.com/2026/04/29/microsoft-msft-q3-earnings-report-2026.html) in the past six quarters. Satya Nadella, Microsoft’s CEO, said the company is trying to win back fans of Xbox, the Bing search engine and other consumer assets.

&gt;Four of those leaders are coming from the CoreAI group, overlapping with Sharma.

&gt;Jared Palmer, who has been CoreAI vice president of product and a senior vice president of Microsoft’s GitHub subsidiary, will join Xbox as a member of technical staff to work on product, engineering, developer tools and infrastructure. He will also pay attention to matters of “taste,” Sharma wrote. Palmer came to Microsoft in October after a stint as vice president of artificial intelligence app hosting service Vercel, which bought his startup Turborepo in 2021.

&gt;Tim Allen, a CoreAI vice president of design and GitHub’s senior vice president of design and research, will also go to Xbox and will lead design. Allen arrived at Microsoft in November after spending almost four years as head of design and research at Instacart.

&gt;Jonathan McKay, a former Meta director and head of growth for ChatGPT at OpenAI, will be Xbox’s head of growth after holding that title in the CoreAI group.

&gt;Evan Chaki, a general manager in CoreAI, will run a team of forward-deployed engineers that will look to simplify development and end repetitive work.

&gt;David Schloss, Instacart’s senior director of product and growth, will take charge of Xbox’s subscription and cloud business.

&gt;Kevin Gammill, a corporate vice president working on Xbox user experience, game development and publishing platforms, will leave his post. Roanne Sones, a corporate vice president for Xbox devices and ecosystem, will take a leave of absence after this summer and will later be an Xbox advisor. Sones and Gammill have each spent 24 years at Microsoft.

Looks like the AI takeover of Xbox is continuing.",1712,399,1777999664.0,0.94,False,cnbc.com
1t57e2c,gaming,Forbidden Solitaire - Horrifically Engaging,"The horror vibes and story is what got me interested in this. The surprisingly deep and engaging Solitaire gameplay held my attention.
I don't know how many people are aware of this game, but it should not be slept on. It is quite good.",82,29,1778058189.0,0.81,False,gog.com
1t4v9h7,gaming,Operation Rainfall: How a Dedicated Fan Campaign Brought Three Japan-Exclusive JRPGs to the West,,485,69,1778021803.0,0.95,False,dualshockers.com
1t6tphe,gaming,They haven’t madethe same Star fox five times…… they made 64 three times,"I’m gonna be that asshole because I feel like it’s a little bit more nuanced than people saying they’ve been remaking the Super Nintendo game for 20 years… but to be honest it’s only a bit more nuanced, I heard people compare it to FF7 remake which is also wrong so let me break it down because I’m bored.

Starfox Zero was a Reboot, same story new levels, like how spiderman will have the same characters same location and be about a man getting bitten by a spider and ending with him learning that with great power comes great responsibility but instead of fighting a man in a goblin suit he fights a lizard man. Same start and ending, different journey

And this new one is a remake of a reboot that was already remade once before on the 3DS.

So it’s a bit more nuanced than saying it’s the same game again but if you’re playing Star fox for the story I get the frustrations, if you’re hear for the gameplay and you’ve already played 64 to death I feel ya as well.

I see this more as something to appeal to new audiences. Google says SF64 sold 6 million copies on a console that’s 20 years old and then another million with SF64:3D on a console that’s 15 years old.

Meanwhile googles telling me the switch 2 has sold 17 million units . After Zero flopped I feel like Nintendo doesn’t have a lot of faith in Star fox brand and this remake is a way for them to test the waters by re-releasing their best game in the franchise with a fresh coat of paint to see if there’s enough appeal in modern audiences for Star fox to comeback.

And that’s also assuming that same 6 million people who bought it 20 years ago might not be part of that 17 million switch 2 owners

I wouldn’t be surprised if this did well that they do finally take a chance on a new story with these characters. Time will tell.

TL/DR Nintendo is making this for new fans not old ones and it feels like they have more faith in Starfox 64 as a game than Starfox as a brand so they’re playing it safe.",0,35,1778203713.0,0.21,True,self.gaming
1t4dszv,gaming,"still don't get how paying for online on console is just, ok?","Obviously people are desensitized by so many possible different monthly out of sight out of mind charges, like rent, insurance, spotify, netflix etc. but paying so much to just be able to play online for a console you paid for is insane. 

I've thought many times about playing specific games, that don't have console-pc crossplay, with console usually having the biggest playerbase in games, paying for online play is such a huge deterrent to use my ps5 more imo ",3236,1283,1777983601.0,0.88,True,self.gaming
1t50071,gaming,Quite happy with how my custom Halo 3 t-shirt turned out (I'm not selling anything - just wanted to share a picture),,218,42,1778034382.0,0.83,False,i.redd.it
1t4qver,gaming,Nothing like turning a heavy CRT on its side just to play a game in its original aspect ratio.,,563,58,1778011707.0,0.94,False,i.redd.it
1t4ia2f,gaming,My cyberpunk Minecraft city I built called Octavian,"This is my Minecraft city called Octavian. A city I have been developing for over 11 years. And one of many major cities in my Minecraft world called Sky Pixel. One of the largest Minecraft worlds out there. 

My most recent build in Octavian is called my ATL Transport center. I have ""DXP"" towers that teleport to various areas in my world.. but the ATL systems uses QR codes to connect other gaming platforms. Of the many major cities in my world. Currently Octavian and Harlow are the only two that feature ATL and XXL teleport centers. Whereas the other cities alongside Octavian and Harlow feature DXP towers and TP towers for ""in-game teleport transport"" in an already massive Minecraft world.

It's a functional 'metaverse' hub I’ve been crafting to bridge the gap between Minecraft and the rest of the gaming world. 

​The core concept is simple, but the project has been ambitious, as you navigate the city, you'll encounter dedicated towers for different platforms—Steam, EA, Roblox, and more. Each tower features integrated, scan-able QR codes that act as physical portals, allowing you to jump from my world to the actual digital storefronts or game hubs. 

These towers connect to major traversal routes and rails , intersections, roadways and more.

The ATL towers features several major systems.. including other world renowned Minecraft worlds like Greenfield and Sayama City. As well as gaming platforms like Roblox, and Epic Games. 

This image is a shot of the south viewing skyline of Octavian. 

For those wondering.

The shaders is Ray Tracing (Path Tracing) for Minecraft.

And its Better RTX. Paired with Kellys/&amp; CJ amongst other experimental packs",1308,41,1777993819.0,0.96,False,i.redd.it
1t4oyfi,gaming,Found these cleaning out a closet from my childhood home. Most still include the original manuals!,,542,74,1778007647.0,0.95,False,i.redd.it
1t4jrrh,gaming,"IO Interactive CEO Hakan Abrak says he’ll ""do everything"" in his power to make the delayed Switch 2 version of 007 First Light run well.",,889,165,1777996963.0,0.94,False,videogameschronicle.com
1t6g308,gaming,Gaming Recommendations,"I'm looking for open world 1st/3rd person view games. I've played RDR2, Cyberpunk 2077, Skyrim, and GTA 5. I've also played a bit of Elden Ring and ESO. What recommendations do you guys have?",0,52,1778172314.0,0.29,True,self.gaming
1t5haj8,gaming,"Anybody willing to co-op with me on Xbox, FarCry New Dawn?","I need to complete the challenges, Expedition with a friend and Outpost with a friend. I don’t have a microphone or headset but I have done all of them solo already.   ",9,4,1778083545.0,0.6,True,self.gaming
1t6bkpw,gaming,Where do people buy skin/stickers/decala for switch console?,"&amp;#x200B;

Im buying a switch 2, but i want to put decal/skin on it. 

Do people use etzy? 

Amazon? 

Other places? 

I was waiting for Zelda edition, but i don't wanna risk it releasing after console price hike.. And then having to pay more.. 

And im more of a fan of other looks, than Zelda🙈",0,8,1778162781.0,0.25,True,self.gaming
1t5de9x,gaming,Brain training genre,"Many years ago i purchased a game called Brain Challenge. It was later acquired by Big Fish Games.  They stopped supporting the game which means the key I purchased stopped working and i can't play anymore. I really enjoyed the game because of the variety of puzzles (math, memory, spatial recognition, etc ) and its performance evaluation. What are some favorite recommendations for these type of games? ",8,27,1778075131.0,0.61,True,self.gaming
1t6hlyl,gaming,"Our game got 2,300 wishlists in one week","We got inspired by Bad North, Dorfromantik and Dredge for the aesthetics",0,17,1778175470.0,0.27,False,store.steampowered.com
1t6d5yt,gaming,What are some interesting gaming experiences you had while tripping?,"I was playing wow classic after 15 years, and the moment I saw Westfall, I instantly got the exact same feeling that I had when seeing it first time. Amazing.

Other than that, getting to wave 28 in COD MW3 on PS3 - Barakka stage. And then my game froze =((( lol

Both times on small amounts of acid

I'd love to hear your experiences",0,13,1778166179.0,0.24,True,self.gaming
1t6gsma,gaming,day one patches are getting out of hand,bought a physical copy and still had to download 80gb before i could play.,0,34,1778173805.0,0.28,True,self.gaming
1t4mpju,gaming,Rejected promotional artwork for Final Fight on SNES by Akiman,,225,18,1778002996.0,0.9,False,i.redd.it
1t68x1x,gaming,What video game directors combine gameplay and storytelling the best?,"Basically directors who use gameplay to tell stories.

I’m a fan of the video games autheurs: Gabe Newell, Hideo Kojima, and Fumito Ueda. I consider their games. (Half-Life and Portal series, Metal Gear Series, P.T., Shadow of the Colossus, The Last Guardian, ect)

What are you favorites?",0,18,1778156497.0,0.21,True,self.gaming
1t6fknn,gaming,Katamari Damacy not loading,"I’m playing on PS2. The main game plays fine, but my audio does glitch sometimes, it will either loop or stop playing entirely. However once I get to the parts where the kings head appears at the top of the screen it stops loading past that, it’s not freezing because I can see his eyes are blinking. It also doesn’t load on the black screens where the little sun appears in the corner, it just shows the black screens and that’s it. The two photos I included are the examples, but minus the Sun jn the one. I had my lasers replaced last year so I don’t know if they’re to blame. Would like to hear other’s opinions.",0,8,1778171232.0,0.16,False,i.redd.it
1t65i9y,gaming,Shooting range in game - should targets be random or manually prepared by devs?,"Hey, like in the title.

Two types.

1. Like Resident Evil 4. Everything is prepared by devs, and you need to learn what, when, and how it appears. When to reload, what to shoot to get the best of it. It needs time to max.
2. I have no example, but imagine every target is random. They show in a different order each time, and each target can be one of a few types available. It gives more variety and theoretically allows players to be less bored because every run is different.

Which one do you think is better as an experience? Or maybe both of them have some value in different ways? Looking for your opinions on it.",0,24,1778146499.0,0.38,True,self.gaming
1t4s606,gaming,Games with monster evolving/fusing mechanics?,"What are some games where you can collect and train monsters and have them change forms or fuse them together to create something new? 

Obviously franchises like Pokemon, Dragon Quest Monsters, and Shin Megami Tensei/Persona exists. I'm looking for something that isn't literally the first thing you'd think of when reading the title. Lost Kingdoms II comes to mind for what I'm picturing. I want the slightly more obscure mon collecting games.",69,102,1778014527.0,0.84,True,self.gaming
1t3pgns,gaming,"The Steam Controller sold out in 30 minutes, utterly breaking Steam in the process",,12262,1544,1777917690.0,0.94,False,pcgamer.com
1t3tdzh,gaming,New Super Smash Bros reportedly releasing as early as 2027,,6504,911,1777925894.0,0.9,False,dexerto.com
1t4shxb,gaming,I got an arcade/fight stick and it reinvigorated my love of gaming.,"I never really liked fighting games at home. But were often the games I'd mix in between racing ones at the arcade. So I figured I'd buy one and test it out. Last three days my free time has been spent playing various fighting games as well as some other games that are compatible(no right stick needed). I actually look forward to gaming again. And plan on buying a second stick(one to keep a square gate and one for octagonal for the non- fighting games). 

Not really sure the point of those topic, but wanted to share with someone. 

Anyone else have a love of the sticks or recommendations of other non fighting games to try? ",33,33,1778015251.0,0.75,True,self.gaming
1t5z1c3,gaming,Why is Geometry Dash so different from most mobile games?,"i can’t really explain it properly but it just hits different. you die in like 1 second, restart instantly, and somehow you just keep going without even thinking too much about it.

after a while it’s like your fingers just remember the level more than your brain does. you’re not really “playing” in a normal way, you’re just repeating it until something finally clicks.

even the music makes it weirdly addictive, like it keeps you locked in even when you’re failing a lot. i’ve played a lot of mobile games but nothing gives that “just one more try” feeling like this.

does anyone else feel the same or am i just stuck on it too much:)",0,11,1778124896.0,0.28,True,self.gaming
1t64nac,gaming,GTA series after 6,"Do you think GTA needs another entry after 6 and where would it take place? I know the answer is yes because money but do you think the series needs it?

Back on the Playstation it was a map of North America and you could select liberty city, vice city, and San Andreas. Then GTA went 3D on the PS2 and the first game was liberty city, then vice city, then San Andreas.

Then came the HD generation and they just did the same 3 locations again (I know Los Santos isn’t all of San Andreas).

So after GTA 6 drops where would GTA 7 take place? I don’t want to see liberty city again. They tried London back on the PlayStation so you could tackle that. Maybe Chicago or Tokyo. I just feel like they can’t keep repeating the same 3 locations.",0,37,1778143475.0,0.14,True,self.gaming
1t6d1ts,gaming,"Which game community is the most blinded by nostalgia? Diablo fans will absolutely insist that D2 is still just such an awesome game that holds up so well despite the fact that hits just don't register half the time and just phases through the enemy, while all their hits register on you",Mandatory body text,0,76,1778165951.0,0.14,True,self.gaming
1t4ozid,gaming,Mafia strategy games that are set in the modern era?,"Do they actually exist?  
I'm going through a Soprano's watch through and the only mafia games I can find are set in the prohibition era and its all about speakeasys and liquor.  
I'm not looking for games like drug dealer sims or anything similar but more like City of Gangsters",24,53,1778007704.0,0.67,True,self.gaming
1t3oaaq,gaming,007 First Light’s campaign will last roughly 20 hours long,,2641,400,1777915272.0,0.96,False,twistedvoxel.com
1t5p1rc,gaming,"It's been a while since the final DLC for the game launched so I wanna ask, what do you think of Atomic Heart?",I am interested to know what you think of the game.,0,37,1778099702.0,0.42,True,self.gaming
1t3jihn,gaming,PSA: check your the batteries in your old games consoles,I’m going through my stuff before a move and this PSP battery was starting to go and was quite hard to take out of the PSP. Check your old stuff!,3536,205,1777905279.0,0.95,False,i.redd.it
1t5uuul,gaming,What is a universally acclaimed '10/10 Masterpiece' that actually feels like a second job when you’re playing it?,"I’ll start. I know Kojima is a genius and the visuals in Death Stranding 2 are literally the best I’ve ever seen, but I realized last night that I’ve spent four hours just managing cargo weight and trying not to trip over rocks.

​It’s a 10/10 'experience,' but as a game, it feels like I’m working an overtime shift as a high-tech delivery driver. I feel guilty for not 'getting it,' but I'm just exhausted.

​Which masterpiece feels like a 9-to-5 chore to you?",0,19,1778113507.0,0.26,True,self.gaming
1t5u5f2,gaming,Saros VS Pragmata VS Resident Evil Requiem,"Which one of these three games should I buy?

All three look fun and interesting but I can only buy one (I might get the others later).

Which one of them is the best and how would u rank them?",0,45,1778111652.0,0.33,True,self.gaming
1t4412r,gaming,"I'm a big RPG fan but I'm not a starwars fan, should I try out the knights of the old republic games?","I heard these games are really peak starwars RPG games, but idk how much of it is fan bias and how much is actually ""holy fuck this game rocks"".

And with a new game announced I think it might be a good time to discover about this RPG franchise.

Should I give it a shot?

When I say I'm not a fan, I don't mean I dislike it, I'm just neutral towards it.",244,185,1777952243.0,0.83,True,self.gaming
1t3kxf9,gaming,Why do modern games have no cheat codes anymore like they had in 90s/2000s?,"Remember these games where you had to input random words, or did a specific sequence of movements to get superpower, 1 million of whatever, and so on? I think literally every game back then had stuff like this built in. These codes were often shared around as secrets, or there were specific online communities around gathering those.

This almost doesn't exist anymore today. Sure, some games can have ingame consoles, and sometimes you find external tools, but the old way kinda was its own fun.

(Of course I am talking single player games only. Don't cheat in MP games, folks).

Any thoughts on why we might have lost that along the way?",2338,506,1777908288.0,0.93,True,self.gaming
1t42rtj,gaming,Nintendo Switch 2 + Pokémon Pokopia bundle coming to Australia on June 5th,,275,49,1777948766.0,0.88,False,vooks.net
1t3zou4,gaming,Subnautica 2 Coming to Xbox Game Preview on May 14,,384,86,1777940627.0,0.89,False,news.xbox.com
1t3xgk6,gaming,Replaced: Been stuck on this fight for about 9 attempts. I don’t even care because it’s is beautiful to look at. 😭,,398,40,1777935035.0,0.87,False,i.redd.it
1t3oqvb,gaming,"I'm loving this new FPS where you play as a war veteran turned PI, voiced by Troy Baker, who runs around blasting corrupt cops with a broomhandle mauser, while trying to solve a missing person case in the early 1900's.","Man, how did I never try Bioshock Infinite before?",823,96,1777916220.0,0.82,True,self.gaming
1t5eyff,gaming,The making of an Arcade Cabinet,"We made a new game called Devil's Peak. Here is some of the images from my dad and I building it in his garage. (I promise I did work too, but I was the only one taking photos ha ha!)",0,8,1778078554.0,0.44,False,youtube.com
1t3zqxc,gaming,I've become the master of unlocking,,185,27,1777940785.0,0.84,False,imgur.com
1t5gpkj,gaming,34M looking for buddies,"Looking for any gender of gamers to play some stuff with me or discuss and laugh about some games with.

Got an apple ear pod with mic to talk with.

My frequented games are:

ROBLOX

Dragon Ball Sparking ZERO

(Newish) Bandit Trap

Portal Knights/Fantasy Life i

GTA Online

FFXIV (On occasions)

Platform: Xbox Series S, and sometimes 3DS.

Please reach out in a direct message.

NO MINORS UNDER THE AGE OF 18, PLEASE",0,52,1778082324.0,0.4,True,self.gaming
1t5d9ek,gaming,"Last console that truly made you go ""woah"" at launch?","For flat gaming, it was the PS2. First SSX and then maybe a few weeks later playing Madden. The players looked so real, the helmets were so shiny, you could see their breath in cold weather, and the announcer even wished me a happy thanksgiving. I couldn't believe it.

More recently, home VR wowed me, specifically the PSVR.",0,91,1778074816.0,0.39,True,self.gaming
1t59h19,gaming,Recommendations for good 1-Button games?,"I recently played Bubbles the Cat and QOMP - having quite a blast doing so 😄

Do you guys have any additional recommendations for fun games that only use one single button?

Edit: Using mouse movement or a stick is like a d-pad; that would make it 5 buttons.",0,34,1778065176.0,0.44,True,self.gaming
1t5mwqp,gaming,Why are textures not advancing as fast as other graphic elements,"not that they haven't improved, but it's always disappointing to see low poly or low poly objects, such as food, or low res surface textures in otherwise insane looking games such as rdr2 or especially cyberpunk, when considering how much better games look compared to even 5 years ago.

 a lot of these amazing looking games use tricks such as putting a ton of foliage on the ground to cover the low res grass texture underneath.

Even crimson desert has these low polygon models for their food and the like, although their textures for objects such as rocks are very sharp, compared to other games at least

",0,34,1778095170.0,0.13,True,self.gaming
1t3rflp,gaming,The force is strong with this collection,"May the Fourth be with you, always.  Here is a selection of my physical Star Wars games.  So many great memories and epic adventures to be had.  Do you have a favourite Star Wars game?  What will you be playing this Star Wars holiday? ",195,91,1777921793.0,0.79,False,i.redd.it
1t339k6,gaming,GameStop Proposes to Acquire eBay at $125.00 Per Share,"The proposed offer is $125.00 per share, comprising 50% cash and 50% GameStop common stock, with full shareholder election rights as to consideration type and pro-rata allocation. Aggregate undiluted equity value is approximately $55.5 billion, based on eBay’s most recently disclosed undiluted share count, representing a 27% premium to the 30-day VWAP and a 36% premium to the 90-day VWAP. The transaction is conditioned on customary closing conditions. The cash consideration is expected to be funded from a combination of (i) cash and liquid investments on GameStop’s balance sheet, which totaled \~$9.4 billion as of January 31, 2026, and (ii) third-party acquisition financing, in respect of which GameStop has received a highly-confident letter from TD Securities for up to $20 billion.",5107,665,1777857060.0,0.95,False,investor.gamestop.com
1t3l2hv,gaming,What games have you played that you've never seen mentioned before?,kinda hoping for some deep digs. for me it's the cluefinder series.,343,1140,1777908589.0,0.91,True,self.gaming
1t56nvy,gaming,Which indie game should I get as a physical copy for PS4/PS5 or Switch?,"Any idea for good indies with physical release? Stuff like Tunic, UFO 50, Pipistrello, etc.",0,10,1778055553.0,0.19,True,self.gaming
1t574f8,gaming,Balatro like games ?,"&amp;#x200B;

Looking for a good second monitor game

Any good rpg like deck builders 

I also enjoyed slay the spire (felt the runs were too long for what im looking for)

Monster train 2 was a bit too complicated 

I still want the slay the spire mechanics with how the cards are set up .

What would be worth checking out in the deck builder steam fest as well?

I think I want more of the gambling feel? / with minor combat ",0,38,1778057237.0,0.28,True,self.gaming
1t2r2mt,gaming,"I turned RDR2 into a space sim, using only dynamite as fuel.",,12597,204,1777827879.0,0.95,False,imgur.com
1t54fs6,gaming,Is Battlefield 1 dead?,"Seen a lot of gameplay videos for battlefield 1 recently and got the itch to fire my copy up again, it's been a couple of years since I last played but there were no games with anyone playing. Is there a setting I need to change or is it dead? I'm playing on Xbox X if that makes a difference ",0,30,1778047691.0,0.28,True,self.gaming
1t5ife0,gaming,"Hide your XP bar, trust me you'll have a much more immersive experience.","no pun intended,. One day I realized how the XP bar on my screen constantly distracted me and affected my decisions in games. Like for example, in a game that removes some XP upon death, I would start to play badly or too cautious right when I was about to levelup and end up dying most of the time. Ever since I started to hide the bar, I could completely focus on just playing like an adventure and not a level reaching XP grind. It's also such a nice dopamine hit when you levelup without expecting it, always a cool surprise. Lastly, if the game doesn't allow you to hide it from the settings, stick a paper banner on top of your screen. Try it for a day and let me know how it felt!",0,40,1778085922.0,0.16,True,self.gaming
1t2n1jp,gaming,The GameCube’s octagonal thumbstick gate should be way more popular,"That notched/octagonal socket around the thumbstick gave incredible tactile feedback. You could feel exactly when you hit a perfect cardinal direction or clean diagonal without guessing. It made precision inputs much more satisfying.

This is the NSO GameCube controller. The stick still feels fantastic in 2026 and it’s great for games like Yooka-Laylee, Kirby and the Forgotten Land, and Super Mario Odyssey.

Only real downside is the missing minus button (Select), which is annoying for some titles.

I wish more controllers were available with this option. Sony and Microsoft have plenty of games that would be perfect to utilize it.

What do you think, should this design make a comeback?",16570,909,1777818717.0,0.91,False,i.redd.it
1t36atf,gaming,What’s a game you dropped even though it was “good”?,"I’ve noticed this happening a lot lately, some games are actually really good with great reviews, nice graphics, and solid stories, but for some reason I just stop playing them, sometimes they feel too long, too grindy, or just not engaging enough",769,1263,1777865505.0,0.9,True,self.gaming
1t514l3,gaming,Never Fade Away | Cyberpunk 2077 Photo Mode | 4K HDR,,0,6,1778037468.0,0.31,False,imgur.com
1t49vae,gaming,"Besides splatoon and duskbloods, what are some Nintendo only Multiplayer games?","
I’m patiently waiting for duskbloods and I don’t want to play splatoon, is there any other competitive non crossplay games?

Yes, I know it’s not what it’s made for and yes, I have other consoles and PC

I would have tried Warface but they went crossplay",4,37,1777971626.0,0.53,True,self.gaming
1t4vahp,gaming,Saros or Mouse for pi,"Bit of a weird one but I am wanting to get one or the other, mouse for pi looks great as I do like boomer shooters but saros looks really good as well, anyone know how mouse for pi runs on switch 2, I have a ps5 aswell but would prefer to get on switch 2

Update: I chose to get Saros and it's really good, just got to the first boss ",0,12,1778021873.0,0.29,True,self.gaming
1t3mhkf,gaming,Did the sims franchise have other entries like Urbz - Sims in the City ?,"I played the game a bunch of times over the years, on the GBA. extremely legally of course. I loved the conversations and personality all the npcs had. The whole comedic, silly tone. Leveling up your skills and earning money to move up in the world and get a bigger home to have stuff in. Managing thirst, hunger, etc.

But when i think of ""recent"" sims entries, i think sims 4. Which i tried, but has a much bigger emphasis on simulating families and real life, the sims take care of themselves.

Has there been any entries more to the spirit of Urbz ? Or is there any other game franchise with similar gameplay ?",23,26,1777911563.0,0.64,True,self.gaming
1t4rwti,gaming,What games would you recommend to a non gamer to get them hooked?,"Whenever I meet someone who doesn’t game I get the urge to show them some of my favourite games. But after seeing unimpressed reactions to stuff like RdR2, I have come to realize that it’s best to start simple and with something familiar.

So for 2D games I feel like Rayman (origins/legends) is great. The simple movement and great level design mean that it’s hard to get lost or frustrated, and imo there is enough difficulty to keep the player engaged without getting annoyed. 

For people who like football I find that rocket league is a bit more exciting than FIFA, and scratches the competitive itch. 

FPS shooters have been great for a long time so some old games like CSGO and early Call of Duty for the single player are perfect for this 👌 ",0,42,1778013958.0,0.33,True,self.gaming
1t5dhq0,gaming,Sony shouldn’t delay releasing the PS6. We have hit the peak of what the base ps5 can do,I keep seeing people say they should because they feel like we haven’t hit the peak of ps5 but like you can still keep your 5 when the 6 comes out. Most of the games that launch in the 6 will probably have a 5 version too. There probably won’t be a huge leap but still you don’t have to buy it yet if you don’t want it lol,0,108,1778075343.0,0.06,True,self.gaming
1t4lj3u,gaming,"Grand Theft Auto 6 is Coming to Consoles Before PC to Serve “Core Audience” First, Says Take-Two CEO",,0,129,1778000616.0,0.48,False,gamingbolt.com
1t34o4y,gaming,What’s your Top 3 video game soundtracks of all time?,"What’s your top 3? Age of Mythology, Oblivion, and GTA San Andreas are my top 3. Doesn’t have to fit a theme or be a successful game, or even be an original soundtrack. I know chronotrigger and a few others had such amazing sound tracks. I will also give an honorable mention to Simcity 4 which has a banger soundtrack",240,868,1777860854.0,0.85,True,self.gaming
1t2hzuh,gaming,GTA boss refuses to commit to a price as $100 price-tag rumours loom large,,3954,1103,1777804772.0,0.93,False,mirror.co.uk
1t4rxae,gaming,Crimson Desert. Ps5 or Steam Deck?,"I’m stuck trying to decide where to buy Crimson Desert and I keep going back and forth.

Both versions are the same price for me right now. I don’t have a gaming PC, so it’s basically between PS5 or Steam (for Steam Deck).

On one hand, Steam is really appealing because of the flexibility. I can play on my Steam Deck whenever I want, don’t need internet for it, and I’m not tying up the living room TV. I can just pick it up and play whenever, which is a big plus.

But I’m a bit worried about how well it’ll actually feel on the Deck. It’s not Steam Deck verified, and I’ve had mixed experiences with games like that. Sometimes they’re fine, sometimes the controls feel off or need tweaking, and I kind of just want a smooth, pick-up-and-play experience without messing around with settings.

On the PS5 side, I know it’ll look better and probably feel more polished overall. Better graphics, better performance out of the box, and controls that are clearly designed for the system. It’s more of that “sit down and properly experience the game” setup.

The downside is I’m locked to the TV. I do have Remote Play (Steam Deck + Portal), but that means relying on internet and dealing with potential lag/compression, which isn’t ideal for a game like this.

Right now I’ve got more free time at home, so I can use the TV more than usual — but I still really like the idea of being able to play anywhere.

So yeah… basically:

\- Steam = flexibility, play anywhere, but possible performance/control compromises    
\- PS5 = best experience visually and control-wise, but less flexible  

Curious what others would pick in this situation.",0,21,1778013987.0,0.31,True,self.gaming
1t2w8np,gaming,Xbox Reportedly Made $667 Million From PS5 Game Sales,,430,97,1777839324.0,0.81,False,mp1st.com
1t4k173,gaming,2026 Video Game Rankings So Far,"&amp;#x200B;

\\\[Played/Finished\\\] 

Big Hops (January) - 7/10

God of War: Sons of Sparta (February) - 7.5/10 

Resident Evil: Requiem (February) - 8.5/10

Reanimal (February) - 7/10 

\\\*Crimson Desert (March) - 7/10 

Pragmata (April) - 9/10 

\\\[Yet to Play\\\]

Super Meat Boy 3D (March) 

Damon and Baby (March)

Darwin's Paradox! (April)

Motorslice (May) 

Adventures of Elliot: Millennium Tales (June) 

Backyard Baseball/26 (July) 

Marvel's Wolverine (September)

GTA 6 (November)

Castlevania: Belmont's Curse (TBA) ",0,17,1777997516.0,0.36,True,self.gaming
1t2qpr6,gaming,Nethack 5.0 has released,,576,68,1777827090.0,0.95,False,nethack.org
1t2vwzf,gaming,Today i discovered the game You Are Empty at a local bargain bin. A relic from my childhood which inspired me to just gush about Eurojank/Slavjank games. I love these overly ambitious things made by incredibly passionate people that aren't necessarily good games but are charming in their own way,,255,61,1777838588.0,0.89,False,i.redd.it
1t2awm4,gaming,Robloxs new TOS forces U.S users to waive their suing right,"**For US users, you waive your right to sue in court** - disputes go to binding arbitration, and you give up the right to join class action lawsuits. You have 30 days from signing up to opt out of this by mailing a physical letter.

**Roblox's decisions are final** in disputes between users and creators. If Roblox intervenes, both sides must accept the outcome.

**Roblox can change or revoke your Robux at any time**, including Licensed Music rights, content access, and creator earnings — often with little or no notice.

**Creators grant Roblox an extremely broad, perpetual license to their content** — including for AI training — even after account termination.

So for people who do intend to sue them please mail the physical letter asap

declaration: used claude for this
",2048,230,1777780894.0,0.89,True,self.gaming
1t4k6zh,gaming,I miss the vitriolic game fan talk of the early 2000s,It really was so much better than what we have now.,0,42,1777997861.0,0.19,False,destructoid.com
1t4h2k7,gaming,I’ve played enough video games to know that this amount of health &amp; a save point means it’s about to go down… - Horizon Zero Dawn Remastered,As per title… ,0,13,1777991209.0,0.3,False,i.redd.it
1t4jmkh,gaming,Some GameStop Employees Just Want To Watch The World Burn,"My used copy of Kingdoms of Amalur had a \*\*real hater\*\* working the day they added it to the inventory.

They wrapped the stick around the artwork 🤦‍♀️",0,12,1777996681.0,0.15,False,i.redd.it
1t2et93,gaming,$7.85M Sony Antitrust Settlement Over Alleged Digital PlayStation Games Monopoly Approved by Court,"This lawsuit is regarding Sony stopping the sales of game voucher in physical retailers, which disallow game retailers from offering digital Playstation games at a better price than Sony themselves.

[https://www.classaction.org/news/7.85m-sony-antitrust-settlement-over-alleged-digital-playstation-games-monopoly-approved-by-court](https://www.classaction.org/news/7.85m-sony-antitrust-settlement-over-alleged-digital-playstation-games-monopoly-approved-by-court)

&gt;A federal judge has preliminarily approved a $7,850,000 settlement to resolve a class action lawsuit that alleged Sony Interactive Entertainment illegally suppressed competition for the sale of digital PlayStation games when it banned third-party retailers from selling game-specific vouchers, which allegedly allowed Sony to charge gamers higher prices for in-system purchases.  
The $7.85 million [Sony Interactive Entertainment settlement](https://www.classaction.org/media/sony-buchman-declaration-edits-incorporated-121324-1030am.pdf) received [preliminary approval](https://www.classaction.org/media/sony-pao.pdf) from the court, after two previous requests were rejected, on April 8, 2026. The deal covers all individuals in the United States who purchased certain [video games](https://www.classaction.org/join-video-game-investigations) through the PlayStation Store for which a game-specific voucher (GSV) was available at retail prior to April 1, 2019. Covered video games include those for which at least 200 voucher redemptions were made before April 1, 2019 and for which the price increased by at least 50 cents from the period between January 1, 2017 and March 31, 2019 to the period between April 1, 2019 and December 31, 2023. A list of eligible games can be found on [this page](https://psndigitalgamessettlement.com/court-documents/).  
Court documents say that more than 4.4 million people are covered by the Sony class action settlement.  
The official website for the [Sony Interactive Entertainment](https://www.classaction.org/news/category/sony-interactive-entertainment-llc) settlement can be found at [PSNDigitalGamesSettlement.com](https://psndigitalgamessettlement.com/home/).  
According to the second revised settlement agreement, [class members](https://www.classaction.org/learn/lawsuits-overview#the-class) with active PlayStation Network accounts **do not need to do anything** to receive payment. This payout will be automatically distributed as PlayStation Network account credits that may be redeemed for any content in the PlayStation Network store, court documents state.  
Per court documents, class members with deactivated PlayStation Network accounts will be able to contact the settlement administrator to receive a check in an amount equal to the PlayStation Network account credits to which they may be entitled under the settlement. Requests for a check must be submitted by **August 27, 2026**, the settlement website says.  
 settlement class members who wish to [exclude themselves](https://www.classaction.org/learn/class-action-opt-out) from the deal and retain any legal rights must submit a request for exclusion to the settlement administrator by July 2, 2026.  
The court will determine whether to grant the Sony settlement [final approval](https://www.classaction.org/blog/from-talks-to-checks-the-stages-of-a-class-action-settlement) following a hearing on October 15, 2026. Compensation will be distributed to class members only after final approval has been granted and any appeals have been resolved.  
The Sony Interactive Entertainment [class action lawsuit](https://www.classaction.org/list-of-lawsuits) alleged that, beginning April 1, 2019, Sony placed restrictions on [digital download codes](https://www.classaction.org/news/from-disk-to-digital-antitrust-class-action-alleges-sony-has-monopolized-market-for-playstation-games) so they could no longer be sold by third-party retailers, and instead directed consumers to the PlayStation Network store. Per the complaint, this resulted in Sony charging artificially high prices for digital PlayStation [games](https://www.classaction.org/news/loot-boxes-in-valve-games-akin-to-illegal-gambling-class-action-lawsuit-claims), in violation of the [Sherman Antitrust Act](https://www.classaction.org/news/category/sherman-antitrust-act) and the [Clayton Act](https://www.classaction.org/news/category/clayton-act).  
United States District Judge Araceli Martínez-Olguín [declined](https://www.law360.com/classaction/articles/2463163) to preliminarily approve the Sony settlement in January over concerns that two of the named plaintiffs might receive a service award despite no longer being members of the proposed class. Judge Martínez-Olguín also rejected a request for preliminary approval in July 2025 due to questions about whether a settlement payout of PlayStation Network account credits amounted to “coupons.”",557,47,1777793664.0,0.94,True,self.gaming
1t2k48l,gaming,What game ended up being way more fun than you expected?,"There have been a few games I went into with pretty average expectations either because the trailers didn’t really grab me or I just didn’t think I’d stay interested for long. Then once I actually played them they ended up being way more fun than I expected.

Sometimes it’s the gameplay loop, sometimes it’s the atmosphere, and sometimes a game just feels much better once you’re actually playing it than it ever looked from the outside.For me one of the biggest examples was Sleeping Dogs

What game was like that for you?",162,258,1777811325.0,0.86,True,self.gaming
1t44xqo,gaming,Do we know if any videogames that simulate the Doppler effect?,"Soundeaves eminating from objects approaching you are compressed and sound higher pitch while soundeaves eminating from objecting leaving you are stretched and sound low pitched. Do we know any videogames that measure the objects vector compared to your position and adjust audio accordingly?

Just curious",0,31,1777954877.0,0.41,True,self.gaming
1t394t3,gaming,Making Friends Monday! Share your game tags here!,"Use this post to look for new friends to game with! Share your gamer tag &amp; platform, and meet new people! 

This thread is posted weekly on Mondays (adjustments made as needed).",5,22,1777874410.0,0.57,True,self.gaming
1t467b8,gaming,Bank of America says GTA 6 should be $80 in order to encourage the industry to raise game prices,"In ""I don't remember asking you a goddamn thing"" news:

&gt;The bank attended the recent iicon event in Las Vegas, where Take-Two boss Strauss Zelnick discussed GTA 6's pricing at a high level, and said in its note that GTA 6 should be the game that kicks off a new trend of $80 games across the board. Omar Dessouky, the Bank of America securities stock analyst who wrote the note, said he heard from attendees at the event that the video game business is struggling.

&gt;He said the industry overall would struggle to sell games for $80 if one of the most anticipated games ever--GTA 6--comes out at $70. And given that, he said, ""We think it's in Take-Two's self-interest, as a publisher and partner to many developers, to raise the price point for the entire industry,"" according to Seeking Alpha.

&gt;Take-Two was among the first to hike prices from $60 to $70, with the company pricing NBA 2K21 at $70 back in 2020, citing development budgets that have increased by as much as 300% in the past 10 years. The company later said it saw ""no pushback"" to the new $70 price being the new price for major releases at Take-Two and many other publishers.

Looking forward to hearing exxon mobil's opinion on the game industry next.",0,131,1777958795.0,0.43,False,gamespot.com
1t3zsdb,gaming,Long list of games that i bought and yet never played. Which one should i start with?,"Hey, over the years i started having a bit of a habit of buying games and then never playing them a single time.

  
I always waited for each Steam sale, then bought tons of games that i got for great prices and then i never touched them once.

This year i decided i am no longer going to buy any Steam games (Except for ones i have been waiting on for a long time). Until i have played all of the games on my list for atleast 10 hours (Except i don't like one of the games of course).

Here is a list of all the games that i bought and then never played once (I was born in 2007 so don't be shocked when i haven't played some of the ""older classics""). Which one should i start with?

\-Xcom 2

\-Titanfall 2

\-Sonic Mania

\-Simcity 4

\-Simcity 3000

\-Shadow of the Tomb Raider

\-Rise of the Tomb Raider

\-Return to Castle Wolfenstein

\-Postal

\-Plague Inc Evolved

\-Painkiller

\-Painkiller - Hell and Damnation

\-Need for Speed Hot Pursuit Remastered

\-Metro Exodus

\-Max Payne

\-Max Payne 2: The Fall of Max Payne

\-Max Payne 3

\-Mass Effect Legendary Collection

\-MANHUNT

\-Frost Punk

\-Far Cry 3

\-Deus Ex Human Revolution Directors Cut

\-Death Stranding Directors Cut

\-Cry of Fear

\-Crash Bandicoot N-Sane Trilogy

\-BioShock

\-BioShock 2

\-BioShock Infinite

\-Batman Arkham Knight

\-DEFCON

\-Sleeping Dogs

\-Wolfenstein The New Colossus

\- Resident Evil 4 Remake",0,51,1777940897.0,0.4,True,self.gaming
1t4bh4v,gaming,Rockstar is simultaneously the biggest pro and con for console gaming,"They are now the only major third party publisher to not release their games on PC day one. So a clear win for console gaming. 

But on the flipside they have an extremely poor track record of updating their games on consoles. The fact that you can't play RDR2 at 60FPS on a $900 PS5 Pro in 2026 is simply outrageous. It's the biggest advertisement for the benefits of PC gaming that you can think of. ",0,94,1777977018.0,0.26,True,self.gaming
1t2qi37,gaming,"If you made hardware, how would you call the subsequent generations?","The Steam Controller comes out soon... but Valve already used that name before for the first Steam Controller. At some point they will also release the Steam Machine and a new Steam Deck. What do you think they should call them?

When you look at the history of console names, I'd argue that Sony did it best with the Playstation, followed by the Playstation 2 and 3 and 4 and 5. I'd argue that their VR sets had bad names and should have been called PS4VR and PS5VR respectively, since those were dedicated to that generation. 

Microsoft was terrible... Xbox. Xbox 360. Xbox One (but not the first). Xbox Series. What will come next? I think they just didn't want to go with Xbox 2, because they would have to compete with the PS3 and didn't want to come across as lesser, because 3 is more than 2. (The Windows naming conventions weren't any better.)

Nintendo is all over the place with their consoles as well. Like there is the DS and the 3DS, but then there was the 2DS and the New 3DS, because that's not confusing at all. 

Personally I like consistency... but I'm not sure that it's the best solution. Maybe the year would be an option to distinguish the different generations. Like Valve could release the Steam Machine 2026 and when they have a new one it will be the Steam Machine 2030 or something. Doesn't really roll off your tongue, though. 

Thoughts?",44,92,1777826609.0,0.68,True,self.gaming
1t438fi,gaming,"To this day, I still dont get why people jump into hard games then ask the devs for change because its too hard","I get it if they want to mod the game to make it easier, but wishing for devs who designed the game intending for it to be difficult is just mindblowing to me.

Its like ordering spicy curry then complaining its too spicy then asking the cook to recook it to make it less spicy.

I tried Project Zomboid, I didnt like it but I understood why others would. But never did I wish for the devs to make it simpler for me when the complexity is part of the game.",0,144,1777949990.0,0.43,True,self.gaming
1t1yjee,gaming,I recreated Marina Bay Sands in Minecraft!,,1604,41,1777748388.0,0.95,False,i.redd.it
1t1hyqc,gaming,Even tho I can’t download you. You will always be on my phone.,,21795,1120,1777703131.0,0.94,False,i.redd.it
1t3zkdu,gaming,A fair collection.,,0,1,1777940310.0,0.21,False,youtu.be
1t1q29z,gaming,"Castlevania: Belmont's Curse exists because Konami loved Evil Empire's Dead Cells crossover pitch, even though the devs thought the DLC was ""too big"" and the publisher would ""never say yes""","&gt;Dead Cells developer Motion Twin spun off a separate company, Evil Empire, to help build DLC for the action roguelike. Given the obvious inspirations Dead Cells takes from Metroidvania titles like Symphony of the Night, the 2023 Return to Castlevania DLC seemed like a natural fit – at least, from an outside perspective. The devs themselves were a lot more nervous about the pitch, though.

&gt;""I remember saying to myself: 'It's too big. They will never say yes,'"" according to COO Benjamin Laulan, speaking in the latest issue of the [Knowledge newsletter](https://bsky.app/profile/edgeknowledge.bsky.social). The original pitch wasn't even as dramatic as the full-scale expansion that we eventually got, as Laulun initially simply asked Konami about including something like an Alucard skin or a rapier weapon in Dead Cells.",3342,99,1777728836.0,0.98,False,gamesradar.com
1t1r42b,gaming,Oh no! I am having too much fun! (Tomodachi life),,2463,32,1777731373.0,0.93,False,i.redd.it
1t1p1em,gaming,Samson got me nostalgic for those 90s gas prices,"Been having a blast playing Samson lately.  It takes place in the 90s, and while wandering around the other night I stopped and noticed the gas prices.  Got my license in 1994 and gas was $1.04 where we lived.",2505,208,1777726247.0,0.95,False,i.redd.it
1t28n73,gaming,Suggestions for space games,"I’ve been in a bit of a space scifi binge recently and really need some suggestions. I’ve played many space games over the years but I’m wondering if I hit the limit or played all the really good ones. I’ve played the following: NMS, Starfield, Dead Space series, Routine, Prey, Halo series, Mass effect series, Alien Isolation, subnautica, outer wilds, the Callisto protocol, Destiny, helldivers 2, the alters, astroneer, risk of rain 2, and right now I’m playing pragmata. There’s probably more in there I missed but I’d love any suggestions on more games like those I’m desperate for space, sci fi, and planets. ",123,235,1777774192.0,0.88,True,self.gaming
1t2uxuz,gaming,"Recommendations for cozy ""sorting"" type games?","Hi all, I'm looking for recommendations for games in the style of ""Unpacking"" and ""A Little to the Left."" I've played and beaten both of these games, (dlc included), and loved them both. Sadly I've tried searching for more and have come up with nothing. I have ps5, Xbox series, and switch 2, if that helps. Thank you!",6,43,1777836402.0,0.55,True,self.gaming
1t2pbh3,gaming,Anyone else run a “weekend big games + weekday chill games” combo?,"As adults with full-time jobs and family responsibilities, does anyone here play one “main” game on weekends, something big with a lot of exploration, story, and lore, and then switch to smaller, bite-sized games during the weekdays? I’m talking about games you can jump into after work for short sessions but still feel like you’re making meaningful progress. Just curious what your setups look like and looking for some suggestions as well haha.",8,13,1777823937.0,0.63,True,self.gaming
1t1trq6,gaming,Microsoft highlights fan voting site as Xbox VP calls on players to choose which classic games should return via backwards compatibility,,690,294,1777737567.0,0.93,False,windowscentral.com
1t3ou5d,gaming,"Foreman Spike, Stanley the Bugman, and Balloon Fighter should join the overalls gang.",,0,5,1777916407.0,0.33,False,i.redd.it
1t1x0w4,gaming,"So i'm going through my library, slowly, bit by bit and got to the Cybertron Transformers games and what i usually like to do before i play a game i've never played is to check out the trailers. They really did just drop the coldest fucking videogame trailer on a Transformers game of all things",,405,76,1777744964.0,0.9,False,youtube.com
1t2kxh5,gaming,What old game do you wish you could play on modern systems?,"I personally would love to show my kids Gauntlet Legends Dark Legacy... 

What would you choose?",11,151,1777813433.0,0.63,True,self.gaming
1t1yojy,gaming,My wife's 1st platinum. 240 hours (Coral Island),,193,26,1777748699.0,0.81,False,i.redd.it
1t3hgte,gaming,Q for those in the AAA industry: what should we know about splash screens (logos before you can start playing the game)?,"Is it all timed so that once the game is loaded it shortens the time we see the logos?

Is there a rule a logo HAS to appear for X seconds?   

  
Is there a reason every stupid logo has to show individually instead of all on just one screen?

  
For PC users, is there a tried and tested way to hide logos or is it different for every game?",0,34,1777900663.0,0.29,True,self.gaming
1t3fjgm,gaming,How many flops can a developer survive?,"How many commerical failures does a developer need to experience before it implodes?

I ask this with the concerns about Don't Nod. I love a bunch of their games. Vampyr and Banishers especially are both in my top favourite RPGs due to it's unique systems and story. I also fondly remember Life is Strange 1.

However, I've noticed many of their games flopped, and more noticably Aphellion (Though this maybe warranted aftering reading that it's just a bad game.) I do worry for it's future. I've not seen a company take so many Ls and keep going.",0,52,1777895863.0,0.37,True,self.gaming
1t1f279,gaming,"Reggie Fils-Aimé says Nintendo never wanted to have mass layoffs, as it wasn't in ""Nintendo's DNA""",,2376,144,1777693910.0,0.96,False,gonintendo.com
1t1puv2,gaming,Postsecondary Program To Prepare Those With Autism To Work In Video Game Industry,"&gt;Exceptional Minds says that it will launch a [game arts program](https://exceptional-minds.org/academy/game-arts/) this fall. The four-year postsecondary program will prepare individuals on the spectrum to work as game artists and designers.

&gt;Staffed by industry professionals and behavior analysts, the offering is designed to give those with autism both the technical know-how and the professional soft skills to break into the world of video games, according to those behind the new effort.",360,41,1777728327.0,0.88,False,disabilityscoop.com
1t19l6d,gaming,Just found out you can hang on the side of the ship in Windrose,,4784,226,1777678493.0,0.95,False,i.redd.it
1t1y8h4,gaming,"Exclusive games are still the top reason for playing on console, survey suggests",,96,217,1777747697.0,0.68,False,videogameschronicle.com
1t3bo9m,gaming,Recommended games for demoing new steam controller,"Do you have any game recommendations to try out once the new steam controllers arrive? I am looking for games that are good on controller, and can use features like gyro and touch pads well or in unique ways. For me, also I would perfer games that can be ran on low end systems. Let me know what you've got!  
  
My recommendation: Europa Universalis 4, I have tried this on steam deck and it was actually alright I just didn't have enough time to sink into it on the go.",0,17,1777883430.0,0.27,True,self.gaming
1t1wmqo,gaming,"""Be kind to your favorite Devs"" - A feel-good story about the power and connecting nature of Video Games","Hey everyone,

I thought I'd share a small story that developed over the last six to eight months and might be a delightful read to brighten up someone's day - and a reminder for us to be kind to other people and tell them you like what they do.

*Quick backstory:*  
My wife and I are life-long video gamers in our early 40s. We've started with NES, Gameboy and SNES, C64 and an Amiga, and even though life keeps us busy, we still like to play RPGs, adventures and the occasional action games when time permits.

Naturally, we wanted to share our hobby with our daughter when she was about 6 years old, starting with various Mario retro games on the NES/SNES Classic, the Pokemon AR game and Ubisofts Rabbits games. Since she enjoyed them, we wanted to switch to a ""real"" game and - pretty much by chance - picked ""Ogu and the Secret Forest"", a Zelda-like with a cuddly platypus hero from a south-korean Dev Team called Sinkhole Studio. I got it free via Epic a while ago and thought we'd give it a try and see if our daughter liked it.

Turns out, she did - and the game did surprise us with a sweet, heartwarming story, some tear-jerk moments and kinda-serious notes, simple text boxes for her to read... - all-in-all, it was quite kid-friendly and, thanks to an forgiving Easy-Mode, a great first game for her.

We played the whole game with her, took over in difficult scenes (grinded a bit to get items and assure a 100% complete for the best ending) and finished after about four months. What can I say - our daughter was smitten with Ogu, loved the whole experience and asked us, who made the game. She would like to tell them how much she liked the game, that Ogu is her favorite character and that she cried a bit at the end :-P

Happy to help out, we looked up the studio, found an email and wrote a short message, thanking them for making such a great game for us to enjoy:

""Dear Sinkhole team,

we have just finished Ogu's story together with our daughter and she asked us to write you an E-Mail in order to let you all know how much she loved your game.

\[name\] is 6 years old and Ogu was her first full-fledged video game - aside from a few minutes spent with Mario Games or a Rabbits title from Ubisoft. My wife and I played it with her and took over whenever she felt too overwhelmed (or scared) to continue.

Our daughter would like to tell you all how much she enjoyed the adventure of her ""little round hero"" and all the characters he met along the way.  She was very moved by the ending - we did achieve the best possible outcome - and even shed some tears, because not everyone who plays Ogu finds out that all is well at the end. It is her favorite video game and she loved it very much.""

After a few days we even received a reply by Know, head of Sinkhole, that inspired me to put this all in text for you guys, because I feel like there's a chance here to make the world a little bit better, despite the doom and gloom of these trying times:

""Hello and greetings from South Korea! This is Kwon from Sinkhole Studio.

Sorry for the late reply, but I wanted to let you know how truly grateful I am for your message. Even a short review or comment saying players enjoyed our game means a lot to us. But hearing that our game left such a meaningful impression on your 6-year-old daughter makes us happier than we could ever express.

Ogu and the Secret Forest was developed by just three people. The process was long, with many difficult moments along the way, but we always hoped it would become a game that people of all ages and backgrounds could enjoy, supported by the charm of its cute characters.

Reading your email made us feel that we were able to achieve that goal . It is incredibly rewarding and gives us strong motivation to keep creating games. Thank you again for enjoying our game. We will continue to work hard to make games we can proudly share with anyone. Ever since attending my first game show as a university student, I’ve dreamed of connecting with developers and players around the world through games.

They really mean a lot to us and will be a huge source of motivation as we continue developing games.

Best regards,  
Kwon""

My daughter was absolutely glowing when we read the reply to her (translated, of course). By pure coincidence, the message even arrived on her birthday, which made it feel like a gift. :-)

We replied back, included some photos and a painting by our daughter and got chatting a bit about each others jobs, Kwons work as a game designer and life in general. A little while later we even received a package from Korea with some merch, local sweets and some codes for another game by Sinkhole as a thank you.  
We're currently preparing a package to send back to Korea, but don't tell them yet!

So, I felt like, all in all, sometimes games are more than just ways to spend your evenings — sometimes they can connect people across the world in the most unexpected and wholesome way.",100,7,1777744091.0,0.92,False,i.redd.it
1t10m3f,gaming,New York's new age verification law will ban anyone under the age of 18 from using chatting features in video games.,,7882,1356,1777657800.0,0.96,False,nysenate.gov
1t1iql5,gaming,"What game did you think would be ok, but you absolutely loved?","Mine was Astro Bot, I don't know what unlocked in my heart when i played it but it had me just so happy playing it, the movement was great, it's not the worst to 100% and it just had so much love put into it (which is just so freaking much) that when I finished the game I was just so happy kinda like finishing a journey which I hadn't felt that way in quite some time.

EDIT: Thank you to everyone who has looked at this and commented, it's nice to see so many people coming together to talk about what surprised them or made them happy. While i did try to comment on every single one i was spending hours doing so lol. So just know I appreciate every single one of you for taking the time :)",489,814,1777705713.0,0.91,True,self.gaming
1t1klxo,gaming,Alien Trilogy was my first introduction to the franchise as a kid before I’d even seen the films. The tension of hearing the motion tracker is burned into my brain!,,341,66,1777712221.0,0.95,False,i.redd.it
1t1gevf,gaming,"Split/Second, the most underrated arcade racing game of all time","Split/Second is the greatest flop ever made -- a game so good, so insanely fun that knowing it killed Black Rock Studios makes no sense whatsoever. 

It's a 9 out of 10 racing game with visuals unmatched on 7th-gen consoles. Upscale it to 1440p or 4K and it looks almost like a brand-new title.

Time Extension did a much-deserved deep dive on this legendary arcade racing game. Lots of detail if you're into this sort of thing!",638,137,1777698071.0,0.92,False,timeextension.com
1t34biz,gaming,Indiana Jones and the Great Circle - Mountain of dead Nazis whipped off Watchtower,[https://youtu.be/DlOr9rbP2sQ](https://youtu.be/DlOr9rbP2sQ),0,6,1777859913.0,0.34,True,self.gaming
1t1fkgr,gaming,Sometimes I'll put this game on just to watch the title screen and listen to the music. The nostalgia hits every time.,,434,59,1777695440.0,0.94,False,i.redd.it
1t36vs7,gaming,I forgot to hold reset while powering off,Dragon quest 1 on the switch. I’m going to lose my save game aren’t I?,0,9,1777867239.0,0.34,True,self.gaming
1t1f3oe,gaming,Open World RPGs: Make your intros shorter!,"I love playing open-world RPGs. in fact I love them so much I'm often running multiple different characters on multiple different saves. The alternate play styles make for so much replayability, and yet so many games try their damndest to keep you from starting a new game.

Good examples:

Elden Ring - less than 5 minutes to get into the game proper

 

Skyrim - 10ish minutes

Bad examples:

Cyberpunk - Amazing game, at minimum an hour til you're out of arasaka however

Tainted Grail - Fuck that whole prison section. It shouldn't take this long to get to the meat of your game

And I get that a lot of these games offer a respec option, here's the thing though, I want to roleplay! I want to commit to a play style from the beginning and watch it improve over time. I want to make a build and stick with it the whole way. I want to re-experience quests but come at them from a different angle. Let me do it, I'm begging you


EDIT: Honorable mention to BOTW, doesn't really fit the theme of the post since its not a true RPG that allows for alternate builds, but the instantaneous throwing you into the world is exactly in the spirit of what I'm talking about here

EDIT 2: This is specifically about RPGs, not all open world games. If you can't influence the plot and create different character builds it doesn't apply!

RED DEAD IS A MASTERPIECE BUT IT IS NOT AN RPG

EDIT 3: Dang people be mean :(",364,167,1777694034.0,0.75,True,self.gaming
1t18brr,gaming,GameStop Preparing Offer for eBay - [Wall Street Journal],,858,388,1777675259.0,0.95,False,wsj.com
1t303wg,gaming,What is your Gaming Budget?,"How much do you usually spend on games every month or year? Do you budget? Do you go over or under?

I’m trying to convince myself to buy a game &amp; DLC, but not sure if it’s worth it / too much. (I’d wait for a sale, but the DLC never goes on sale.)",0,68,1777848607.0,0.31,True,self.gaming
1t2wsz8,gaming,"What's your big ""if this game doesn't have this"" for your favorite games/genre?","I love survival games, but if the game doesn't have proximity chest/inventory crafting, I don't even bother playing until its in the game.

Are there any big laws of gaming that a game must not break for you to play it?",0,22,1777840611.0,0.33,True,self.gaming
1t1zyqd,gaming,Roller coaster tycoon on weird devices,"We've seen the memes of doom played on a smart fridge or pregnancy test. I'm curious what other games, like roller coaster tycoon etc could be also played on a surprising number of devices.",16,32,1777751645.0,0.62,True,self.gaming
1t0x9ui,gaming,It's been a year since release and Oblivion Remastered is still broken- Digital Foundry,"&gt;Oblivion was an incredibly popular game back in the day, but the recent Bethesda remake unfortunately launched with a host of technical issues. A year after launch, have those problems been fixed or at least improved? We checked, and the results ain't pretty.

&gt;As you may have noticed, the game hasn't been patched on PC since its 1.2 update arrived in July 2025 - a *very* short post-launch support window, given that the game was only released in late April the same year. Unfortunately, that abandonment means that the game remains in a state that could be described as anywhere from [""annoying"" to ""practically unplayable""](https://www.digitalfoundry.net/articles/digitalfoundry-2025-oblivion-remastered-revisited-profound-problems-have-yet-to-be-addressed), depending on your appetite for persistent hitches and stutters, crashing and other profound technical woes.

&gt;It's hard to look beyond the initial design phase when it comes to apportioning blame, which sandwiched the original game's architecture within an Unreal Engine 5 front-end. Both of these elements are notoriously CPU and GPU heavy, so the combination presents with extremely poor frame-time stability that gets worse the longer you play. Still, the lack of updates suggest that Bethesda didn't feel like meaningful improvements were possible, and not even making the attempt feels even worse.

It still has that memory leak issue too where the longer you play the more your performance degrades. You can see an example of it [in the article](https://www.digitalfoundry.net/news/2026/05/yup-oblivion-remastered-is-still-broken-a-year-after-release) version of this.",2335,751,1777650663.0,0.86,False,youtube.com
1t319me,gaming,Where are you getting your PC game reviews from?,"Big channels (IGN, GameSpot etc) are accused of shilling at worst, mixed incentives at best. 
Indie sites can just be 'generic dude #7' spouting their uninformed views.  

Where can I find the middle ground? Serious professional reviews at best devoid of bias? 


Like movie reviews - I don't have to agree with you - I just need to respect and understand your opinion. ",0,53,1777851656.0,0.31,True,self.gaming
1t0zhng,gaming,LEGO Batman: Legacy of the Dark Knight PC specs revealed,,1427,406,1777655393.0,0.94,False,i.redd.it
1t34gv6,gaming,What happened to Pokémon Go?,Title.,0,44,1777860302.0,0.26,True,self.gaming
1t17sac,gaming,"This may just be nostalgia talking since i grew up in this era but i absolutely ADORE mid 2000s FPS aesthetics. The dirty, grungy, a little colorless look always appealed to me",,473,102,1777673905.0,0.91,False,i.redd.it
1t1x2a8,gaming,How about a remake of the Getaway duology?,I feel like both games were too ambitious for their sake on the PS2 and hardware limitation made the devs and creative team realease two unpolished games.,11,13,1777745046.0,0.62,True,self.gaming
1t2yotr,gaming,"Cyberpunk 2077 modded to the limit with advanced pathtracing, Reshade, and a gazillion mods",,0,6,1777845046.0,0.32,False,reddit.com
1t2skyq,gaming,Does anyone else feel that FromSoft games lack polish/feel incomplete?,"So far I've played(not completed) Demons Souls, Dark Souls 1, Bloodborne and Elden Ring. I'm not complaining about the difficulty here, I know I suck at them. The gameplay is addictive enough that I give them a try from time to time before giving up. 

But there are various annoyances which really bug me.

First, there's no option to pause, except in ER(or was it Sekiro?) . This is really weird. People have lives and may need to get up for various reasons. I get that it's because of the online features, but there should be a dedicated offline experience too right?

Next, there are no maps, except in ER. I don't have a very good memory, and in case I need to take a break for some time, it's next to impossible for me to figure out where I was.

Bloodborne is the one I played most recently, and it confused me that there was no controller mapping displayed anywhere. I had to Google to find out that you use the triangle button to heal. Or that L1 transforms your weapon. Its not too much to ask for this right? 

Last, all their games seem to use the same UI. This isn't really a big deal, but it feels as if they put in no effort to make it look nice, or even a little more accessible. It honestly feels lazy to me.

I've played hollow knight and silksong, and I love them. They have maps, just the perfect level of challenge, and a nicely polished UI. They often get compared to the souls games, but it's very hard to believe that a indie studio makes games this polished while FromSoft seems to put in the bare minimum amount of effort into anything other than pure gameplay. 

Your thoughts? ",0,17,1777831226.0,0.33,True,self.gaming
1t1dsur,gaming,Gosh I wish they made a second “Arcade Paradise”,"I miss games like Arcade Paradise, and I’m genuinely bummed it’s over. It’s one of those rare games I wish I’d savored instead of rushing through. It perfectly captured that ""comfy warm"" nostalgia—back when gaming felt like a destination.

I’m currently trying to find something to fill that void. I actually miss the laundry. I miss the rhythmic satisfaction of yanking gum off floors, hauling trash, and emptying coin dispensers to keep the dream alive.

If we ever get a sequel, I’m ready for the ""Industrial Expansion."" Give me vacuums, mops, and a three-story mega-arcade. Let me manage a snack bar, refill vending machines, and clean a bathroom with more than one stall. I need the grind!

Fellow gamers: are there any other ""chore-to-glory"" gems that feel this good? What should I play next?",180,38,1777690216.0,0.88,False,i.redd.it
1t1amld,gaming,ALL DOOM: The Dark Ages DLC Info so far,"**MUSIC &amp; MISC:**

* There will only be ONE DLC
* There will be more cosmetics in the future!
* Finishing Move will most likely be returning to compose the OST. (Not Yet Confirmed-However hints from Finishing Move point to them returning)
* The DLC is in its “Final phases of polishing”
* The DLC will release in 2026.

**COMBAT:**

* “Master Arenas"" perhaps something related to Slayer Gates or something similar to Escalation Encounters.
* Slayer Gates are returning.
   * Similar to “The Holt” Slayer Gate in difficulty.
* The Archville will return.
* Mobility will play a major role in the DLC,
* Every new mechanic will meaningfully affect gameplay
* A secret weapon that will require work to unlock. The weapon is ""tied to a meaningful piece of lore, that \[id is\] going to share with us""
* The DLC skill ceiling is super high.
* Quickswapping tech is in the DLC, Hugo commented “Interesting” for a Quickswap between the Spear and Shield.
* New Spear weapon.
   *  Dash with Hugo saying “I didn’t say where it is, I didn’t say what it is specifically and will be different then how Eternal did it""
   * “You could maybe dash evade and stab with something”  
   * “Throw” (Perhaps throwing the spear or maybe a separate weapon-like an Axe???)
* “Can combine/use that tool with other tools, feels great.”
   * “Mastering one of the tools requires a lot of investment, but unlocking its potential transforms the game into something else.”
* The gameplay loop can still be the same, but with fresh new stuff, there will also be a new loop to master that sticks to the impactful monster truck gameplay of the Dark Ages.

**EXPLORATION:**

* We will most likely see more of the cosmic realm.
* There will be a hub area; Presumably the Kreed Maykr’s ship, which will “Expand in meaningful ways”- The Hub will also be “Less cheeky and more immersive”
* Exploration will have a stronger role in overall progression.
* Challenges will also be based on Combat, Exploration and Puzzles!
* The DLC will have “light metroid-vania elements but lots of backtracking throughout the whole experience via locks and keys”
   * Levels will feature more backtracking, more unlocking of the space.
* Additional mobility options will be available, and some sections will require them.
* Roughly 30% of content will be inaccessible until the DLC’s story is completed.
* The DLC is MASSIVE. It’s BIG. “It’s basically like a sequel” according to Hugo, the expansion is HUGE

**LORE:**

* The Khan Maykr will Return.
   * Nika Futterman will be Reprising her role!
   * The Kreed will be mentioned briefly in the beginning of the DLC, and we’ll learn how the Khan Maykr feels about this.
* Daisy will make an Appearance
* Major lore questions fans have asked about will be pushed forward.
* Teases relating to the Sentinel Civil War, the Wretch, and “armor” (Interesting...)
   * Some connections to DOOM (2016).
* We are going to meet people from the lore that we have been waiting to meet.
* Marok will have a role in the DLC.
* Cutscenes will be more immersive, possibly in first-person.
* The Order of the Six (the High Council) are likely our targets.
* Darin De Paul (voice of Hayden/Kreed) returns in the DLC.
* The story is more of an experience than something you just watch, and there’s more environmental storytelling.
* “Valen's Dagger” (from DOOM Eternal)
* The DLC will have bigger and more interesting codex entries, with multiple parts, similar to Eternal. ""There will be a lot of lore in the DLC!"" They will also be more worthwhile to collect and read.
* ""Wouldn’t it be cool if we saw how the Soul factories from Eternal began?"", ""It’s our opportunity to explore the origins of Argent Energy""

**RIPATORIUM 3.0:**

* Ripatorium 3.0 Will Launch Alongside the DLC  
* Slots to save personal Encounters
* More Ripatorium maps
* Togglable Instant Respawns for Waves
* Easier way to share encounters

Thanks to Joshua Boyle, Hugo Martin, Bethesda and id Software for sharing details about the DLC with us as its in development From the Slayer Club Live Streams (They **AREN'T** Entitled to share anything until they believe its time-Please have some patience as game development takes.)",150,69,1777681261.0,0.78,False,i.redd.it
1t0x9d0,gaming,"Sony has increased the price for refurbished PS5 Slim models by $100 (disc - $549, digital - $499)","Refurbished slim disc ($549.99, previously $449.99): https://direct.playstation.com/en-us/buy-consoles/certified-refurbished-playstation5-console-model-group-slim

Refurbished slim digital ($499.99, previously $399.99): https://direct.playstation.com/en-us/buy-consoles/certified-refurbished-playstation5-digital-edition-console-model-group-slim

Refurbished OG 'Phat' disc PS5 (still available for $399.99): https://direct.playstation.com/en-us/buy-consoles/certified-refurbished-playstation5-console

Also, that Fortnite holiday bundle went out of stock, so no more $399 price for a new slim PS5.",655,193,1777650633.0,0.9,True,self.gaming
1t0zc2n,gaming,What game or series is the best example of squandered potential?,"From any era, could be a series that went downhill or amazing lore but subpar execution etc",457,595,1777655071.0,0.94,True,self.gaming
1t2d4ok,gaming,Simple Questions Sunday!,"For those questions that don't feel worthy of a whole new post.

This thread is posted weekly on Sundays (adjustments made as needed).",0,19,1777788008.0,0.48,True,self.gaming
1t1vlhx,gaming,What gamepads would you recommend?,"I currently have a Switch 1 Pro Controller and the controllers that came with my Legion Go 1 that are good but not perfect and not really meant to be used outside of that machine. The Pros somehow are still working great, no drift, but I'd like an upgrade.

The must-haves for upgrading over my Pro Controller are:

\- Hall Effect sticks

\- Triggers that can be locked to short or long travel

\- Two back buttons (preferrably not too easy to press accidentally just by holding the controller) 

Two nice-to-haves would be Xbox-style ABXY placement, and compatibility with Switch just in case, but if there's a compelling enough one I could ignore them.

Based on your experience, what would work well? ",5,43,1777741778.0,0.58,True,self.gaming
1t2o13k,gaming,"What do you think is the percentage of ""gamers"" who basically know nothing about gaming?","&amp;#x200B;

I've recently watched a stream of an artist playing Fortnite on the Switch. But before they started looking for a match, they said something along the lines of ""Guys.. look what I've got"" and they just brought out an Xbox controller, oblivious to the fact that it is an Xbox controller. So they try to connect it to the Switch, and i was dying of laughter as they were weirded out that it isn't working/connecting

Then i wondered. Are a lot of gamers actually oblivious about gaming in general?

What do you think?

( I tried to do a poll, but I can't for some reason)",0,19,1777820999.0,0.3,True,self.gaming
1t1citu,gaming,What is Studio MDHR doing?,I loved Cuphead. I bought the game and its DLC day one. I know they also had a show but that was a while ago. Are there any reports or rumors of them doing another game or DLC or literally anything? Its been 9 years since Cuphead released and I haven’t heard anything about another game,69,18,1777686565.0,0.78,True,self.gaming
1t2msl8,gaming,Frame Generation Doesn't Fix Bad Performance!,,0,46,1777818123.0,0.42,False,youtube.com
1t1pudh,gaming,Fantasy mystical games,"Looking for games similar to the Trine series purely in terms of atmosphere and world design something with that same lush, magical, fairy-tale vibe and beautifully crafted environments. I’m mainly interested in games that focus on immersive, visually striking worlds with a strong sense of fantasy and artistic style. Any recommendations that capture that kind of charm and visual appeal would be great.",7,12,1777728295.0,0.68,True,self.gaming
1t2kqwd,gaming,"PC Mag: I've Been Reviewing Games for Years, and Never Dreaded a Launch More Than GTA VI",He makes great points about the pandemonium the review discourse will be like. ,0,43,1777812989.0,0.36,False,uk.pcmag.com
1t2mina,gaming,This year destroyed my gaming plans,"I had a plan to get through more games this year than last year...which was 1 game. I beat Diablo 4, and got stuck on it. I'm not complaining about it, quite the opposite. The game was amazing, and I'm still addicted to it. I had plans though. 

So, beginning of the year I spent playing Minecraft with my kid, and then crimson desert came out. Spent the first week it was out playing...maybe longer. Then I heard about Lord of Hatred for Diablo 4. I was extremely excited, and switched back to Diablo 4 to finish up season 12 and get into the mood for season 13, the release of Lord of Hared. 

Here's the problem...there's more than two games on this planet. I have other games, too. Like RDR2, No Man's Sky, Wukong, and there's the Middle earth series I haven't touched yet, space marine 2, dragon age...promised myself I would do a run of Skyrim this year because I skipped it for the first time last year. 

Not complaining...just wish I had more time. So many great games have come out. Too bad there's not 50 of me. ",0,67,1777817454.0,0.26,True,self.gaming
1t0upwj,gaming,Shot One Fighters | Official Announce Trailer,,216,97,1777645044.0,0.86,False,youtu.be
1t2ke5n,gaming,Any recommendations? Veilguard-like,"I know how the internet hates Veilguard but I really liked it. it was a AAA, gorgeous 3d graphics, colorful,  non anime, high fantasy, lotsa lore, party based, action rpg with linear but wide, vertical level design released in the last 10 years. the closest game was Avowed (which I loved and finished) and I cant seem to find an alternative? Any suggestions? All i see are usually dull, dark aesthetic games (probably because of Souls aesthetics trending and people hating color/purple because gay or fornite). But, it really scratches that itch this gen that I’m missing. Right now closest I can find is Immortals of Aveum but Id prefer if I can see characters in 3rd person. I tried BG3 but i dont feel like playing turn based at the moment (i finished a lot of turn based jrpgs lately). Thanks!

update: I just proceeded with Immortal of Aveum for now. Seems to at least meet the AAA colorful, high fantasy, lotsa lore, vertical wide linear level design and action rpg aspects (despite being an fps). But, keep suggesting :) appreciate it",0,90,1777812058.0,0.36,True,self.gaming
1t0jvzf,gaming,A feature that needs to die out already in games is them letting you use a healing item when you’re at full health,Especially in something like resident evil where it’s limited. You accidentally hit the heal button and it’s like damn it should’ve just cancelled out instead of wasting it ,1094,209,1777612257.0,0.83,True,self.gaming
1t12oup,gaming,Im looking for more games like Mad Max 2015 and Days gone,Basically any game with a good story and a vehicle that plays a main role throughout the entire game preferably with a good upgrade system and customization options.,74,88,1777662253.0,0.8,True,self.gaming
1t1ak95,gaming,The Last Cat in the Universe,"I just finished playing this short little game, and it's probably one of the best written/put together games I've played in quite a long time.  I have nothing to do with the maker.  I just enjoyed it so much that I wanted to share it with y'all.",26,12,1777681082.0,0.7,True,self.gaming
1t01fd9,gaming,Japanese developer says they don't make games for Xbox because the console is 'not even stocked in major retail stores',,8082,644,1777566737.0,0.95,False,techradar.com
1t2aa55,gaming,Need help deciding on a controller for my Xbox series x,"I currently have a elite series 2 controller with a rb button that sometimes doesn't work.

I have 200 bucks in rewards at best buy. Was debating on another elite series but also saw they had razer ones. I really like the back paddles on the elite.

Any suggestions. ",0,26,1777778958.0,0.29,True,self.gaming
1t2262m,gaming,I think about this video a lot. Makes be hopeful and excited for the upcoming TV series.,EMPHASIS ON HOPEFUL,0,5,1777756834.0,0.42,False,youtu.be
1t0it9i,gaming,Are there any mobile RPGs that aren't complete garbage?,I have been looking for a long time and just can't find anything that isnt trash. Any suggestions for RPG/adventure games?,411,332,1777609002.0,0.85,True,self.gaming
1t0g67o,gaming,This is my first 100% game.,,581,45,1777601455.0,0.89,False,i.redd.it
1t0p7x7,gaming,Question about character models in modern games,"Out of curiosity, why is it in modern games, so many character models look so... moist, greasy or reflective? 

It's gotta be my #1 complaint, hate talking to an NPC where their skin looks like they've been dunked in a vat of oil and have a reflective surface like they're partially chrome. Really takes me out of it.",87,83,1777630246.0,0.73,True,self.gaming
1t22asb,gaming,Any games that have attempted to explain why you find better loot later in the game?,Title. Always seemed weird. It’s the standard for any adventure game but to the best of my knowledge no game has ever tried to explain or rationalize why you get better gear either at higher levels or the closer you get to the end of the game.,0,39,1777757148.0,0.38,True,self.gaming
1t0tabg,gaming,Do you feel gaming will ever experience a physical release revival like music and films ?,"I often reminiscence about my younger years, where the experience of going to buy a game was a whole thing, you spend hard earned cash on a sizeable cardboard box, on the car journey home you go though the booklets and manuals that come with it, you work yourself up, yada yada, big shelf full off fat boxes, posters on the wall that came with the game. amd that was standard what you got for your basic price of about £50.

RPG's with printed maps, sometimes another booklet with mythology and extra info about everything, in other words, games were bloody stacked full of exciting things that came witht he game physically.

Does anyone think this will ever come back, just like vinyl (and god forbid, tapes) are coming back, boutique film releases are picking up quite a bit as well, with gorgeous physical releases of films bing released left right and centre.  
Is gaming ever going to rejoin those ranks, and just release things back into a buying experience, or do you feel this market is just not interested ?",44,171,1777641667.0,0.67,True,self.gaming
1t03gyj,gaming,"40K: Space Marine II reached 12 million players, adds cloaks, iron halos and tabards for all classes and teases year 3 roadmap.","**New community update:**  
[https://community.focus-entmt.com/focus-entertainment/space-marine-2/blogs/387-april-community-update](https://community.focus-entmt.com/focus-entertainment/space-marine-2/blogs/387-april-community-update) ",1494,172,1777571148.0,0.96,False,i.redd.it
1t00c29,gaming,Xbox CEO responds to Xbox being down this quarter: “Player and revenue growth has not yet met our ambition”,,1570,273,1777564442.0,0.95,False,finance.yahoo.com
1t07h69,gaming,What's a word that's in your vocabulary because of a game you played as a kid?,"For me it's [""muster""](https://i.ytimg.com/vi/4Qmk2O7Fido/hqdefault.jpg?sqp=-oaymwEmCOADEOgC8quKqQMa8AEB-AH-AYAC4AGKAgwIABABGEcgRyhZMA8=&amp;rs=AOn4CLDga8_H8VjDQs8zpPSmQ3SLF07Udg) from Mystic Quest.

Honorable mentions go to [""loamy""](https://archives.bulbagarden.net/media/upload/f/f6/Softandloamy.png) and [""buffeted""](https://i.ytimg.com/vi/iHAs__5yskc/maxresdefault.jpg) from the Pokemon series.",682,696,1777579751.0,0.95,True,self.gaming
1szvfeu,gaming,Zach Cregger's 'RESIDENT EVIL' – Official Teaser Trailer (4K),,2018,706,1777554060.0,0.92,False,youtube.com
1t1x2y6,gaming,After doing a marathon of resident evil it is time to close it out by getting welcome to the family wish me luck,,0,34,1777745086.0,0.45,False,i.redd.it
1t1wnx7,gaming,Game Burnout ?,"So coming up with a title was a little tricky.   
What I am looking for is some outside perspective.   
Lately I have been playing mostly games that are content that´s less involved.   
Aka racing games, helldivers 2, warframe and such I hope you get the gist.   
But I have a bunch of games I want to play, that I own.   
Such as Hogwarts Legacy (yeah yeah fuck JKR), Dragons Dogma and a few others.   
I really want to play them but sitting down and playing them feels kinda like a chore and like I want to instead just want to go back to say the crew motorfest.   
Any ideas what that is, do I perhaps need to address that with a therapist or meh ?",0,41,1777744168.0,0.41,True,self.gaming
1t062zy,gaming,Star Wars: Galactic Racer™ | Official Release Date Reveal |,,560,149,1777576734.0,0.9,False,youtube.com
1t0f5ik,gaming,"Need recommendations for turn games similar to Divinity, BG3 and XCOM, NO PvP","I am looking for purely turn based games, NOT real time combat. I know BG and Divinity are the same studio and I've been loving them so far. I also enjoyed the Dragon Age and Mass Effect series when I can pause the screen and move around to plan my attack, but I much prefer games like XCOM where I get as much time as I want while controlling my characters like chess pieces. Any help appreciated :)

Edit: Awesome suggestions everyone!",182,382,1777598667.0,0.85,True,self.gaming
1szkzbn,gaming,Valve Is Forcing Microsoft To Make Significant Improvements To Windows Gaming Performance,,12639,1137,1777520946.0,0.96,False,gamespot.com
1t1w9zf,gaming,What games should I finish first?,"I have so many games I need to finish that I’ve started but never finished. Here are some of the ones I want to play the most.

Cyberpunk

Oblivion remaster

Fallout New Vegas

Finish Fallout 3 DLC

Starfield

Borderlands 3

Subnatica Below Zero

Alan Wake 2

Hogwarts Legacy

I’ve probably got 10 hours in each of them and a lot more in some.

I’m stuck in analysis paralysis. I think I’m going to load up a mission in starfield and go from there for now. ",0,28,1777743290.0,0.25,True,self.gaming
1szkgwy,gaming,Uninstalled Call of Duty for first time in years. Shocked at the damn size of this thing.,,7637,525,1777519432.0,0.95,False,i.redd.it
1t0bbmx,gaming,Ended up getting VERY hooked playing Pokemon Trading card game again for gameboy! Are there any other games like this?,"What I really like about this game is I can get straight to gameplay itself and play the card game.  Doesn’t require much adventuring around and searching tediously for hours (I used to LOVE these types of games when I was younger but not so much anymore)

Anyways, just wanted to see if there’s any other games similar to this where it’s straightforward to get into the action without much walking around and the tedious search to find things.  I do think this particular card game hits in a specific way thought that there might not be anything else similar enough, but that’s ok! ",108,77,1777588608.0,0.82,True,self.gaming
1t1ugrx,gaming,The Resident Evil movie,"I think right now we are in a golden age of game to movie adaptations, Sonic The Hedgehog, surprisingly made a great adaptation with each new movie going further and further to bring the cast of Sonic in. 

We had the Super Mario Movie that didn't reimagine the Toadstool Kingdom as a grimmy city in a cyberpunk style with evolved dinomen, and we have a Street Fighter and Mortal Kombat movie coming out this year that tries to look like the games and brings in the cast of the games.

So why is it that Resident Evil still can't do that? I am going to watch Zack Greggor's Resident Evil, I don't think it will be bad, instead the trailer looks really good, and while I am not against the idea of making an original story that feels and even might be going on parallel to the games, I still wonder why make something that looks not like an RE game.

I know we had Welcome To Raccoon City that tied to look like the games, but the problem there was instead of them adapting 1 game, they tried doing 2 games, and they made terrible casting decisions and hired a diverse cast to play a white roles, what was worse is despite the swap none of the actors actually played the character they were playing. 

Movie Leon does not act, look, sound, or comes off as game Leon, and the idea they had to adapt RE4 with this guy, dear lord if they did, Ashley would be the one saving that version of Leon. 

We had 6 Alice lead movies that didn't bother to be like the games past the 2nd movie, a terrible YA netflix series featuring Lance Reddick as Blade, and a terrible mimicry with WTRC. 

Again will see this new movie, will probably be great, maybe the best RE movie (low bar) but when so many other movies based on games are making actual efforts to adapt the game to big screen, why is Resident Evil still not even remotely trying.",0,33,1777739152.0,0.28,False,i.redd.it
1t1hi14,gaming,Self Promotion Saturday! Small streamer? Just getting started? Tell us about it here!,"Use this post to tell us about your YouTube Channel or Twitch stream! Show us your creativity and tell us why we should subscribe. What makes you unique?

Please note that this thread is NOT for selling or advertising stores. Report any such posts and we'll deal with them. Thanks!

This thread is posted weekly on Saturdays (adjustments made as needed).

Reminder that you must follow our [rules of promotion.](https://www.reddit.com/r/gaming/wiki/index?utm_source=reddit&amp;utm_medium=usertext&amp;utm_name=gaming&amp;utm_content=t5_2qh03#wiki_rule_7.3A_self-promotion)",0,18,1777701606.0,0.45,True,self.gaming
1t0ltmj,gaming,Mini-games,"Riot makes great mini-games within the League's client, and I think some of them are good enough to be a standalone game.  
Then, we have dice mini-game ""Farkle"" in KCD, pool in GTA, and many many more.

So, I was wondering, what are the games with the best mini-games included?",10,26,1777618556.0,0.61,True,self.gaming
1t0e1gb,gaming,Looking for a survival crafting town management sim with co-op,"My partner and I have been playing LOTR Return to Moria and the DLC had some great promise but just doesn’t quite deliver. We’re looking for a game that lets us manage a town (or similar) where we recruit workers and set roles all while building houses and storefronts and stuff like that. The survival aspect isn’t necessary but always adds a fun mechanic. Any recommendations?  
EDIT: we’re on ps5",41,21,1777595621.0,0.76,True,self.gaming
1szyym8,gaming,007 First Light Preview - Bond Is Back,,153,89,1777562037.0,0.74,False,youtu.be
1sz2iz5,gaming,"Hmm I think she may have been bitten, but I am not sure...",,13764,397,1777477352.0,0.92,False,i.redd.it
1t0c269,gaming,Any games that mix action and strategy/city building?,"I would like to see if there are any games that mix action gameplay with strategy and/or city building elements. Games like the Musou Empires series, ActRaiser and Hinterland. Are there any other games like that?",22,67,1777590446.0,0.75,True,self.gaming
1t1kf3v,gaming,Layoffs due to AI integration?,"We all see the layoffs everywhere, yet more games are being made than ever? Studio numbers are shrinking. With ai creeping into every other aspect of our lives, are studios/those who oversee them simply switching gears now that so much data is at hand? ",0,40,1777711554.0,0.18,True,self.gaming
1szcanj,gaming,"SIE spokesperson to GameSpot regarding the DRM: ""Players can continue to access and play their purchased games as usual. A one-time online check is required to confirm the game's license, after which no further check-ins are required.""",,1928,340,1777498210.0,0.95,False,gamespot.com
1szso1h,gaming,What’s a subtle sound detail in a game that you really appreciate?,"Not the main soundtrack — more like footsteps, ambient noise, menu clicks, environmental sounds.

Some games do this so well that you don’t even notice it consciously, but it adds a lot.

Any examples that stood out to you?",152,366,1777546450.0,0.9,True,self.gaming
1szj4sm,gaming,"Korea Supreme Court verdict over Dark and Darker is out, IronMace to pay Nexon KRW 5.7 billion","[Source](https://www.yna.co.kr/view/AKR20260430070951004)

The Supreme Court has confirmed a ruling that Iron Mace, a game company suspected of leaking Nexon's undisclosed project to create 'Dark &amp; ​​Darker,' must pay Nexon approximately 5.7 billion won in damages for trade secret infringement.

However, Nexon's claim of copyright infringement was not accepted even by the Supreme Court.",715,59,1777515707.0,0.95,True,self.gaming
1szrvox,gaming,Rebellion’s BAFTA-Winning Videogame ‘Atomfall’ Set for TV Adaptation From ‘The Assassin’ Producers,,131,33,1777543928.0,0.87,False,deadline.com
1sz04ko,gaming,"Monument Valley Studio CEO: ""'We've Been A Little Bit Too Romantic About The Idea That We Should Have Employees And Give People Long-term Job Security""",,4782,617,1777472179.0,0.95,False,gamedeveloper.com
1t1c3zb,gaming,Holy moly - Dark Chronicles (or Dark Souls 2) is a goddamn Soulsborne game!,"
EDIT: i meant Dark Cloud 2, this has nothing to to with Dark Souls 2. Sorry about that and maybe Mod can edit?

.
Man I'm really enjoying it but goddamn it's a tough game!  I think I

've died more often than I did in the first few hours of Elden Ring already.

What do you guys think of it? It's availble on PS5+ right now and it's really fun, but I was not aware of the high diffficulty of it - it's one hell of a grind and a steep learning- curve for sure! 

Anyone else feel the same but still enjoy the game?



",0,20,1777685398.0,0.19,True,self.gaming
1t1dfs3,gaming,Iconic video game lines,"What is this iconic video game line from? ""If you wanna stay alive, stay with me!""",0,54,1777689151.0,0.31,True,self.gaming
1sze9gi,gaming,Injustice 3 Reportedly in Development at NetherRealm Studios,,714,135,1777502893.0,0.95,False,mp1st.com
1t16foi,gaming,Anyone else finish whole games without using consumables because you’re worried you might “need them later”?,This philosophy has never let me down yet. ,0,33,1777670652.0,0.43,True,self.gaming
1szskye,gaming,I think the story behind telltale's the walking dead final season development is one of the coolest ones in gaming.,"It's sad, yeah, but also kinda heartwarming to see how much they fought to give the game an ending, even if it's made through another company.

Whenever I see the ending with the ""still not bitten team"" names on the scenery, I tear up so fucking badly I can't even explain it",68,29,1777546174.0,0.76,True,self.gaming
1szsrnv,gaming,Computer Chronicles cover of the E3 1996 (24 minutes - Full show),,69,15,1777546778.0,0.88,False,youtu.be
1syqico,gaming,"After losing my right arm, I refused to quit gaming and designed my own one-handed controller","(\*EDIT: added the landing page to the project idea at the bottom of the post, since a lot of people were asking to find it)

I lost my right arm in a severe accident.

one of the hardest things to lose was gaming. Standard PC Gaming assume two hands keyboard in one hand, mouse in the other so i was screwed basically.

I tried different setups, but nothing gave me the control and speed I wanted.

so I started experimenting.

I bought a Razer Tartarus as a proof of concept, modified the controls, literally hot glued a mouse to the side, remapped inputs, added a strap and built a rough one handed setup to see if full keyboard + mouse gaming with one hand was even possible.

It worked.

that first prototype let me move, aim, click, shoot, and use abilities again. It was pretty ugly, but it proved the concept worked. i can play basically anygame now. fast paced FPS, mmo, rpg, etc...

once I knew that, I started designing a proper version from scratch.

I took the Tartarus-style layout, cut it in half, mirrored it into a universal housing, added a built-in mouse sensor, hand strap, support system, and extra inputs to create a true one handed gaming device.

the goal was simple:

* integrated mouse control
* full keybind access
* ergonomic comfort for long sessions
* ambidextrous use
* reduced hand travel
* built for actual gaming

what started as a necessity turned into something I think could help a lot of people:

* one handed gamers
* amputees
* players wanting a compact setup
* disabled gamers
* kids with physical limitations who still deserve to play games too

I just wanted to game again.

now Id love to get this made for kids with physical limitations and disabled gamers who need better options.

Happy to answer questions or show gameplay if anyone wants.

check out my 1st ever landing page here! (1st time web developing go easy on me lol):  
[https://www.ercham.com](https://www.ercham.com)

thanks gamers

\- Joe",10113,654,1777443592.0,0.98,False,i.redd.it
1t12hvr,gaming,Time flies...,,0,15,1777661850.0,0.33,False,i.redd.it
1syylw4,gaming,OG art by mother in law,"My mother in law doing her own thing for the grand kids. Want to show her how amazing this is and pretty sure the community would love it.

Edit: thanks for the kind comments she's very surprised and humbled. Not planning to do them for selling 😊",1272,39,1777468760.0,0.97,False,i.redd.it
1sylznb,gaming,Denuvo has been cracked in all single-player games it previously protected,,9553,889,1777430035.0,0.96,False,tomshardware.com
1sypvac,gaming,"Helldivers 2 finally buffs mechs with double durability, and in unrelated news, Arrowhead is selling new mechs for $10",,3347,546,1777441501.0,0.88,False,pcgamer.com
1t0yd70,gaming,"GTA 6 Could Learn a Few Lessons From Bully, Rockstar’s Schoolyard Gem",,0,18,1777652973.0,0.31,False,in.ign.com
1syxe9r,gaming,Examples of encounters you actually have to lose?,"Besides the obvious ""first 5 minutes of the game, lose to a mega boss during the tutorial"" kind of encounters.

So I was playing FFXIII-2 the other day, and, at some point halfway through the game, you come across this big antagonist guy. Long story short, you get to fight him, and I beat him in about a minute with little to no effort.

But he's the big bad strong guy, and so the game promptly played the typical cutscene of my characters panting in the ground as he stood tall and mighty.

Every time this happens, I can't help but wonder how much of an impact it would have if I were forced to lose in these kinds of situations. I don't think there's a better way to make you fear an enemy of any kind than to have it beat you up. What are some examples where this is actually what happens through gameplay?",685,434,1777465782.0,0.95,True,self.gaming
1szmndq,gaming,When did asking for remakes become the new normal?,"Some games could 100% use a remake. Others 100% don't. 

Those conversations have their place. And it really is a case by case situation.

But what worries me is the growing chorus of ""(insert game) needs a remake"" in the place of respecting the legacy and impact of a game for what it is.",29,187,1777526063.0,0.61,True,self.gaming
1syzgkg,gaming,My most populated city in 23+ years of playing SimCity 4,,334,36,1777470752.0,0.9,False,imgur.com
1sysj1e,gaming,Elite: Dangerous is 12 years old and I haven’t seen a better space travel simulation to date,"Infamous for its difficulty/learning  curve and literally dropping you in space and telling the player “go do something” nonetheless when this game clicks in your head nothing beats it.

i think it is a monumental achievement to at least *try* to simulate a 1:1 Milky Way galaxy and it grabs the scale of space so well. humanity feels like it owns hundreds of stars, but zoom out on the galaxy map and it’s a blip.  other games fall away for me - no man’s sky is too small in scale with the feel of  travel and starfield is all loading screens.

the planet exploration isn’t great and space battles can feel like they go on forever but I’ve honestly never had such a chill time playing as a space trucker.

edit: for anyone daunted by the games curve please check out [newp.io](http://newp.io) it’s great for beginners! ",733,326,1777450435.0,0.89,True,self.gaming
1syzq4o,gaming,What are some games where the bugs make it better?,I really like some bugs that make me laugh or unpredictable rag doll physics. I really like Cyberpunk and the NPCs being bad drivers during the traveling scenes.,201,300,1777471329.0,0.9,True,self.gaming
1t0ktam,gaming,Free Talk Friday!,"Use this post to discuss life, post memes, or just talk about whatever! 

This thread is posted weekly on Fridays (adjustments made as needed).",0,28,1777615209.0,0.35,True,self.gaming
1t0kq2k,gaming,"If this isn't contemporary art, I don't know what *is* (Grounded 2)","So the game itself is beautiful visuals from start to finish (as its prequel) and the stuff that you can build in it can be quite complex as well. BUT, then there's \*this\* piece: that big beetle happened to die just atop of the garden patch which itself was out there as decoration, adding those two statues of an ant and a weevil to give it that ""alive"" feeling to the area making for a whole other art piece of its own. 

After nearly 40 years of playing videogames, I love being amazed by the things some engines  allow us to do, create and experience. ",0,6,1777614924.0,0.38,False,i.redd.it
1syvi35,gaming,E3 1996  Footage (30 Minutes),,214,58,1777460537.0,0.94,False,youtu.be
1sz35be,gaming,"Just want to share one of my favorite games when I was a kid, thats all.  Super Thunder Blade gore the Sega Genesis","Damn game was hard as shit, not as hard as that damn lion king game, but still.",87,47,1777478661.0,0.84,False,i.redd.it
1t0qil4,gaming,QTE: The Game (Pragmata-related rant),"I really want to play this game. The story is great, the visuals are great, the level design is great. The QTEs that make up the core mechanic in the game are killing it for me: To me they are so stressful and difficult (on Easy!). I'm just not fast enough to do them. I don't know if it's ADHD, autism or age-related (or a fun combo of these?) but the first encounter with the bot that you have to 'catch' that dispenses the game's currency just got me to rage-quit the game.

I wish there was an Easy setting for the QTE mechanic but at present I'm not good enough to enjoy the game. Genuinely sad about it :(

Ok, rant over!

EDIT to clarify: QTE = Quick Time Events. In the game they are puzzles you must solve quickly in order to survive enemy encounters (e.g. your weapon is mostly ineffective otherwise), get loot, open up areas, etc. So they're not identical to QTEs in games like God of War, but you still have to do them in a certain sequence, solve within seconds and they are unavoidable. So maybe ""quick-time puzzles"" is a better name for this. To reiterate, it is a fantastic game! My only regret is that it doesn't cater to the incapable minority such as myself. I'm only whining here because I really really really want to play it otherwise :)",0,31,1777634317.0,0.24,True,self.gaming
1sz13cs,gaming,"24h Arc Raiders diroama build, made from scratch. The shredder was made from a 12V car adapater and ball pens.",,89,27,1777474330.0,0.83,False,i.redd.it
1t0jwlt,gaming,Would it be worth it to trade a Ps5 for a Steamdeck?,"I'm exhausted of never being able to play my games because I can't afford the Playstation Network ontop of all my other bills, and with the id verification they are talking about pushing, I'm just about at my limit. I mostly play Overwatch and No Man's Sky but I've been wanting to do a modded run of Fallout New Vegas for years but haven't had hardware that can run it naively. I wanted to wait for the Steam Machine to release but I'm getting to a point where I boot up the console and just stare at the main menu because all I'm allowed to play out of my library of 230 or so games is free competitive shooters or the few single player games I ""own"" digitally like Elden Ring, BG3, and wasteland 3 that ive already sunk hundreds of hundreds of hours into that I feel I've done just about everything I want in.

I mostly want to play New Vegas, Arc Raiders, Nightreign, Helldivers 2, and Titanfall 2. I just dont know how well they run on the steamdeck, or which version of the steamdeck I could realistically trade my ps5 for.

Thank you for reading, any help or info is appreciated ;-;",0,31,1777612311.0,0.26,True,self.gaming
1sy57uc,gaming,Alice: Madness Returns Director American McGee Says EA Wanted More Gore And Asked Him To “Make Things More Sexy”,,4401,390,1777391218.0,0.95,False,ign.com
1syev3j,gaming,Assassin's Creed is a cinematic masterpiece.,,1037,52,1777411679.0,0.96,False,i.redd.it
1t0raz9,gaming,Marathon is the best shooter I've played in years. Why the hate?,"Just like the title reads, Marathon is the best shooter I've played in a very long time. I can't stop thinking about it. It's hard, but if you play longer than thirty minutes you begin to understand how to play and then it just blossoms into a masterpiece. The excitement I feel when we extract just in time, or when I get some sweet loot is so good. The cackles I make when I play as Rook and take down a player, stealing their good stuff is unmatched. Bungie made a freaking awesome game here. There's plenty of content, it's balanced, the gunplay is phenomenal, and the gameplay loop is like crack. Sure the art direction isn't for everyone, but even so it's a very good game. Why is it getting so much hate? Have people even tried it? Maybe they were expecting a run and gun shooter like Apex? I honestly don't know or understand. ",0,150,1777636572.0,0.24,True,self.gaming
1sz50mw,gaming,Just a normal day!,,25,15,1777482639.0,0.67,False,youtu.be
1sy3ygc,gaming,"Hey there, r/gaming. We're Warhorse Studios, the team behind the Kingdom Come: Deliverance games. Ask Us Anything on April 30th!","**Edit:** And... That's a wrap! Thanks for joining us, we got through as many questions as we could and now we're gonna crash from our sugar high.  
Come follow us on our socials, we'd love to see you there!



Hi Reddit, it’s been a while (12 years, to be exact!) since our last AMA, and we’re excited to be back!

We're **Warhorse Studios**, the developers behind the [Kingdom Come: Deliverance](https://store.steampowered.com/app/1771300/Kingdom_Come_Deliverance_II/) games.

We’d love to chat about KCD, our development process, life at the studio, and anything from storytelling and design decisions to art direction and content. 

 

Meet the team joining us to answer your questions

* u/Prokop_Whs: *Creative Director*
* u/ViktorB_Whs: *Creative Director*
* u/ViktorH_Whs: *Head of Art*
* u/Martin_Whs: *Design Director*
* u/Ondrej_Whs: *Content Director*
* And behind the WHS reddit, Tobi: Communication Director, Tom: Community Manager.

 

See you on Thursday, April 30th at 8 AM PT/ 11 AM ET/ 5 PM CEST for a few hours!

https://preview.redd.it/dybqsl7fiwxg1.jpg?width=5832&amp;format=pjpg&amp;auto=webp&amp;s=885b276308e7994fed2f80d9f1eeedd11a78a69c",1659,964,1777388541.0,0.85,True,self.gaming
1sy3i6p,gaming,Studio Spiders Is Shutting Down Following Poor Sales Of Greedfall 2,,1727,386,1777387561.0,0.95,False,origami.ng
1sy4mjy,gaming,Subnautica 2 Cinematic Trailer Releasing on April 30th!🎉,,1243,303,1777389955.0,0.88,False,i.redd.it
1sy7fxf,gaming,Report: Steelrising Studio Spiders Shutting Down Just Six Weeks After The Launch Of GreedFall 2,,862,125,1777395922.0,0.95,False,gameinformer.com
1szz2ms,gaming,Subnautica 2 early access trailer just dropped!,This cinematic trailer makes my knees weak. I never wanted to play an early access game so bad before. ,0,66,1777562225.0,0.47,False,youtu.be
1t00jwr,gaming,Why isn't there new Star Fox game coming out.,"Watching Mario movie got me thinking: even though Star Fox is popular enough to appear in movies and older games were fun, there haven’t been any new games in series lately, have there?

I wonder if there’s a reason for that.  


By the way, my favorite is Star Fox Adventure.

It’s seriously a masterpiece.",0,35,1777564887.0,0.36,True,self.gaming
1szwiwq,gaming,Resident Evil — Exclusive Trailer Breakdown with Director Zach Cregger (IGN),,0,7,1777556690.0,0.4,False,youtu.be
1t05yvi,gaming,SCAN FACE TO PLAY: PlayStation ID Verification,,0,46,1777576477.0,0.36,False,youtube.com
1t0285r,gaming,Game Devs/Studios that have confirmed being Anti-GenAI,"Do you know of any? If so, please do share as I would love to support them and can imagine there are others who feel like me on this sub and reddit.

I know that Slay the Spire devs mentioned being absolutely anti-AI art, same with the devs for the upcoming game Phantom Blade.

Who else?",0,42,1777568475.0,0.39,True,self.gaming
1syuu4c,gaming,FPP horror roguelikes/lites that are not shooters or deck builders?,"Hey all, I need recomendations!

I'm a dev and Im' starting on an idea I had for a horror game that is going to be in the roguelite genre, and I need recomendations to play as research.  
I found in another subreddit post a game called Monstrum, which I will try soon and it seems to kinda be what I'm looking for for inspiration.

What I'm not looking for though, is roguelikes/lites that are shooters and/or deck builders (or even strategy), basically the bottom line is, FPP + horror + roguelike/lite - the stuff mentioned, I think you all get what I mean.

In my own search I had a hard time finding games like that.

Edit: fpp = first person pespective",10,40,1777458447.0,0.58,True,self.gaming
1sydfxf,gaming,What's a game you absolutely loved despite have a key element or feature you really didn't like?,"I was thinking about how much I enjoyed Kingdom Come Deliverance but really didn't like the Saviour Schnapps saving feature (even though I know you can manually save through the menu I wanted to play it as the designers intended but I found it annoying), and I wondered if anyone else had any similar experiences with games they loved!",142,378,1777408530.0,0.86,True,self.gaming
1t00bwy,gaming,Will the Steam Box bring a resurgence to local multiplayer?,"Let's be honest for most AAA games local multiplayer has been terrible. I could attest this is likely because of Xbox live and PS+ but PC doesn't have paid online play. 

This hasn't been a hardware issue because even games all the way back to the Atari could do it. Even  modern systems like the xbox, n64, etc had no issues playing locally up till Sony realized paid online was the way forward .

  
So I'm really hoping devs can optimize games to play locally on PC better.",0,64,1777564433.0,0.23,True,self.gaming
1sz77wj,gaming,Just got a PS4 need game suggestions,"Hello everyone. Xbox and PC gamer most of my life. A friend gave me a PS4 and I'm looking for game suggestions that are mostly PlayStation only games that I might not have played on Xbox. Death Stranding looks good, any more?",3,60,1777487194.0,0.53,True,self.gaming
1sy68dh,gaming,The Blood of Dawnwalker - Story Trailer,,240,51,1777393346.0,0.87,False,youtube.com
1syhoo2,gaming,What's the oldest game in your backlog that you haven't beaten yet?,mine's mole mania. trying again... those bonus stages are !@#$,58,212,1777418506.0,0.8,True,self.gaming
1syn70p,gaming,"Which Monster Hunter game should I play between Rise, World and Wilds?",I’ve never played a Monster Hunter game before.,24,174,1777433368.0,0.58,True,self.gaming
1sxbs3y,gaming,The variety here is crazy,So many options! Maybe I should get...Dead Space? Hmm.,17979,870,1777313524.0,0.97,False,i.redd.it
1sz520n,gaming,More Zen Games Like BOTW?,"I never found any game than invokes the zen like feeling of botw. I like to just wander around in the world and collect koroks as my only task. This feels very relaxing and I just don’t know any other game the has this nature vibe which has this very calming effect when I am stressed or something. Playing botw is like mediation to me. Has anyone else this reaction?

This is also why I strongly dislike totk, it is just too loud, busy, noisy and stressful. Any recommendations, also including books or similar other media?",2,64,1777482715.0,0.52,True,self.gaming
1t0345o,gaming,The Root Of My Anger About Marathon Spans 25 Years,,0,15,1777570383.0,0.15,False,youtube.com
1syj9et,gaming,Looking for console/game suggestions for a relatively low-functioning autistic young man,"I'm a life long gamer myself, but honestly I've been mostly a PlayStation and PC person, leaning heavily toward more mature titles ever since that's been a thing.  So I have some idea what's out there, but my gaming specialty is on the complete opposite end of the spectrum from what I'm looking for now.  

See, one of my partner's kids is an 18 year old boy, but mentally he's more like 6-10.  He watches Blues Clues, Paw Patrol, Scooby Doo, Dr Suess, Yo Gabba Gabba, and the like, likes nursery rhymes and talking about the alphabet.  He will occasionally watch something more age appropriate, like one of the animated Spider-Man movies, or the Mario movies, but largely sticks to stuff for young kids.  He plays casual games on his phone on a regular basis and occasionally likes to play arcade games at the mall, so we got thinking about getting him his own console.  

All this considered, I immediately thought a Nintendo console would be fitting, based on how consistently kid friendly they are.  He's had some issues with anger and repeating inappropriate things he heard on YouTube to people at school, so obviously we don't want to encourage that with any remotely adult content.  

He is also fairly uncoordinated and physically rough with everything he owns, including electronics, so it would have to be something pretty robust, which is what initially led me to think of the N64.  It seems to me like it could take more of a beating than modern consoles, and the games being on cartridges seem harder to damage than something with discs.  I never had an N64 myself, but I've been researching and came up with a list of maybe 8 games or so that might be suitable for him.  

But then I started having second thoughts.  I mean, he's not exactly up on the latest trends, but even so will he really be interested in a 20+ year old console?  Are there better options?  We could get him something newer, but we would need to use some parental controls if it connects to the Internet, and I would still be worried about him breaking it (not a massive concern, but still a concern).  

Any thoughts would be very much appreciated, even if it's just affirming my ideas, because I'm sitting pretty firmly on the fence right now.  N64 (or maybe GameCube?) on one side, and a ton of researching other options and what games are suitable on the other.  ",32,103,1777422672.0,0.71,True,self.gaming
1sy50eg,gaming,Digital Bros Sparks Hope Against Chinese Censorship as it Acquires Wuchang Fallen Feathers,,166,22,1777390763.0,0.9,False,dualshockers.com
1sxpe09,gaming,"I started playing Minecraft with my (nearly) six year old son today, and it was one of the most joyful times of my life.","My son has always had a desire to build things bigger, taller, “huger”, “gianter”, and so on. Legos, magna-tiles, blocks, sand castles, pillow forts, you name it- they could never be big enough! Whether due to lack of materials, skill, or on occasion, parental energy, there was always a minor twinge of disappointment during the hundreds and hundreds of times we built \*something\* together (I’m talking extremely subtle hints of “aw shucks we ran out magna-tiles”, not in a Verruca Salt way). 

Enter this evening and Minecraft. 

We borrowed the game from the library for Switch and while neither of us have ever played, we have seen the movie a dozen times so expected to be somewhat familiar. We look at the options, select creative mode and launch into the map. 

Not knowing exactly what he dropped into, my son walks around for a while. He’s still pretty bad at two sticks. After a few minutes, we see a creeper and my son is petrified. He panics and hands me the sticks, when I proceed to punch him in the head like 7 times and he doesn’t die. The hell? Then I notice there’s an inventory button and lo and behold: everything, including swords! I add a sword to my quick inventory menu, equip it, and slash the creeper once and he dies. 

Son is fucking HYPED. I slash a few spiders, day comes, and the creepers very slowly die to some golden eye era fire animation. The hype grows. 

Then I notice I can equip materials and build. So I start with some wood blocks and build out a rather large rectangle. 

My son is going ballistic. 

“Don’t build any windows or doors because creepers can break them!”

“Don’t build any stairs” 

“Maybe build a stone wall around it to protect the inside wall” 

“Can we build as high as we want?” 

“Do we need to mine anything or do we have as much as we want?” 

“How did the creeper end up in here?!” 

“this is bigger than Steve’s houses”. 

We then spent an hour building the most simple but tall building in a flow state of togetherness and love and without a single shred of disappointment. A game that was a match for his imagination. 

It was particularly joyful for me bc I got to relive all the moments of a clumsy and heavy handed toddler, to a larger and more coordinated oaf, to a capable builder with a 3 year olds vocabulary, so on and so forth, and now I have this big boy who I can hang out and see light up just by simply having unlimited blocks to use, the coordination to place them, and the vocabulary to chum it up with his old man. 

Thanks Minecraft 

 ",1625,146,1777345706.0,0.94,True,self.gaming
1sxpegp,gaming,Assassin's Creed Game Director Benoit Richer leaves Ubisoft for indie studio Servo Games,,970,97,1777345742.0,0.96,False,shacknews.com
1sy5nk0,gaming,The Blood of Dawnwalker - Road to Launch Event,,92,50,1777392145.0,0.74,False,youtube.com
1sxig9v,gaming,"PSA: if you have any sort of disabilities or wrist issues, the PS5 has a setting called ""use second controller for assistance"" that can be extremely helpful","It's under settings, accessibility, controllers.

It's just what it sounds like, you can use an additional PS5 controller or an external device like the PS ACCESS along with your main controller. 

I have wrist issues that cause a lot of pain having to hold a traditional PS5 controller in the regular way with two hands. This setting allows me to use an extra PS5 controller so that I can separate my hands. Kind of like a Nintendo switch where you can have the two controller separated with one in each hand.

It's an absolute lifesaver for my wrist pain. Highly recommended if you have any sort of mobility or pain issues with your hands.",1169,67,1777327811.0,0.96,True,self.gaming
1szaom6,gaming,I made a Cover of Belt(Main menu Theme) From NFS Carbon,,0,4,1777494589.0,0.35,False,youtu.be
1szanuf,gaming,(Xbox) FY26 Q3 - Press Releases - Investor Relations,"**Microsoft Overview**

* Revenue was $82.9 billion and increased 18% (up 15% in constant currency)
* Operating income was $38.4 billion and increased 20% (up 16% in constant currency)
* Net income was $31.8 billion and increased 23% on a GAAP basis, and increased 20% (up 18% in constant currency) on a non-GAAP basis
* Diluted earnings per share was $4.27 and increased 23% on a GAAP basis, and increased 21% (up 18% in constant currency) on a non-GAAP basis
* Non-GAAP results exclude the impact from investments in OpenAI, explained in the Non-GAAP Definition section below



**Xbox Guidance for this quarter was:**

* Content &amp; Services: decline of 4 to 6% due to strong content prior year, offset by increase in Game Pass
* Hardware: decline



**Actual results are:**

* Content &amp; Services: -5%
* Hardware: -33%",0,32,1777494544.0,0.37,False,microsoft.com
1sxmn5g,gaming,"If you could erase your memory of one game so you could play it for the first time again, what game would you choose?","All in the title. For me personally, I'd probably go with original Silent Hill - this franchise means a lot to me and the first game will always be special. I've replayed it quite a few times but I would've loved to experience it for the first time again... Even though tech-wise, it's quite outdated by today's standards. Still, a classic is a classic for a reason.

What would you choose? Any genre is welcome in the comments, it's fun to hear about what others hold dear.",522,1527,1777338411.0,0.84,True,self.gaming
1sz9jt1,gaming,Idk why but first person games make me so motion sick but only if im stuck in one spot and not making any progress,.,0,15,1777492148.0,0.39,True,self.gaming
1sy3y5i,gaming,Looking for games with complicated/esoteric in-game manuals containing secrets and puzzles,"I've recently played games like **Uncle Chop's Rocket Shop** and **Tin Can**, which have interesting in-game manuals that are required for gameplay and contain complicated/esoteric information. Other games that I've played:

* **Tunic**
* **Keep Talking and Nobody Explodes**
* **DCS: World**
* Zachtronics programming games

I was wondering if there were any other games people can think of, with complex and information-dense manuals that contain lots of puzzles and secrets. Thanks!",24,35,1777388522.0,0.71,True,self.gaming
1sy6qtf,gaming,What is your favorite achivement?,"Most achivements are relativly simple, marking story advancements or difficult challenges. But what about the more unique ones, Stray has one for dying nine times since you play as a cat, Cookie Clicker has one for selling a grandma, nearly all of them fall in this catagory in The Stanly Parable. Which achivements stood out to you the most?",17,65,1777394446.0,0.63,True,self.gaming
1sxaax7,gaming,Steam Controller - Review Thread,"A lot of reviews have dropped today for this, so I thought it'd serve well to compile most in a post.

**Steam Controller**

**Release Date:** May 4, 2026

**Price:** $99 / £85 / €99 / AUD 149 / $149 CAD

Some Reviews (updating):

[IGN - Bo Moore](https://www.ign.com/articles/steam-controller-review-2026) \- 9 / 10

&gt;The Steam Controller offers both an excellent out-of-the-box experience as well as a playground for enthusiasts to tinker to their hearts content. If you’re just looking for a fantastic controller for playing PC games and navigating the desktop in between them, the Steam Controller handles those duties with aplomb. And if you’re a diehard customizer who wants to build out (or just borrow from the community) bespoke button bindings and advanced touchpad controls, it does that too. Most importantly, it does both of these things without sacrificing one experience for the other.

[Linus Tech Tips](https://www.youtube.com/watch?v=MpJB7LTs5_s)

&gt;If your plan was to use this thing as a traditional controller, I got to say I'm a little less enthusiastic about it. Not because it's bad. It's a good controller. It's just a $100 controller. And I'm not going to pretend like I can't afford one. But I'm also not going to pretend that I would buy one of these when I could get just about two of these or two fly digies for the same price. How about you? If it was $60, I would buy day one. If it was $80, it would be like 2 weeks later. At $100, I think I'm out. And I'm willing to bet that's not really going to be a hot take. But I also feel for Valve here. Can you imagine releasing hardware in this current market condition? When I chatted with Valve, they felt like the retail price for the controller represented the hardware and engineering that went into creating that. And I can't argue with that fact. But a controller is also about the feeling. And compared to the Dual Sense, uh, that I would argue has a pretty equivalent amount of value wrapped up in its features, I would say that the Dual Sense feels better.

[Eurogamer - Matt Wales](https://www.eurogamer.net/steam-controller-review)

&gt;So as much as I do genuinely love the new Steam Controller - and it has unquestionably and irrevocably replaced its much-loved predecessor on my shelf for mouse-driven games - it remains a fairly niche proposition. Probably more so in 2026, given the seismic increase in the number of PC games with built-in controller support since 2015. All of which is to say, you'll probably already know if there's room in your gaming set-up for Valve's latest effort, and if that's you, it's a rock-solid upgrade. But for everyone else, at £85, it's unlikely to be the best choice compared to traditional controllers.

[ArsTechnica - Kyle Orland](https://arstechnica.com/gaming/2026/04/steam-controller-the-ars-technica-review/)

&gt;All told, we’ve really enjoyed our time so far with the Steam Controller. It’s a solidly built device with some nice extra features that make it stand out from a sea of very similar controllers on the market. For many players, though, those features won’t be enough to justify the $99 price. It’s hard to necessarily justify spending that much in a market where a first-party Xbox controller or high-quality third-party Bluetooth device can be easily found for half the price or less. We’d only really recommend splurging on the Steam Controller if you’re planning to play a lot of mouse-based games from a more couch-friendly distance or if you find standard Bluetooth options don’t provide a good enough connection. In most other cases, buying two cheaper controllers for the same price is probably the better bet.

[PC Gamer - Jacob Ridley](https://www.pcgamer.com/hardware/game-pads/steam-controller-2026-review/) \- 83 / 100

&gt;So, the Steam Controller can't compete with competitive controllers, nor on value for money with simpler pads. It can, however, compete on its all-round utility. You have to ask yourself how much value you assign to not having to get up off the couch to navigate the desktop or play a strategy game. Personally, I could go without the extra inputs most of the time. Valve already provides a useful and free alternative to mouse and keyboard in Big Picture Mode, which offers easy access to most of what Steam has to offer and can be navigated easily with a standard controller. I mostly play horror, rhythm, and racing games on my living room PC, and as such, I don't find myself having to grab a keyboard or mouse all that often.

[The Verge - Jay Peters](https://www.theverge.com/games/918610/valve-steam-controller-review)

&gt;Still, the Steam Controller is very nearly my dream controller. It’s an expensive option at $99, especially when I already have a bunch of controllers that I could use. But none of those have the same magic. The Steam Controller’s extra perks are enough for me to buy one for myself. One feature new to the Steam Controller feature is Grip Sense. Thanks to capacitive sensors, each of the Controller’s grips functions as a button. Like everything else with the Steam Controller, either grip can be mapped to anything else you want. In my experience, Grip Sense generally activates when the top part of my palm starts to curl around the grip, so you do have to be mostly gripping the controller for it to work, making it great for gyro controls. It was a little touchy as a trigger substitute in *Resident Evil 2*, but I don’t think that’s the type of thing most people will use it for. The trackpads were mostly a letdown. They’re not in a comfortable spot for me to use extensively as a mouse; the few times I’ve tried, my contorted thumbs started to ache. Sure, the right trackpad gave me slightly finer control while fighting zombies in *Resident Evil 2*. But I much prefer just using the right joystick to aim. I did use trackpads in *Vampire Crawlers* as a mouse, to hover over some helpful info I couldn’t figure out how to see playing purely with gamepad controls. They’re handy to flick around a desktop, too. But, like with the Steam Deck, I won’t be using the trackpads on the Controller as a way to play mouse-based games for hours on end. I also wish the Steam Controller had a headphone jack, like the DualSense and Switch Pro controller.

[Polygon - Giovanni Colantonio](https://www.polygon.com/steam-controller-2026-review/)

&gt;There are plenty of blemishes, some that just can’t be fixed until Valve releases a full iteration, but there’s good reason to think the experience will improve. After all, the Steam Deck was very temperamental when it first release. Many of its issues were addressed in system updates, and now it feels like a different piece of hardware altogether. I wouldn’t be surprised if Valve pulls that same trick with the Steam Controller, patching in some pairing fixes or getting the controller to work on third-party launchers. If it can do that, I don’t think I’ll ever need another PC gamepad again.

[Gamers Nexus](https://www.youtube.com/watch?v=wfr4QN1Hvhs)

&gt;The battery life is unbelievably long. We had some opinions from the team in here and in general we're positive on it as a control device. $100 is obviously at the higher end of controllers. But the quality we liked. Personally, the thing I care about the most, and I know this is like maybe kind of lame, but is the repairability. Cuz when I did the tear down, I was like, ""Okay, got it."" So, Torx, and there's like two or three types of screws. They're really easy to identify where they go when you're done. Everything is labeled and marked. Like, this is great from a build standpoint. in terms of being able to take it apart. You can lay everything out. I mean, it I was I was impressed with it, but we'll save that for the other video. So, anyway, that's kind of the benchmarks and the numbers...We generally liked it, but I don't expect everybody to like it. It's just that's just how input devices are.

[ScreenRant - Chris Carter](https://screenrant.com/steam-controller-review/)

&gt;In our hands-on, we found the Steam Controller to be an extremely formidable bit of hardware. I put the new Steam Controller through its paces in a variety of software, including FPS, RTS, and everything in between. I was initially resistant to try it for FPS games, given my proclivity toward Xbox controllers for specific casual FPS games, but the Steam Controller kind of melted into my hands in minutes. The controller just plain feels better than any of Valve's prior efforts. The rumble is more pronounced and impactful, the TMR thumbsticks feel responsive and are made out of quality parts, and it has gyro aiming to boot. The trackpads are easily the most-improved aspect of Steam Controller 2.0, as they have an even more tactile feel, which is a godsend for games with pseudo-mouse support, especially menus.

[PCMag - Jeffrey L. Wilson](https://www.pcmag.com/reviews/valve-steam-controller-2026?test_uuid=06f2t2mKxAWPbc1xmAn5J4t&amp;test_variant=B) \- 4 / 5

&gt;The new Steam Controller feels great, performs well, and has an incredible list of features and customization options. At $99.99, it’s pricier than most standard gamepads, but less expensive than premium controllers like the DualSense Edge and Xbox Elite. But considering everything it does, the Steam Controller is a worthwhile purchase if you mostly play games on Steam. In fact, it would be my favorite PC gamepad if not for Xbox Game Pass incompatibility. As it is, though, this is one of the best dedicated PC gamepads available, and a vital accessory for any Steam Deck user who keeps their handheld docked to their TV. For that, the Steam Controller earns an Editors' Choice award for game controllers.

[Gizmodo - Kyle Barr](https://gizmodo.com/steam-controller-review-trackpads-change-everything-for-pc-gaming-2000751120) \- 4 / 5

&gt;The Steam Controller, despite releasing before the Steam Machine, won’t turn your PC into the dream console you had hoped for. The gamepad won’t wake a plugged-in PC from sleep. If your computer is on, you hit the Steam button once to bring up the Steam app and again to load in Big Picture Mode. The larger picture makes navigating your games with a controller easier. Then, inevitably, you’ll want to change volume sources or adjust some Windows setting you can’t access without closing out Big Picture Mode or hitting Alt+Tab on a keyboard. Traditions exist for a reason. The mouse and keyboard offer far more minute controls than any controller can. The Steam Controller is a simulacrum. It’s all the more clear since you have to change settings in every game you play. But as I grow older and simultaneously come to terms with a life of constant pressures, stress, and an aging body, the last thing I want to consider is propping myself upright in a chair, like a Micro Center mannequin, just to enjoy my favorite pastimes. The Steam Controller may be the perfect companion to the Steam Machine, eventually. Even without that console, Valve’s second go at a controller offers nearly everything I want. If I ever find a Steam Controller (let’s call it a Steam Controller Pro) with instant triggers, I’ll be in PC gaming heaven.

[Rock Paper Shotgun - James Archer](https://www.rockpapershotgun.com/steam-controller-review-2026)

&gt;I have decided that this is how all controllers should recharge from here on, and will quietly judge any future competitors that fail to adequately copy it. Which could be many, as it’s no big stretch to imagine waves of Windows-focused, overtly PC-first gamepads following this one, just as the Steam Deck sparked a rush of [rival handhelds](https://www.rockpapershotgun.com/best-handheld-pcs). Unfortunately, for any trackpadded copycats in the works, there’ll always be that shrugging, doubtful retort: ""Yeah, but the Steam Controller did it first.""

",1244,691,1777310498.0,0.93,True,self.gaming
1syzc9j,gaming,Coop PVP game,"Hey everyone!

My wife and I love playing PVP games on a team together.  We have been playing League of Legends for years, but I've recently gotten fed up with the 3 random players we have to play with.  Do people have any suggestions on some fun PVP games with teams of 2? 

The extra kicker is my wife gets motion sickness from first person and most third person games. ",0,43,1777470481.0,0.36,True,self.gaming
1sxn4hn,gaming,Guild Wars' Level 20 Cap Is So Nice,"So many games make reaching the max level frustrating with an monotonous xp grind etc, while Guild Wars 1 makes it almost impossible to not reach it during one of the campaigns.

I find it a bit of a shame that more games haven't tried Guild Wars' level/progression. You reach max level and distribute your stats accordingly but then it's all about gearing up and collecting the right skills for yourself and your party. 

I feel like it's quite common for games to continually increase the level cap and messing up the game balance, making damage/stats incomprehensible to a lot of people (I suck at numbers). 

All in all, I do not regret buying GW Reforged during this years spring sale. It's good fun. I wish more games had lower level caps like it. ",249,121,1777339704.0,0.81,True,self.gaming
1swz1cy,gaming,Death Stranding 2 has some amazing visuals,,2927,296,1777283540.0,0.92,False,i.redd.it
1sx80cz,gaming,This is how Sony announced the price of the PS1 back in 1995.,,936,183,1777305712.0,0.93,False,youtu.be
1sz5gud,gaming,"Video Games are exhausting for me now, and I want to play them normally for once","The way that I play video games is so exhausting. And because of what I can only assume to be a mental illness, I can't stop myself from playing any other way. I have to look up a guide as I'm playing because I force myself to ensure I have the perfect playthrough where everything I do is efficient and satisfying in every degree to maximize my fun and fulfillment, even if it's unnatural and not blind.

But that just ends up looking like me constantly checking the Bulbapedia article for the route I'm on in Pokemon, and every loading zone I go to my phone and change to the next route, study all the items that are in the route, memorize them, look at all the Pokemon and judge whether I want to get any, look at the stats of the Pokemon and their move pools, look at where I can get the TMS for some of the moves that they need, then walk a little bit in in game, completely forget all that I just researched, and then check my phone again.

I do the same thing in subnautica where I'm so unbelievably obsessed about having the perfect playthrough where I do everything correctly and satisfyingly that I'm too scared to build a new base even though I really want to. It needs to be the most efficient, effective, and aesthetically pleasing location for a base, and I have to figure that out without looking up spoilers. It paralyzes me. 

It's. Exhausting.

And yes, I *know* that I'm playing the games wrong this way. Games are supposed to be fun, and it'll be a lot more fun to play blind. Only issue is, playing blind has started to stress me out because I'm so obsessed about missing critical stuff. People tell me to just ""not do that"" and if it were that easy then of course I'd just play the games normally. But unfortunately I kind of give myself no choice because I'll worry myself to exhaustion about all the ways I'm playing poorly, even if I'm consciously aware that ""playing poorly"" is okay, natural, and still fulfilling.

Does anyone know what the hell is going on?? I know this is a problem with me and not with the games, but it's really sucking all the joy out of these games. I'm super excited to play something like elden ring, but I think that once I do, I'll eventually cave from the pressure of failure and look up some 100% guide and painstakingly search each and every inch to maximize ""playing the game properly,"" even though *I know* that would inevitably lead to exhaustion 

Edit: some clarification. Yes, I *know* that I'm doing this to myself lmao. I'm not coming here asking ""man looking up spoilers isn't fun, any tips on how to avoid that?"" Trust me, if I *could* just put down Google and play the game normally, I would. I wouldn't have a problem then. But when I try that, my brain gets itchy and I start to worry that I'm missing the perfect opportunity for a make or break decision that's hidden down some path that I would only find through a guide, even though I know that's irrational and unlikely. I'd love to just build a subnautica base wherever and choose to think about more enjoyable things rather than stress out. However, unfortunately, I can't just *not* stress out. ",0,111,1777483589.0,0.37,True,self.gaming
1sxq1a5,gaming,Cozy Shelter Games?,"I’m looking for games that scratch that “cozy” itch of building shelters against threats of the outside world. Project Zomboid is my go-to for this feel, as I love the prospect of building and fortifying a base where I can eventually just sip my tea and watch tv while the world outside remains a zombie-filled hellscape. Any other games that promote finding or building shelters against a threat?  ",85,111,1777347530.0,0.83,True,self.gaming
1sz7dvr,gaming,"Planning to purchase a steam controller in the coming months, started prepairing for it already as im poor nowadays","141 market transactions so far (been selling everything I have in my steam inv except for TF2 items), got 30 PLN (8 USD) already.

Steam controller costs 419 PLN after tax (115USD) in my country, so there's a long way in front of me.

Im running out of items to sell, but I will succed!...someday.

\[Yes, this post is not a joke.\]

Wish me luck!",0,17,1777487547.0,0.25,False,i.redd.it
1swuaam,gaming,About to pass it on to the next generation,,4753,89,1777267010.0,0.96,False,i.redd.it
1swsctm,gaming,Alien: Isolation 2 will use Unreal Engine 5 and not the Cathode Engine,,4433,572,1777261109.0,0.97,False,dsogaming.com
1szhmpw,gaming,This is the very last time I buy a game based on hype.,"I broke my own rule and bought this based on the hype and reviews ive seen on reddit. Never again will I waste my money on that mistake. 30 hours of fetch quests and frustrating traversal, not to mention the broken inventory and combat. Is bar this low for AAA games now? ",0,166,1777511689.0,0.35,False,i.redd.it
1sxkswu,gaming,Looking for recommendations - games with breeding/generation mechanics,"(Not the kind with hentai cutscenes.)

I've recently played a few games with generation/genetic trait mechanics, like Rogue Legacy 2 and a new game called Boardlike (which I didn't really get into, but playing it spurred this post). I also played Massive Chalice back when it came out, and enjoyed the creature fusion mechanics in Jade Cocoon way back in the day. I've also just come off a big Mewgenics binge and I'm a regular Crusader Kings fiend.

I've realised that I really like this concept - breeding your future player characters from your past ones, trying to preserve good traits and avoid bad ones - but often don't find the gameplay in these games to be satisfying. Massive Chalice felt undercooked, Mewgenics is IMO *too* gameplay-focused and the breeding isn't deep or involved enough, CK3 is too passive and too easy once you learn the systems... And so on.

Does anyone have any other recommendations for this specific type of game/mechanic? Preferably turn-based if possible. I know Persona 5 has some fusion mechanics but I played Metaphor recently so I kind of need a break from the Persona formula. Edge cases are welcome, anything with the generational vibe!",53,126,1777333595.0,0.74,True,self.gaming
1szat90,gaming,Pragmata review,"Im gonna say it straight away, I do not like this game. There are parts I enjoy, like I love Hugh and Dianas relationship, and I do enjoy the combat, though I find it to be overly repetitive in my opinion. The story is just ok to me, like I completely saw the twist coming at about the midpoint, even said they would betray us as soon as they were introduced. There is plenty I do enjoy about this game, but there is way more that I dislike, or outright hate, then I do enjoy. Like, for starters, something as simple as the dash mechanic. You start with 1 or 2 dashes, and it uses fuel to dash, cool. You can also upgrade it to do more dashes, which is just simply upgrading the amount of fuel you have available. The problem is the game doesnt seem to care how many dashes you have available. I can be in the air, with a full tank of fuel, and only dash twice when I should be able to dash 5 times. Ill look at my fuel, and it'll have turned red even though its still half full. But the one that irritated me the most is the damn map. It literally is useless. You cant move the map around, it doesnt show your position on the map, it doesnt even show a layout of the area, just an overhead view of some 3d blueprints just so you know what section you're in. So, if you go back a level to explore and find more secrets, you will get lost, and the game with do literally nothing to help you figure out where you are and where you're trying to go. All it gives you is a scan that pings things, like chests, and thats it. I truly believe Capcom intended for people to just do the main story and never try to explore the rest of the map because of how frustrating exploration can be. And it feels extremely cheap, like I'll go to make a jump that I would obviously be able to make, Ill hit the ledge that Hugh would normally grab, but instead he just head bunts it before hovering to the ground. Or the constant invisible walls they put everywhere keeping you from actually exploring. 

I guess, to put it simply, I really did enjoy the story and the characters, but the basic gameplay mechanics fucking suck and ruin the rest of the game for me. And all the problems are especially apparent during the challenges, since the game seems to randomly decide when the upgrades you gained throughout the game can be used during the challenege or not. ",0,27,1777494867.0,0.12,True,self.gaming
1swr352,gaming,I remember reading this book in the car on the way home. Was so excited for this game!,Gone are the days we used to get a book to read! ,1998,279,1777257475.0,0.98,False,i.redd.it
1syp9e1,gaming,"FFXV, P5, or Okami?","Hi, I’ve never really been a massive fan of JRPGs (I usually find them to be too grindy and just a bit too weird sometimes idk) I’ve been looking to get my teeth into something long and something that will have me hooked so I’m looking at FFXV, Persona 5 Royal, or something older like Okami.  

Which one would you good people recommend? I don’t want anything where I have to grind out levels too much but just something that’ll keep me hooked long enough for Black Flag to come out. 

Thanks! ",0,39,1777439558.0,0.36,True,self.gaming
1sx8qzd,gaming,Nexus: The Kingdom of the Winds,Anyone remember this game? ,109,35,1777307277.0,0.82,False,i.redd.it
1sx3mdw,gaming,"Directive 8020's glossy, late-’90s sci-fi aesthetic gives it an edge",,176,27,1777296317.0,0.87,False,creativebloq.com
1swe11l,gaming,"With the success of It Takes Two and Split Fiction, you’d think more developers would be making solid couch co-op games","In a world where we went from split screen Goldeneye and LAN parties to the internet age where everything moved online, I believe we’re moving into a third generation of gaming lead by millennials who grew up on N64 and early gaming consoles. These people (my people) are now living in a post-covid world, where we strive for connection in the face of things like online work and young children. 

Sitting with my girlfriend yesterday in a rare free weekend, we decided to look for a new couch co-op game to play on my XBox. We’ve played split fiction and it takes two, Reanimal, overcooked. I’ve played a few of the Supermassive games (The Quarry, The Devil in Me) with an ex (they’re cool concepts but I’m not a huge fan of the interactive story genre). My girlfriend isn’t a huge gamer but she’s down to kill some zombies, or steal some cars in GTA. She’d be down for something like Baldur’s Gate but we generally don’t have time to sink into something so involved. 

Why is it that, after an hour of searching, the best game we could find was A Way Out, a nearly decade old game that’s closer to an interactive story? Runner ups I wanted to try were some of the later co-op entries from Resident Evil - again, OVER a decade old with no planned remakes or more recent co-op games from the series. Looking at Reddit threads from the last 10 years is telling - so many of the suggestions are the same, despite there being an eight year gap in some of these discussions. 

It Takes Two released a bit over 5 years ago to critical acclaim, 27 *million* sales to day. The [studio has over 50 million total sales](https://www.gamedeveloper.com/business/split-fiction-dev-hazelight-studios-accrues-50m-total-sales) as of last week. 

There’s clearly an enormous market for this product. Where are the new titles, the remasters, or the re-imagining of older games with couch co-op in mind?

(Disclaimer - I know there’s a lot of smaller games, and a couple of bigger ones I didn’t mention - I know these games exist, I’m wondering why there aren’t a LOT more of them)",5330,459,1777225032.0,0.96,True,self.gaming
1swzyxb,gaming,If you could only recommend one game what would it be?,"Hypothetical situation someone you don't know anything about, asked you they will try one game and one game only and asking for recommendation. They never played or even seen any game and this game you recommend will be the game that will form their opinion on gaming. The person will listen to any advice you give and will spend as much time needed to finish the game. What would the single game that represent gaming best for you.",190,428,1777286622.0,0.81,True,self.gaming
1sx74o1,gaming,Any Racing games close to Midnight Club?,"I used to love the old underground street racing games like Underground 2 and Midnight Club and am wondering if there’s any other modern games similar to these styles? 

Looking for open world almost rpg-like with full car customization.

I know there are a ton of indie racers on steam and I looked at a couple and saw Night Runners was close, but it’s sadly only a prologue and not a full game yet. So wondering if anyone has any recommendations for any games similar? ",64,57,1777303852.0,0.8,True,self.gaming
1sx57m6,gaming,"So I know they are classified as psychological horrors, but is there a sub-genre for horror games with a cute surface?","For example, Doki Doki Literature Club",64,46,1777299814.0,0.77,True,self.gaming
1sxa0uz,gaming,I was reading an article that mentioned companies need to recognize the complex differences among diverse consumer groups (among gamers) and it made me smile,"It’s been really fun watching gaming explode over the years. So many people who never thought they would be gaming are in on the fun now. There’s now so many genres and platforms that there’s much to offer every type of gamer.

Thats the part that makes me smile. There’s such a huge variety of types of gamers now. Years ago you met a gamer and there was a good chance of crossover in games you like. Sometimes your tastes would differ but with the limited pool of games it was less common. Now I can talk to half a dozen gamers and not have a single crossover. Now I don’t mean that as a negative, we now have less in common, way. I think it’s amazing that we’ve spread the genres of games and spins on those genres so wide that we now have all these pockets gamers can fall into. I love this because it really provides an, almost everyone will find something to love, element to the gaming world. From indies to AAA. From racing to role playing. From action to puzzles. There’s so much and I love that I’ll meet a gamer and more often than not hear about a game that’s completely new to me.

That’s all. Just wanted to share my love for gaming and the diverse community we have. I’m so glad to be a part of it. ",30,43,1777309926.0,0.6,True,self.gaming
1swphy4,gaming,Had a hankering to replay Guitar Hero so made an investment today,My cat was quite fascinated as well. Also picked up a guitar for Xbox (not featured),465,92,1777252965.0,0.9,False,i.redd.it
1sycv24,gaming,"I know it's trash, but I really liked playing (your guilty pleasure game)","For me it's Fighting Force 2. I know it decided to try and be a combat heavy Tomb Raider game with no co-op, but it turned Hawk Manson into the ultimate secret agent.",0,50,1777407279.0,0.43,True,self.gaming
1swqkvd,gaming,"I miss the Transformers War and Fall of Cybertron multiplayer!! Is there any way to play this anywhere at all, at least with friends?",I miss these games soooooo much.  So much untapped potential as a multiplayer game and it looks like we’ll never get anything like these ever again.,147,56,1777256018.0,0.85,True,self.gaming
1sw7ym4,gaming,[First Official Tease For 'Alien: Isolation 2'] False Sense Of Security,,1399,214,1777211135.0,0.97,False,youtu.be
1sybbk7,gaming,"Pirates, we all love pirates.  Why hasn't there been a game devoted to the adventures of Sir Francis Drake?","There should be a game.  Its part sailing across the ocean discovering ""the world"", the terror of the drake passage, pirating, exploring, diplomacy.  I would play the crap out of that game.",0,42,1777403976.0,0.33,True,self.gaming
1syb770,gaming,"What are your big ""Noups"" on the horror genre?","You know, things that no matter how much you like horror you can't deal with? 

Personally, I can't play anything that involves occultism or satanism, especially the rituals where they draw pentagrams with blood on the floor or where a group of people start invoking something that shouldn't be invoked.

Oh, I also hate games with the Uncanny Valley effect. The images affect me so much that I can't stop thinking about them for weeks.",0,42,1777403711.0,0.3,True,self.gaming
1swxaye,gaming,Good action games?,Finished up Arkham knight not too long ago and now I'm itching for a good action game. Any reccomendations?,31,129,1777277275.0,0.68,True,self.gaming
1sweuqq,gaming,"If one day you suddenly woke up with the skills and knowledge to make any kind of video game you want, What kind of game would you want to create for your first time?",Like you wake up and you know everything you need to know about making a game and so you start working on a game writing a story and getting a trailer together to get people to back it,312,832,1777226855.0,0.8,True,self.gaming
1syd33u,gaming,"If you ever make a deck building card game without the ability to make multiple decks, you better sleep with one eye open.",That's all.,0,18,1777407749.0,0.2,True,self.gaming
1svum2v,gaming,Majora's Mask was dark as hell,The fact that you help people die and then put their spirits into masks is just one of many messed-up things in The Legend of Zelda: Majora's Mask.,5620,261,1777168961.0,0.97,False,i.redd.it
1sw7pt0,gaming,"Capcom you cowards, bring him back ""V""","Now that Kamiya is back when finish Okami 2.

Don't care if is a remaster to test the waters. Game is still stuck in GC/PS2.",507,81,1777210515.0,0.9,False,youtu.be
1sy2w2g,gaming,"I’m 21, I quite possibly may have trigger finger because of this hobby!","While I’m not 100% sure it’s trigger finger (could be hyper mobility or other issues.) I do know something is wrong with my knuckle. I was doing some inputs for my machine today at school and cracked my knuckle, then it still feels tight. Speaking to my doctor later today! Wish me luck. 

13 years of gaming would do that I guess, it’s time to break out daily stretches and finally get around to adjusting/modding controllers/keyboards. I’m guessing it’s from my use of the AYN Thor that could’ve aided in causing it, the triggers are so damn close together. Any recommendations for a fool like me?

Reminder to everyone, of all ages, do your stretches and make sure your hands are comfortable whenever you game. ",0,18,1777386181.0,0.11,True,self.gaming
1sxvcr0,gaming,At 3.03 mins on the valve steam controller video it shows that you could use it to turn a valve,"""it can be used as a way to rachet while using gyro"" can't be a coincidence haha 3's everywhere 🤣 Maybe a fun intuitive way to control hl3 mechanics?",0,15,1777364849.0,0.33,True,self.gaming
1sxml67,gaming,I want a recommendation for a good shmup.,"Those that know know R-Type, Gradius, Soldner-X etc.

I've played those but I've had the itch to play one for a while.  I'm on Playstation.

I don't want to play the remastered Soldner-X games. I played them on the PS3 and want something new.

Anyone got any recommendations?",0,29,1777338266.0,0.29,True,self.gaming
1sxzf42,gaming,It's not a skill issue (dynamic difficulty),,0,66,1777377873.0,0.19,False,youtube.com
1svoi0g,gaming,Unpopular opinion: I actually like when games have day/night cycles and days of the week that match the real world.,"I loved the Pokémon games that did that. Made them feel more immersive and interesting. Oh you wanna catch this? Well better be on route whatever on a tuesday morning. It was a lot better and rewarding than just going to their every day spot and catching one. 

Plus, they all were manipulated by system clocks so it wasnt like you missed out if didnt wanna play by those limitations. ",2153,314,1777152480.0,0.87,True,self.gaming
1svpxkx,gaming,Nothing beats prerendered backgrounds REzero,"Its not perfect but its crazy that companies moved on from that.

Resident evil remake and even more REzero show such a insane potential for prerendered  backgrounds and we are talking about a game from 2002 over 20 years ago.

I hope we can go back to that and with modern tech, it would look insane and run like a dream.

Edit: If you still believe that pre-rendered backgrounds look bad and wouldn't work on modern games here are some more pictures:  [https://imgur.com/a/SR5RqFB](https://imgur.com/a/SR5RqFB)

",1452,140,1777156083.0,0.89,False,i.redd.it
1sw6ut9,gaming,Looking for game recommendations similar to Expedition 33 and The Ruined King,I really like the aspect of making different builds that synergized with each other. I've enjoyed Dragon Age veilguard's gameplay similarly with a big passive tree that changes how you play and with a lot of freedom. So I guess I'm looking for games that have good build variety and a lot of freedom with significant options in your builds and cool combos (bonus points if its party-based but not necessary),91,106,1777208255.0,0.74,True,self.gaming
1sxkokp,gaming,Starcade Ep118,,0,0,1777333285.0,0.18,False,youtu.be
1svdvjl,gaming,"Steam Controller Price Leaked By Early Review – $99, Purchases Likely Imminent",,4263,1386,1777127768.0,0.97,False,vice.com
1sxgmd8,gaming,The games that make you travel in time,"What is a game you played as an adult which directly brings you back to another you played as a child?

* Expedition 33, which reminded me so much of FFX (not surprisingly, a main source of inspiration to them)
* Another is Dark Souls, which gave me the same feel as Zelda Ocarina of Time. The world is darker, but I grew up, and it felt just the same when I was entering my first temple and when I entered my first undead dungeon.
* Bear with me on that last one: Deep Rock Galactic Survivor gave me the vibe of Diablo 2, with the movement in tight spaces to dodge a screen saturated with enemies. I just love when everything becomes so intense that your brain starts to abstract everything. Almost like you see the game in negative space.

Anyway, what are yours?",0,30,1777323658.0,0.29,True,self.gaming
1sxcp01,gaming,Games like Tomodachi where you just sit back and watch,"I am enjoying the aspect of just allowing the world to unfold with little to no say in it. Where you just watch the life unfold. 

Any suggestions of games like this? ",0,22,1777315453.0,0.38,True,self.gaming
1sxm37h,gaming,Alanah Pearce talks bringing Indie Games to the Silver Screen,,0,25,1777336942.0,0.39,False,youtu.be
1svcx3s,gaming,DoubleFines New Game Kiln Is Off To A Rough Start On Steam With Less Than 200 Players,,2656,500,1777125450.0,0.95,False,thegamer.com
1swv2tt,gaming,Making Friends Monday! Share your game tags here!,"Use this post to look for new friends to game with! Share your gamer tag &amp; platform, and meet new people! 

This thread is posted weekly on Mondays (adjustments made as needed).",1,20,1777269614.0,0.51,True,self.gaming
1sxbahn,gaming,I mixed a shopping list with an ARPG style looter incremental game [Grocyr],"I’ve always struggled with the lack of dopamine when doing boring adult chores like grocery shopping. To fix this, I made Grocyr :) a functional shopping list that acts as an ARPG looter game. Basically, every time you check an item off your list in the real world, you get random gear drops, XP, and items to power up a character and fight bosses in a battle mode.

I’m trying to figure out if this ""looter"" concept is actually a good hook or if I’m overcomplicating a simple task. Does the idea of earning gear from a grocery run sound satisfying, or is the gap between real life and RPG mechanics too weird for you? I’d love some honest thoughts on whether this core loop makes sense or if I should rethink the whole thing. I made it because I was going to use it anyways but, could more people use it?

Link: [Grocyr :)](https://play.google.com/store/apps/details?id=com.vibing.grocyr)",0,19,1777312534.0,0.38,False,i.redd.it
1sv1ir4,gaming,I hate it when games are announced way too early,"I hate this practice in the industry where games that don't even actually exist yet or are in a very early stage of production are announced with trailers or teasers and then you dont hear anything about them for years and years, one of the most infamous examples that come to mind for me are the remake for Star Wars: Knights of the Old Republic and Star Wars Eclipse.",11110,852,1777089446.0,0.97,False,i.redd.it
1sxcwaf,gaming,Am I the only one tired of all the ray/path tracing stuff?,"It genuinely feels like it only makes the gaming industry strictly worse, at first it was like wow ray tracing is the NEW BIG THING, yada yada, btw you also have to use DLSS because the GPU's of current time can't do RT natively.  

Then devs decided that DLSS is a crutch that they can use instead of optimizing their games, now you need DLSS to run many games at just 60 frames if you don't have the latest and greatest tech.  

Fast-forward to 2026 and now PATH TRACING is all the jazz, and apparently Ray Tracing was always a stepping stone, btw buy our new latest and greatest GPU for jacked up prices or suffer worse looking and worse running games on old gen hardware.  

Don't get me started on frame-gen either, having it ON in recommended settings is insanity to me, is 60 native frames without DLSS and FG too much to ask for?",0,57,1777315883.0,0.42,True,self.gaming
1svbk1c,gaming,Are there any games within a forest setting that actually feel like a forest?,"Forests in games always felt cheap to me. They usually have that „sparsely placed tree assets“ look to them. Sense of scale is also a thing that most games seem to struggle with.

Also most seem to place grass throughout them, maybe it’s location dependent but there is little to no grass in the forest where I’m from. It ruins the feel even more for me. I’d love a game with an actually dense forest that doesn’t feel like it was solely made to be easy to traverse through. ",1107,521,1777122005.0,0.92,True,self.gaming
1sxnt98,gaming,"WWE on mobile is an electric experience, plus some quick thoughts on touch screen","I wasn't quite sure how this move would land and when it did I missed it 😂

Not an avid WWE fan but stuck on a train I decided to check out WWE 2K25 on mobile (available via Netflix only I think). It looked and felt surprisingly good on a device. If you're already on Netflix and need to blow off some steam in commute, this wouldn't be a bad idea.

Importantly, because wrestling is accentuated by motion, the touch screen offers a lot of novel and intuitive ways to play that a controller/kb can't. I just wanna use this opportunity to also underline the merits of touch screen control for certain games, especially when you need to direct an action while moving. Instead of a second stick (which means three inputs, movement, aim and action) you can just drag the button itself (which means only two inputs). This is how WWE can offer a full experience with such a simple control. I also like Diablo Immortal which often feels more fluid than D4 in action (although of course D4 is awesome). 

Not trying to debate anything, just recommending a game plus sharing some gaming thoughts. I know mobile gaming is scorned upon around here, feel free to disagree and don't let it bother you. 

Ok, now, any naming idea for my custom wrestler? I'm thinking.... Dienamite. \*\*DIE\*\*namite. Get it? 🤣",0,13,1777341513.0,0.13,False,i.redd.it
1svnyj3,gaming,“Inside gaming’s cheat problem” BBC,This is a short (17min) BBC audio journalism piece that really brings into focus the scale and evolution of cheating in the industry when big bucks are involved.,224,72,1777151162.0,0.84,False,bbc.com
1sv4v8o,gaming,Airbnb had an Xbox 360 - I think I just sparked a love in single player gaming in my sisters’ kids,"We’re at a woodsy cabin with my siblings and their families, and my girlfriend. After daily activities, Kids found an Xbox360, but noted it could not play Fortnite or Warzone (lol). They didn’t really play any other games on their Ps5s that they all had at home.

It did, however, have a copy of the original Oblivion. I talked these kids (13f, 12m, 9m) through the tutorial. They were hooked. Had an Orc named Shrek through the first few missions in the Mage’s Guild by the time my sister herded them all off to bed. They asked me for more game recommendations, and I already have a copy of the Remaster ordered for one of their upcoming birthdays.

It was fun to watch them realize their choices were so open, and that they were making the story themselves as they went along. Warms the heart.",1879,58,1777100107.0,0.96,True,self.gaming
1swh9kk,gaming,Games like RE7 or Cronos?,Looking for games that are like these two. I already played RE4 and 2 :) ,3,65,1777232179.0,0.52,True,self.gaming
1sv1bya,gaming,"‘Their favourite games were already built with AI’: Google exec says almost every big studio uses AI, but not all disclose it",,2811,775,1777088894.0,0.87,False,videogameschronicle.com
1sx8gun,gaming,"What's a competitive team game, that you dont need to be able to 1v9 to win?","Looking for something team based that you dont need to be smurfing in to win. Games used to win or lose by teamwork, now they all just feel like if you cant win solo vs your team and the enemy team you just lose and never get competitive games.

Any suggestions?",0,46,1777306690.0,0.12,True,self.gaming
1sxerzy,gaming,Anyone else just want valve to go back to making games?,"Not blown away by the new controller and its price, steam machine may be cancelled and steam frame.. who knows? I'd trade all three bits of hardware for three new games from valve, how about you?",0,98,1777319826.0,0.2,True,self.gaming
1sx9ces,gaming,"[OC] Showing off Crimson Desert's new ""Improved rendering quality of distant objects and textures"" | 4K HDR Photo Mode | [17550x6744]","**Bonus Image:** [Sunset](https://i.ibb.co/yFTTfLk1/Sunset-32mb.jpg) \[13521x7038\]

\--

**Captured on**: PS5 Pro

**Rendering Mode**: Quality

**PSSR**: Enabled

**Panorama/Stitching Software**: AutoPano Giga

**Editing**: Adobe Lightroom

**Date**: 27 April 2026 2:45am",0,48,1777308520.0,0.28,False,i.ibb.co
1svago8,gaming,Which game has the best “hard” difficulty?,"I find it really difficult to go back to a game after beating the “normal” difficulty. I usually try and play through games a second time on the hardest difficulty, but will put it down if the game doesn’t up the difficulty in a satisfying  way.

I think resident evil 4 is a good example of a game that is fun to play again on the hardest difficulty. Which game does hard mode the best?",317,416,1777118986.0,0.88,True,self.gaming
1svz8sy,gaming,Simple Questions Sunday!,"For those questions that don't feel worthy of a whole new post.

This thread is posted weekly on Sundays (adjustments made as needed).",15,25,1777183208.0,0.68,True,self.gaming
1svahsz,gaming,Boyfriend and I are headed to Comic-con dressed as Legion and Huntress from Dead By Daylight!,,294,19,1777119079.0,0.94,False,i.redd.it
1sx7urk,gaming,Remaking Graphics is a Form of Remastering a Video Game,"I am using Merriam Webster as a definition reference.

Example of songs has been removed to avoid confusion of the definitions. 

Remaster - to create a new master of. 

Remake - 

1. Remade (verb)

2. One that is remade (noun) 

Remix - A variant of an original.

Examples in Video Games:

Original: Dark Souls 

Light Remaster: Dark Souls Remastered 

Full Remaster: Demon's Souls (2020)

Light Remix: Dark Souls: Scholar of the First Sin 

Full Remix: Elden Ring: Nightreign 

Light Remake: Resident Evil 4 Remake 

Full Remake: Dark Souls

Have fun and let's discuss. ",0,73,1777305396.0,0.07,True,self.gaming
1sv8fm6,gaming,Dead Space creepy as hell,Also replayability is so good like I just found this baby lol brutal creepy great ,350,76,1777112577.0,0.88,False,i.redd.it
1sus88a,gaming,Clair Obscur: Expedition 33 reaches 8 million sales mark,,3528,325,1777064731.0,0.94,False,playday.one
1swxvhl,gaming,Just finished Split Fiction and I feel like I'm going insane (RANT),"This game has a 91 on Metacritic and everyone on the internet singing its praises. So I went in expecting it to be at least good, if not great. Me and my boyfriend just finished it and we both feel like we're going insane due to the disparity between our experience and what we read on the internet.

We hated this game. The gameplay was good - although a notable step down from It Takes Two IMO. The graphics were great.

The WRITING. Oh my God, the writing. This is perhaps the worst story, dialogue and character writing I've ever experienced in a game. It almost felt like a satire.

Perhaps the writing in It Takes Two wasn't great either, but I don't remember being bothered by it. It felt heartfelt and fun, and it never stood out as particularly bad. Split Fiction is a different story, and it also seems to put its story much more front-and-center compared to ITT. So it's harder to ignore the writing.


# The two leads are insultingly juvenile, dumb, and terrible authors 

The two leads, Zoe and Mio, are written like 14 year old teenagers, not adults. Our introduction to Mio is her telling Zoe, a stranger, ""I don't do small talk..."". No one, not even very introverted and shy people, or people going through trauma, are this rude in real life. This is something a 14 year old teenager would post on Tumblr about ""I hate people..."". Throughout the entire game, Mio is characterized as an angry tween. No, this is not how any adult who's going through trauma actually behaves.

This is how a teenager on Tumblr in 2014 thinks people going through trauma behave.

The other character, Zoe, is characterized like the archetypical ""quirky, adorkable"" trope in a Disney movie, but turned up to 11. It's later revealed that her zany quirky persona is a front for her deep trauma, but again, this isn't how actual adults behave, even if they have childhood trauma. This is, however, how a child who's modeling their personality on cartoons behave.

How are these two leads supposed to be adult writers?

They're also just astoundingly dumb. At one point, one of them asks the other ""do you think authors put some of themselves into their stories??"". Are you kidding me? A 10 year old knows the answer to this question. The other responds with ""No I don't think so"". I actually thought this was satire. Is it satire??

No wonder these two authors haven't been published: they are terrible writers, and very dumb.


# I don't think the writers of this game have ever read a book

Zoe and Mio's fantasy/sci-fi stories are dogshit. The writers of Split Fiction seem to think ""fantasy is when dragons"", and ""sci-fi is when authoritarian regime in space"". Why did Hazelight write a game about book genres, when they don't do anything interesting with those genres? It's all superficial.

Hazelight also seem to think that there's a split between sci-fi and fantasy authors and readers - they think fantasy fans typically don't like sci-fi, and vice versa. This is not true! Many notable fantasy authors also write sci-fi, and vice versa. Sci-fi fans tend to love fantasy, and fantasy fans usually love sci-fi. Often, the genres blend together into ""science fantasy"". These two genres are in NO way opposed to each other. They are in same section in the book store, for gods sake.

Yet Zoe and Mio are supposedly authors who look down on each other's genres. What??? This has simply never happened.

Hazelight made Mio and Zoe bad writers because they themselves are bad writers who have never read a book in the genres they're making a game about - or never read a book at all.

Why didn't they make Split Fiction about two indie game developers? The game makes no reference to books or literature - but TONNES of references to video games. It would make so much more sense if Zoe and Mio were aspiring game developers who had their game ideas stolen by a megacorp (but I suppose EA wouldn't greenlight such a story)


# The writers of this game have no trust in their audience - and little experience with real human interaction

The dialogue. Oh god, the dialogue. I've never cringed this hard at a video game. At every turn, they have the characters clunkily explain what's happening, instead of trusting the audience to think for themselves - like a modern Netflix show. They are also deathly afraid of letting a sincere moment happen without Zoe breaking the tension with Marvel-esque millennial irony ""well that just happened...."". I wanted to die.

When they defeat Mio's ""inner demon"" boss, they have a reconciliation between them where they realize they're now friends. But the execution of this moment is so clunky and overwritten. It's simultaneously hammering it in your face that this is an emotional sincere moment!!!, but at the same time deathly afraid of being truly sincere. ""Good thing we defeated your inner demon, that thing was a party pooper!! 🤣"" (actual dialogue from the game)

I could go on and on about 100 other issues with the writing here, but I'll leave it at that. Eventually, I had to start leaving the room when a cutscene played. My boyfriend sat and hate-watched them alone and laughed at how bad they were.

The writers of this game have never read a book, and have no experience with going through grief and trauma - and no experience with basic human interaction. It feels like the writers at Hazelight are 20 year olds who've been raised on iPads, cartoons, and Tumblr, who now think this is how humans behave in real life.

I've never experienced this much disparity between my feelings about a video game and critics/audiences.


Rant over.",0,161,1777279360.0,0.47,True,self.gaming
1sv1hlt,gaming,[Balatro] finally got the 100% 🤍 took me way too long but still happy.,,642,60,1777089353.0,0.92,False,i.redd.it
1swicdd,gaming,Ea sports pga tour (masters) now unavailable on ps5?,"Hi 

This game is now available. I see that a free trial of PGA Tour 23 is available but I don’t want it and haven’t downloaded it. Now I can’t play the actual ea sports pga tour again (I wanted to play the Ryder cup)

Any idea how to fix it?

Thanks",1,10,1777234625.0,0.51,True,self.gaming
1swseym,gaming,Remakes &amp; Remasters,"When remakes are done well most of us love them.  What about the ones that arent done well and fall short of expectations? How much opportunity cost have all these remakes and remasters, good and bad, hurt us due to missing out on great new I.P.s?  How much effort is required to create a remake/remaster?  Can A.I. do a lot of the leg-work transitioning old-to-new code?  Can companies tell A.I. to create a game like im hearing A.I. can be told to create apps?",0,18,1777261282.0,0.19,True,self.gaming
1suq2ha,gaming,"Noah Hawley says his ‘Far Cry’ series won’t be adapting any of the games as he thinks audiences skip the story cutscenes in those games: “When you play a video game, you only really move forward through the gameplay section, and then you have these cut scenes that you can skip...""","Noah Hawley, known for Alien: Earth and Fargo, will be showrunner for this year's Far Cry TV Adaptation.

&gt;“I’m not specifically adapting any of the games that they’ve put out – I’m saying much as I did with the Coens or X-Men \[he created FX’s Legion\] or Alien, ‘Let me have a dialog with this franchise, because this is what I think a Far Cry story is.’ We can have a larger conversation about the strengths and weaknesses of adapting video games specifically because games are built in a way that doesn’t make for the best drama.

&gt;“When you play a video game, you only really move forward through the gameplay section, and then you have these cut scenes that you can skip, so when you go to adapt those games you have to be aware that makes the human drama kind of irrelevant to the storyline. That is death for a show.”",1853,1395,1777059888.0,0.86,False,deadline.com
1svda4r,gaming,Alien Game Preparation,This totally happens in every game set in space with Aliens!,50,7,1777126330.0,0.77,False,explosm.net
1swm1fg,gaming,Why is the horror game genre so consistently beautiful/realistic graphics wise?,"From the modern Resident Evil games, Alien Isolation (My favorite game of all time), Dead Space, to Outlast. Horror games seem to have the most pretty/realistic graphics out of any other gaming franchise. I was wondering why this is and the reason. ",0,46,1777243547.0,0.41,True,self.gaming
1sv4j8f,gaming,Buus Fury - First time on real hardware,"Hey everyone.

I just wanted to share this; I am playing this game for the first time on real hardware.

I will never understand why this game never got a release in Germany or even EU. I waited and waited after Legacy of Goku II but it never happened...

10 year old me would be so happy :)",150,40,1777098990.0,0.88,False,i.redd.it
1swaovq,gaming,What on earth inspired James to reach into ghat toilet? (Silent Hill 2),"It's so random I feel like I must have missed some sort of hint or something that would give James the idea to search the toilet, because \*who the hell\* sees a nasty clogged up toilet full of god-knows-what and thinks ""oh I have to know what's down there, there are always useful things in gross clogged toilets!"" 

So confused, need answers.",0,29,1777217598.0,0.45,True,self.gaming
1sut0uu,gaming,Clair Obscur inspired stained glass panel,"Just completed this stained glass panel today, which happens to be the one year anniversary of the game's release",468,30,1777066594.0,0.81,False,i.redd.it
1sultz7,gaming,FINAL FANTASY XIV: Evercold Teaser Trailer - YouTube,,715,294,1777050638.0,0.88,False,youtube.com
1suqu16,gaming,If you like action RPGs give this one a try,there's an open beta going now for the DLC. granblue fantasy relink ,390,80,1777061604.0,0.85,False,i.redd.it
1swco64,gaming,How can I get myself to finish games?,"I used to, not that long ago, be able to play games to completion, no distractions, nothing. Now I find myself putting a few hours into a game then getting distracted and continuing the cycle. How can I stop this, and get back to how I used to be able to focus?",0,48,1777222007.0,0.36,True,self.gaming
1sug77t,gaming,I lost Minesweeper 50x50 650 mines,I spent 50 minutes playing just on this one. Here's the coin toss that ruins it at the end.,1194,93,1777038283.0,0.93,False,i.redd.it
1surqm5,gaming,"Shadowrun (1993): I would love to see an isometric, action role-playing dungeon crawler reboot in the vein of Diablo or P.o.E., instead of tactical/turn-based.",,268,119,1777063633.0,0.87,False,i.redd.it
1sumib4,gaming,"A Movie Adaptation of ‘Battlefield’ Is In The Works From Christopher McQuarrie, Michael B. Jordan","McQuarrie is writing, directing and producing. You'll remember McQuarrie from his work on the multiple Mission: Impossible movies with Tom Cruise.

Jordan, off of his recent Oscar win for 'Sinners', is producing and in talks to star",309,343,1777052099.0,0.76,False,hollywoodreporter.com
1suuk53,gaming,The Dark West - Teaser Trailer,,67,15,1777070309.0,0.8,False,youtube.com
1suv9z5,gaming,What are multiplayer games that are basically dead but still have the option to play private matches with multiple friends?,"Just curious if there’s any old gems out there that could be really fun to play with 10-12 players or more even.

I do really miss transformers war and fall of Cybertron but might have a group that may be interested in playing those in a private match, just not sure if that’s even an option anymore ",54,91,1777072115.0,0.74,True,self.gaming
1strvnp,gaming,Mario Bros misprint,Found this the other day. Also never knew Birdo was actually male!!,11357,41,1776970485.0,0.95,False,i.redd.it
1su9a6h,gaming,'Saros' - Review Thread,"**Game Title**: SAROS

**Platforms**:

* PlayStation 5 (April 30, 2026)

**Trailers:**

* [Saros - Preview Trailer | PS5 Games](https://www.youtube.com/watch?v=qf3S7QUFVfw)
* [Saros - Launch Trailer | PS5 Games](https://www.youtube.com/watch?v=rj_1CzKUR4w)

**Developer**: Housemarque

**Reviews aggregates:**

# [OpenCritic: 92 / 100 - 95% Critics Recommend - 40 Reviews](https://opencritic.com/game/19375/saros)

# [Metacritic: 90 / 100](https://www.metacritic.com/game/saros/)

**Some Reviews (updating):**

[PlayStation Universe](https://opencritic.com/outlet/39/playstation-universe) \- [John-Paul Jones](https://opencritic.com/critic/843/john-paul-jones) \- 10 / 10.0

&gt;A blistering, rapid-fire epic without peer, Saros confidently delivers a dual masterclass in third-person shooter design and roguelike sensibilities all wrapped in a delectable veneer that elevates it to one of the best looking games on PlayStation 5. To quote the kids - Housemarque cooked here. This is their masterpiece and it is next the must have, utterly essential PlayStation exclusive. Carcosa beckons.

[Loot Level Chill](https://opencritic.com/outlet/948/loot-level-chill) \- [Mick Fraser](https://opencritic.com/critic/572/mick-fraser) \- 10 / 10.0

&gt;As a follow up to Returnal, Saros is excellent. It builds on the foundations of Selene’s adventure and is a sensational slice of bullet-hell shooter goodness.

[WellPlayed](https://opencritic.com/outlet/382/wellplayed) \- [Adam Ryan](https://opencritic.com/critic/5704/adam-ryan) \- 10 / 10

&gt;Advancements in progression, narrative delivery, and player engagement, as well as refinements made to a near-perfect set of gameplay fundamentals, see Saros eclipse its predecessor and ascend to a throne above all others in the genre.

[Sirus Gaming](https://opencritic.com/outlet/409/sirus-gaming) \- [Kurt John Palomaria](https://opencritic.com/critic/5838/kurt-john-palomaria) \- 10 / 10.0

&gt;Saros is a triumph in every sense. Its moment-to-moment gameplay keeps you constantly on your toes, while a hair-raising score of organs and strings carries each encounter with distorted riffs and soaring notes. Around it all sits an enigmatic mystery that pulls you forward, delivering an experience that is both accessible and punishing in equal measure. It is Housemarque at full power.

[Pragalicious](https://opencritic.com/outlet/993/pragalicious) \- [Kevin Vercauteren](https://opencritic.com/critic/11724/kevin-vercauteren) \- 10 / 10

&gt;Just like its spiritual predecessor Returnal, Saros is an unparalleled experience. Saros is a game that has kept me on the edge of my seat for 35 hours so far. During that time, I didn’t find a single thing that bothered me. I enjoyed every second of the spectacle conjured up on my screen. Housemarque has also taken a brilliantly clever approach to accessibility, ensuring that players familiar with this genre can still find their own way. The fact that I’ve been living in a cocoon for the past few days to write this review of Saros says it all. This is an unrivalled masterpiece and, at the moment, my Game of the Year.

[SavePointGaming - Jake Su](https://savepointgaming.co/review/saros-review-ps5-pro-housemarque/) \- 10 / 10

&gt;*Saros* is Housemarque operating at the height of its powers. Its combat is electric, its mystery lingers, and its progression makes every run feel meaningful. More forgiving than *Returnal* but no less intense, this is a stunning Game of the Year contender.

[COGconnected](https://opencritic.com/outlet/94/cogconnected) \- [Jaz Sagoo](https://opencritic.com/critic/6460/jaz-sagoo) \- 96 / 100

&gt;Saros is a masterpiece. Not only does Housemarque successfully build on the foundations of Returnal, but it refines them to create a more accessible experience without losing its core principles. The combat system encourages aggression, making each encounter a tense and enthralling battle where risk-taking is rewarded. While the story is much more present than its predecessor, it never interrupts the action, complementing the deep and complex systems. With more options to personalise your adventure, this is not just a Game of the Year contender, but one of the defining games of its generation.

[GamingTrend](https://opencritic.com/outlet/102/gamingtrend) \- [Ron Burke](https://opencritic.com/critic/483/ron-burke) \- 95 / 100

&gt;Saros is Housemarque's ultimate creation; the culmination of years of hard work and experimentation. Returnal is Game of the Year quality, no doubt. But Saros has taken what Returnal offered and refined it, only adding to the formula until the end result is Housemarque's finest release yet. In a sea of great April games, Saros' excellence stands out as another Game of the Year contender.

[PSX Brasil](https://opencritic.com/outlet/514/psx-brasil) \- [Rui Celso](https://opencritic.com/critic/5542/rui-celso) \- 95 / 100

&gt;Saros masterfully delivers on everything it sets out to do. Although the game doesn't yet have any extra content to enjoy after the ending, it manages to entertain the player for a long time simply through the curiosity of testing all types of weapons and searching for audio recordings of past crews. Saros is the kind of homework a student is proud to show to the teacher.

[Game Informer - Kyle Hilliard](https://gameinformer.com/review/saros/at-the-mountains-of-magnificence) \- 9.25 / 10

&gt;The structure of Saros, which is much friendlier to shorter sessions and allows you to leave and pick up a run later, is also thoughtful in a way that makes it all feel much more doable in the face of challenge. At the expense of being less powerful (but still very strong), you can teleport to specific locations. I love this feature as it eliminates two of my primary ongoing personal frustrations with the genre: replaying the same areas over and over and refighting the same bosses. Of course, you can attempt runs from the starting line and fight the bosses again, and there are incentives for doing so, but I want the option to skip the bosses and areas I already beat in every rogue game. I am an impatient gamer, and Saros is okay with that. Saros’ biggest shortcoming is that I was not as emotionally invested in its narrative and characters as I hoped to be. The plight of team Echelon IV did not move me, but I was fascinated by the abrasive world, the heartless Soltari corporation, and I was intentionally and successfully left wanting more from its engaging mysteries. I don’t share this sentiment for the gameplay, however. Moving, shooting, improving (both in stats and skill), winning, and even losing is an unequivocal joy, and I only wish I could write this final sentence faster so I can hurry up and get back to planet Carcosa and attempt another run.

[Video Chums](https://opencritic.com/outlet/624/video-chums) \- [A.J. Maciejewski](https://opencritic.com/critic/5170/a-j-maciejewski) \- 9.3 / 10.0

&gt;SAROS takes what made Returnal such a epically awesome action game and turns the dial way up while simultaneously offering such a distinct and immersive game world that it'll haunt your dreams even long after the end credits roll.

[Worth Playing](https://opencritic.com/outlet/64/worth-playing) \- [Redmond Carolipio](https://opencritic.com/critic/291/redmond-carolipio) \- 9.1 / 10.0

&gt;Saros has become one of my favorite shooters of the past few years, honestly since Returnal. I appreciate Housemarque for giving both the more hardcore and the less hardcore among us the chance to see the world it's crafted in its entirely. My hands hurt a little, and I'll probably need a new controller sometimes soon, but it's a cycle I'm willing to be stuck in for a bit longer.

[PushSquare - Stephen Tailby](https://www.pushsquare.com/reviews/ps5/saros) \- 9 / 10.0

&gt;Saros is a brilliant third-person shooter that takes what worked in Returnal and streamlines it for an even smoother game without diluting the fun. The core gameplay is the star attraction; complex yet intuitive, and a perfectly judged challenge that's so satisfying to overcome. With compelling permanent progression, flexible ways to modify your experience, and an intriguing story to follow, this is another step towards Housemarque's planetary takeover.

[GameSpot - Richard Wakeling](https://www.gamespot.com/reviews/saros-review-return-stronger/1900-6418485/) \- 9 / 10

&gt;When a boss was giving me a hard time, I decided to begin my run from the first biome rather than teleporting straight to the boss's domain. There are risks involved in this strategy, since I could've died before even making it back, but starting from an earlier point allowed me to build up enough temporary upgrades that I had an easier time defeating the boss. Other times, I didn't feel like I needed to revisit past biomes again, so I teleported to where I needed to go and went from there. Add in the fact that you can suspend a run (provided you're not in the middle of a boss battle), and Saros is much more generous with your time than Returnal was. It might not be a direct sequel, but decisions like this and others elsewhere address every issue I had with Returnal. Housemarque's previous game is fantastic in its own way. Yet Saros elevates the studio's roguelite formula to another level. Its structure is surprisingly malleable, combat is deeper and more rewarding, and I couldn't resist being wrapped around the finger of its mysterious and foreboding narrative. I find roguelites hit-and-miss, but it didn't take long before I was utterly infatuated with Saros. It's an incredible game that does more than just refine what worked before. Even after rolling credits, I can't wait to dive back in.

[TheSixthAxis](https://opencritic.com/outlet/68/thesixthaxis) \- [Stefan L](https://opencritic.com/critic/313/stefan-l) \- 9 / 10

&gt;Saros builds on the excellence of Returnal, furthering Housemarque's blend of third-person action, bullet hell and roguelite with a more broadly told and ambitious story, a subtly more accessible path for newcomers, and still plenty of challenge for those that crave it. Echoing the game's tagline, Housemarque has come back stronger.

[GameRant](https://opencritic.com/outlet/60/gamerant) \- [Dalton Cooper](https://opencritic.com/critic/260/dalton-cooper) \- 9 / 10

&gt;*Saros* is an excellent, heart-pounding action game that is easily one of the PS5's best exclusives. The combat is exhilarating and Carcosa is a blast to explore. The quality-of-life features make it more accessible than *Returnal*, and while that might upset some purists, it helps *Saros* avoid some of the frustrating pitfalls that [roguelite games](https://gamerant.com/best-roguelike-rpgs-ranked/) sometimes fall into. *Saros* is one of the year's best releases and a must-have for PS5 gamers.

[CoverGeek - Kieron Verbrugge](https://covergeek.com/saros-review/) \- 9 / 10

&gt;Saros marks a triumphant return for Housemarque to the exhilarating, heart-pounding roguelike bullet hell shooter mashup that it established with Returnal. This new take builds on that foundation with bigger, faster and more technical action, more freedom in augmenting playstyles, and an even greater focus on story, and nails just about all of it.",642,509,1777017639.0,0.85,True,self.gaming
1suzl05,gaming,What are fun games to play with a flight stick?,What are fun games to play with a Logitech Extreme 3D flight stick?,26,62,1777083929.0,0.69,True,self.gaming
1sutat7,gaming,Wishlisted Indie Game Showcase- All Games Showcased,"I was not paid nor asked to make this. This is purely for informational purposes, so if you didn't want to watch it you can know what they showed",47,15,1777067259.0,0.77,False,i.redd.it
1svwuih,gaming,What are one of the most underrated games today that nobody talks about anymore?,"For me it's gotta be AC Unity, for a 2014 game it's visuals are amazing, it's parkour was really fluid and nice too, the world was really detailed and fun to traverse as well. I really wish it gets as much love as the other older AC games like Black Flag, Ezio trilogy etc. ALSO AC SYNDICATE IS MORE UNDERRATED TOO",0,75,1777175651.0,0.42,True,self.gaming
1su6xe9,gaming,When the game matched the console,"Found this old photo. Traded that 360 for a PS4, would be fun to have kept it. ",638,40,1777009499.0,0.89,False,i.redd.it
1stpfxv,gaming,"Microsoft brings Xbox back, scraps Microsoft Gaming","&gt;One of the items on the agenda for the employee all-hands was scrapping Microsoft Gaming.

&gt;Sources familiar with the meeting tell me that Sharma announced that Microsoft is returning to using Xbox for its gaming division, instead of Microsoft Gaming. “Xbox needs to be our identity,” said Sharma, noting that Microsoft Gaming was a departure from that.",6436,826,1776965336.0,0.97,False,theverge.com
1suomab,gaming,Samson Will Release On PS5 &amp; Xbox Series in September,,51,35,1777056682.0,0.74,False,gematsu.com
1suhmeg,gaming,Are there parts of a single player game that you like to replay over and over again?,"I like to replay parts of games that are well designed, trying to optimize them or playing them ""lore-accurately"". My Top 3 on top of my head would be:

\- MGS2: Playing the Tanker chapter. Takes about 30 minutes, trying not to be seen and not kill anyone unless Snake has a lethal gun in the cinematic.

\- Sekiro: The Hirata Estate, makes me wish the game had individual levels instead of a semi open world so they would be easier to replay. It's such a well designed area with cool bosses.

\- RE Requiem: That Care Center map is just really good and fun to play. I'm trying to do a no kill run.

What are yours?",88,135,1777041565.0,0.88,True,self.gaming
1suhtpo,gaming,"Hey look, Atari finally has PS1 graphics",,75,6,1777042007.0,0.74,False,videogameschronicle.com
1suoczm,gaming,Warframe | ORION: Jade Shadows: Constellations - Official Animated Short,,34,9,1777056113.0,0.74,False,youtube.com
1sui1lk,gaming,"Hello r/gaming - I'm Kacper, Creative Director of MINOS, a labyrinthine roguelite-ish tower defense about the Minotaur. Ask Me Anything on April 28th @ 4 PM CEST/ 10 AM EDT","[proof photo here](https://imgur.com/a/l2a4ngH)

MINOS is a maze-building roguelike based on the myth of the minotaur. Build your labyrinth, fill it with traps, and watch as hapless adventurers stumble into your deadly creation.

I’ve been working as a game designer in the industry for a wee bit over 20 years now, and MINOS is my and Artificer's latest and best game so far - as well as our third game to score 90+% positive on Steam.

Looking forward to answering your questions!",53,92,1777042492.0,0.72,True,self.gaming
1svufw9,gaming,My backlog might be bigger than my lifespan at this point...help!,"I’ve got around 650 games in my backlog and growing, and I realized that over the past 5 to 8 years I’ve only finished about 70 of them. I’m an adult with a full-time job and I live with my girlfriend, so my gaming time is somewhat limited, usually around 4 to 5 hours a day. No kids or pets, though. Lately it’s been hitting me that I might not even live long enough to finish everything in my backlog, and that’s not even counting all the new games that keep coming out. 

On top of that, I like to take my time with games. I explore, do blind playthroughs, read all the lore, and hunt down collectibles etc. For example, I’m 150 hours into Cyberpunk 2077 and I just finish the first quest with Panam lol. At this point I’m wondering how I’m supposed to get through all the game I have. Is anyone else dealing with the same thing?",0,97,1777168470.0,0.4,True,self.gaming
1sv3w5f,gaming,Self Promotion Saturday! Small streamer? Just getting started? Tell us about it here!,"Use this post to tell us about your YouTube Channel or Twitch stream! Show us your creativity and tell us why we should subscribe. What makes you unique?

Please note that this thread is NOT for selling or advertising stores. Report any such posts and we'll deal with them. Thanks!

This thread is posted weekly on Saturdays (adjustments made as needed).

Reminder that you must follow our [rules of promotion.](https://www.reddit.com/r/gaming/wiki/index?utm_source=reddit&amp;utm_medium=usertext&amp;utm_name=gaming&amp;utm_content=t5_2qh03#wiki_rule_7.3A_self-promotion)",3,23,1777096811.0,0.53,True,self.gaming
1suvlmd,gaming,Games like GRIS or NEVA,"Yes, both are from the same studios, yes I might be going through a lot in my life, but the artistic direction of both those games let me completely floored, wanting to screenshot absolutely everything all the time. 

Any similar games? The gameplay, mechanic or story are actually secondary here, beyond the artistic side, the contemplative / meditative nature of those games struck me the most. 

Please advise similar games, no restriction on the platform (although extra bonus for Mac games). 

Thanks!",10,28,1777072951.0,0.65,True,self.gaming
1sto0tq,gaming,"8 years old Conan Exiles is migrating to UE5, it looks great, it's free and it's in less than two weeks. Jesus.","I don't have the words, that's a very impressive visual upgrade, and making the jump from UE 4.15 to UE 5.X must have been one hell of a challenge, especially since they were using their own custom version of UE 4.15.

Has there *ever* been such a technological update for any game at all? Nevermind a game NOT using a subscription?? And a game that is mostly carried by mods no less!

I am both in shock, in denial, and amazed. Well played.",2138,360,1776962365.0,0.92,False,youtube.com
1sudmoi,gaming,Inside the Tech and Artistic Inspirations of No Rest for the Wicked,,61,5,1777031886.0,0.84,False,80.lv
1stsbub,gaming,Microsoft’s new Xbox chief Asha Sharma is ‘reevaluating’ exclusive games and windowed releases of titles,,1289,430,1776971464.0,0.94,False,theverge.com
1sudfo2,gaming,Stealth game recommendations?,"My Dad is nearing retirement and I want to get him a console - he bought an Xbox with Splinter Cell when I was young that immediately became my Xbox.

I think he'd like games that are:

- Fairly slow-paced: he doesn't have the muscle memory for a fast action game, so stealth would probably suit him.

- Grounded settings: I think a fantasy setting might put him off a bit.

The only stealth games I remember getting into are Dishonoured and Crysis 2. I've heard good things about Thief but never picked it up. Any recs would be great 👍",59,175,1777031333.0,0.77,True,self.gaming
1stof6k,gaming,"Blackbeard was right when he said: ""We'll meet again lad, in this world or the one below"" - AC IV (Resynced)",I used to pray for times like this for a remake of the golden age of Piracy - Black Flag.,1701,122,1776963216.0,0.93,False,i.redd.it
1stmz1b,gaming,Assassin's Creed Black Flag Resynced: Worldwide Reveal Showcase,,1895,624,1776960086.0,0.91,False,youtube.com
1svmg3t,gaming,"My fiancee and I are working on The Blood Mage 2, a deterministic Dungeon Crawler Puzzle game inspired by games nobody knows","Hey!

**The Blood Mage 2** is a turn-based Dungeon Crawler RPG/Puzzle hybrid. You play as the titular blood mage, and every spell you cast is draining your life essence; your health doubles as your mana pool.

As the 2 suggests, it's a sequel to my game The Blood Mage, which people who actually played it really liked it but the art was criticized a lot. For the sequel I asked my fiancee if she could do the graphics and she was happy to help!

The game is part of a niche genre sometimes called magic tower like or fixed value strategy games, and is mostly inspired by Deep Rune (awesome game). Usually 2D, they offer a unique puzzle experience - every item you use, every enemy you fight, and the route you take through the game will decide if you can finish it. The game is 100% deterministic, no luck involved.

It's normal to restart more than once, next time you will get further!

The game will come out in July, with full controller support, and will be localized in English and German. Check it out if you like unusual puzzle experiences!

[https://store.steampowered.com/app/4644100/The\_Blood\_Mage\_2\_by\_Daniel\_da\_Silva/](https://store.steampowered.com/app/4644100/The_Blood_Mage_2_by_Daniel_da_Silva/)",0,17,1777147629.0,0.4,True,self.gaming
1stwfnf,gaming,"What ""Game A meets Game B"" combination should be made?","If you could take gameplay from game A and put it in the universe of game B, what would it be?

I probably have weird tastes, but I’d like to see:

The gameplay of Outer wilds: crosslinked environmental puzzles, into dark souls massive dungeons (Outer wilds is perfect as is but I wouldn’t mind a more grim, dark take on it about a pantheon of old gods)

The simple delivery game loop of death stranding into Subnautica (I never really liked the base building but moving through the ocean feels sooo good)

To be fair I can find so many that would work with Subnautica in particular but I’m curious to hear your takes",528,766,1776980655.0,0.89,True,self.gaming
1svgsti,gaming,[OC] Crimson Desert: Hernand Camp at Night | 4K HDR [16416x9234],"**Full Size Image** [***HERE***](https://i.ibb.co/FbK8YhBX/32mb.jpg)

\--

**Captured on**: PS5 Pro

**Rendering Mode**: Quality

**PSSR**: Enabled

**Image Stitching**: AutoPano Giga

**Editing**: Adobe Lightroom

**Date**: 25 April 2026 11:50 AM",0,26,1777134625.0,0.46,False,i.redd.it
1su2vse,gaming,What is your favourite mechanic/design that you wish was used more often?,"My is where two layers of time occupy the same space, and the player is able to jump from one to another. To my knowledge, it has only been used in two games. 

1. Titanfall 2: Cause and Effect. Cooper and BT jump from the present to a point months in the past, and actions taken there (then?) effect the present. 

2. Dishonored 2: Crack in the Slab. You are tasked with piecing together what happened years ago when Delilah was brought back from beyond the grave. You are given an item that allows you to peer from one time to another before you jump. &gt;!item is actually the heart of the dead empress, which is metal af.!&lt;

The concept is just fascinating, but those are the only two games I know of where it was used. 

What is your favorite mechanic/design you've rarely seen used? ",108,143,1776997640.0,0.87,True,self.gaming
1stf2jq,gaming,"As an original early backer of Star Citizen, I have to ask if someone can help: is there actually a realistic roadmap now?","Ciao everyone. I was one of the very first players to buy into Star Citizen's initial offers way back in the day. Like many people, I eventually uninstalled and stepped away when I realized how incredibly slow the development cycle (and i don't add other comments)

Fast forward to today, and I have completely lost track of the project. I noticed this game could be highly polarizing topic, but I'm looking for an honest, objectives update from people who still follow it.

After all these years, does the game actually have a valid, realistic roadmap to a 1.0 release? Did the single-player campaign (Squadron 42) ever actually materialize into a finished product? 

I'm just wondering if it's finally worth the massive hard drive space to redownload, or if I should just keep waiting. Thanks in advance!",1567,784,1776940851.0,0.86,True,self.gaming
1sv8346,gaming,Hover- the best game that apparently no one likes,"I just wanted to make an appreciation post for this amazing game, cause it has had barely any attention throughout its life and all the conversations I find about about it say how disappointing or bad it is, which I while heartedly disagree with.

So I’m gonna give a list of why I love this game and why maybe some people didn’t:

Gameplay: A lot of reviews say that it is jank and clunky which honestly I have no idea how they came to that conclusion. The movement in this game feels AMAZING, probably the best traversal in a game I’ve ever played. The main gameplay is simple, you run jump and slide around a dense city- with lots of extra movements like wall running and super jumps (you also have a dedicated input for tagging walls with graffiti). Most missions are races, taking you throughout the city, but they are all open, meaning you can create your own routes to the checkpoints, and experiment around. On top of this there a basketball esc mini game that is absolutely fantastic, with all the fast movement and jumps and slides you can land some pretty insane trickshots.

Upgrades: This is still part of gameplay but I felt it needed its own section. The upgrades are simple, you get a number of slots for upgrades of which you unlock more as you play on, into these you put upgrades that improve things such as jump height or reduce friction. I personally love this system, finding upgrades throughout the world and through missions I much prefer to needing to grind for skill points or something. If you are struggling with a mission, you can rethink your upgrades, it’s entirely up to you. You can spec entirely into jump height if you want or straight acceleration and I love that.

World: A complaint I saw a number of people have was that the world was an eyesore, while I can see why some people would think this, personally I really like it (in case you couldn’t tell I like this game by now) it’s super colourful and neon but bright- it’s a nice change from all the grungy futuristic cyber cities lately. On top of that the structure is just perfect for the gameplay, levels are used amazingly with walkways and pipes and massive buildings to draining pipes- with surveillance cameras and drones at certain places that can close of pathways or chase after you, all just adding to how fun it is to simply run around. On top of that there’s a bunch of little side objectives to try like chasing spy drones or wall running through propaganda signs, nothing major but just extra fun.

Story: The story is nothing you’ll fall in love with, but the characters you will. Put simply, you awake from a cloning tank to help the ‘gamers’ (yes it is that cringy just roll with it) fight against the ‘The great admin’ an AI that is trying to control the city. It’s. It’s nothing super special but I think it’s fine enough, the characters though I do love. They are just so likeable in both design and personality, the have little i retractions and banter after races or missions and all just have distinct personality to them (Greendy is my favourite).

Music: I’m no music expert, but it’s just banging. It’s mainly techno (I think) and really works to give the vibes to the world and races. Even if you don’t play the game I would at least recommend listening to the soundtrack- two of the songs are composed by Hideki Naganuma, who I believe worked on jet set radio (I’ve never played it so I’m not sure) 

Online: A minor addition, that this game can be played online with others, I can’t speak for wether the servers are still up since I’ve never played it online myself- which is what I mean to say in that it’s an amazing game played solo, not one of those soulless multiplayer only games. But if the servers are still up and you have a couple of freinds I can’t speak imagine it would only be more fun.

I just love this game to bits, and hate that it never gets any attention and when it does it seems to be calling it a lacklustre copy of others or just disappointing in general, when I think this is such an amazing example of a game that’s just fun, I can and will just run around it for hours cause it’s one of those games that just brings you back to the childhood enjoyment of just messing about in a world, which I’ve honestly found hard to found again as I’ve got older (I’m not that old though).

So yeah, if you like smooth movement, banging tunes and sweet vibes I could not recommend it more. Boot it up, slap the baby in first person (it’s the best way to play) and enjoy! ",0,29,1777111344.0,0.46,False,i.redd.it
1stqn33,gaming,What was your dumbest or strangest reason why you bought/played a game.,"I just bought a game, and instantly came to the conclusion after buying it, that is was a dumb reason to. 

The game is Zone of the Enders: The 2nd Runner Mars Zone of the Enders: The 2nd Runner Mars, and I bought it because I had yet to play a game which starts with the letter z. 

And now I'm asking if someone else wants to share.",293,332,1776967836.0,0.89,True,self.gaming
1sv7loa,gaming,Game idea: Zoo creator game using creatures from big franchises,"Recently I’ve been playing a lot of Jurassic World Evolution and thought what if there was a game that combined big franchises to build the ultimate park/zoo.

Obviously Jurassic Park/World is already a thing but maybe the base game could use mythical creatures as they are free from copyright laws and then other franchises can be added as DLC like dead by daylight does

Potential franchises:

\* Fantastic Beasts/ Harry Potter 

\* Star Wars

\* Godzilla/ King Kong

\* Alien/ Predator 

Feel free to add other franchise ideas",0,7,1777109645.0,0.29,True,self.gaming
1svk47g,gaming,"Why I think ""skill issue"" is a dumb non-argument","I think we've all seen it at this point. No matter how hard a certain game is, and notorious for being so, anyone who complains the least bit about the difficulty will invariably get a few replies of ""skill issue"" or ""get gud lol"", usually from people who want to sound cool but have nothing constructive to say, but what does it actually mean?

Of course every game requires a certain level of skill, unless it's a walking simulator or something. Sometimes there are several difficulty levels, sometimes just one. How many difficulty levels and how hard the game actually is for each of them, is something decided by the devs. What doesn't make sense to me is blaming the *player* exclusively for not enjoying the difficulty, as if the devs are infallible gods.

If I say a game is too hard and you respond with ""skill issue"", you are basically just agreeing with me. Yes, I don't have the skill required to play that specific game. Or maybe I can still get through it, but find it too hard/tedious to be fun. So what was your point, exactly? If you disagree with me, that's fine. If you'd like to give me some tips, say so. Simply going ""skill issue"" or ""git gud"" just makes you sound like an obnoxious child. My 2c.",0,169,1777142286.0,0.27,True,self.gaming
1sthtys,gaming,"Some games just never leave your top list, no matter how many years pass. Hard to explain why.",DOOM &lt;3 ,321,169,1776948589.0,0.83,False,i.redd.it
1su777s,gaming,Free Talk Friday!,"Use this post to discuss life, post memes, or just talk about whatever! 

This thread is posted weekly on Fridays (adjustments made as needed).",12,34,1777010411.0,0.73,True,self.gaming
1ssnzzn,gaming,Nintendo has been sued by two US players who say any tariff refunds it receives from the US government should go back to customers,"&gt;After the US Supreme Court found that Trump didn’t have the power to invoke the tariffs, last month Nintendo (as well as more than 1,000 other companies) sued the US Government for refunds what it considered illegal implementation of the tariffs.

&gt;As a result of this, two players – Gregory Hoffert from California and Prashant Sharan from Washington – are suing Nintendo, claiming any money recouped from tariff refunds should go to customers.

&gt;Hoffert and Sharan are arguing that because the tariffs led to an increase in the price of Nintendo hardware and accessories, if Nintendo gets refunds on these tariffs it will essentially have made extra money from consumers.

&gt;“Unless restrained by this Court, Nintendo stands to recover the same tariff payments twice – once from consumers through higher prices and again from the federal government through tariff refunds, including interest paid by the government on those funds,” the lawsuit says.

&gt;**The suit quotes Nintendo CEO Shuntaro Furukawa, who confirmed to investors in May 2025 that tariffs would have a direct impact on the price of its products.**

&gt;**“Our basic policy is that for any country or region, if tariffs are imposed, we recognize them as a part of the cost and incorporate them into the price,” Furukawa is quoted as saying**",20108,1082,1776869968.0,0.98,False,videogameschronicle.com
1st4db1,gaming,"Ecco the Dolphin: Complete announced, includes every version of the original entries, packed with bonus features, and all-new game",,1421,213,1776907082.0,0.97,False,eurogamer.net
1str05v,gaming,ID@Xbox Showcase - All Games Showcased,I waited a bit to post this one cause they didn't put all the consoles a game was releasing on this time,50,27,1776968597.0,0.72,False,i.redd.it
1ssratb,gaming,Miyamoto says he was surprised Mario Galaxy Movie reviews were even harsher than the first,,5132,1075,1776877002.0,0.97,False,videogameschronicle.com
1suvi97,gaming,Elden Ring movie release date and big cast,,0,45,1777072707.0,0.46,False,avcaesar.com
1sv2tdi,gaming,Help me choose a new game,"I LOVE fallout, love the stalker series, CO:E33, Subnautica/BZ, Outerwilds, Prey, The Alters, Farcry series and I just beat Fallout London. I Have quite a few games in my library such as Bioshock 1 &amp; 2, Silksong 1 &amp; 2, Stranded deep and many more like AAA games such as BG3, RE:4/5, TES:3/4/5 and Cyberpunk which do plan to play in the future since I beat it at launch and heard it has a lot of new updates I never seen like DLC. So from these what order should I play and then also what do you suggest I play that's not listed here but you think I would love?",0,42,1777093360.0,0.21,True,self.gaming
1stia7i,gaming,Orbitals Releases Summer 2026 On Switch 2,Looks like a very cute game! And no i do not work on the game nor am i paid to promote it. This is purely for informative purposes.,95,34,1776949680.0,0.79,False,youtube.com
1stn6kl,gaming,Bunch of my students made a physics platformer based on I Am Bread and I'm super proud of them,"They're a batch of game designers that came together to make a dumb co-op game, we spotted them and thought they were awesome, and we all helped them launch a studio, go to kickstarter, and now launch in June over the last \~2 years. ",46,4,1776960534.0,0.76,False,store.steampowered.com
1strb4h,gaming,Heretic's Rapture - Official Announcement Trailer,[https://store.steampowered.com/app/4332550/Heretics\_Rapture](https://store.steampowered.com/app/4332550/Heretics_Rapture),28,12,1776969242.0,0.71,False,youtube.com
1sshso4,gaming,"Owlcat's had some unusual problems writing romance: 'we realized we had three female romanceable characters, and all three were cannibals'",,7252,429,1776854582.0,0.97,False,pcgamer.com
1ssl1sn,gaming,"Oh Far Cry 3, I forgot how good you were.",It's the little things that make a game great/fun/interesting. ,4015,168,1776863385.0,0.97,False,i.redd.it
1stapd5,gaming,Your most anticipated games of 2026?,"2026 already is a good year for gaming with releases like Requiem, Reanimal, Nioh 3, Pragmata and Diablo IV: Lord of Hatred coming out on 28th 



And there are a lot of other great games coming this year and here are my top ten most anticipated games of 2026 (alternative list)



1. GTA 6( When the game comes out this year(If it does) it will be the biggest of the year)

2. Zero Parades: For Dead Spies( Disco Elysium was a very special game and it's the only game that came close to beating  FFX soundtrack)

3. Silent Hill: Townfall(Let's see if Silent Hill keeps the hot streak going)

4. Control: Resonant( First one was very good)

5. Order of the Sinking Star( Team behind The Witness)

6. Gears of War: E-Day( prequel. Set 14 years before the original Gears of War)

7. Saros(Team behind Returnal)

8.Onimusha: Way of the Sword(Capcom killed it with this year's release with Requiem and Pragmata)

9. Modern Warfare 4( Hopefully it will be on Game pass)

10. Forza Horizon 6",147,371,1776925549.0,0.75,True,self.gaming
1ssj0hq,gaming,Japanese Devs Output Has Been Crazy,,4618,441,1776858168.0,0.92,False,i.redd.it
1sunl24,gaming,I’m unicorn hunting (Fuser DJ game),Can anyone help with where I could look for a physical copy of Fuser for Switch or PS4? I’ve been looking and even AI is saying it isn’t likely. Are there sellers you know of that I may not be aware of? ,0,10,1777054419.0,0.23,True,self.gaming
1sukuzd,gaming,Halo Reach UNSC Warthog Ornament at Keepsake,,0,2,1777048551.0,0.26,False,hallmark.com
1suxc3i,gaming,"New games are lacking in ""wow factor""","Does anyone else feel like video games have reached an apex or is this a symptom of the uneasy state of the game industry? It has been a long while since I've been ""wowed"" by a new game trailer or new game release. 

It feels like this is the first console generation where we've hit the point of diminishing returns hard. I'll never forget seeing the trailer for God of War III or Uncharted 2 and having my mind blown at the graphics and the spectacle. ",0,78,1777077643.0,0.22,True,self.gaming
1sudqst,gaming,[OC] I made a Timelapse of Destiny 2's Tower,"**Song (***Provided by Monstercat***):** Direct &amp; Harvey - I Love You  
  
[0:00](https://www.youtube.com/watch?v=nL3NbU0C1to) Clip 1  
[0:58](https://www.youtube.com/watch?v=nL3NbU0C1to&amp;t=58s) Clip 2  
[1:57](https://www.youtube.com/watch?v=nL3NbU0C1to&amp;t=117s) Clip 3  
[2:55](https://www.youtube.com/watch?v=nL3NbU0C1to&amp;t=175s) FIN",0,9,1777032181.0,0.45,False,youtu.be
1sssojj,gaming,007 First Light – Rules of Spycraft,,400,104,1776879867.0,0.9,False,youtu.be
1suftm0,gaming,I Built the Viltrumite Warship from Invincible in Minecraft,,0,4,1777037384.0,0.35,False,imgur.com
1sucue1,gaming,What’s the most “that was my fault” moment you’ve had in a game?,"Not even blaming the game — just a pure “yeah, I messed that up” moment.

Missed an obvious mechanic, walked into danger, pressed the wrong button at the worst time… you know the type.

What’s yours?",0,67,1777029598.0,0.43,True,self.gaming
1ssqcik,gaming,"I already built a barn, what else do they want?",Medieval Dynasty. At least they’re getting some fresh air. 😅,288,26,1776874962.0,0.9,False,i.redd.it
1ssfh2j,gaming,The Disco Elysium team brushes off expectations for all new original game: 'Pressure is a privilege',,1174,123,1776846713.0,0.9,False,polygon.com
1ssyacu,gaming,What type of gamer are you?,"Among my circles, I’m pretty much the only one who plays across a wide range of genres. Most people I know tend to stick to just a handful of games. Even in the gaming-adjacent industry I work in, my colleagues mostly gravitate toward MOBAs or other competitive titles, and my friends aren’t much different.

I realize I’m probably an outlier, which made me curious about what kinds of gamers are out there. For context, I’ve completed well over 200 games and DLCs in the past five years. While I do have my preferred genres (action, adventure, action rpgs), I also have a very open-minded playstyle. I'm currently playing Pragmata, Ghost of Yotei, Slay the Spire 2, Paper Mario TTYD, and looking forward to Saros next week. 

Here are the top five I played through last year:

1. Clair Obscur: Expedition 33
2. Hollow Knight: Silksong
3. Elden Ring: Nightreign
4. Blue Prince
5. Pipistrello and the Cursed Yoyo

 ",91,227,1776891971.0,0.74,True,self.gaming
1suictd,gaming,Reddit decided to introduce me to this via someone else's post so I decided to do one too (,"https://preview.redd.it/ms71r8vzk5xg1.png?width=809&amp;format=png&amp;auto=webp&amp;s=f840c93d1bdf007cfc4ea93b542e67d2096a0b48

And because I know it's going to raise A LOT of eyebrows and probably get me downvoted into oblivion.. the reason GTA5 is my overrated pick is because to me..there's nothing that makes it that special. It does what it aims to do REALLY REALLY well but I play games for escapism, fantasy, scifi anything that strays away from real life and GTA is just not that.

I also know that it's kinda expected you'd have 1 unique in each one but in the case of Cyberpunk 2077 and Clair Obscur: Expedition 33.. they just made such a huge impact on me that I couldn't put anything else in those categories.

I am curious to see what people think of the list overall (outside of GTA ofc).",0,31,1777043157.0,0.22,True,self.gaming
1sux9l9,gaming,Video Games Should Have a No Story Mode,"&amp;#x200B;

I'm not the biggest fan of plots in video games but I do enjoy stuff like The Last of Us, Original God of War Trilogy, Expedition 33, Shadow of the Erdtree, Twisted Metal Black and Resident Evil games. 

So most of the time when there's a story I don't like, I would rather enable a setting that allows automatically skips for cutscenes, dialog, QTEs or any missions that directly correlate with telling the story like following NPCs. 

This will allow players to focus on gameplay only and this would also be great for second playthroughs if I do enjoy the story but want to quickly get through game and not have to worry about slow downs. 

Any thoughts?",0,146,1777077454.0,0.1,True,self.gaming
1ssfirf,gaming,Aliens Vs Predator was released 16 years ago,"It was such a blast to play, the online multiplayer was awesome too, the executions were terrific, graphics are still decent today, we need more amazing AVP games like this.",811,194,1776846884.0,0.93,False,i.redd.it
1su6iy6,gaming,Been looking for a good shooter akin to Resident Evil. Any recommendations?,"Doesn't have to be identical gameplay, but something similar.",0,78,1777008184.0,0.43,True,self.gaming
1suxxmh,gaming,Video Games Graphics hasn’t changed that much since Xbox 360. 2006 vs 2026,,0,86,1777079307.0,0.09,False,i.redd.it
1ssn1b6,gaming,What are your guy's favorite video game soundtracks from the last 10 years,"Every time I see a list thats like ""best sound tracks of all time"" or ""most iconic video game sound tracks"" number 1 is always Green Hill Zone or One Winged Angel or something, don't get me wrong, these tracks are great, but I'm tired of the same lists. so lets shorten the list to just the last 10 years.

  
I'll go first, recency bias is welcome here, these are my top 2.

  
NieR: Automata City Ruins- Rays of Light (2017)

[https://youtu.be/LC5HsZt4oNc?si=avLxi0GWG3jM1MjE](https://youtu.be/LC5HsZt4oNc?si=avLxi0GWG3jM1MjE)

Hades II: Olympus Aflame (2024)

[https://youtu.be/kjiYUgx74rU?si=p5M-7MX1Yiy574Ak](https://youtu.be/kjiYUgx74rU?si=p5M-7MX1Yiy574Ak)

Honorable mention for Rock and A Hard Place from Hades II and Amusement Park from NieR.",236,573,1776867852.0,0.87,True,self.gaming
1ss3fj4,gaming,"After making Charmander for my son's 6th birthday, I decided I kind of like doing it, so I made Gengar.",,4146,100,1776811640.0,0.98,False,i.redd.it
1ss3dlj,gaming,PlayStation Update: Sony to Enforce Age Verification for Key Features,"Sony is the latest company to announce that it will be requiring that users submit themselves to an age check to access certain features available on its PlayStation gaming platform. The move comes as countries across the globe are adopting, or at the very least debating, age verification laws that are ostensibly designed to protect young, impressionable internet users.



Sony is working with age verification service Yoti to determine if a user is eligible for an adult account, and there will be a few different options available to users. The check can be completed by completing a facial scan, uploading an identification document such as a driver’s license, or by using the information that a mobile provider has on file.",2830,771,1776811509.0,0.95,False,hothardware.com
1sslz6g,gaming,"Gallipoli Releases May 21st For PS5, Xbox Series, And PC",,126,62,1776865513.0,0.84,False,youtu.be
1srn55i,gaming,"Fallout: New Vegas dev says don't expect a remaster, argues Bethesda doesn't have the source code or 'the engineering knowhow'",,10090,721,1776776828.0,0.95,False,pcgamer.com
1sslw0b,gaming,Xcom 2 begginer,"Hi guys, this might be a weird question and maybe it doesn’t belong here, but I just bought the complete *XCOM 2* bundle with all the DLCs and I want to start playing.

I’ve already done a few playthroughs (just a little bit—not very far into the game, mostly to get a feel for the gameplay). I only just learned that to play *War of the Chosen*, I need to launch it separately.

My question is: should I ignore the base game and start with *War of the Chosen*, or is there any value in playing the base game first?",49,62,1776865311.0,0.68,True,self.gaming
1stvkix,gaming,Gamestop?,"I know not everyone still shops at GameStop, but for those of you who do—has a GameStop employee ever added a warranty to your transaction without asking? That recently happened to me, and I only caught it because I reviewed my total before paying. Now I definitely have to watch my transactions there from now on.",0,44,1776978656.0,0.43,True,self.gaming
1stth6b,gaming,What character death in gaming hurt you the most?,"I am a little bit old but Eli Vance’s death in half life 2 was so bad.

I remember Red Dead also.

I remember something about a dragon. 


",0,189,1776973991.0,0.44,True,self.gaming
1srv1jy,gaming,Ubisoft Cancels Animal Crossing-Inspired Game - Report,,1576,208,1776793485.0,0.97,False,gamespot.com
1ss6ejm,gaming,Which game pushed you to resort to cheats?,"I have a few on the list myself:

\- Resident Evil 6: the game was so tedious I had to use a trainer just to finish it faster and move on to RE7

\- Gothic 3: resorted to a cheat because of a bug. I needed an item from an NPC I killed who knows how many hours before. When I went back to that place the body was gone, and so was the loot.

\- Pathfinder: Kingmaker: the game is already long and the management of the kingdom is sometimes uselessly slow, so I gave myself a little money boost to speed the burocracy up

And surely there are others, but I can't remember them from the top of my head.

A few years ago I wouldn't have been proud of doing it, but as a 32yo with a full job and a girlfriend is becoming harder and harder to enjoy a game that asks such a big chunk of your precious time.",354,774,1776819248.0,0.74,True,self.gaming
1srs2ci,gaming,Xbox Game Pass Ultimate Price Update - Xbox Wire,"""Starting today, Game Pass Ultimate drops from $29.99 to $22.99 a month. PC Game Pass will also drop from $16.49 to $13.99 a month. Prices may vary by region.""

""Beginning this year, future Call of Duty titles won’t join Game Pass Ultimate or PC Game Pass at launch. New Call of Duty games will be added to Game Pass Ultimate and PC Game Pass during the following holiday season (about a year later), while existing Call of Duty titles already in the library will continue to be available.""

“Xbox Game Pass Ultimate subscribers will continue to have access to hundreds of games on Xbox console and PC including current Call of Duty titles, in-game benefits, online console multiplayer, and major day one releases.“",1510,499,1776787376.0,0.96,False,news.xbox.com
1ss34ad,gaming,Which gaming moment stands out as your most memorable of all-time?,"For me it’s probably Bioshock, for \*that\* reveal.

Fighting Red in Pokemon GS.

Or Dom in Gears 3, saving the day.",413,776,1776810875.0,0.9,True,self.gaming
1stq4s6,gaming,Will backwards compatibility be the standard from now?,"I've been thinking about BC, and how all three of the main consoles have mostly full BC with the previous gen, which is actually a first (for all three at once).

They are all smooth BC too (afaik, haven't tried switch 2s yet), no awkward separate interface integration or anything like that.

Do you think this is the norm from now on? With the focus on users libraries being a key way to keep their loyalty. Say will every next playstation be BC all the way back to 4? Or will they just go one back and quietly drop the older ones? ",0,38,1776966777.0,0.3,True,self.gaming
1srnqev,gaming,"Splatoon Raiders is $49.99 digitally, $59.99 physically - Confirms previous statement about Nintendo lowering the price of digital games",,1249,482,1776778209.0,0.93,False,i.redd.it
1stjlcy,gaming,Fun games for Steam achievements,"Hey,

looking for fun games to do 100% steam achievements. Happy to hear your recommendations :)

Already completed Vampire Survivor, Monster Hunter Wilds and Yugioh Master Duel.",0,39,1776952803.0,0.3,True,self.gaming
1stiiqy,gaming,What's Minecraft like these days?,"Played the hell out of it 2011-2016.  Stopped for school (realized I had 60 hours logged during a critical week) but picked it up again during the pandemic.  That was difficult cause they had started transitioning away from the Java runtime and all the old mods I had loved (industrial craft, build craft etc) were harder to find and install.  Now I have an elementary schooler and her friends are really into it.  What's it like?  It sounds like the Java version is fully deprecated, I assume all those old mods are non-starters.

Side note, it's weird there are 10 year olds obsessed with it that were not alive when I largely lost interest.  C'est la vie.

Edit: It sounds like the Java version is still going strong! I got a series of emails about things going away but I wonder if that was the account/authentication stuff. ",0,46,1776950239.0,0.4,True,self.gaming
1sr46ds,gaming,"Minesweeper 50x50, 650 Mines (0,11% Win Probability)",This took me like 5 years and countless attempts....,12637,296,1776721701.0,0.97,False,i.redd.it
1sr991j,gaming,"(Gears 5) Terrain deformation for surfaces such as snow or sand is, to me, a graphical marvel of video games.",Watch as a 90's kid puts the game on hold to be in awe over the snow texture depressing under my character's feet and leaving tracks behind.,5038,258,1776734342.0,0.97,False,i.redd.it
1sser9u,gaming,Interview with Shuhei Yoshida (ALT. Games April 2026),,17,4,1776844183.0,0.66,False,youtu.be
1stladx,gaming,"Next Halo project is reportedly an extraction shooter that may now be tied to the next mainline release — tighter matches, bigger stakes, and more teamwork",,0,94,1776956472.0,0.39,False,windowscentral.com
1stdqty,gaming,Recommend some shooter games,"Hi, I'm looking for some game suggestions that kind of fit the following:

* Action/shooter (probably should've put that in the title, doesn't necessarily have to mainly be a shooter)
* Not too dark
* Preferably open world exploration
* Doesn't need top-tier gaming hardware

Kind of like Horizon Zero Dawn and AC Origins, even with some linear progression. Weirdly I didn't mind The Last of Us Part 1 when I played it though I haven't finished but I generally don't like horror enemies like zombies. I tried playing RE games but couldn't get into them.",0,56,1776936345.0,0.35,True,self.gaming
1sr9j0p,gaming,Skate (2025) needs to be shamed more as an exraordinary cash grab from EA (reasons why inside.),"For those of you not familiar with the skate franchise, it was an absolute breath of fresh air releasing after Tony hawk had been the only big skating game. Skate came out sometime around the 2010s.

It was revolutionary in its controls and skater culture, graphics, and vision.

Skate 2 then came out, it was another great iteration of the franchise, overall skate 1s world was a little better, but skate 2 was great

Skate 3 came out years later and was the most popular for quite some time. In my opinion it started to feel a little out of touch from the grounded world of skate 1, but it has the best gameplay of the three, even if a bit too polished.

YEARS AND YEARS WENT BY… skate remake was revealed, long story short, the teasers were questionable.

The world looked even more sterilized than skate 3 (let’s be honest skate 3 was a little too clean,)

More years went by, it came out.

The skating mechanics were perfect, it was fun seeing people skating the world (though a lot of people hated it being online only.) weeks went by, 

It became clear very soon that this game was a f2p cash grab of a game, preying on fans who loved to see the evolution of the franchise,

Crappy skins were $25 or more at times, the game had an extremely monotonous system of doing frustrating missions to get credits of some sort to buy mediocre upgrades. 

The soul of skate was lost. The world, while new, quickly became known for being too clean, and boring. “Seasons” came out. Parks literally changed into AI generated parks that had no skater flow to them.

More skins came out, more parks kept rotating in and out of the world, some were so bad, one included a half pipe (used to gain air and fly high) WITH A GIANT BLOCK IN THE MIDDLE) making it unskateable.

The game continues to come out with updates, but overall, I can tell you.. this game can be fun, but is a husk of what the original games were, it is an ultimate cash grab, an ultimate uninspired grind, and an ultimate disappointment to the franchise. If you enjoy it, that’s fine, but this game is the ultimate EA “f you” to consumers. At this point, the series has been dead to me, it’s just sad to see it devolve into this f2p grindy cash grab with such a washed boring world. May the next great skateboarding game company do better.

 ",3828,311,1776735077.0,0.93,True,self.gaming
1srbcj5,gaming,Vanquish is really good,"Never played vanquish until now 

This game is awesome.",2756,184,1776739944.0,0.96,False,i.redd.it
1stoxex,gaming,Scarlet Skips | Reveal Trailer,,0,36,1776964276.0,0.31,False,youtu.be
1ss2bxp,gaming,Is there a game like digimon 1 from ps1?,I'm looking to find a game that is similar to Digimon 1. Having one partner to train and beef up to hopefully get to the last boss before they pass on some of their traits and abilities. I played the ever living hell out of did you Digimon world 1 and Monster rancher. But I'm trying to scratch an itch that only a Digimon world rogue lite styled of game that is Digimon world that's a bit more current.,47,40,1776809019.0,0.77,True,self.gaming
1srmpwo,gaming,Splatoon Raiders Releases July 23rd 2026 On Switch 2,,232,42,1776775822.0,0.87,False,nintendo.today
1srnev4,gaming,Albion Online Releases Today On Xbox Series,,177,139,1776777463.0,0.72,False,youtu.be
1sqra3c,gaming,Team behind Grand Theft Auto 3 (circa 2001),,10269,626,1776695953.0,0.98,False,i.redd.it
1srn153,gaming,Splatoon Raiders — Release Date Revealed — Nintendo Switch 2,,129,58,1776776566.0,0.76,False,youtu.be
1st7sti,gaming,How does Capcom do it?,"Seriously the amount of quality games they publish and develop is crazy. Even the games that have issues are usually better than average. Anyone knows what's their secret? They make game of different genres too as well. From platformers, beat em ups, Action Adventures, ETC. I imagine only Nintendo has the amount of varoed quality ganes releases on the regular. ",0,124,1776916514.0,0.44,True,self.gaming
1st3238,gaming,Anyone know the deal with Mike Maple in Mouse P.I. For Hire?,"I only ask because the game isn't generating enough traffic and so I'm not able to find any discussion about this online. There's a character you meet early on who doesn't seem to hold any significance but he keeps appearing several times throughout the game if you've got a keen eye, and he vanishes almost immediately. Does anyone have a clue what this is about? ",0,10,1776903526.0,0.42,True,self.gaming
1sqz82u,gaming,PlayStation will require age verification for messages and voice chat,,2569,419,1776711861.0,0.94,False,tweaktown.com
1st8bat,gaming,Why Xbox Game Pass price drop and Call of Duty delay could be a win-win move,,0,75,1776918013.0,0.33,False,igeeksblog.com
1sr82tc,gaming,My game basically just told me that I suck,,494,137,1776731249.0,0.85,False,i.redd.it
1st23xj,gaming,Tips for running through a backlog of games?,"I've got so many games in my backlog, I almost always go back to games I've played. But lately, I've looked at going into my backlog and getting through my console and Steam backlog...",0,53,1776901071.0,0.22,True,self.gaming
1srhc4m,gaming,What mmo's were you playing in the mid 2000's?,"Games that i hold dear memoriesbto like Mythwar, silkroad online, cabal etc. What were your go to's?",96,894,1776759130.0,0.74,True,self.gaming
1srx2z9,gaming,Looking for any great city building or puzzle games can you recommend some?,"Finally got my girl to give video games a try and she really enjoyed puzzle games and city builders. She played The Witness, Tunic The Legend of Zelda breath of the Wild and Cities Skylines",15,49,1776797646.0,0.69,True,self.gaming
1ssvstn,gaming,If you had three gaming wishes,"You find a genie and he grants you three gaming-related wishes, including those related to the industry as a whole.

What will you wish for?

Rules:
- can't wish for unlimited games or piracy
- can't make all games free or wish for a price
- can't wish for direct harm to people",0,96,1776886479.0,0.37,True,self.gaming
1sqrx48,gaming,You've got to be joking... (Pragmata),,1783,81,1776697345.0,0.94,False,i.redd.it
1srlj03,gaming,Need a co-op game like remnant2,"Me and my friends really enjoyed the following games 

Remnant 1 and 2

Division games

Borderlands games

Warframe and destiny

Looking for some more co-op action games, doesn't have to be a shooter but those are popular with us... Please no crafting survival we hate those.",38,99,1776772745.0,0.67,True,self.gaming
1sr87ao,gaming,[OC] Crimson Desert Photo Mode | Everfrost at Sunset | 4K HDR [10159x4685],"**Captured on**: PS5 Pro

**Rendering Mode**: Quality

**PSSR**: Enabled

**Shot and Edited**: 20 April 2026

**Panorama Software**: AutoPano Giga

**Edited with**: Adobe Lightroom

^(Thanks for looking c:)",225,46,1776731568.0,0.83,False,i.redd.it
1srby7o,gaming,A remake of The Darkness and its sequel would be awesome.,"Especially if it was a double pack. The first game isn’t even on Steam, but the second is. Makes no sense. Would be nice if the first game was even made available. ",124,54,1776741617.0,0.86,True,self.gaming
1sr3rbs,gaming,Color of Night City (Cyberpunk 2077),,333,17,1776720766.0,0.86,False,i.redd.it
1sqwxsc,gaming,Hardest boss fight that isn't the real boss fight?,"Halfway through Shrek 2: dancing across a stage to avoid incoming attacks, being knocked off by the conveyor belt, hitting cardboard boxes and falling into the spikes in between the conveyor belts, all while attacking the boss

Final battle of Shrek 2: barely even had to try",489,442,1776707724.0,0.91,True,self.gaming
1sqiahq,gaming,PRAGMATA Surpasses One Million Units Sold in Just Two Days,,3272,393,1776669950.0,0.96,False,capcom.co.jp
1sstebb,gaming,Xbox one has broken and can’t decide whether to buy a new gen now or wait until gta6 comes out~?,I want a new console but not sure if it’s worth waiting to see if there are any new releases until then,0,47,1776881350.0,0.16,True,self.gaming
1st58bz,gaming,"I'm sure Crimson Desert is a pretty good game and I'd bet I'll have fun when I get around to it, but...","The art direction feels really bland to me. This is not me saying it's objectively bad or anything. Just that this more ""grounded"" look usually doesn't grab my attention so much.

I always get more quickly interested by things like Hi-Fi rush or at least that feature ""realistic looking"" but sci-fi elements like Returnal.

I've been gaming for a while now (probably close to 30 years), finished 752+ games and played over 1000. These days I feel like a game having a more distinct and striking art direction does a some real heavy lifting to grab my attention.

EDIT: Since it seems to be flying over some people's heads (or at least they're just sad and need to be mean on the internet to feel better about themselves), the discussion I'm trying to bring is:

""Do you like this game's art direction? How important is art direction to you?""",0,107,1776909446.0,0.27,True,self.gaming
1srbfh2,gaming,Who are some characters in gaming that became very close friends that you didn’t see coming?,"Solid Snake and Otacon from Metal Gear Solid immediately come to mind. One came off as a stoic soldier and the other was a nervous scientist. 

But as the series goes on it’s clear that Otacon is the only person Snake really trusts. ",86,49,1776740173.0,0.8,True,self.gaming
1srdzcj,gaming,Flyer 60 BF6 Custom PC,"C4 trigger is the power button

SPECS:   
GIGABYTE GeForce RTX 5070 Ti GAMING OC graphics card  
GIGABYTE Z890I AORUS ULTRA motherboard  
Intel Core Ultra 9 285K processor  
Thermaltake TOUGHLIQUID 240 EX Pro AIO cooler  
Thermaltake TOUGHPOWER SFX 850W Platinum power supply  
2TB AORUS Gen4 7300 PCIe Gen4 NVMe M.2 storage  
32GB Corsair Vengeance RGB 6400MHz DDR5 memory",47,9,1776747689.0,0.67,False,i.redd.it
1ssor0s,gaming,"Tides of Tomorrow Releases Today On PS5, Xbox Series, And PC","This is purely for informational purposes, i do not work with this company nor am i paid/asked to talk about it ",0,17,1776871569.0,0.38,False,youtu.be
1sqoq0t,gaming,"Nick Offerman, Ben Whishaw, Cailee Spaeny, and More Confirmed for Elden Ring Cast - Releasing March 3, 2028",,812,216,1776690232.0,0.93,False,ign.com
1sr8bu8,gaming,What gaming mechanic/trope (across all genres) is your least favorite?,"For me personally, it's definitely escort missions. No matter what game I try, this particular mechanic always feels like a chore, to the point that I'm not even sure if it can ever be ""done right"". I don't know if it's just not possible with the current character AI and will become more enjoyable in the future or if it's a completely doomed mechanic from the beginning and no amount of time and progress will make it better.

If you have any games that might do this mechanic/trope right, please do recommend them in the comments! Especially if they're in horror genre. Otherwise, tell me about the mechanics you personally find frustrating and want gone/improved upon, maybe we can make each other feel better with shared understanding of that pain lol",86,294,1776731903.0,0.81,True,self.gaming
1srbwin,gaming,Hidden gems on the Nintendo 3DS ?,"Games you wouldn't normally see in lists of ""Best 3DS games ever""? Or your favorite non-popular game?",41,100,1776741484.0,0.71,True,self.gaming
1sq7y9b,gaming,it's 2027 no toilet paper in Deus EX HR,,9182,275,1776639692.0,0.97,False,i.redd.it
1sqv77f,gaming,Yesterday was my Gommage Day 🌹,,260,40,1776704239.0,0.85,False,i.redd.it
1sqpzo9,gaming,Vampire Crawlers Gamespot review: 8/10,"Reviews are starting to appear for the game which releases tomorrow (21st)

Gamespot gave it 8/10, currently at 82 on Metacritic

Gamespot video review

https://youtu.be/mIWM2X7hGTY?si=cCYO5Sw70-txH1y7",275,85,1776693166.0,0.91,True,self.gaming
1sqygjg,gaming,what would a second person game look like?,"We have first person games and third person games. In books, second person is when the story directly describes the actions, thoughts and feelings of the reader. ""You walk through the door, feeling less apprehensive than you anticipated. You don't know what to expect, and if you're honest with yourself, you don't care"".  Could second person be translated to gaming? What would that look like? ",95,188,1776710470.0,0.8,True,self.gaming
1sqqaqx,gaming,"Jay and Silent Bob: Chronic Blunt Punch Releases Today For PS5 &amp; PS4, Xbox Series, Switch, And PC",,226,94,1776693823.0,0.76,False,youtu.be
1sq4ovo,gaming,Painful milestone unlocked today - Halo 3 LASO completed.,"On and off over the course of the year with my group, finally finished today. Love MCC.",2847,92,1776631770.0,0.97,False,i.redd.it
1sqduis,gaming,"Has a game ever made you think ""I get it now""?","Like Danny Devito in that meme from Always Sunny.

Has a game ever made you realize something about life? Has an experience you've had in a game opened your eyes to something you hadn't seen before? Has a game actually, genuinely changed how you viewed the world?",703,503,1776655723.0,0.9,True,self.gaming
1sqhdy9,gaming,"Kyle Crane and Dani, made by me (BBMOONXX)",,395,12,1776666835.0,0.86,False,i.redd.it
1sqbc1v,gaming,"People talk about suspecting the traitor before the reveal, but who's an NPC you strongly suspected as a traitor who ended up being good as gold?",As the title says. Have you gone through a game waiting for the 'obvious' reveal only to find out that you were throwing shade at an NPC who didn't deserve it? Why did you suspect them and how did you feel when you found out they're good people? Was it at the credits or earlier? I've done this a few times so curious to hear about some random-ass NPCs who people found suspicious and why!,967,369,1776648745.0,0.93,True,self.gaming
1sq9po0,gaming,Enjoying the Sunday afternoon ( game boy color / pokemon red version ),,1161,105,1776644386.0,0.95,False,i.redd.it
1sqoyu4,gaming,"Looking for something similar to Ori and The Blind Forest, but a bit easier.","My son always wants to play the games I do, but many of them are too hard (he's 9). Recently he tried playing Ori, but he's struggling with the map navigation.

Looking for opinions on games that are mechanically similar, but a bit more toned down for a child that's new to the platforming genre. Because I think these are games he would enjoy, but needs more practice first.

I grew up on all sorts of Metroidvania games, when we didn't really have all the options they do now. So I got used to them and grew to appreciate the challenge, but he's not like that. The frustration gets really bad. 

So to put it bluntly, I'm kind of looking for baby's first Metroidvania and I hesitate to look at it from my own perspective.

Any suggestions you have would be appreciated.

Edit: Thanks everyone for the huge amount of suggestions. Just for clarification, he's not having trouble with the platforming itself, more the map navigation of the metroidvania style games and platformers are the particular kind I'm looking for. It just seems like the Ori map is a bit big for him right now. So something a bit more constrained, potentially without bosses, or very easy bosses I guess would be ideal. I'll still be going through all the suggestions, but my apologies if I can't respond to everyone.",77,116,1776690817.0,0.87,True,self.gaming
1ss6hfk,gaming,When is this loading bar going to reach 110%,"It’s been on 100% for ages. Has it hung?

(I’m talking to you, BG3, Elden Ring etc)",0,6,1776819459.0,0.24,True,self.gaming
1sq7n1x,gaming,Dragon Ball Xenoverse 3 Announcement..,,715,152,1776638914.0,0.92,False,youtu.be
1sqqc44,gaming,ID@Xbox Showcase set for April 23,"""The broadcast will feature new trailers, looks, and gameplay for independent games including Mistfall Hunter, There Are No Ghosts at the Grand, Aphelion, Solo Leveling Arise: OVERDRIVE.""",34,12,1776693906.0,0.72,False,gematsu.com
1sq0dxb,gaming,Games that survived having a child,"My daughter is four. My play windows are: after 8pm, occasional lunch breaks, weekend mornings if I get lucky.

I used to think this meant I couldn’t really game anymore. But in practice I had to get more selective.

The games that survived share something I didn’t have a word for until recently. They’re not necessarily short, they just work around my life instead of demanding I work around them. Hades II, Balatro, Stardew in small doses. This week I will even give Replaced a chance.. So I guess it’s mainly the perk of pausing anytime, come back after two weeks, feel oriented. No content expiring while I wasn’t looking.

Tried Fortnite (or just some online games I used to really enjoy “back in the day”... BUT! The battle pass ticking down, gazillion seasons of stuff to unlock, the overwhelm before I’d even figured out / remembered controls … quietly closed it, never went back.

What’s your current ‘works with real life’ rotation? And is there something you’ve had to accept just isn’t for you anymore, even if you’d love it under different circumstances?​​​​​​​​​​​​​​​​ Sorry for long post, Just want to see if it’s just me..",956,562,1776622098.0,0.88,True,self.gaming
1sqnci1,gaming,What’s the closest thing to Hexic HD on PC right now?,"I randomly got hit with nostalgia for Hexic HD and now I kinda want to play something like it again.

The whole rotating hexes mechanic and setting up big chain reactions just felt super satisfying. It’s weird because there are a ton of match-3 games out there, but almost none of them hit that same feel.

I’ve tried searching around, but most suggestions are either just standard match-3s or don’t really have that same type of gameplay.

Are there any modern PC games that actually come close to that style?

I did find a demo for an upcoming similar style game called [Hexara](https://store.steampowered.com/app/4600140/Hexara/) which seems pretty similar so far, but curious if there are other good ones I might be missing.

Steam would be best for me if there are others you recommend.

  
Thanks!",25,14,1776686724.0,0.8,True,self.gaming
1sscup1,gaming,This game is alot better than people give it credit for,"Is it a bad AC game? Yes.

Is it a really great viking rpg? Also yes. ",0,98,1776837641.0,0.23,False,i.redd.it
1sqb33q,gaming,Which Pokemon game to play if I haven't played one since the original Red/Blue/Yellow?,"Im looking to maybe check out the Pokemon series again. Its been some time since Ive played one. The last time I played them was back when the original trilogy came out. I had all three games, two game boys, and a link cable. So getting all 150 was not an issue. 

Ive seen plenty of complaints about some of the newer games on Switch, so Id like to avoid the bad ones. As far as systems, I can play anything. I have a gaming PC, an AYN Thor for emulation, and a Switch 2. ",136,224,1776648070.0,0.82,True,self.gaming
1ss2zg4,gaming,"Putting a spotlight on this indie dev’s first game, an “anti-Souls” called Spirit Axis (I have no relation to the dev, just a fan)",,0,16,1776810557.0,0.22,False,youtu.be
1srpw5x,gaming,Second opinion,"Hey all, I found this PSP somewhat limited edition (?). It's been opened but never set up or played so it's in box but not exactly NIB. Question is would you sell it or play it? I already have a couple standard edition PSP's so I don't exactly need to play it but there's a "" why not"" factor there too. Not sure which direction to go with it.",0,21,1776782985.0,0.35,False,i.redd.it
1sq22is,gaming,Continues Bar in Old Town Alexandria VA,"if you're in town and are a gamer, you couldn't pick a better Mecca",259,40,1776625794.0,0.89,False,i.redd.it
1sq7zjz,gaming,The Liar Princess and the Blind Prince fanart [OC],,121,10,1776639784.0,0.91,False,i.redd.it
1srq2id,gaming,Upcoming PVP FPS?,Any upcoming PVP FPS games like Overwatch/Apex/CoD that haven't had much publicity? ,0,12,1776783363.0,0.11,True,self.gaming
1srfmfk,gaming,please help me find this horror point &amp; click game that haunts my dreams,"I'll give the best description I can.

the game was a point &amp; click game that used real photos for the scenario, I think the whole game was set in one appartment that kept changing or something like that, the game had a theme about memories or losing memories or nebtal illness or something like that, the moment that stuck to me the most was the moment our character comes face to face to a beast that is apparently an amalgamation of his girlfriend and his dog.

  
this one monster gave me one of my deepest rooted fears ever, because of this game specifically I fear ""dog people"", no I don't fear all dog people, but bullshit like the analog horror series ""dog nightmares"" fucks me up so much.

  
if I remenber correctly the last time I saw this game was like 2016 - 2018 in a youtube video.

They solved it, thanks Laplanter",0,3,1776753017.0,0.4,True,self.gaming
1sqgs2v,gaming,Making Friends Monday! Share your game tags here!,"Use this post to look for new friends to game with! Share your gamer tag &amp; platform, and meet new people! 

This thread is posted weekly on Mondays (adjustments made as needed).",12,18,1776664810.0,0.7,True,self.gaming
1srjlxm,gaming,007 First Light Metacritic predictions?,"I have super high expectations and think it will be in the 90+ club from what i've seen so far. 

I'm hoping it plays as a cross between Max Payne 3 and Uncharted.",0,42,1776767067.0,0.18,True,self.gaming
1sp7pjr,gaming,Has a gaming company ever put a full game of theirs in another game?,"I know a lot of companies can't really do that. Like Witcher 3 in Cyberpunk. But one of the longer running game companies or companies that have smaller games in their portfolio. 

Imagine if Nintendo had an open world game and the first Mario was playable on a console in someone's house or something like that. 

Would be kinda cool if theres a game like that. ",3676,1875,1776542295.0,0.94,True,self.gaming
1sqjc0y,gaming,Looking for multiplayer Zombie games on console?,My mates play a lot of Warzone and Battlefield BRs. We're trying to find a decent FPS zombie game we can all play online together but I'm struggling to find anything that feels right. Any suggestions would be really helpful! ,5,39,1776673684.0,0.56,True,self.gaming
1sq2nm3,gaming,Pc zombie outbreak day games,"Hello, may I ask, is there a good(or any) pc game which focuses on zombie outbreak start(think first couple of days), something akin to The Last of Us Part 1 start? Thank you 


Edit: Most of the games people recommend are good, but Im not looking for a game that PLAYS like TLoU P1(just to be really precise, ita the time you play as Joels daughter), but something similar to the first 10-15 minutes of it, when the apocalypse starts, meaning there are PEOPLE and PANIC, not MILION ZOMBIES, thank you ",43,57,1776627120.0,0.75,True,self.gaming
1sqbnqr,gaming,Which gaming MC would you like to be saved by?,"You are in great danger in some isolated location across the planet.

Of all the saving and extraction gaming MCs (with close to realistic capablities), who do you like to be saved by alone?

",14,76,1776649625.0,0.58,True,self.gaming
1srq9ks,gaming,Unpopular opinion Rocket League and other competing games: competitive online multiplayer shouldn’t be free,"Any competitive multiplayer game that is free always gets infested with bots, smurfs, cheaters and in general players with a lack of integrity.

I’ll use Rocket League as an example but BR games are the same. Prior to Epics acquisition of Rocket league there was a fraction of the level of smurfing, botting and cheating being done and the player base wanted to be their when playing competitive, now it’s just full of bots, Smurfs or people quitting 1 goal down causing others to suffer. These issues still happened before but at a much lesser extent.

I’m not suggesting you have to pay a crazy amount just like a onetime payment of $5 to access competitive modes, keeping casual free as a trial to see if you’d like to play competitive. This won’t fully eradicate issues but it will certainly help, especially if the then did a ban wave soon after. But they won’t even do bans now so who knows.

This is just one games example. But I Trully think it will make for a much better experience as Smurf’s would have to pay to do it and won’t be able to make infinite accounts, same goes for botting.

Thoughts?",0,58,1776783755.0,0.14,True,self.gaming
1spmuuz,gaming,Mid-rated games that have Exceeded your expectations?,"Pokemon Ultra Sun/moon for me, Hear me out:

\- 807 playable pokemons, still the largest pool to this date

\- Hardest mainline campaign, not just child’s play

\- Post-game content is a nostalgic trip, veterans know what I mean

The story was lackluster but I really enjoyed the game.",248,255,1776585823.0,0.78,True,self.gaming
1spgc5a,gaming,What enemy in a non-horror game freaked you out the most?,For me it was probably the flood from Halo ,586,778,1776565036.0,0.92,True,self.gaming
1spi4fh,gaming,"SNK Celebrates 30 years of Metal Slug, Teasing a new Metal Slug",,301,70,1776570291.0,0.93,False,youtube.com
1sp2o58,gaming,Cyberpunk TCG Shatters Kickstarter Record With Over $25 Million Raised as Campaign Ends,,2197,276,1776530745.0,0.94,False,ign.com
1sr4fma,gaming,"Beast of Reincarnation is listed for 54,99€ on Steam (Pre-Orders open now)","Has this been communicated by Game Freak in advance? I fully expected this game to have the usual price tag of 70/80 bucks, so this comes as quite a surprise for me.

https://store.steampowered.com/app/2001760/Beast_of_Reincarnation/

The trailers they showed us so far looked fairly interesting, I'm curious how big the anticipation for this title is.",0,39,1776722302.0,0.37,True,self.gaming
1sr3ii2,gaming,You love everything about the game - except the game.,"Anyone else have this, where you see a game and something about it - be it the music, artstyle, or concept immediately hooks you, then you see the gameplay or the mechanics, and while there's nothing *wrong* with it per say, it just...totally misses you? Had this with Dead Estate - legendary OST, love the artstyle, adore the characters, but the gameplay strikes me as just another Binding of Isaac roguelike and doesn't land for me at all.

Shoutout to Loop Hero as well for the same thing - incredible sprite work and fantastic music throughout the whole game, as well as a really unique gameplay mechanic. But after seeing gameplay it just doesn't hook me.

To clarify, this isn't about *bad* games, just ones where almost everything about them resonates with you, but the most critical parts of them just don't appeal to you personally. Feel free to share your own experiences, or criticise. Please prove me wrong - I'd really, *really* like to like these games.",0,53,1776720217.0,0.41,False,i.redd.it
1sq7fue,gaming,ISO something like Noita &amp; Caves of Qud,"(title)

  
I want an unforgiving permadeath game with deep mechanics. Anybody got anything?",10,35,1776638393.0,0.61,True,self.gaming
1sotye4,gaming,World of Warcraft private server Stormforge is shutting down as Blizzard builds pressure on fan alternatives,"""It is with a heavy heart we share the news of the project's shutdown,"" the Stormforge team writes in a post on its website. ""Following a Cease and Desist request and subsequent positive discussions with a legal entity representing Blizzard Entertainment, we have agreed to cease all operations, development, and distribution of content",4351,485,1776507921.0,0.97,False,pcgamesn.com
1sr7cnd,gaming,GameStop is the worst store ever now,"They almost NEVER have a single game you actually want in stock. I’m trying so hard to give them my money as I hate buying games virtually and would rather own it physically. But how can I do that when they only have games actually in stock about a month after the game comes out. I don’t and will not preorder because if the game comes out and it sucks I don’t want to buy it and waste my time and money on it, I wait for reviews and opinions to come out first. If I’m on the fence I’ll play a demo but even then I’d rather buy the physical game. 

Pragmata is now the 5th game in a row I have sought out at GameStop to only be told I “should have preordered it.” Meanwhile 70% of the store is cluttered with a bunch of random crap and 20% is now cards. And even when we have a Pokémon card shortage they always can get that stocked but no selling actual games is literally impossible apparently. 

Make no mistake, the problem isn’t the employees. It isn’t floundering game sales. It isn’t even the existence of digital storefronts. It is squarely that the company as a whole doesn’t sell what people actually want and instead keeps chasing some dragon of what they think people might want but can get elsewhere. If I want Pokémon cards I go to a local card store, if I want cheep random game themed trash that’s where I would actually go to Amazon or something (assuming I would even want that stuff). If I want a game, apparently I have to go to fucking bestbuy, target, or Walmart at this point because GameStop is a store that sells nothing and offers nothing. 

If any analytics people see this message, please I want to give you my money I want to see your store go back to what it once was and I understand that the only way that can happen is if you actually get sales on games. But I ACTUALLY cannot even give you money when I’m actively trying to buy games. ",0,65,1776729397.0,0.38,True,self.gaming
1sooggz,gaming,"Jennifer English won BAFTA award for best performanse in Expedition 33, well deserved and so happy for her.","She starts the speach with bloody hell 🤣🤣🤣, proper english start as it should be 😆

I wanted to post the video from official BAFTA page but subreddit do not allow it, so just watch it there. Because game and everyone in it deserve all the praise",10453,262,1776489218.0,0.95,False,i.redd.it
1sq7yno,gaming,I'm looking for a racing game to play,"I'm on pc and switch wondering if anyone knows a good high speed racing game. Something along the lines of Wipeout, Jet Moto, or F-Zero. Honestly Need for Speed and Forza aren't good enough to scratch that itch. Nintendo has left us dry of F-Zero games for too long. I tried Fast RMX. It's alright, but I don't like the color changing mechanic. Thoughts?",2,66,1776639721.0,0.52,True,self.gaming
1sqzcj4,gaming,Todd Howard agrees Starfield is creatively different than Bethesda's usual RPGs,,0,89,1776712084.0,0.41,False,gamesradar.com
1sovgeq,gaming,European Parlament Hearing Stop Destroying Videogames,"The European Parliament holds a public hearing on the European Citizens’ Initiative 'Stop Destroying Videogames' giving its organisers the chance to present their proposal. Members of Parliament will also question the European Commission about actions it may take in response to this initiative submitted on 26 January 2026. The initiative aims to stop game publishers from making videogames unplayable after they have been sold or licensed to users in the EU. 

It calls for rules to ensure that games remain functional even when official support ends. This issue raises questions about consumer rights, ownership, and licensing. It also touches on intellectual property, as publishers control how their games are used and maintained. During the hearing, organisers will explain their concerns, and lawmakers will discuss possible next steps with the Commission.",1610,154,1776512755.0,0.95,False,youtube.com
1spbyvg,gaming,"Just beat my first Doom game, Doom 3 (2004), my thoughts","I played the original 2004 version on Veteran, and I had 15.2 hours logged when I beat it.



Overall, I'd give it a 6/10, somewhere around that. Not a bad game, I had fun, I don't really regret playing it, but it's not a great FPS.

The environments, lighting, model quality- all of the graphics are great. They look great now and I'm sure they were absolutely fucking mind blowing in 2004. The shadows are better than most games today.

I was fucking terrified of this game at first. My heart was going places, I couldn't play the game for more than 15 or 20 minutes before having to save and quit to catch my breath and relax a little. The mirror jumpscare made me jump about a mile, every enemy encounter was scary, I was constantly tense as I traversed. There was one point where I was so on guard I heard a human voice calling out to me, and I flicked my mouse and shot the survivor in the head without hesitation. I was so guilt ridden I just stayed still for like 10 seconds. This game had such a grip on my nerves I made [this post.](https://www.reddit.com/r/Doom/comments/1s8bhka/when_do_i_get_desensitized_to_the_horror_in_doom_3/)

However, I quickly started to get desensitized. The designers never vary their tricks, eventually I just started to get bored and unaffected by the monster closets and behind my back spawns, I wasn't that scared anymore. The first few levels were all about the constant decision between being able to see (having your flashlight out) or being able to defend yourself (having your weapon out). I was actually a fan of this, with how it enhanced the horror and combat encounters, but either A: the designers stop putting combat encounters in dark spaces or B: I just got good enough to discern my enemy's shadows without my flashlight.

And then, after I stopped being scared, all the game has left is it's mediocre gunplay, repetitive level design, and practically non-existent story (I neither know nor care about \*anyone\* here). As I said before I played on Veteran, the hardest difficulty available before Nightmare (which you don't unlock until you beat the game for the first time) and other than some annoying enemy types like Chaingun Commando's and shotgun Z-Sec's, it was mostly pretty easy. It felt like I was playing normal mode. The enemy AI is straight up *stupid*, the fucking box art enemy of the game, the Hell Knight, has TWO attacks which are both laughably easy to dodge, and it's so simple I can literally loop around it and shotgun it's ass point blank and it won't have noticed me until I shot it. I guess in 2004 the game was too taxed calculating stencil shadows for the programmers to be able to put a particularly refined AI into it. It doesn't matter if a swipe from an Imp takes a quarter of my health with max armor if I just don't get hit and ammo and health is plentiful- I genuinely can't believe that people say BFG edition is \*even\* easier with even more health and armor scattered around.

Overall, the game was fun enough. It's got some cool stuff, like the cutscenes that are well directed even though I didn't get much out of them or the awesome enemy design and animations. From what I've gathered, this game came out in August, and critics were like 'holy shit this is amazing' and then 3 months later Halo 2 and Half-Life 2 came out and they went 'Oh...'. I've played both (beat Half-Life 2 this January and Halo 2 in February), and I will say, Doom 3 is probably at the bottom if I had to rank them (HL2 H2 D3) but it was still a cool game.

I hope Resurrection of Evil is better. If not, well, I do have the entire anthology (excluding TDA, which I wouldn't be able to run on my PC anyways), and I'm pretty excited to play 2016 and Eternal, which are universally adored for well deserved reasons from everything I've seen.",193,171,1776552757.0,0.75,False,i.redd.it
1sqs52u,gaming,Pragmata is… ok,"Anyone else kind of underwhelmed with the game?

Core gameplay loop feels sterile after a few hours. The gunplay doesn’t feel good at all IMO. The writing, while charming, is pretty meh overall and the conversations both between Hugh and Diana as well as the holos you find seem high school level. 

The game is gorgeous though and I love the look of the environments. The story is compelling enough that I’ll probably finish it but I have a feeling it’s going to turn into a “robots turn bad and kill everyone” story, though I’d love to be proven wrong. 

I see many people saying it’s their GOTY and I just don’t get it. Am I missing something or does anyone else feel the same way?",0,131,1776697877.0,0.49,True,self.gaming
1sp811p,gaming,Legend of Zelda Majora's Mask - The oldest strategy guide I own.,"I've held on to this for decades and I didn't even own the game, I would just play someone else's copy of it. I don't think I would have ever figured out how to get all the Masks considering how specific some of the time requirement stuff is. ",251,37,1776543015.0,0.93,False,i.redd.it
1sq27xn,gaming,What sandbox devs should do for Demo releases?,"Imagine you are a dev which develops a sandbox TPS game and want to release a demo, but since it's a sandbox game, you are unsure what kind of demo it should be. If you want a demo showing the entire gameplay, the game needs to be mostly finished, so releasing a demo before it's completely finished is quite challenging, and you can't say it's finished yet. Your game is a sandbox TPS, So you have planned to release a demo that only includes TPS elements instead of just sandbox elements and want to share only combat scenes in the game not the entire gameplat. Do you think you should skip releasing a demo in an important showcase, or just create a demo focusing on the TPS combat and adding a few extra elements, or should you focus on shortening the development in regular process of the game by fixing the missing parts and bugs to create a demo and cutting a whole month for a demo instead of developing the game?",2,26,1776626136.0,0.52,True,self.gaming
1spanb7,gaming,Games about/with programming?,"Hey everyone,

Recently I played 7 Billion Humans and Human Resource Machine. Do you guys know any more games like these?",126,110,1776549327.0,0.91,True,self.gaming
1sovhup,gaming,Lake District epic Atomfall wins best British game at Baftas,,689,76,1776512878.0,0.95,False,bbc.com
1squru1,gaming,Rare Controller alert ❗,Picked up this recently. pretty cool stuff. I'm sure it's appreciated. also have a gold ps4 champions league controller somewhere that came in a presentation box and a pin. I'll dig out the picture if interested 👌,0,10,1776703349.0,0.31,False,i.redd.it
1soj4yd,gaming,Love when a non-horror game introduces horror elements,,4209,444,1776473816.0,0.95,False,i.redd.it
1sok2vw,gaming,A legend spotted in the wild..,,3275,126,1776476402.0,0.98,False,i.redd.it
1sqpjx0,gaming,Enjoying Windrose and living the pirate life!,,0,18,1776692182.0,0.41,False,i.redd.it
1soubj1,gaming,That great feeling of having one of your fav sagas completely physical,"I also have the OG Demon’s, Erdtree and Nightreign but only digitally.",511,93,1776509158.0,0.85,False,i.redd.it
1sqtdeq,gaming,Bungie Announces Marathon’s First Post Launch Art Theft,,0,16,1776700498.0,0.25,False,ggtribune.com
1sp9egb,gaming,Kerbal Space Program: Building a Space Station,,67,15,1776546276.0,0.83,False,youtube.com
1sp3jdc,gaming,[OC] PRAGMATA Beach | 4K HDR Screenshot | [6915x3127],"**Captured on**: PS5 Pro

**Stitched with**: AutoPano Giga

**Edited with**: Adobe Lightroom",105,26,1776532710.0,0.71,False,i.redd.it
1spknpe,gaming,Simple Questions Sunday!,"For those questions that don't feel worthy of a whole new post.

This thread is posted weekly on Sundays (adjustments made as needed).",8,22,1776578418.0,0.63,True,self.gaming
1so1erg,gaming,I see what you're doing Pragmata.,,17693,582,1776433447.0,0.94,False,i.redd.it
1sqbcjs,gaming,Have you ever played a game purely because of a meme?,"I have watched shows and movies because of a meme I saw from it. the biggest one being Black Snake Moan due to the screen shot of S. Jackson. 

Made me wonder if anyone has been guided towards a game purely due to a meme they saw of it. ",0,46,1776648780.0,0.36,True,self.gaming
1spa29i,gaming,Loftia - Official Beta Cinematic Trailer,,14,12,1776547867.0,0.66,False,youtube.com
1so6j3u,gaming,It's a Good Week for Gaming,,2922,280,1776444531.0,0.93,False,i.redd.it
1socz78,gaming,Iron Galaxy lays off employees as it reduces company size,,837,35,1776458519.0,0.96,False,gamedeveloper.com
1sogxjd,gaming,My take on the GameCube Jacuzzi,,478,57,1776467895.0,0.9,False,i.redd.it
1sq7015,gaming,How do yall organize ur gaming tiime.,"I have wayyy too many steam games, and a limited time/day to play them in. How do you decide what to play, and when. Most of the stuff I play is not story stuff.

  
I rly need some idea on how to organize my playing.",0,28,1776637273.0,0.3,True,self.gaming
1soe4to,gaming,Why do developers delist the demos of their games after they launch?,"Is there some kind of unspoken industry rule about it? There's so many games im interested by but not enough to drop $30+ on without having any real inclination on if i'd enjoy it or not, many of them having publicly available demo's up until launch. Most recently, ""Cthulhu: The Cosmic Abyss"".",604,121,1776461122.0,0.91,True,self.gaming
1sogep3,gaming,"You feel it too, don't you? [Metal Gear Solid 4: Guns of the Patriots]",,318,80,1776466602.0,0.93,False,i.redd.it
1sqjy07,gaming,How THE FUCK can kids judge GTA5 as a bad game WITHOUT EVER PLAYING THE STORY?!,"recently there has been an uptick of kids calling GTA5 all sorts of things and I GET IT!

  
You HAD TO BE THERE in 2013 when the Game came out to really understand the Hype.

so they Call it old, overrated, stupid, boring and so on. 

but TWO THINGS that really bother me:

  
1. The IRONY of them still playing a 13 year old game still and complaining about it being old

  
2. SOME OF THEM ADMIT THEY NEVER EVER PLAYED THE FUCKING STORY MODE?!?‘

  
HOW THE FUCK CAN YOU JUDGE THIS GAME BASED OFF OF FUCKING VIBES GTA ONLINE?! :D",0,79,1776675903.0,0.13,True,self.gaming
1soj76y,gaming,One underrated aspect of Capcom,"Is how much they've shaped gaming genres. 

With Street Fighter, Devil May Cry and Resident Evil revolutionizing the fighting, action and Survival Horror genres. Not to mention how they've touched most other major genres and found success like Monster Hunter, Ace Attorney and Dragon's Dogma. ",173,155,1776473995.0,0.75,False,i.redd.it
1sq13ru,gaming,Characters with epic redemption arcs like Kratos in the new God of War games,"Who else has stories like this in gaming culture? I can think of a few more (like Cody from the Streetfighter series), but I know other gamers have had experiences that I haven't.",0,16,1776623663.0,0.15,True,self.gaming
1sq6z86,gaming,They say open world sacrifices story quality and narrative.,"There is a common argument that open world games  have no good narrative cause they are dispersive and not focused like for example The last of Us.

How can you explain then The Witcher 3, Red Dead 2 and Kingdom Come 2? They are considered some of the best narratives in gaming and they are open world.",0,37,1776637216.0,0.14,True,self.gaming
1sno9yx,gaming,"Dallas/Fort Worth BOLO - My storage Unit was burglarized, portion of my collection was stolen.",,6563,500,1776393438.0,0.96,False,i.redd.it
1snz5vn,gaming,"SEGA Dreamcast Divers 2000 CX-1. A CRT TV with built-in Dreamcast, matching controller, keyboard, webcam, and microphone.","The CX-1, an innovative and charming integrated TV capable of playing Dreamcast game software and connecting to the Internet, was a collaborative project between Fuji Television Network, Inc. and Smart-X, Inc. Sold exclusively through online mail orders, it was set to be available for purchase by the end of May 2000. Pre-orders were initiated on Hitachi Maxell’s digital shopping site “D-MAX” at a price of 88,888 yen, and a limited batch of 5,000 units was made available.

The package set not only featured the main unit but also included a game controller with a distinctive dark green color, a keyboard, a digital camera, and a TV remote control. The CX-1 is powered by the Dreamcast-compatible “CX-1 Engine,” featuring an SH4 200 MHz CPU, PowerVR2 graphics engine, and a 64-channel ADPCM and 32-bit RISC sound engine. With a GD-ROM drive, it’s fully capable of running Dreamcast software.

Its interfaces include an RF antenna terminal, one video input, one stereo audio input, a MIDI terminal, and one stereo audio output. Notably, the only Dreamcast software currently supporting MIDI is “Oto-ire Dreamcast Sequencer (Waka Seisakusho).”

With a built-in 33.6 Kbps modem, users were able to explore the Internet, access homepages, and send emails using the bundled Internet connection software “DreamPassport.” However, It’s worth noting that the modem is integrated and not upgradeable.

Japan only.",868,58,1776427889.0,0.98,False,i.redd.it
1so33wb,gaming,"If you could bring back one game developer, or return an existing one to its previous state, which would it be?","I'd give anything for another Bioware game from the early days. They just couldn't miss. Every game was a guaranteed masterpiece. Kotor, Mass Effect, Dragon Age.

If you could bring a developer back, which would you pick?",528,1127,1776437186.0,0.93,True,self.gaming
1so7l4o,gaming,AYN Thor Max (16GB + 1TB) gets a price increase; new 16GB RAM + 512GB variant announced,,311,151,1776446788.0,0.9,False,notebookcheck.net
1snz5ct,gaming,Worst game that you still completed for some reason?,"A game that you completed, but in hindsight you really did *not* enjoy it.

* Maybe a classic game that you wanted to see through to be able to take part in conversations and understand references.
* Maybe a game you were expecting to become better towards the end, but it just didn't.
* Maybe a friend has been talking about a random game for 10 years. You tried your best to get into it, but afterwards you just had to admit that it's not your cup of tea.
* Maybe you only had access to a couple of games at the time. Kinda just playing what you had, eventually completed a bad game.",591,1114,1776427850.0,0.9,True,self.gaming
1snhm7p,gaming,"My cosplay of Faith Connors, Mirror's Edge (2008)","Wore this outfit at MAGFest'26! If you loved this game, be sure to check out my [remix](https://bio.site/toneplay) of Still Alive (""I Have to Go"" by Toneplay) as well\~

Photography by [jay.peg_media](https://www.instagram.com/jay.peg_media/).
  
Full resolution photos [here](https://www.reddit.com/r/mirrorsedge/comments/1skikjn/i_cosplayed_faith_at_magfest26/)",7357,156,1776376201.0,0.97,False,i.redd.it
1so51jx,gaming,"[AMA] We’re Yaza Games, an indie studio from Poland! Yesterday we released Scriptorium: Master of Manuscripts - a cozy medieval manuscript sandbox game that’s also… a Medieval Photoshop?","Hey Reddit!

after 3 years of intense development, our game **Scriptorium: Master of Manuscripts** finally released to an overwhelmingly positive response!

You might recognize the art style from our first game - turn-based strategy: Inkulinati. After that first game, we heard a lot of feedback that the creative vibe might be a better fit for the setting. So, we listened and built a game focused entirely on creativity, where you become a medieval scribe for hire, illustrating books with over 2000 unique art pieces straight from medieval times.

We’re celebrating the launch with an official AMA, so hit us with every question you might have! We are happy to talk about anything: 

\- historical marginalia and how we worked with a medievalist to keep the historical side (and weirdness) accurate.

\- how our game became part of the National Library exhibition

\- We can also discuss our strict zero genAI policy and why we chose to hand-draw every single one of our 2,000+ drawable graphics for our ""Medieval Photoshop"" mode

\- or what can you use Scriptorium for outside of it being a game... or if just want to know what it’s like changing a genre from a tactical strategy game to a cozy creative sim, we're all ears.

You can learn more about the game here: [https://store.steampowered.com/app/3119540/Scriptorium\_Master\_of\_Manuscripts/](https://store.steampowered.com/app/3119540/Scriptorium_Master_of_Manuscripts/)

And here’s our debut title, Inkulinati, which laid the foundation for this style: [https://store.steampowered.com/app/957960/Inkulinati/](https://store.steampowered.com/app/957960/Inkulinati/)

Participants: 

u/aniur \- Ania: Lead Designer

u/ringovvski \- Ryszard: Marketing Lead

u/leinadcovsky \- Daniel (Zeer): Community Manager

We’ll be here for the next two hours to answer live, but we will also keep checking back over the next few days to address all questions you're gonna ask later. After an insanely intense few weeks, spending some time with you guys feels like an awesome way to wrap up such an exhausting week. Thanks!

Proof: [https://bsky.app/profile/did:plc:t77nfbafxzpngtzddwbkbnm5/post/3mjpbpdnack26](https://bsky.app/profile/did:plc:t77nfbafxzpngtzddwbkbnm5/post/3mjpbpdnack26)

Let the AMA begin, hit us with your best questions! ",171,75,1776441365.0,0.9,False,i.redd.it
1so2i84,gaming,[OC] Man do I wish that PRAGMATA had an official Photo Mode | [4829x3386],"**Captured on**: PS5 Pro

**Panorama Stitching Software**: AutoPano Giga

**Edited with**: Adobe Lightroom

**Date:** 17 April 2026 9:45am

^(Thanks for looking!)",228,38,1776435866.0,0.87,False,i.redd.it
1spk3ou,gaming,"I really like open world games, dystopian settings, ARPGs and of course: Dinosaurs","But after watching a buddy play 'Horizon Zero Dawn' for an hour, I knew it wasn't the game for me.



​It wasn't only the typical 'modern game' tropes, like the notorious yellow paint on climbable ledges, that put me off. As someone in my 30s who has played video games since early childhood, it just felt as if I had already played this game before. It felt like a mosaic composed of pieces taken from dozens of other titles.



​I know I could have rushed through the game and it might have been a 7/10 experience, but it would have sunk to a 6 if I had put even more time into it and become increasingly annoyed by the little things",0,24,1776576568.0,0.41,True,self.gaming
1sopc3q,gaming,Self Promotion Saturday! Small streamer? Just getting started? Tell us about it here!,"Use this post to tell us about your YouTube Channel or Twitch stream! Show us your creativity and tell us why we should subscribe. What makes you unique?

Please note that this thread is NOT for selling or advertising stores. Report any such posts and we'll deal with them. Thanks!

This thread is posted weekly on Saturdays (adjustments made as needed).

Reminder that you must follow our [rules of promotion.](https://www.reddit.com/r/gaming/wiki/index?utm_source=reddit&amp;utm_medium=usertext&amp;utm_name=gaming&amp;utm_content=t5_2qh03#wiki_rule_7.3A_self-promotion)",7,33,1776492007.0,0.61,True,self.gaming
1sn9zrz,gaming,METRO 2039 | Official Reveal Trailer,,3751,420,1776359864.0,0.96,False,youtube.com
1sobbc7,gaming,Games like Per Aspera,"Looking for games like Per Aspera. Preferably a focus on terraforming/environmental restoration, preferably not a survival crafter (I'm looking at you, Astroneer and Planet Crafter). More management flavored, I suppose. I've played Terraformers and it's not bad, but I'm also looking for something a bit more continuous (and hopefully less card-based).",23,14,1776454824.0,0.77,True,self.gaming
1sp9rop,gaming,What stealth game/mission where enemies interact with player's flashlight?,"Lots if games have stealth missions, but all you need to do if to avoide them and crouch in Bush or something, but enemies seems not to notice open flashlight of your hero. It is like the most obvious sign that someone is snicking around you if they have flashlight on, yet in games it is unnoticeable by anyone. Are there games where you need to turn it down? It definitely doesn't impact enemies in daying light 2.",0,12,1776547152.0,0.33,True,self.gaming
1spcdrq,gaming,Looking for a cheap game controller that does it job?,"Not sure it fits here, I want to buy a simple Bluetooth controller that can play both PC and android tablet, something cheap and simple that works, any recommendations? If from sites like AliExpress, Amazon or specific brands I can search locally.

And by cheap I mean something that cost around 25$ or less, not a hard limit but a sum of money I don't need to think about much.",0,25,1776553838.0,0.34,True,self.gaming
1snvajk,gaming,"Trails in the Sky 2nd Chapter Releases Sep 17th On PS5, Switch 1 &amp; 2, And PC",,108,28,1776415709.0,0.86,False,youtu.be
1sna28k,gaming,Capcom appears to be working on a massive Dragon’s Dogma 2 update,,1734,322,1776359999.0,0.96,False,kitguru.net
1so4xex,gaming,Airborne Empire Launch Trailer - YouTube,Airborne Empire - different from Airborne Kingdom (same devs). It reaches 1.0 after a full year of early access.,23,7,1776441113.0,0.73,False,youtube.com
1snwq0l,gaming,Old Snake (OC),"Still new to Digital Art btw...

  
This is my fourth Digital painting ",59,12,1776420619.0,0.69,False,i.redd.it
1snyygh,gaming,Games that don’t feel like a checklist?,"When I’ve been playing games, especially RPG/action adventure, it just feels like I’m just completing some long checklist and I get uninterested.

Like in Crimson Desert, there’s a bunch of quests to do so I go do them all. But it’s sorta boring.

Maybe I need to find some gams that are more linear?",37,111,1776427342.0,0.65,True,self.gaming
1sp20rg,gaming,Definitely pick up Pragmata!,"Pleasantly surprised at how good this is actually. I thought it was going to be mid but it's quite fun and engaging. I didn't have time to play much last night but man I can't wait to get back into it. 

Also love the aesthetics and graphics. Performance is solid as well ! Can't speak on that for all platforms though, just my experience so far. 

Anyways if you're looking for a nice singleplayer experience this is worth looking into. ",0,47,1776529230.0,0.47,False,youtu.be
1sn7yju,gaming,007 First Light title song will be performed by Lana Del Rey,,1186,209,1776355608.0,0.91,False,eurogamer.net
1sntm4q,gaming,Favorite game that you didn’t finish?,"Monster Hunter World for me, I was having so much fun fighting the same rosters of monsters with randos (logged 400+ hrs on steam) that I still haven‘t fought the final fatty boss lol. I shall go back to finish the business one day but my skills have become rusty now.",69,236,1776409868.0,0.81,True,self.gaming
1sn9e4e,gaming,Lana Del Ray releases the Title Song of the new 007 game,"Anothe[r post mentioned Lana Del Ray is the artist](https://www.reddit.com/r/gaming/comments/1sn7yju/007_first_light_title_song_will_be_performed_by/?utm_source=share&amp;utm_medium=web3x&amp;utm_name=web3xcss&amp;utm_term=1&amp;utm_content=share_button), but didn't link to the song. So made this post to directly link to her the song she revealed 2 hours ago on her main channel. I think it's beautiful, definitely gives me Bond-vibes",648,231,1776358638.0,0.84,False,youtube.com
1snbpm3,gaming,"""No Emulation, No Compromise, No Comparison"" - The $250 Neo Geo+ AES Aims To Be A 1:1 Replica Of SNK's Classic Console",,440,121,1776363399.0,0.95,False,timeextension.com
1soyha0,gaming,"What games would you fill a 2TB harddrive with, if you only had 24 notice before your internet access was going to be cut off? Let's say you have a fast internet connection too, so speed is not an issue.","Let's say you're going to a country with limited internet access or something like that on short notice and it's for an indefinite amount of time, but you can take your gaming PC, console or handheld, etc. with you. What games would you choose?",0,72,1776520984.0,0.4,True,self.gaming
1snv8s7,gaming,Thoughts on game long sidequests?,"The sidequest you get at the beginning of the game that is impossible to complete until you're right at the end.

Two examples that come to mind:

Monster Hunter Stories 3 - Find all 100 Poogies

Breath of the Wild/Tears of the Kingdom - Find all 90p Korok seeds",20,61,1776415534.0,0.59,True,self.gaming
1sn0ba2,gaming,Nintendo 3DS XL / 3DS,"Hello there , I work in a shop witch have a special bins for electronics device. And yesterday I found  2 units with 2 games !  One is the 3DS XL super smash edition  and the other is the blue regular 3DS . The XL is fully working and the blue have a dead battery. Im amazed at what people throw away those day ",928,41,1776337612.0,0.93,False,i.redd.it
1snsl23,gaming,Physical or Digital games?,"Which one do your prefer?

I would say physical disc for me although digital is way more convenient these days especially with Steam and all the subscriptions platforms.

But it's something special about having a disc collection on your shelf.",26,209,1776406421.0,0.63,True,self.gaming
1smsr12,gaming,Witcher 3 Director praises Crimson Desert and Expedition 33,,2775,393,1776312181.0,0.92,False,ign.com
1snmnz9,gaming,Hades 1 or 2?,"So I’m on ps5 and just picked up the first Hades game  cause it was like $5 in the PS store. I’ve never played a rogue like or a dungeon crawler, but it looks cool and I’ve heard good things about them both. In discussion, people seem to agree the second game does everything the first one did but better and then some. So should I play the first one? Is it necessary for story/lore stuff? Is there any reason to skip the first and go straight to the second? Would also love any first timer tips and tricks. Thanks!

Edit: thanks for all the replies! I’ll just play in order and take my time with the first game and get all I can out of it. ",46,126,1776389032.0,0.62,True,self.gaming
1smwhs9,gaming,"Love Midnight Suns: made my character look like Viv Vision, Vision’s android daughter from the comics",,853,127,1776324379.0,0.85,False,i.redd.it
1souric,gaming,least wild dialogue ever in pokemon clover.,,0,12,1776510623.0,0.36,False,i.redd.it
1snev0p,gaming,Galaxies Spring Showcase - All Games Showcased,"I was not paid to do this, this is purely for informative purposes ",52,11,1776370110.0,0.78,False,i.redd.it
1smwa18,gaming,"Are games getting more fun, or just more “busy”?","Lately I’ve been thinking about how many modern games feel like they always have something going on — daily rewards, events, battle passes, limited-time stuff, etc.

It’s not necessarily bad, but sometimes I miss games that just let you exist in them without feeling like you’re missing something.

Do you think games are actually getting more engaging, or just more demanding of your attention?",563,273,1776323610.0,0.84,True,self.gaming
1sot24p,gaming,Pragmata is not advertised on my PS5 store front,"I went to the store to check out Pragmata and noticed it wasn’t on the storefront on my console. Is there a reason why this is the case? Usually a game like this would be plastered everywhere.

  
edit: it’s in 12th place for best selling for Canada I’m ps5.",0,30,1776504830.0,0.2,True,self.gaming
1sn01bj,gaming,Anyone else never finish games even tho you are enjoying them ?,"essentially what i said.

i love playing the games but often times i just never finish the final mission even tho i like the game.

sometimes the story is so ""short"" until you reach the point of no return that the game essentially screams at you to do something else like with cyberpunk or fallout.

then the worlds are so packed with fun storys, events, or just amazing architecture or builds to explore.

be it cyberpunk,fallout 4, AI limit, sifu assasins creed vallhala and shadows or even armoured core.

it just feels like there is so much left to do and to master.

but i never really get the motivation to... finish games without a high story focus.

my last finished game was Singularity a shooter from 2010 made by raven games. where there is no sense of open world or... too many builds one could experiment with.

i feel like the games nowadays are so big that i love being in their world but can't bring myself to finish the storys they try to tell",257,224,1776336801.0,0.89,True,self.gaming
1smosxr,gaming,"Hieronymus: a FPS currently in development based on the paintings of Hieronymus Bosch, a Dutch surrealist painter from the 1400s","Link to the [Steam](https://store.steampowered.com/app/2518790/Hieronymus/) page

It's important to note that the above video is not being played by the YouTuber themself, but rather the developers who sent the video to the YouTuber to promote the game. This is detailed in the description of the video.

Please support the game if this interests you!

(I'm not affiliated at all with this game, just very interested by this game upon finding out about it. Thought I'd share!)",1295,102,1776301424.0,0.95,False,youtube.com
1sne3jm,gaming,At what point does relearning controls prevent you from playing a game?,"Been playing a lot of Crimson Desert and I tried recently tried to play Deadlock again. Crouching and sliding was different, I constantly missed easy parries, and the mapping for items left me feeling like I was playing the game again for the 1st time. I love both these games, but that relearning process was and still is extremely jarring. I'm not sure I could do that for games that I might want to play down the line that get massive patches or large scale expansions.

What games do you think this feeling causes the most and is it too much? It is worth it just to restart from the beginning?


(especially with games that have crucial mechanics attached to odd button or keyboard locations like clicking the stick or the Page Down/Page Up keys)",38,98,1776368457.0,0.72,True,self.gaming
1snfl8g,gaming,Recommend me some game soundtracks/songs to sleep to,"I suffer from sleep paralysis and listening to calm gaming tracks helps me not hallucinate people running besides my bed and sniffing in my ears. Please, tell me your favorite soundtracks or songs from your favorite games so that I might add them to my sleep playlist.",21,141,1776371679.0,0.64,True,self.gaming
1sof7ft,gaming,"Is there such a game/simulator that is really realistic and tactical, and about modern warfare?","I imagine a game where there are maps (ideally community created ones) and you can tweak parameters of each map like the numbers of enemies/friendly, being able to choose different ai levels for the NPCs, being able to choose to play any of the friendly NPCs (for example if I'm doing a team with 3 infantryman, 1 sniper and 1 drone operator I can choose to play as any of them at any point of the game), and I don't know how but I would want it to be both real time and turn based combat somehow.

Thus list of conditions make it sounds impossible.

I want for example to create a scenario of 6 vs 20 where the 6 have limited ammo and they were ambushed and play as the 6, and real time as it's more realistic but somehow turn based to see what's happening everywhere at the same time (just thinking about it now it might be possible to play it realistically if you do the scenario assuming the role of the friendly soilders and the rest will be the Ai and then when the scenario is done you can restart it with another character from your group and the character you played before, which I'll call soldier 1 will play exactly how you played before, this way you can experience as much as you want from the fight)
",0,10,1776463625.0,0.29,True,self.gaming
1smxbi9,gaming,Looking for a game,"Hi guys, wonder if anyone can help me. I’m trying to find a PS1 or PS2 game about a boy and a girl whose parents left them home alone, and then they left the house and had to fight monsters. I played this as a kid and never found it again 😭",147,32,1776327374.0,0.88,True,self.gaming
1snsc7d,gaming,Free Talk Friday!,"Use this post to discuss life, post memes, or just talk about whatever! 

This thread is posted weekly on Fridays (adjustments made as needed).",3,47,1776405611.0,0.56,True,self.gaming
1sm4cat,gaming,"Crimson Desert sells ""over 5 million copies worldwide"" in under 4 weeks",,3833,837,1776255316.0,0.92,False,gamesradar.com
1smrjxz,gaming,"PSN Down for Some, Service Slowly Being Restored",,240,18,1776308762.0,0.91,False,pushsquare.com
1smru1j,gaming,I think I finally understand the way Destiny 2 players feel about Bungie. It’s the way I feel about Riot Games.,"I was never a big \*Destiny\* person. I played the first one a decent amount, but really didn’t stick with D2 at all. most of my friend group did though. Over the years, I have heard them rant and rave constantly about how terrible the game has been managed. I follow Youtubers who make Destiny content (Tom Christie is incredibly hilarious) simply because I enjoy their commentary about all the mistakes and fuck-ups they have made over the years. In a weird way, it’s more fun to hear about how bad Destiny is at any given time than it is to actually play Destiny (IMO). All this time, I used to think to myself \*”Man, these guys are pure masochists… why do they sign up for this shit when all it ever seems to do is disappoint them.”\*

… and today, I realized I have my own Destiny 2/Bungie. Today I realized that my version of that is \*Teamfight Tactics\*/Riot Games.

I used to LOVE playing TFT. The first few sets were like a dream come true for me. It was the combination of a gacha-auto-battler and a MOBA I spent nearly 5 years playing married into one. I recruited so many of my friends and coworkers to play it with me! I loved just experimenting with builds and trying out theoretical builds that shouldn’t have worked out and just generally enjoying the experience. So did most of my friends.… at least for a little while.

I realized today, on the dawn of set 17, that I had become my friends. It’s been a long, long time since I enjoyed playing TFT. I have felt like the sets have gotten increasingly more mediocre for the past 2 years. I still show up at the start of every season, hoping that \*\*THIS TIME\*\* they will nail it; this time will be the time when Riot gets their shit together and delivers something memorable. At least… that’s what they used to do. Whether it was the Dragonmancer Sett, or Brawler Jax, or Karma blasting away, it felt like there was always some standout champions every set that were fun to use and fun to build around! Whether winning or losing, the fun was in the experimentation. Once hyper roll came along, I was positive I had found my long-term game. All the fun and experimentation I wanted in 1/3 the time and without all the boring slogs associated with full matches.

…. but I haven’t really enjoyed the game since set 8, maybe set 9? Every season, the balance seems to get worse and worse. Last season in particular, I don’t think the game ever actually felt “right” at any point; it was pendulum swing after pendulum swing. Massive meta overhauls every few weeks, seemingly guided only by emotion vs. logic. The same champions are broken nearly every time they make an appearance. The same items have been OP for 5+ sets, and there is seemingly no answer from the studio on how to fix the over-reliance on staple items. There isn’t really experimentation; just re-skinning and re-theming existing stuff every few months. I hate the theming, too; visually it is so hard to distinguish who is who, especially at the start of a new set, and the over-saturation of particle effects on screen can make it difficult to follow what is even happening.

Nonetheless, I show up every set. New season, new balance, new experience! And every set… I feel like I hype myself up for an experience that is going to be underwhelming from the get go. I used to drop hundreds of matches per season. Now I drop maybe 100. this season, I’m thinking it won’t even be a dozen. The same behaviors I used to make fun of when my friends would log in to Destiny and rage about how awful the experience was is the same behavior I am now displaying for TFT. It’s a sad feeling. I can’t get anyone to play Double Up because no one else enjoys the game either. Climbing ranked feels like a time-consuming chore, and the reduced rewards from Rjot over the years doesn’t even incentivize you to play daily because you don’t really get any new unlockables for doing so. Everything feels like a massive chore, and the whole experience feels totally anti-player.

Matches are slow, long, and predictable. Even though you know you are likely to lose early on, you have to drag it out because the game penalizes you significantly for surrendering. Not only do you have to take the L, you have to waste 45 minutes to get it. There’s no loss-armor or anything. This set in particular, it feels like the effort was just non-existent; the currency tracker doesn’t even display properly. Like they literally couldn’t be fucked to show your gold accurately; a key component of the game. There is so much RNG in the game, and so many layers of it now, that it feels like a chore to even play the game because there are so many choices to make that you need a fucking overlay on an alternate tab just to reference the information.

And I realized tonight, I’m just as bad as my Destiny friends were. We all are chasing the memory of how good the gaming experience used to be, how much fun it used to provide… but it just doesn’t anymore. I don’t think anything is going to fix that, either, because the nostalgia is more enticing than the experience itself. You realize that you’ve just ritualized the practice so much, that you are doing it out of muscle memory, not out of actual enjoyment. I cleared my afternoon to make sure I would be able to hop on early for the new set, just like I always have… and by this evening I was already just kind of done. I decided I would go back to playing a different game that still brings me the same joy that my live-service-poison of choice seemingly can’t provide anymore. But it still made me sad to realize that, at least for me, the game’s best days are behind it now and it’s just time to let it go.

Tl;dr: I used to think Destiny 2 players were fools for consistently getting their hopes up and chasing nostalgic feelings, only to be disappointed by Bungie year after year… until I realized tonight I have been doing the same thing with TFT and Riot Games. There is no recapturing “the magic” when it is gone and sometimes you just have to let things go.",159,100,1776309550.0,0.72,True,self.gaming
1sog3v0,gaming,What are some mmos that aren’t dead/ dying?,The only one I can think of is warframe ,0,35,1776465846.0,0.19,True,self.gaming
1so21vh,gaming,Generic Weekend Post,"It's the weekend. What's everyone playing in their time off? 

I am currently on...

\- LOTR: Return to Moria for the X/S. Just reached Khazad Dum and I'm sorry I ever slept on the game. I think it's fantastic!

\- Record of Lodoss War for the Dreamcast. A solid 9/10 Diablo clone. I wish I knew about it 26 years ago but better late than never and...

\- Record of Lodoss War: Deedlit in Wonder for the Switch. Another ""Metroid-vania"" styled game, but I'm fairly enjoying it. 

Peace x",0,43,1776434860.0,0.4,True,self.gaming
1smxchi,gaming,Is it possible to beat both RE 2 storylines in a weekend?,"By weekend I mean Friday afternoon and all of Saturday and Sunday. For context I have finished RE4 Original and remake also 7. Trying to finish 2 before I start playing requiem.

I am on a bit of a short timeline because I have my PS5 for a short amount of time and I am extremely busy with life throughout the week.",39,53,1776327477.0,0.66,True,self.gaming
1smgb67,gaming,Games you hated at first but changed your mind over time?,"The biggest one of recent releases obviously being Crimson Desert. But the conversations around CD and its flaws really reminded me of my experience with Monster Hunter World. I bounced off that game HARD at first and it took one of my friends who was a fan of MH to get me to try it again and now I love the franchise. Also I feel like Marathon fits the description for a lot of people. I’ve seen many times people will say “the more you play it, the more you’ll like it”

Was just curious for other people’s stories about games they bounced off of at first but now love. ",419,569,1776281458.0,0.9,True,self.gaming
1so5468,gaming,"With new games barely finished and game changing patches guaranteed, how long are you waiting now?","Loved Crimson Desert when it first came out, but with all the updates it feels like I should have a waited a couple weeks or even a couple months. These updates aren't small either, they are significant changes to the entire game. 

This isn't the first time this has happened and now seems to be the standard. For live service games like Deadlock, this makes sense, but for games like Hades 2 or BG3, we are talking 50+ hour or 100+ games that I do not have the time to replay.

So my question is this. What kind of gamer are you when it comes to this situation and how long do you generally leave a game alone before coming back to it? How much of an update is required for you to try again?",0,45,1776441519.0,0.3,True,self.gaming
1so8wwh,gaming,REPLACED - First boss - How to beat guide,This boss made me sweat… so I made a little guide to help if stuck. Hope this helps. Great game! ,0,1,1776449641.0,0.17,False,youtube.com
1smjw61,gaming,What’s a good game idea/concept that you’ve imagined?,"I was just thinking of a couple fun games ideas I’ve had over the years and I’ll put them here, hoping to get thoughts and others’ ideas too.

1. Game essentially like Django unchained where you play as this badass former slave, rescuing and freeing other slaves while taking down an evil system. Upgrading weapons and gear along exploring towns and discovering secrets along the way. Open world first or third person, probably third would be better? 

2. Game based on the Oregon trail where you’re in a group caravan going down the trail fighting off bandits, hunting, fishing, surviving, first or third person( semi open world where each trek of the journey is a different map. With different POIs etc 

3. A John wick game where you play as John wick. Nuff said right there. Similar to hitman maybe but if done right it could be such a cool game set in NYC or maybe a few other areas also.

Curious to see if anyone else has ideas or what you think of mine.",132,229,1776289189.0,0.77,True,self.gaming
1so8j7k,gaming,So uuh...should we have big expectations of 2027 in gaming?,,0,64,1776448823.0,0.25,False,i.redd.it
1sm0ojl,gaming,Which gaming fandom is super small but super active?,"I've noticed that some games like Kind Letters, Owlboy, Little Inferno have like ten or twenty fans but they keep chatting on reddit and Steam and producing fanarts and wiki articles. 

Which other fandom is like that?",586,356,1776244026.0,0.93,True,self.gaming
1slisni,gaming,"The ""We don't need to be a threat to the player but be mildly annoying"" video game enemy trio",Almost every game has one of these guys as that little nuisance enemy ,7354,571,1776194784.0,0.98,False,i.redd.it
1smn1jl,gaming,Anything like factory building games for low performance pcs?,"I really like satisfactory and factorio 

Maybe idle factory games possibly looking for games that maybe have the same scale of factorio if possible but dont draw a lot of performance 

but i also play a lot of vrchat with friends and sometimes on the down time i want a game to play in the background but factorio struggles to play when using vr.

frame rate issues (most of my games when I load vr will struggle due to fps load anyway)

im curious if there any low performance factory building games? even if on roblox or browser based ?",36,35,1776296827.0,0.72,True,self.gaming
1sm3mut,gaming,Outbound Delayed To May 14th,,203,54,1776253407.0,0.83,False,i.redd.it
1slhyu3,gaming,Who thought this was a good icon decision,icon is from the game Everwind. i believe its when the weapon you are holding is almost broken.,4120,172,1776193030.0,0.95,False,i.redd.it
1snvrgu,gaming,"3 reasons why I believe Mario Maker will be released in 2029""","Reason 1: The Rule of Three (Symmetry)

Nintendo loves wordplay and symmetry The 3 in Mario Maker 3 is the perfect excuse to jump into 3D It’s clean it makes sense and it fits their philosophy perfectly Imagine an engine where you can create levels using styles from Galaxy 1  2 3D World and even Wonder adapted to a 3D space It’s the natural evolution of the franchise.

Reason 2: The Ultimate System Seller for Switch 2

If Mario Maker 1 &amp; 2 were hits a 3D version would be the definitive Content Creator tool It would offer nearly unlimited fan made content keeping the Switch 2 relevant for a decade With constant updates adding items and new 3D modes it could easily push the console to become the best selling of all time It’s the ultimate ""Endless Mario.

Reason 3: The 2029 Timeline (Strategic Development)

Why 2029? Two factors:

The 45th Anniversary:

2030 is Mario big year so a late 2029 release builds the perfect hype

Development Time:

Mario Maker 2 came out 2 years after the Switch launch Since 3D programming is much more complex a 4 year gap (from the rumored 2025 Switch 2 launch) makes sense Nintendo needs to release their main 3D Mario first to avoid oversaturating the market before giving fans the tools to build their own.

What do you guys think? Is the ""3D = 3"" theory too perfect to ignore, or is 2029 still too early for this? Let me know in the comments.",0,15,1776417303.0,0.11,True,self.gaming
1sm5oqz,gaming,Why do some games suddenly shift from freedom to strict execution?,"The ad below reminded me why I bounced off ESO.

I think there are two styles of gameplay:  
“Solve this your way”  
“Perform this correctly”

I’m fine with the first, but I tend to drop games when they shift hard into the second.

ESO lost me when it forced crafting in the main quest. It stopped feeling like “be your character” and started feeling like “do the required step.” I had a similar experience with Lost Ark, where progression shifted into learning specific movement patterns and executing them cleanly.

That kind of design clearly works for a lot of people, but for me it breaks immersion. It feels less like playing in a world and more like solving a puzzle with only one acceptable solution.

Curious where others land on this. Do you prefer freedom to approach things your own way, or tightly designed challenges you have to execute correctly?

https://preview.redd.it/rsnz6j60qcvg1.png?width=1080&amp;format=png&amp;auto=webp&amp;s=49ff29486df3b38b7367c53fdeea54b5d2f86c32

",102,82,1776258641.0,0.7,True,self.gaming
1snrsvv,gaming,One of the most broken final bosses of the 21st century so far,Who hasn't raged at trying to beat Isaac Frost in Fight Night Champion?,0,5,1776403841.0,0.19,False,youtu.be
1sl5ovi,gaming,"Epic Games Store Employees: People Only Came for Free Games, Then Returned to Steam","&gt;Epic Games launched its Epic Games Store in 2018 to challenge the dominance of Valve's Steam platform in the PC gaming space. Known for its promotions and free games, the storefront has attracted a large gamer base that quickly adopted the platform. However, two former Epic Games employees claim that the Epic Games Store saw only an initial spike in active users during the free game promotions, with gamers eventually returning to Steam. Many gamers find switching between multiple storefronts to be a cumbersome experience. While free game deals are an excellent way to attract customers initially, the Epic Games Store needs to make further improvements to retain those gamers.  
  
Meanwhile, Valve's Steam platform continues to break records for concurrent gamers. Just a few weeks ago, the platform reached 42,318,602 players on Sunday, March 22 of this year. This set a new record, surpassing the previous impressive 42 million concurrent players on January 11 earlier this year. At the time of writing, Valve's Steam platform has 37,053,591 active players, indicating that a large majority keep returning, with no signs of slowing down.[](https://www.techpowerup.com/img/nExOMhr19xWlqtGA.jpg)

&gt;The competition between PC gaming platforms will continue as Epic looks to invest more and attract additional gamers to the Epic Games Store. According to Bloomberg, the Epic Games Store grew to a record 78 million monthly active users on PCs. In comparison, Steam handles a similar number of users in just two to three days. Player spending on non-Epic third-party games last year was around $400 million, according to Epic, which is significantly lower than what Valve reports. Third-party game developers earn much less revenue from listing on the Epic Games Store compared to Steam.",13147,1796,1776165419.0,0.97,False,techpowerup.com
1smdosx,gaming,Trying to play transistor on iMac,It won’t recognize my controller? Anyway to fix this? I’m new to Mac and haven’t explored steam that much ,22,10,1776275951.0,0.67,True,self.gaming
1sndlip,gaming,At work and Spotify throws this at me.,Hits hard everytime. ,0,6,1776367369.0,0.46,False,i.redd.it
1slhh4y,gaming,What game “jumped the shark” for you?,"“Jumping the shark” is a phrase used when something starts making questionable or over-the-top decisions that hurt its original appeal.

What game (or series) immediately comes to mind when you think of this?

I marked this thread for spoilers, just in case! ",865,1297,1776191990.0,0.87,True,self.gaming
1smh7ev,gaming,Hell Let Loose or Over the Top?,"Just bought Over the Top to try it out, but I haven't played Hell Let Loose in a while and have been considering hopping back in.

For those who still play Hell Let Loose: What is the state of the game? Is it sliding further into CoD lite territory or is the community returning to the milsim style?

For those who Play Over the Top: How newbie friendly is it? From Pokopia/GW to CSGO/LoL, how toxic is the community?

For those who play both: How do they compare? Is there one you prefer?",10,20,1776283343.0,0.57,True,self.gaming
1slqzk2,gaming,Stumbled on this “Music: Kingdom Hears or Weather Channel” music quiz… tougher than expected!,"Also I am used to the 90’s weather channel funky jazzy vibe, this modern stuff is wild!",186,28,1776214025.0,0.87,False,youtu.be
1sl8lpe,gaming,Tomodachi Life: Living The Dream Has been in development since 2017,from the interview with the devs of Tomodachi Life,1510,202,1776172984.0,0.96,False,nintendo.com
1slf4xu,gaming,MP1st Report: God of War Faye Spin-Off Claimed to Feature Tyr and Multiple Mythologies.,,475,139,1776187120.0,0.91,False,mp1st.com
1skwyjm,gaming,‘Bloodborne’ Video Game Getting R-Rated Animated Movie Adaptation From Sony and JackSepticEye,,6460,534,1776136734.0,0.96,False,variety.com
1sllqrz,gaming,Games that deserve a yearly playthrough,About once a year I get obsessed with Doom for a few weeks. I also do a Dark Souls playthrough every year because I love it so much. What are some of the games that you feel compelled to return to often for just one more playthrough?,199,629,1776201155.0,0.79,True,self.gaming
1sl8k0y,gaming,What game did you walk into with zero expectations and you walked away from thinking it's a masterpiece? (Return of the Obra Dinn),Lucas Pope former developer of Naughty Dog and creator of Papers Please created Return of the Obra Dinn a murder mystery where you solve the death of 50+ members on the ship the Obra Dinn.,825,810,1776172878.0,0.93,True,self.gaming
1sktkrj,gaming,Sometimes they go too violent,,8705,392,1776127776.0,0.97,False,i.redd.it
1slamtk,gaming,REPLACED - Official Launch Trailer,,572,109,1776177580.0,0.94,False,youtu.be
1snaebd,gaming,Taylor Sheridan’s ‘Call of Duty’ Movie Lands 2028 Release Date,,0,80,1776360672.0,0.36,False,hollywoodreporter.com
1skv8z6,gaming,"GTA Online makes $4.4 million per week on PS5, platform rakes in 53% of all GTAO weekly bookings","Leaked data suggests Rockstar Games earns about $8.5 million weekly from GTA Online, with PlayStation 5 leading in revenue and active users. Over seven months, GTA Online bookings reached as high as $193 million.

  
In a 7-month period from September 2025 to March 2026, Rockstar is said to have made $193 million in bookings from GTA Online. Our compiled data shows that Rockstar made around $362 million in net revenues across this period, which corresponds to the half-year period from Q3-Q4FY25. This is entire GTA franchise revenues, though, and a quick bit of math shows that Rockstar could have made the remainder of $169 million from a combination of GTA+ and GTA game sales.",3091,326,1776132139.0,0.98,False,tweaktown.com
1slmkb5,gaming,Showing This Game Some Love Cuz I Dont Think It Gets Talked About Enough,"Taking you on an abridged journey through the story designed both for casual viewers and also as a teaser to interest new players in a great game, with a very clear spoiler warning before I get to the final rugpull ending.",66,26,1776202989.0,0.76,False,youtu.be
1sktfpj,gaming,Marathon is adding a queue where you can only bring free kits to help player onboarding,"It’ll definitely help with a lot of people complaints that the game is too punishing when you are outclassed by gear.

Could lead into an interesting game mode “zero to hero” where each time you load in you can only bring what you last extracted with.",2325,277,1776127395.0,0.92,False,pcgamer.com
1smx2vw,gaming,Early Access Games - Curse or Blessing?,"There are so many great EA games that have a promising start but never come out as a full game. Instead they grab the money from players without completing their games. It's like George RR Martin that doesn't bother finishing the books after getting rich.

I think there are more EA games that never get finished than there are those that have completed.

What do you guys think about the system?",0,57,1776326496.0,0.22,True,self.gaming
1skidi5,gaming,"Xbox Game Pass ‘has become too expensive,’ says Microsoft’s new gaming chief in leaked memo","Microsoft’s new Xbox chief, Asha Sharma, has signaled that Xbox Game Pass pricing is about to change. In an internal memo to Xbox employees, obtained by The Verge, Sharma admits that “Game Pass has become too expensive for players” and that Microsoft needs “a better value equation"".

&gt;**""*****Game Pass is central to gaming value on Xbox. It’s also clear that the current model isn’t the final one. Short term, Game Pass has become too expensive for players, so we need a better value equation. Long term, we will evolve Game Pass into a more flexible system which will take time to test and learn around*****.”**",8059,896,1776102628.0,0.98,False,theverge.com
1sms4lc,gaming,Looking for Unique Game Recommendations,"Hello, everybody! I've been thinking about Spore recently and how that was such a unique and cool game (Well, two of the stages are really cool. Maybe three...) and one thought lead to another, which is this:

What other unique, sandbox games are there? Like the kind that have an original idea that's well executed and I could lose hours playing?",0,37,1776310381.0,0.47,True,self.gaming
1smwlwj,gaming,Can you name a game with a better voice actor list than Master of Orion - Conquer the Stars 2016,"I was watching a YouTube video on the best voice actors in cartoon history and recognised a lot of them from this game, then I saw the rest 🤯",0,19,1776324796.0,0.31,False,imdb.com
1slkoob,gaming,The deepest strategy e-sport you've never heard of - Retrocycles,Retrocycles!,46,19,1776198782.0,0.68,False,youtube.com
1skk7kj,gaming,Finally completed my collection of every mainline Pokémon game!,"Started with Red and Blue when I was a kid. Only missed a few growing up and finally decided to complete the collection!

Edit: I forgot Let's Go Pikachu and Eevee in this photo but left a comment with an updated picture with them included. I do have them!",5077,399,1776106424.0,0.95,False,i.redd.it
1skj57k,gaming,"A24's 'ELDEN RING' Movie Has Begun Production. Written and Directed by Alex Garland, with George R. R. Martin Producing. Starring Kit Connor, Cailee Spaeny, Ben Whishaw, Nick Offerman","An impressively accurate look at a Church of Marika was spotted during filming in London, as shown above.  
  
[https://winteriscoming.net/elden-ring-movie-filming-stunning-set-leaks](https://winteriscoming.net/elden-ring-movie-filming-stunning-set-leaks)",5772,643,1776104182.0,0.97,False,i.redd.it
1sldfjn,gaming,He Man And The Masters Of The Universe: Dragon Pearls Of Destruction has been delayed to Summer 2026,,74,43,1776183544.0,0.78,False,i.redd.it
1skqxiu,gaming,Installing Doom 3 Physical copy on Steam Deck using a DVD Drive,"yeah I don't even know what else to say about this.

Edit: **How to do this...**

setting it up is a pain but definitely possible (and fun, I feel like a kid) as Steamdeck is pretty much a PC.

Get a Disc drive with a USB-C connector

Desktop mode &gt; Discover store &gt; [Proton](https://www.youtube.com/watch?v=YUS1iF3_lWA) (1min tutorial) &gt; Restart &gt; Discover Store &gt; Lutris &gt; Launch it &gt; + Icon top left &gt; First option ""Search Lutris website for installers &gt; Doom3 &gt; Pick the one that says you 3 discs &gt; Plug in Disc Drive with Disc &gt; Let it load for like 2 minutes lol &gt; Lutris &gt; Browse &gt; Click where the disc is

I think you can manage from here",1633,145,1776120994.0,0.96,False,i.redd.it
1sk8dwn,gaming,Rockstar hackers set to release GTA 6 data breach as ‘demands not met’,,9077,475,1776080726.0,0.97,False,dexerto.com
1skub1y,gaming,I'm addicted and I need more [Blue Prince],"Edit: thank you all for the recommendations! My backlog is now over 100 games long and I canmot wait to play every single one of them. Y'all are amazing!!!

I'm 120 in-game days into Blue Prince and I want to find more games like it. It contains every aspect I love in games:

\* Unraveling a mystery: You start the game thinking it has a neat concept and seems to have even some good lore. Then you encounter something and realise there is way more to uncover.

\* Mechanic that is easy to get into, and hard to master: A core mechanic that looks simple and random at the start until you gain more tools and understand its potential.

\* Think outside the box: You collect hints you don't understand yet and suddenly it clicks and you make connections that make you feel like a genius.

\* Taking physical notes: I never thought I'd love taking notes outside the game so much. I'm playing this game even when I'm not in it, trying to connect the dots and cleaning up my notes.

\* Unique and detailed design: The world is visibly designed with love for details and consistency. Nothing is just a random asset, everything has a reason to be there.

\* Self awareness: The game doesn't try to hide that it is a game, and mechanics are tied into the lore.

Many other games I've played in the recent years have several of these aspects:

\* Outer Wilds (stands on the throne with Blue Prince, all aspects covered)

\* Stanley Parable (design, self awareness, plus great humour)

\* Portal 2, Superliminal (mystery, mechanic, thinking, design)

\* Eternal Cylinder (mystery, mechanic, design)

\* Return of the Obra Dinn (mystery, mechanic, thinking, design)

\* Undertale (just started this, wtf is going on in this game??? love it already)

What other games that cover these aspects are out there I need to know?

Edit: forgot to add Chants of Sennaar! Also Disco Elysium and Inscryption, but on both I'm stuck...",374,264,1776129676.0,0.86,True,self.gaming
1skahbs,gaming,'Metro 2039' officially announced. First look to be revealed on April 16,,3508,288,1776086036.0,0.98,False,i.redd.it
1sl9dnw,gaming,"Dosa Divas Releases Today On PS5, Xbox Series, Switch 1 &amp; 2, And PC",,32,12,1776174802.0,0.73,False,youtu.be
1slew32,gaming,Does anyone remember playing a game called outwar?,"https://imgur.com/gallery/DGg3Jla

Wow got hit with a bit of nostalgia. played this game in early/mid 2000s. It is a click based RPG, but a heavy drag so people used script machines to auto perform attacks and movements. It used to be you had to send a link to get people on the Internet to click it to grow the strength of your character.

I jumped in many years ago and it totally was changed away from that. Seemed like a pretty dead community, maybe a few specific players still going running a lot of game characters and bots to win raids. F2P game, but definitely a lot of pay to win aspects.

Just had a wave of nostalgia and was wondering if anyone here or played it, remembers it, has stories about their play.

I was never in a big clan or a strong player, usually I do solo stuff and this game got to a point you basically needed a clan/supports unless you ran your own like 30 characters.",11,12,1776186608.0,0.67,True,self.gaming
1slbsrn,gaming,what features/mechanics that don't exist that you think should exist or are rarely used that should be used more?,"doesnt exist: multiplayer games allowing you to have a custom message you can send to team/all chat with the press of a single button you choose. an example being putting ""I have stim pistol"" bound to numpad 1 for helldivers 2

rarely used:  
Diddy kong racing's certain/colored items. no randomness, you know exactly what item you get and changing your lines/route changes what items you get,   
  
also the ""super boost"" which makes all boost effects better but only if you are not pressing the acceleration button. too early and you slow down before the boost starts and ends. but too late and you don't get it at all or slow down after it ends

customizable difficulty: enshrouded, vintage story, Voices of the Void  
various features and mechanics of the games can be fine tuned to your liking, disabling / enabling a mechanic or adjusting the numbers of it",13,72,1776180075.0,0.62,True,self.gaming
1skrag9,gaming,What franchises deserve better games?,"I mean non-gaming franchises that they have no games or shovelware.

For example

* Avatar: The last airbender (Most of the games are mediocre shovelware that doesn't make the franchise's justice)
* Transformers
* Godzilla and kaizu genre
* Sailor Moon

Note:Please stop commenting game focused franchises for god's sake and read my post first.",266,464,1776121860.0,0.85,True,self.gaming
1smgm8r,gaming,Capcom chooses to nerf Alex's incest story instead of patching it out,"A month ago Capcom released a popular character for Street fighter 6. A week later they had to make an announcement the will make an update to Alex's storymode because it got a lot of people upset.



So what caused a strong enough backlash to announce patch notes for character lore?



Basically in the most recent story update it was revealed that Alex and Patricia got married and are having a baby.

  
It was also revealed that Patricia is his 2nd cousin.

When Alex was adopted by Patricia's father he was five years old and has helped raise Patricia from birth.

https://preview.redd.it/9jw0nk5loevg1.jpg?width=1920&amp;format=pjpg&amp;auto=webp&amp;s=f444ca610de27f858c797e45c6d37e5b49c28f59



  
So for all intents in purposes even though he was adopted people are now treating it as basically interpreting this as incest for very understandable reasons.



Yesterday Capcom released a patch with the adjustments.

  
What did they do?



  
In one scene they change the text from

""He's a cousin of my mom and was a sparring buddy of my dad."" 

(Alex is referring to his adoptive father being his mom's cousin)

  
to

  
""He's a distant relative of mom or something, and was a sparring buddy of my dad.""

  
  
In another scene they changed where he tells you the player how he perceives his adoptive father:

""No he **IS** my dad."" 

(Capcom emphasized ""is"")

to ""No he is like my dad.""

  
  
The above image wasn't changed at all.

  
",0,83,1776282118.0,0.4,True,self.gaming
1sknv3c,gaming,Found this group of games on Facebook Marketplace for only $15,,373,93,1776113946.0,0.87,False,i.redd.it
1sklegt,gaming,Star Wars Galaxies ruined MMOs for me,"I played a bit of Runescape and some less memorable free MMOs when I was in middle school and really.loved the communal aspect of MMOs, and at that time the idea of playing a game with hundreds/thousands of other people with a fully functioning economy was mindblowing to me. I was also a hardcore Star Wars fanatic at the time. Somehow I convinced my parents to let me get SWG and install it on the family computer and payed the monthly subscription with paper route money... I played from slightly before the release of Jump To Lightspeed (and I LOVED that expansion) until the shortly after Rage of the Wookies/the NGE release that basically turned it into another WoW knockoff.

  
I briefly tried free trials of a couple other MMOs after SWG turned into a different game and nothing ever scratched the itch that SWG did, the combo of the Star Wars setting and gameplay style/skill choices were just unbeatable. I poured so many hours into that game, so many late nights prospecting and building mining machines, decorating my house, doing dogfighting space missions... I hardly ever even touched the ground based combat system and still had an incredible time (my main character was a musician/pilot with a bit of artisan spec).

  
Its the one game I still wax nostalgic for. I know there are some provate servers running various patches of the game, but I also know nothing can compete with my middle school memories as well as the activity level when the game was at peak population. I'm in my 30s now, I know that if the game was re-released in the form of my favorite patches and it drew the same population I wouldn't enjoy it like I did as a child... it is what it is... but IMO that game was an absolute GOAT at its peak, and I wish there was a way I could match those feelings. It was the perfect game at the perfect time, and no computer game will ever match it. ",467,205,1776108862.0,0.89,True,self.gaming
1skddnk,gaming,'Pragmata' - Review Thread,"**Game Title**: PRAGMATA

**Platforms**:

* PlayStation 5 (April 17, 2026)
* Xbox Series X|S (April 17, 2026)
* PC (April 17, 2026)
* Nintendo Switch 2 (April 17, 2026)

**Trailers:**

* [Pragmata - Announcement Trailer | PS5](https://www.youtube.com/watch?v=xoxCboik0Is)
* [Pragmata - Main Trailer | PS5 Games](https://www.youtube.com/watch?v=oncaa_fMsyw)

**Developer**: Capcom

**Reviews aggregates:**

# [OpenCritic: 87 / 100 - 95% Critics Recommend - 62 Reviews](https://opencritic.com/game/19920/pragmata)

# [Metacritic: 85 / 100](https://www.metacritic.com/game/pragmata/)

**Some Reviews (updating):**

[MonsterVine](https://opencritic.com/outlet/334/monstervine) \- [James Carr](https://opencritic.com/critic/8640/james-carr) \- 5 / 5

&gt;I think Pragmata has the most engaging third-person shooting I've experienced in the last twenty years. The balancing act of hacking, dodging, and shooting, all while managing finite resources, creates a satisfying loop that builds in complexity throughout. Hugh and Diana have a tender and well-rendered relationship, one that isn't undercut by Hugh's insecurities or unnecessary conflict, but instead is elevated by its focus on what it means to show the world to someone experiencing the beauty of life for the first time.

[PlayStation Universe](https://opencritic.com/outlet/39/playstation-universe) \- [Joe Richards](https://opencritic.com/critic/10070/joe-richards) \- 9.5 / 10.0

&gt;Pragmata marks something truly special for Capcom; an experience that manages to marry action, conflict, and story into a cohesive whole that more than justifies the long wait for expectant fans. It juggles a variety of mechanics and miraculously blends them together. Every facet of this game is explored to its fullest, with still more room to grow. For all I can say in this review, Pragmata is very special.

[GameWatcher - Michael Murphy](https://www.gamewatcher.com/reviews/pragmata-review/13481) \- 9.5 / 10

&gt;It goes without saying that Pragmata is a terrific game and one of 2026’s must-play titles. It fires on all cylinders and doesn’t let you go, even after the credits roll. The frenetic action, charming characters, and striking visuals help bolster a creativity rarely seen in AAA titles. While it can play it safe in the story and settings, it is one of Capcom’s best games this decade and a sure-fire Game of the Year contender in my book.

[TechRaptor](https://opencritic.com/outlet/329/techraptor) \- [Luis Joshua Gutierrez](https://opencritic.com/critic/10369/luis-joshua-gutierrez) \- 9.5 / 10.0

&gt;Pragmata is an emotional journey that'll stay with you long after you've completed the game, all while making you appreciate the little things we may take for granted.

[Loot Level Chill](https://opencritic.com/outlet/948/loot-level-chill) \- [Mick Fraser](https://opencritic.com/critic/572/mick-fraser) \- 9.5 / 10

&gt;Capcom is, if nothing else, consistent with quality. Even when some of the new IPs don’t set the world on fire like Exoprimal or Kunitsu-Gami it’s not down to the quality of the games themselves, and these tend to be Capcom’s more experimental projects. It’s hard to say for certain where Pragmata will fall, but it feels new and fresh while also being quintessentially Capcom-esque in its design and execution. Despite some harsh difficulty spikes and a little clunkiness from the protagonist, Pragmata is one of Capcom’s most interesting and enjoyable adventures to date.

[Giant Bomb](https://opencritic.com/outlet/132/giant-bomb) \- [Mike Minotti](https://opencritic.com/critic/1057/mike-minotti) \- 4.5 / 5

&gt;It’s rare we get a new IP from a big publisher like Capcom these days, especially one with production values like this. It’s a risk when you could just keep pumping out Resident Evil remakes and sequels while making guaranteed money. Well, this risk pays off.

[VICE - Brent Koepp](https://www.vice.com/en/article/pragmata-review-capcoms-new-ip-is-a-beautiful-emotional-story-about-parenthood/) \-  4.5 / 5

&gt;*Pragmata* is a fantastic new IP that effortlessly blends its unique combat and emotional character building into one of the year’s best stories. Even if you aren’t a parent, the game’s beautiful narrative will grab its hooks into you. This is easily one of Capcom’s best original IPs in years, and is a game sci-fi fans shouldn’t miss out on. More importantly though, *Pragmata* is just a ton of fun. The game’s real-time hacking mechanic is a killer feature that I hope more studio’s take inspiration from.

[GameSpot - Steve Watts](https://www.gamespot.com/reviews/pragmata-review-capcoms-next-great-franchise/1900-6418479/) \- 9 / 10

&gt;Within the basic framework of a familiar archetypal story, Pragmata finds ways to surprise with both broad turns and fine details that I didn't see coming. Holographic recordings and left-behind datapads enrich the worldbuilding in the ways you might expect, but they also cleverly seed plot revelations to come. On more than one occasion, I had started to formulate some ideas in my mind about the truth behind the mysteries happening in the facility based on the environmental storytelling I had found, only to be either satisfied with the payoff for my detective work, or surprised by the way it subverted the rabbit hole I had started to go down. Learning about the fate of the Cradle and why the base's AI seemingly went berserk, and what all of this has to do with Diana, reminded me of peeling back the layers in Horizon Zero Dawn. This all led to a thrilling conclusion that tested my skills, stirred my heart, and left me wanting more. Pragmata offers a robust post-game with plenty to do, but I hope that's not the last I see of Hugh and Diana. This combination of sharp combat mechanics, rich strategic depth, and lovely storytelling doesn't come along often. Pragmata shouldn't be missed.

[Forbes](https://opencritic.com/outlet/290/forbes) \- [Ollie Barder](https://opencritic.com/critic/1769/ollie-barder) \- 9 / 10

&gt;Overall, Pragmata is a very fresh take on a modern third-person shooter, with a unique combat setup that is equal parts tactics and brute force skill. It also looks wonderful throughout, and the interactions between Hugh, Diana, and Cabin are a lot of fun and genuinely sweet. It may be a bit too early to call, but thus far, this is easily my game of the year.

[TheSixthAxis](https://opencritic.com/outlet/68/thesixthaxis) \- Steve C - 9 / 10

&gt;Pragmata is another stunning game from Capcom. The game world is beautifully conceived and the interplay between our lead character genuinely heartwarming, but it's the combat with its dynamic blend of shooting and hacking that is the main draw here and it makes other third person games feel pedestrian by comparison.

[RPG Site - Hayes Madsen](https://www.rpgsite.net/review/20085-pragmata-review) \- 9 / 10

&gt;In nearly every single regard, Pragmata feels like such a breath of fresh air, a truly innovative game that shakes up the shooter formula in profound ways. And ultimately that’s exactly what I want from big-budget games from a studio like Capcom, something that feels truly fresh and original – dares to take a chance on something subversive and stick with it.

[Worth Playing](https://opencritic.com/outlet/64/worth-playing) \- [Adam Pavlacka](https://opencritic.com/critic/290/adam-pavlacka) \- 9 / 10.0

&gt;When Capcom first announced Pragmata six years ago, they couldn't have known the game would be launching a week after the Artemis II mission set a new record for human space travel. Just as NASA's moonshot was a success, so is Capcom's latest game. If you want a polished experience that brings something new to the table, you can't go wrong with Pragmata.

[PC Gamer - Justin Wagner](https://www.pcgamer.com/games/third-person-shooter/pragmata-review/) \- 87 / 100

&gt;Pragmata's final climactic set piece doesn't live up to the fun of all that came before it, and it could have used a bigger variety of enemy bots (especially boss fights, of which there are precious few). It probably could have been twice as long and I'd have still come back for the postgame. I wish IDUS had even one memorable line. Despite my minor gripes, Pragmata is a gorgeous and polished bite-sized delight that plays the hits with a flavorful twist that had me subconsciously solving tile puzzles in my sleep. Lucky for me, I love the hits.

[SECTOR.sk](https://opencritic.com/outlet/615/sector-sk) \- tomass - 8.5 / 10

&gt;A memorable and visually striking adventure filled with emotional twists and standout moments. While its unique style and pacing won't appeal to everyone, fans of story-driven experiences will find plenty to enjoy. A focused, narrative-heavy journey that rewards those willing to embrace its distinct approach.

[IGN - Michael Higham](https://www.ign.com/articles/pragmata-review) \- 8 / 10

&gt;I know it’s a bit cliche to say at this point, but it certainly applies here: Pragmata is a video game-ass video game. Its old-school approach to level design and pacing provide a decent foundation for what it does best: heavy, satisfying shooting and a unique real-time puzzle system that deepens its action. It's not exactly concerned with being a storytelling powerhouse alongside that, however, and it can be a little disappointing to see the untapped potential as it relies on worn tropes even if its duo can be really charming at times. But Capcom focused on the best lessons of the action side of modern Resident Evil games and matched that with a fresh hacking mechanic we haven't seen before – and even with some small frustrations, that combo was so good that I naturally wanted to keep playing past the credits to complete every leftover challenge. Pragmata's hack-and-shoot formula absolutely rules, and I hope Capcom builds on those ideas in the future.

[Game Informer - Matt Miller](https://gameinformer.com/review/pragmata/hack-and-blast) \- 8 / 10

&gt;Gamers often complain that big publishers refuse to roll the dice on new properties with unique systems; I give Pragmata big props for doing precisely that and experimenting with something unconventional. The story and structure as a whole feel a bit by-the-numbers, but the beautiful futuristic visuals and inventive battle system are solid wins.

[Push Square](https://opencritic.com/outlet/25/push-square) \- [Stephen Tailby](https://opencritic.com/critic/942/stephen-tailby) \- 8 / 10

&gt;Pragmata knows its strengths and leans into those hard, and the result is a cracking action game that just feels brilliant to play. One could argue it could do with a little more variety throughout its campaign, but the game's unique hack-and-shoot combat is so fun and so satisfying to pull off that you won't mind doing it over and over again. A refreshingly straightforward structure and charming dual leads round things out, but it's the inventive and tactile action where it truly sings.

[The Outerhaven Productions](https://opencritic.com/outlet/335/the-outerhaven-productions) \- [Andrew Agress](https://opencritic.com/critic/9322/andrew-agress) \- 4 / 5

&gt;Pragmata blends the strategy of puzzle-solving and the thrill of shooting into a winning combination. It’s a simple gameplay loop set against a simple sci-fi story, but it gets a lot of thruster mileage out of its unique systems and two endearing main characters.

[VGC](https://opencritic.com/outlet/821/vgc) \- [Jordan Middler](https://opencritic.com/critic/8444/jordan-middler) \- 4 / 5

&gt;Pragmata feels like a game from a simpler time. There's no live service fluff, no needless bloat, and no sense that Capcom is hopping on a trend. It's a rock solid action game that isn't great on length, but delivers little filler, fast combat, and some charming story moments.

[Gamer Guides](https://opencritic.com/outlet/733/gamer-guides) \- [Echo Apsey](https://opencritic.com/critic/10474/echo-apsey) \- 79 / 100

&gt;Pragmata doesn’t feel like anything else in the AAA action game market. While it isn’t a home run, the majority of its parts are strong and memorable, marking another excellent release from Capcom in 2026.

[Xbox Achievements](https://opencritic.com/outlet/152/xbox-achievements) \- [Josh Wise](https://opencritic.com/critic/7768/josh-wise) \- 7 / 10

&gt;....All of which leaves *Pragmata* in a curious place. Armed with the RE Engine, Capcom seems incapable of making a game without polish and precision, and there are sights here worth savouring. I won’t soon forget Hugh and Diana walking out of a pair of double doors and into a New York City street – yellow cabs and concrete blocks, baked out of Lunafilament, with a grey drizzle in the air. One doesn’t wish to be churlish about a lusciously produced single-player action game, of which we see increasingly few, but this doesn’t rest in the firmament of this studio’s reach. The game has soul to spare. Accept it for what it is, and you will get a kind of nourishment.

[Gamereactor - Magnus Groth-Anderson](https://www.gamereactor.eu/pragmata-1704353/) \- 7 / 10

&gt;Although everything looks reasonably convincing on the surface, the illusion is nowhere near as convincing upon closer inspection, and Pragmata fails to fully establish a convincing bond between Hugh and Diana, nor does it manage to give the exploration, level design, or enemies a distinctive character that truly sets them apart from generic sci-fi tropes. The game plays with the idea of artificial intelligence, but at times looks a bit like an email you receive from your colleagues, clearly written by Gemini. It's well-written, perhaps even better than the person themselves could have written, but also somewhat hollow as a result. But to really drive the analogy home: if the email fulfils its intended role, and calls for the right meeting, at the right time, so what? Pragmata simply works too well not to recommend it, and the magic lost in the empty spaces may not be as obvious to you as it is to me. That's why I'm giving in and recommending Pragmata on the strength of its strong gameplay profile and well-constructed loops and structures, even though part of me would have liked there to be a bit of edge beneath the cool exterior alongside all the great design.",1042,424,1776092407.0,0.92,True,self.gaming
1ske8si,gaming,"Finished Titanfall 2 campaign over the weekend....incredible game, but what it really made me miss is level based campaigns","Pretty much everything I've seen about the game on here was 100% true. Awesome campaign filled with memorable levels and some touching and fun moments. 9 back to back levels that let up at times just enough for you to catch your breath and get to the next insane set piece. A campaign that really blew me away in all aspects tbh.

The thing that stood out to me most when I finished the game though? That it felt like an absolute rarity in this day and age to play a game with actual levels/missions broken up. I really miss this about gaming in 2026. Some of my all-time favorite games are ones with distinct levels. Halo 2, Uncharted 2, Goldeneye, Dishonored....some of the levels in these games are still talked about and revered and what makes them great as well is that you can instantly jump back into the games and play just that specific level if you want.

I think thats the one thing the open world craze has bumped to the wayside a bit....awesome setpiece levels that differentiate from the next clearly and are meant to be replayed forever. We've lost a bit of that over the years. Hoping the next Halo brings it back somewhat (although I doubt it will) because it would be extremely cool to see that classic 10-12 levels.",823,77,1776094156.0,0.95,True,self.gaming
1skc8m2,gaming,"Which game that you ""definitely want to play eventually"" has been sitting in your library unplayed forever, and if so, why?","In my case, i bought Far Cry Primal on ps4 shortly after release. Its still sitting sealed in my shelf. Simply never got around to play it, but i ""wanna play it at some point, for real"".",597,927,1776089988.0,0.91,True,self.gaming
1skkw59,gaming,Binding of Isaac,"I can’t believe it took me this long to discover this absolute gem of a game. Please, if it’s on your radar at all, go for it. 

The game is so charming, grotesque, cute, sad, and bewildering. I’m only 10 hours in and I haven’t been so excited about a game since RDR2 came out.",109,94,1776107816.0,0.82,True,self.gaming
1sjttzz,gaming,Valve releases kernel patches to help high VRAM games run on 8GB GPUs,,4557,147,1776035742.0,0.99,False,tomshardware.com
1smaix3,gaming,Maybe Hot take: All single player games that require aiming should support motion controls (if played with controller),"Hey, I'm mostly a PC gamer but also keep up with Nintendo consoles. After getting used to motion aiming in games like BotW and Splatoon, I find it impossible to go back to aiming with a controller using just the thumbstick. It feels antiquated to me. In those Switch games, you use the thumbstick for broad movement but then fine tune the aim using motion. It feels great and really natural.

I recently played Horizon Zero Dawn Remastered with a controller on PC and the motion aiming is great there too, so I guess Playstation games also have this feature? I also tried playing RDR2 with a controller and found it unplayable because motion aiming is not an option.

Can this optional feature just become a standard inclusion in all single player games, please?",0,118,1776269328.0,0.28,True,self.gaming
1ski9qy,gaming,"Warhammer Classics Label has been announced, Restoring over 20 classic Warhammer Games for PC on Steam, 7 of which are newly released on Steam",,105,39,1776102414.0,0.89,False,youtu.be
1sjj0xw,gaming,My son categorized our games today. Apparently the tall pile is a single category called “murder games”,"Before he explained his reasoning to me, I was scratching my head as to how Among Us, Undertale, Fire Emblem, and Dark Souls were related.

Then he says I play a lot of “murder games” and that “makes me sus”

---

Sorry about the blur for the rear titles, I will turn that off in the future. Here are the category piles he came up with:

- **""Dad's Murder Games"" (Back Middle)**
  - Among Us
  - TWEWY
  - Metroid Prime 4
  - Undertale
  - FFXII
  - Fire Emblem: Three Houses
  - Dark Souls: Remastered
  - Witcher III

- Multiplayer (Front Left)
  - Battle for Bikini Bottom
  - TMNT
  - Mega Man Legacy Collection (okay, he got this one wrong but it's for a sweet reason, he remembers Mega Man as one of the first games we used to play together when he was very young)

- Zelda (Back Left)
  - Skyward Sword
  - BOTW
  - Link's Awakening HD

- Mario (Front Middle)
  - Mariokart World
  - Mario Party Superstars
  - Super Mario 3D All-Stars
  - Luigi's Mansion 3

- Pokemon (Front Right)
  - Legends Z-A
  - Pokopia
  - Brilliant Diamond
  - Legends: Arceus

",7070,232,1776011036.0,0.96,False,i.redd.it
1sjlllv,gaming,"My best friend spent months beating the obscure platformer Dr. Muto (2002) this year. There’s almost no merchandise available online, so I handmade a Gomer plushie for her birthday.","I thought Dr. Muto was so cool as a kid, but I could never beat it. I haven’t thought about it in like 20 years. My friend found it in a stack of old GameCube games and vowed to beat it for me, so we’ve been playing through it whenever she comes over to hang. I’m very proud of how this came out! It is cool being able to say she owns the only Gomer plushie in existence. ",3386,81,1776016789.0,0.98,False,i.redd.it
1slf2em,gaming,Play music when playing difficult games!,"I abandoned Sifu a long time ago and couldn’t get into any fighting games (tried Guilty Gear Strive like 3 times and just didn’t care for it). I one day decided to game with some instrumental music (playlists) I like and that changed EVERYTHING for me. I beat Sifu twice for both endings and am now enjoying Guilty Gear Strive. The music just makes the difficulty more bearable for some reason. Of course there’s just some games you just won’t like, but sometimes it’s takes a different perspective is all. Peace!",0,23,1776186971.0,0.49,True,self.gaming
1sjf7pq,gaming,Just some friends doing some old school gaming (pokemon red and green) using cable link,,5917,242,1776002150.0,0.97,False,i.redd.it
1sk4xmb,gaming,Which game do you think looks the most realistic currently?,as the title says.,169,195,1776069465.0,0.78,True,self.gaming
1skdpkh,gaming,Favorite detective/mystery games?,"I’ve been playing Disco Elysium and it’s been great fun. I’m a bad mystery fan usually, my brain just doesn’t chew on mystery stories cause I think “there’s a lot happening and they’re just gonna tell me at the end anyways so I’ll just wait.” But DE has got me thinking and I’ve been enjoying the story and world building and gameplay. Great fun. What are yalls favorite detective/mystery games?",51,82,1776093040.0,0.84,True,self.gaming
1skj7tc,gaming,Need help remembering Dune Buggy MMO from the early 2000's!,"Edit: SOLVED! [There.com](http://There.com)

This game released back around 2005 I believe. Battlefield 2 was out on PC, and G4 was hosting tournaments for it at the time on Attack of the Show. I want to say that was where I saw this game advertised (pretty sure it was in beta at the time) and I don't know whatever happened to it (if anything).

It was advertised as an ""MMO"" I believe, and you played a character who drove around in a dune buggy like vehicle which you could upgrade. If I recall correctly the graphical style was similar to Wildstar - a bit cartoony. There was not much to it at the time, but I'm hoping someone can help me out!",27,15,1776104329.0,0.72,True,self.gaming
1sjydd6,gaming,What black sheep of a series of games did you really enjoy despite its bad reputation?,For me it was Silent Hill Homecoming. I just felt really stressed and creeped out while playing it and I think that means it was a success.,364,906,1776048122.0,0.91,True,self.gaming
1sln9dk,gaming,Video Game Marathon with my partner,"Whats up guys!

So, me and my partner love video games, but during the time we've been together we still havent had the chance to play a lot of games together because of various circumstances.

I was thinking of planning a kind of video game marathon date, where we would play a bunch of video games together. I have a lot of games in mind, namely stuff like it takes two (and the studios other games, overcooked and more simple non story driven party games.

I would like to implement some story games with a very ""bingeable"" campaign, something that can be best in around 4/6h for example.

I'd love to hear some of your guys's recommendations for something like that!

thanks for the help in advance!",0,35,1776204615.0,0.4,True,self.gaming
1sjh7kq,gaming,What video game used to be good but they changed one thing and now it's terrible?,like you really enjoy this game but they took away something you really liked about the game and now you don't play it no more,1721,1644,1776006905.0,0.92,True,self.gaming
1sjmhhj,gaming,Found these gems🥹,My friend hat them in her truck and wanted to sell them. I bought them from her instead. Just for the nostalgia🥹,897,49,1776018750.0,0.91,False,i.redd.it
1slcyya,gaming,Top 3 Games I've Played in 2026 (so far),"3. Baldur's Gate III - I'm playing this right now! It's super good, love the detail and dialogue - my first CRPG. I just got to act II, I'm sure this game has a chance to compete with...

2. KCDII - This game got me started on my RPG grind this year. Wow, genuinely what a great game. Just enough detail, just enough difficulty, and what a fantastic story. I'd recommend this to anybody who enjoys any kind of RPG. 

1. Elden Ring - I started this super late, but I couldn't believe what I'd missed. Like many, I played it, died to the Tree Sentinel multiple times and quit when it came out. I'm genuinely so corny for that. This game is unlike any other game I've played, the story never yells at you to pay attention to it, knowing what's going on is up for you as a player to pick up on. Must play! 

Okay, I only shared these so some people could share their favorite plays of 2026. ",0,56,1776182563.0,0.48,True,self.gaming
1slhdkl,gaming,"Why arnt game companies suing online game hackers and hack makers for damaging their products, similar to the 2000s Music Industry?","Games now can cost hundreds of millions of dollars and the better part of a decade to make, and for some of them billions in profit is on the line. A ton of online games have are ruined or straight up dead now due to infestations of people using stuff like aimbots and wall hacks. I know personally I havent even bought or played a lot of online games because I know those particular games are filled with cheaters, so obviously it hurts their new sales &amp; player base too. 

Considering how much money is on the line and how much rampant cheating can damage their products, why arnt game studios and major publishers suing people they know for a fact are using hacks or making them? I know they sometimes sue hack makers, but it seems rare, and I've literally never heard of them suing someone using hacks in games.

The major game launchers/platforms/stores also need to coordinate and ban repeat cheaters from across all their platforms.

It seems like rampant cheating is so common because the risk isnt high enough to deter them.",0,27,1776191783.0,0.36,True,self.gaming
1sk9zjz,gaming,What could be causing these PS5 SSD issues?,"A few months ago, I bought a second internal SSD and installed it in my PS5 slim. So far I haven't had any issues and it's been working well. Last night, though, games starting slowing significantly, barely playable with very long load times. PS5's regular storage is working fine with games on that. Any idea what could be causing it and anything I can do to fix it? I'm now just using it as secondary storage to move games back and forth.

Anyone have a 1 tb internal SSD that they would recommend for under $200? Thanks!

  
the model is a six nvme 1 tb. I believe it did come with a heatsink, but I didn't install it. Total idiot here as to how to even do it. Would installing it fix this or am I screwed?",21,28,1776084894.0,0.63,True,self.gaming
1sjamyt,gaming,What non-gaming upgrade improved your gaming the most?,"I’m 45 and mostly play on handhelds. Lately I’ve been finding myself getting frustrated, things looked a bit off, text harder to read, just not as enjoyable as it used to be.

Turns out… it wasn’t the games.

Finally gave in and got my eyes checked and yeah, needed glasses. Feels like I’ve upgraded the screen without actually upgrading anything.

What non-gaming, or even game related, change made a big difference for you?",2311,623,1775988760.0,0.95,True,self.gaming
1slewny,gaming,"Am I crazy, or has there never been a true, fully-featured MMO FPS?","If I could manifest a game into reality - my *perfect* game - it would be this. Not a ""survival crafting"" mmo-lite. Not a co-op sandbox or an extraction shooter. But a true, ""theme park"" style MMO of old akin to WoW or FFXIV, but a first person shooter instead of a 3rd person hotbar game.

I'm talking all those FFXIV bells and whistles. Dungeons. Raids. Robust slice of life mechanics. Crafting and gathering. Guilds. Housing. Trading. But FPS. Which means there could be *good* PvP!

This seems like such a no-brainer to me, but I can't think of one! Destiny is the closest, I think, but it was sorely lacking on the ""slice of life"" aspects of true MMOs - crafting, gathering, farming, trading, housing, etc - and the ""open"" parts of it were both empty and useless.

There's Planetside, but it is super janky.

Seriously give me FFXIV with guns, and I would THROW money at it. 

Is there a reason no one ever did this? Is the tech of merging an FPS and an oldschool ""theme park"" MMO just too big of a hurdle? 

I realize the ship has probably sailed - it seems like it would be impossible to ever build something like WoW or FFXIV ever again in the current industry climate, but seriously, why did no one do this?

Or is there one I'm somehow missing?",0,79,1776186643.0,0.37,True,self.gaming
1sldp62,gaming,What does gamepass need to change to suceed?,"I've had Game pass ultimate for 3 years now. I knew the price would need to increase, at 19.99 it was too good a value to pass up. at 29.99, it's my most expensive subscription,  and after I finish kingdom come 2, and like a dragon Infinite wealth, I might un subscribe.

if they added some kind of television/movie streaming g service included with the current price, I'd be extremely satisfied,  and I think they'd really solidify a perennial subscription base.",0,44,1776184105.0,0.29,True,self.gaming
1sk7xwi,gaming,LF RPG Games with casual endgame progression,"My favorite game genres are RPGs because I love the constant feeling of progression in these games, the sense that the game respects and rewards the time and effort I have invested in it. I've already played most of the AAA-singleplayer releases and loved them (Witcher, Elder Scrolls, Fallout, Cyberpunk, etc.), though it sucks that once the game is over and the level/gear cap is reached.... the game is basically over.

Right now me and my friends are enjoying WoW's Midnight expansion, but I am a fully grown adult who has a full-time job and is beginning a PhD program also so my time is a valuable luxury now and I cannot keep up that WoW-grind like my friends expect me to anymore. I've begun playing Diablo 3 &amp; 4 and love that I can play for 5 minutes a day, 50 minutes a day, or 5 hours a day and always be making some form of constant progress. The only pressure to grind comes from only myself, but no matter what I do I am guaranteed to progress and improve my character in some way.

I am looking for recommendations for other RPGs that also have a similarly casual endgame progression system. Diablo is nice, but the constant isometric camera and point-click gameplay is a very far removed experience that limits my enjoyment.",16,27,1776079447.0,0.65,True,self.gaming
1sjjgop,gaming,This stoned boi,"next town over had a pop up market this weekend. selling different things, including crystal and stone Pokémon, and you know I had to get mah boi.",306,19,1776012018.0,0.88,False,i.redd.it
1sle17e,gaming,Are Video Game Sequels Getting Worse?,"Do you feel game sequels are getting worse as a whole. 

Overwatch 2 was, and there are plenty of others. 

  
This article seems to think it has to do with the creatives being drowned out by the shareholders and publishers. 

  
What do others think?",0,29,1776184815.0,0.3,False,medium.com
1sl9vx7,gaming,"[OC] Crimson Desert: 95 Image, 4K HDR Ray Traced, Interactive Image of Calphade Castle | [19567 × 6061]","**Captured on**: PS5 Pro

**Rendering Mode:** Quality

**Date:** 28 March 2026 10:40pm

^(Thanks for looking!)",0,5,1776175932.0,0.26,False,teliportme.com
1sjykpo,gaming,When do you guys throw in the towel?,Referring to getting to a point in a single player game where a boss just becomes impossible and progress is stuck. I mainly play single player games and I’ve only hit this wall maybe 2-3 times in the 30 years I’ve been gaming.,30,184,1776048706.0,0.65,True,self.gaming
1sjukgj,gaming,My gaming space is coming together!,,39,10,1776037687.0,0.73,False,imgur.com
1sl786g,gaming,I miss when new games where 50-60 bucks :(,"now most new games are 70 even 90 bucks at worst. It just doesn't triggers me to really wanting that game even if its gets good reviews. I much rather want to wait when it is on sale for actually 60 bucks. I am  more in to trying some Indie games that are less than 50. I CAN afford it, but still buying new games just doesn't feel  right anymore ",0,111,1776169621.0,0.4,True,self.gaming
1sjtzvg,gaming,What is a good Hero-town builder game,"By Hero-town builder i mean a a game where you play a character but are also involved with building/renovating a town/village 

Examples:

Assassins creed 2 - monteriggioni

Assassin’s creed Valhalla 

Skyrim- Hearthfire and some degree of mods

Fable

Fallout 4

Kingdom come deliverance  ",31,47,1776036161.0,0.82,True,self.gaming
1sk291z,gaming,Making Friends Monday! Share your game tags here!,"Use this post to look for new friends to game with! Share your gamer tag &amp; platform, and meet new people! 

This thread is posted weekly on Mondays (adjustments made as needed).",9,18,1776060030.0,0.62,True,self.gaming
1sjhud4,gaming,"Inspired by the one change ruined a game, what games launched bad/broken mechanics that now are what they should have been","I'll go with diablo 3.  the RMAH was horrible.  the legendary rate was crazy bad, now it's basically a speed running game for seasons but it satisfies loot globlins any time in fire it up and is quite enjoyable to me now.  ",103,93,1776008352.0,0.76,True,self.gaming
1sjoqdf,gaming,Crystalline Chill is my favorite musical piece EVER composed for a videogame,"Many years have passed since Final Fantasy XV.

The game itself? Not particularly awesome, it's not a game I remember that fondly.

But there is ONE music track from that game, that to this day, I can NEVER forget. It's still stuck to my mind and it's pretty much impossible to forget.

I am obviously talking about Crystalline Chill. The music you hear when opening the party menu.

Composed by Yoko Shimomura, featuring a leitmotiv taken from Final Fantasy I Prelude, which was originally composed by Nobuo Uematsu

**THE CONTRAST**

It's hard to put into words why I love this music piece so much, more than anything ever composed for this series, or videogames in general.

I think that what truly stands out to me it's the stark contrast it presents when compared to the rest of the game, or to traditional videogame music in general.

You get these majestic battle themes, which are wonderfully orchestrated, but are all very intense. In other videogames, you get these adrenaline-pumping kind of music, giving the feeling of dealing with an intense situation!

But then, in Final Fantasy XV, you open the party menu... And with this song, it's as if time stops.

You get this super sweet melody, which makes me feel an emotion which is hard to describe. It's not SADNESS, but it's an emotion that feels somewhat tangential to it. Melancholy, maybe?

Yet, the melody is so sweet and calm, that you don't feel any pressure. It's like you're transported to another state of mind, where you get to reflect to what you've done so far.

It's also a stark contrast to the modern world in general. As in, post-2010 real world. We had new wars, everything got faster, trends are even more short-lived, most modern social networks live off shorts. And yet, this music piece feels like an invitation to take a break, to stop, to take a moment to reflect on what happened so far.

**THE PRELUDE**

The notes from Final Fantasy 1 Prelude are a constant part of this track. Prelude in itself is another musical piece that would need a praise on its own, but I want to talk about it in the context of Crystalline Chill.

It doesn't matter when you started playing Final Fantasy, somewhere or sometime, you heard the Prelude leitmotiv. For example, many players heard it during Final Fantasy VII intro. I personally heard it for the first time while playing Final Fantasy Dissidia. (Yeah, one of my first games was a spin-off)

It's a very recognizable set of notes. This elevates the track outside of its scope in Final Fantasy XV. It feels like Crystalline Chill it's NOT only about the story of Noctis... It's about Final Fantasy in general.

The fact that such a memorable set of notes it's enveloped in such a calming and introspective piece of music feels like the composer is inviting you on reflecting on all the worlds you experience while playing this series, what it meant for their characters, and how their life was shaped by the world-altering events you went through with them.

Maybe I'm reading too much into it, but that's what the track actually makes me feel: After all the amazing stuff you went through with the heroes of Final Fantasy, you take a moment to think back to the journeys you lived with them.

**THE CONTEXT**

What makes me truly fascinated about Crystalline Chill is its CONTEXT. It's a menu theme, you hear this when editing your party!

Usually, when a videogame has a truly memorable soundtrack in its menus, it's because the menu itself is pumping you up in anticipation for something. A good example of this are Fighting Games, these are probably the games with the most amount of Top Tier menu songs, because it's important that the player feels somewhat ""hyped"" while selecting their character.

What makes Crystalline Chill truly unique is that it does the exact opposite. It's an invitation to stop the action. I think I never heard something like this for a pause menu, and that's why it feels so unique. I struggle to find another game that has successfully replicated this feeling.",44,47,1776023714.0,0.68,False,youtube.com
1sl94bq,gaming,Rant on Resident Evil Requiem,"Some things I didn't like about Resident Evil Requiem.

I should start by saying that this is a very good game that I recommend to everyone. The gameplay is excellent, the atmosphere is spot-on, and the story is decent (for a Resident Evil game). However, there are a few things I didn't like.

WARNING: SPOILERS.

**1. Mix of genres.**

This game combines survival horror sections (like RE 7) with action sections (like RE 4). At first, I thought this was a good formula, since the action sections were brief and provided some relief from the tension of the survival sections. However, as the game progressed, the survival sections took a backseat to the action sections, which became long and tedious at times. I think future Resident Evil games would benefit from eliminating the action segments or limiting them significantly. There are plenty of good action games, but not so many good survival horror games, and that’s where the Resident Evil franchise shines.

**2. Armed zombies**.

The previous point brings me to this. In this game, there are zombies that fire guns. Please, Capcom, I thought that after RE 6 we’d all learned this isn’t a good idea. It’s extremely implausible and, at least for me, breaks the immersion.

**3. Lack of realism**.

That brings me to this point. I know Resident Evil isn’t a realistic franchise, and I’m willing to take plenty of leaps of faith when it comes to what I’m willing to believe. A zombie survives two shots to the head? Leon gets up unscathed after a 20-meter fall? Leon survives an RPG explosion just two meters away? Leon races through the ruins of a city on a motorcycle at full speed and nothing happens? I’m willing to buy into all those things for the sake of the story. After all, it’s a video game, not a documentary. But there are things that are outrageously implausible for no reason at all.

For example: At one point, we pass through a room in the Asylum where corpses are moving along conveyor belts to be later shredded. In that room, we can see literally hundreds of corpses being processed. How could there be hundreds of corpses in a two-story Asylum? It’s impossible. And it’s not at all necessary for the story.

Another example: there’s a section where Leon walks through about five train cars that are suspended in the air. A train that’s supposedly been like that for years. Without falling. How is that possible? And why did they decide that’s acceptable? It’s as if the developers couldn’t care less about realism.

I think Capcom should have people dedicated exclusively to flagging these implausible situations during development.

**4. Removing ammunition from weapons**.

This is something they should have fixed a long time ago. If I have a fist gun and buy a second, better one, I should be able to remove the bullets from the first gun before selling it. Or at the very least, when I sell the original gun, I should get back the bullets that were in the magazine. It’s a minor detail, but it bothers me.

**5. Level structure**.

This game has a level structure that repeats across many Resident Evil titles: First, we start in a large mansion where we have to unlock new rooms, solve puzzles, and return to areas we’ve already explored. This first area is always very well designed and interconnected, and it’s clear that the level designers spent more time on it than on the others. Eventually, we leave the mansion, and at this point, the environments become much more linear. And finally, we end up in the lab. Why does every Resident Evil game have to have a lab? Even in RE7, which takes place in a house in the middle of nowhere in Louisiana, Capcom felt the need to include an underground lab. Come on!

Rant over. Despite my previous points, this is a magnificent Resident Evil.",0,46,1776174194.0,0.15,True,self.gaming
1siml83,gaming,Dont they look a lot similar? (Crimson desert and KCD 2),sword and shield held in a same way.,5201,397,1775922512.0,0.89,False,i.redd.it
1siy3e7,gaming,Is there any AAA Openworld / RPG game set in The Bronze Age?,,778,246,1775949530.0,0.91,False,i.redd.it
1siy5du,gaming,"The weirdest device I'm gaming on today: an Intermec CV30 industrial computer playing ""Beneath A Steel Sky"" on ScummVM","It's taken a stupid amount of trial and error, but after a few hours scraping old downloads from [archive.org](http://archive.org) and putzing with the bizarre version of Windows Mobile 5.0 that this thing runs, I finally got it to do something fun: play the classic point-and-click adventure game ""Beneath A Steel Sky"" in (the amazing) ScummVM!

These Intermec CV30's are wildly over-engineered, oversized, heavy (about 5lbs with the keyboard attached), ruggedized Windows Mobile PDA's. For a device from 2006 it's pretty well equipped, with 128 megs of RAM, a 520MHz Intel Xscale ARM processor, and both WiFi and Bluetooth built in. It also has the weirdest USB implementation I've ever seen: a 15-pin D-sub plug (i.e., the USB port is physically identical to an old VGA monitor plug).

These things were designed for dangerous environments (one old brochure I found explicitly brags about its suitability for mounting to forklift dashboards). It's built like a freaking tank - you literally have to remove 6 screws and break a weathertight seal just to access the SD card slot!

Before everyone jumps in to ask, **YES I'VE TRIED RUNNING DOOM ON IT**. I spent hours this morning [trying and failing to get every Windows Mobile / PocketPC / Windows CE version of Doom I can find to run](https://imgur.com/a/chocolate-doom-on-intermec-cv30-ImNZTTw). Most of the old apps crash on launch, and one or two crash after loading any/every WAD file. If anyone has a suggestion on how to make it work I'm all ears - it's killing me to be so close and yet so far away!",714,50,1775949675.0,0.94,False,i.redd.it
1sid1jz,gaming,"Indie dev who lives in a village of 1,000 people stunned as over 250,000 Steam users buy his roguelike: ""It's not adding up in my head""","&gt;One indie developer who lives in a village with a population of 1,000 people can't quite wrap his hand around the fact that 250,000 Steam players bought his fantasy roguelike about dwarves.

&gt;""It's crazy, but I have no reference point,"" the mostly solo developer behind [Dwarves: Glory, Death, and Loot](https://store.steampowered.com/app/2205850/Dwarves_Glory_Death_and_Loot/) says in an interview with Jake Lucky of the Gaming Interviews [YouTube](https://www.gamesradar.com/tag/youtube/) channel.

&gt;What makes the game's success even more unbelievable for Rafa is that those 250,000 players vastly outnumber the local population of his village, which, in his opinion, already has ""too many"" people. ""I cannot even know all of them,"" he jokes. ""And then you have 250,000 people and it's absolutely incredible. It's really wild to me \[...\] It's absolutely crazy. It's not adding up in my head. I cannot imagine it, right?""

&gt;After committing to full-time game development for about a year, Rafa also says he didn't actually know game dev ""was even a career path I could choose or anyone could choose for that matter."" In fact, he thought only huge studios could manage to release games, and the biggest lesson he learned throughout all this was that anyone, even you, dear reader, can ""just sell a game on Steam as a normal person."" Whether it manages to sell 250,000 copies probably depends on it being, you know, good and stuff.",10535,212,1775894653.0,0.97,False,gamesradar.com
1skpcc8,gaming,What video game used to be terrible but they added one thing and now it's great?,my answer is fortnite when they added no build mode,0,32,1776117207.0,0.34,True,self.gaming
1skr5qx,gaming,Currently playing Kingdom Come Deliverence 2 and imo the intro is one of the best in gaming history,,0,21,1776121543.0,0.37,False,youtu.be
1sipvu7,gaming,"17 Year Halo Director Just Went Public: Microslop HR / Halo Studios blacklists, harassment, malpractice, retaliation, fraud, favouritism/cronyism, etc.",,1119,104,1775929954.0,0.89,False,youtube.com
1sj1728,gaming,"Looking for co-op campaign game recommendations, are these games dying out?","Lately it feels weirdly hard to find proper co-op campaign games.

I’m not really talking about endless multiplayer games, live service stuff, or games where you just spam the same missions over and over.

I mean actual co-op campaigns with a real beginning, progression, and an ending. The kind of game you and a friend can play through over a few evenings and feel like you actually went on a journey together.

Maybe I’m just missing obvious games, but it genuinely feels like this kind of game barely exists anymore.

What are some great co-op games with full campaigns that you’d recommend?",232,240,1775958165.0,0.82,True,self.gaming
1sig29n,gaming,Found these boxes in a closet while cleaning up.,So many memories of these games still have them and really got me into listening music. One of my earliest memories of the series was a friend had the game and we were both so new to it we would turn the difficulty up to expert to see how long we could last before failing a song. ,3413,199,1775905323.0,0.97,False,i.redd.it
1sikhif,gaming,Super Mario All Stars is quietly one of the coolest things to happen in gaming that won’t likely happen ever again.,"The jump from NES to SNES made the originals feel instantly outdated. Instead of cheap ports, Nintendo treated its own recent history like it was worth modernizing, preserving, and re-presenting as a premium current-gen experience. That basically introduced the idea that old games could come back not just as nostalgia, but as something legitimately improved without losing what made them great.

We probably won’t see something like that again at that scale because the conditions don’t exist anymore. Today, companies can just re-release originals through emulation instantly and cheaply, and there’s actually more value in preserving them exactly as they were. Rebuilding multiple full games from scratch for a single package would be wildly expensive now, and expectations are higher, people would compare each remake to standalone modern releases. Back then it was a forward-looking upgrade, now it would be seen as an overreach or split into separate $40 remakes.",1786,625,1775917538.0,0.67,False,i.redd.it
1sklcik,gaming,"If Half Life 3 were to come out, what would it have to do to come off as revolutionary to modern sensibilities as 2 did when it came out?",At the time having a physics engine where you could pick up a can and throw it across the room or put a weight on a seesaw without having it be a scripted animation was mind blowing.,0,122,1776108751.0,0.43,True,self.gaming
1skl2q8,gaming,This game had potential to have online campaign and online PvP,,0,11,1776108188.0,0.31,False,i.redd.it
1sifzpz,gaming,Just finished Days Gone Remastered. That was amazing!,"i only ever saw a short clip of it a few years ago with a guy on a motorbike and zombies chasing him and forgot about it. 

I saw the game recently and thought why not, might be fun to just drive around and shoot some zombies.

I definitely wasn't expecting to be so engrossed in the story and characters. 

I don't know why I haven't seen any reviews pop up in my feed about this game but I'm glad I went in blind.

Definitely a 10/10 for me. ",2488,327,1775905117.0,0.9,False,i.redd.it
1siqgku,gaming,I somehow missed Bioshock growing up. Wow. Just finished it.,"That opening was among the best I’ve ever seen. The fire on the water with the plane crash. The looming tower with the single light in the vast, shadowy ocean. “No Gods and Kings, Only Man”.  Immediately fell in love with the art style.   The opening speech by Ryan and the Rapture reveal with the violin music just was masterful. 

The art style and animation are so beautiful. Your powers are all creatively well done and just the sheer creativity on all levels is stunning.  The story is sad and riveting. Poor Mr. Bubbles.  The “Would You Kindly” moment blew me away. I can only imagine how people felt about this in 2007, but I’m sure it must have won a lot of awards. 

And the sound design. The creaking of the structures and continual water dripping, all so well done. Even the start menu plays piano keys when you move your cursor around!

Onto Bioshock 2! ",636,134,1775931227.0,0.92,True,self.gaming
1sip78u,gaming,"Ashes of Creation’s alleged expense ledger leaks, including a family mansion",,698,78,1775928438.0,0.94,False,massivelyop.com
1sinj0w,gaming,Found the Elder Scrolls while spring cleaning.,,685,46,1775924632.0,0.95,False,i.redd.it
1sj9e06,gaming,Trying to remember which game an NPC quote is from - most likely PS1 or PS2 era,"EDIT : MYSTERY SOLVED ! It was from an old Newgrounds flash game called Pimps Quest ! It's actually worth watching the walkthrough of it to hear the line delivery, no wonder its been lodged in my mind for over 20 years !

Had this line in my head for years, and thought it mightve been GTA3 or SA NPC pedestrian dialogue, but cant find it definitively. I even feel like I know the voice intonation, and the way it drags out the word 'rags', but for the life of me, I just cant remember. The line is :

""I be goin' through bitches like rags to riches""

https://preview.redd.it/dtc820l1erug1.png?width=1636&amp;format=png&amp;auto=webp&amp;s=bf97a83dd48b60f50a06d6267b694cc4e8d1c83f

",34,13,1775984334.0,0.76,True,self.gaming
1sj9v61,gaming,How seniors in Singapore pick up gaming? [Eng Subs],,26,6,1775986027.0,0.7,False,youtube.com
1skii7b,gaming,What if the industry started remaking bad games instead of good ones?,A way to appease the pro and anti-remake crowds.,0,38,1776102896.0,0.39,True,self.gaming
1skjcvw,gaming,Where are all the skyrim clones?,"After the massive success of skyrim... where are games like it? Like the formula is pretty baisc, you would think another studio would have done a decent skyrim clone by now... and i mean decent one, not a cash grab.",0,88,1776104621.0,0.3,True,self.gaming
1siuwf8,gaming,Which game had the best QOL features for you?,"For me, it’s definitely eve online. Being able to navigate the menus quickly was a lifesaver for me",171,90,1775941439.0,0.88,True,self.gaming
1skjfox,gaming,Have you purchased a video game that was patched into something you wouldn't have bought?,"Elden Ring: Nightreign - I wasn't originally going to buy it based on rogue-like elements plus I don't enjoy online multiple games that much so it seemed like a no brainer to not participate in but being a big fan of From Software I bought it anyway and things were fun for a while with the anticipation of the game getting better and bigger. 

It eventually got stale and the adjustments I hoped for were not occurring but the majority seemed satisfied so I ultimately just shelved it and the thought of playing it feels like a chore which is not how I feel about the other games From Software has made. 

The game is very fast paced and the bosses are just okay so it simply wasn't for me however I did get some memorable moments with my friends. 

Crimson Desert - Now this might be too early to bring up because it fresh however I bought this game under the impression that the difficulty was organic so I figured the developers had a great vision for the game however from the past well difficulty settings was added and I feel as if I was sold something false. 

The thing is that I don't care if a game can be very easy or very hard if those adjustments are organic. It's an incredible way to communicate with other players about finding solutions found in the world of the game. Now with difficulty settings added I feel that charm is gone and the design will not get the respect it deserves. 

The unfortunate problem with this opinion is that it automatically gets flamed out of context which has of course happened to me especially in the Crimson Desert group. 

I don't know if I'll play it again. The majority of players seem fine with it so it's probably best that I finish the game and move on which is not the conclusion I was hoping to have with the game. I love helping others and now that seems redundant when there's now an in-menu easy button. ",0,58,1776104785.0,0.23,True,self.gaming
1sk731h,gaming,"Hear ye hear ye, the entirety of the acclaimed frostpunk series is on sale!","Just wanted to spread the word since it’s extremely now and affordable and worth getting. I don’t want anyone interested in this to miss a truly amazing experience. 

If you are undecided let me ask you this:

Have you ever wanted to lead a group of people in a new ice age while being able to make everyone eat soup whether they like to or not (don’t bring this up to markiplier). And of course make the children yearn for the mines. Because how far are you willing to go for city and humanity to survive? 

(And no this is not an ad but just a very dedicated fan)",0,7,1776076899.0,0.35,False,store.steampowered.com
1sj69s2,gaming,Simple Questions Sunday!,"For those questions that don't feel worthy of a whole new post.

This thread is posted weekly on Sundays (adjustments made as needed).",16,25,1775973631.0,0.74,True,self.gaming
1sk7av6,gaming,7 days of Street Fighter 6 or Chrono Trigger?,"Very random but I luckily got 7 free days to basically do nothing but chill+game and need help to decide between:

Street Fighter 6. Bought on release, finished World Tour, and then played Ranked until Bronze before leaving it to play other stuff. Since mid 2025 I've been going through games I bought on PC to ""finish"" them, SF6 is the last in the list and I basically want to try and get to Master rank, probably won't happen in a week (or ever, it's my first fighting game and I suck) but I want to see how far I can get.

Chrono Trigger. I found my old 3DS the beginning of 2026 and after finding out it still works I plan to play a game or two on it, I've also recently got reminded that I've never played legendary JRPG Chrono Trigger, and DS (which also work on 3DS) is widely recognized as the best version of it.

If you're me, which path would you go? Thanks anyway.

EDIT: Wow! Chrono Trigger it is. Thanks for all the answers, I gotta go have a date with this girl I bumped into at a festival.",0,59,1776077576.0,0.38,True,self.gaming
1sis4gv,gaming,Best offline mobile games that don't have a PC version?,"I've wanted to get into mobile gaming for a while now, but whenever I look for recommendations, people always suggest the typical popular PC games (Stardew Valley, Genshin Impact, Minecraft, Celeste, Little Nightmares, etc.). 

So now I'd like to ask you, what good mobile games do you know that meet these two requirements?

\- That it can be played offline. 

\- That it doesn't have a PC version

For example, I'm talking about great games like Dead Trigger 2, Punishing Gray Raven (I think now it has a PC version tho, so im not sure if this counts), or Shadow Fight 2",90,111,1775934952.0,0.76,True,self.gaming
1shzxjj,gaming,The FAA wants gamers to apply for air traffic control jobs,,4792,618,1775856800.0,0.97,False,bbc.com
1sil2ua,gaming,My gaming / pop culture library. I made some space !,Ready to buy a new helmet (or sword 👀) ,173,36,1775918958.0,0.88,False,i.redd.it
1simwkq,gaming,"BioShock//""Deepwater Polygons""",,122,16,1775923228.0,0.92,False,i.redd.it
1si38aw,gaming,Playing Dino Crisis for the first time,How awesome is this game? The music is pretty intense too! ,2263,169,1775865003.0,0.96,False,i.redd.it
1shu5ou,gaming,Google Play Store Removes Doki Doki Literature Club from Play Store,"Looks like Google is pulling a Monika and removing DDLC from the store due to a ""violation"" of their ToS. They didn't provide the creator with any details as to how their ToS was violated, so this was probably a decision made without human involvement.

This is both censorship of an artistic work and pretty ironic given the subject matter of the game. Fuck Google.",6673,421,1775844083.0,0.97,False,engadget.com
1sinsgr,gaming,Who uses walk-throughs for games?,I've been playing through the entire Resident Evil series because of Requiem's release and am constantly stuck in the Spencer mansion in RE1. I feel like I'm a bad gamer because I'm using guides when I'm stuck on a puzzle. this post isn't karma farming. it's a genuine question,98,230,1775925244.0,0.78,True,self.gaming
1sk5if9,gaming,Has there ever been a game with bird shit in it?,just curious,0,49,1776071517.0,0.29,True,self.gaming
1siwihy,gaming,Best Railroad Tycoon game on the market?,Yearning for a new game that can touch Railroad Tycoon 3.,26,44,1775945465.0,0.7,True,self.gaming
1simn9y,gaming,Just Started a New Run of Elden Ring....,"...after 100+ hours on it and Erdtree, and haven't touched it in over a year. It's still magic. Holy crap, the vistas, the gameplay, the world. Why is this game still a GOAT????!!! Tight. Absolute Cinema.

I really think everyone who hasn't played in a while should give this another go. And if you have never played it, it might be time to rectify your egregious error. ",85,151,1775922640.0,0.63,True,self.gaming
1shjbak,gaming,Support your local libraries!,"Here the loan time is 2 weeks, no limitation on how many you can loan and it's all free.",12905,415,1775818927.0,0.97,False,i.redd.it
1sio0ap,gaming,"Are there any other examples of popular games being ""remade"" for a younger audience, as in Chex Quest and Nerf Arena Blast.","Just watched an LGR video about a Nerf game built on Unreal Tournament '99, and it got me thinking about Chex Quest.

That lead to this though; are/were there any other examples of companies doing this for other games?",42,28,1775925747.0,0.72,True,self.gaming
1si5ogi,gaming,"[OC] Crimson Desert: Sometimes I take time off from killing enemies and questing, and just stare at the mountains for a few minutes, admiring the landscape (The Sage's Peak) | [8708x4520]","&gt;**Captured on**: PS5 Pro

&gt;**Rendering Mode**: Quality

&gt;**Panorama Editing**: AutoPano Giga

&gt;**Photo Editing**: Adobe Lightroom

^(Thanks for looking!)",619,77,1775871599.0,0.82,False,i.redd.it
1shwjho,gaming,Epic is hoping their partnership with Disney gives Fortnite a comeback. Planning on making an arc raiders extraction clone but with Disney characters.,"&gt;When Epic Games laid off 1,000 employees as part of a $500 million cost-saving effort last month, it came with a startling acknowledgment: Many new games and *Fortnite* updates had flopped.

&gt;Other splashy new initiatives, including Epic’s mobile store and an effort to allow users to create their own games, also didn’t live up to internal expectations, according to eight current and former employees who spoke with Bloomberg. In chasing popular trends or business whims, Epic regularly released products before employees felt they would resonate with consumers, said the people, who asked not to be identified because they were not authorized to speak publicly.

&gt;The company is pinning a resurgence on games it’s been developing with Walt Disney Co., which agreed to invest $1.5 billion in Epic two years ago. Epic is on track to launch the first game in its new Disney partnership in November, according to four current and former employees. It will be a shooting game along the lines of Embark Studios’ hit *Arc Raiders*, but with Disney characters battling enemies until they can reach an extraction point, according to the people. So far, internal reviewers have expressed concerns that the game mechanics are not very original, but some of the employees are optimistic that Epic will get it right by the launch date.

&gt;The Disney deal will reap at least two more games, the people said. Early versions of the second title received middling internal reviews, according to two of the people. Resources for the third game were reallocated to the first two after reports that Disney was disappointed by Epic’s release timeline.

&gt;Last year, the Epic Games Store attracted a record 78 million monthly active users on PCs, and player spending on non-Epic games reached $400 million, according to the company. That was ""lower than our growth expectations at launch,"" according to Markman, but the company is ""committed to making improvements to the store and to the economic opportunity for developers to grow it further."" The company's store for mobile users has 50 million installs, according to Epic — half of what the company had hoped to achieve by the end of 2024. Apple's ""scare screens and barriers"" made it ""intentionally hard for players to download an alternative app store in the \[European Union\],"" Markman said. Today, the store's scale is ""in line with our expectations,"" but expansion will depend on Apple and Google's mobile ecosystems opening up, she said.",1289,289,1775849209.0,0.92,False,bloomberg.com
1sipj40,gaming,I’m looking for game recommendations with low physical hand stress,I’m trying to rest some tendinitis but still want to play. A couple of my favorites for this were Baldur’s Gate 3 and Inscryption. What are your favorites while being able to rest your hands?,19,50,1775929166.0,0.69,True,self.gaming
1shrxlw,gaming,Amazon Luna shutting down store,"""Starting April 10, 2026, Amazon Luna will no longer offer game stores, individual game purchases or third-party subscriptions. You’ll still be able to play any games you've already purchased and access your third-party subscription benefits (as long as that subscription remains active) until June 10, 2026. After that date, these games will no longer be available on Luna.  
  
What’s staying—and getting even better? We’re doubling down on a broad range of gaming experiences, including strong third-party titles, delivered in ways that make great games more accessible, as well as new and unique gaming experiences like GameNight.""",1900,400,1775839401.0,0.95,False,i.redd.it
1sjiqf7,gaming,Super Meat Boy 3D was fun!,"It wasn't nearly as frustrating as I thought it'd be, I assumed it would be a lot harder based on what I'd heard of the original games

I saw a video of Dotodoya playing it and decided to buy it, since it's cheap. I enjoyed it :\]

I hope it gets some DLC in the future, I wanna play more stages!",0,11,1776010392.0,0.43,False,i.redd.it
1sjuspq,gaming,Friend recommended me this innocent looking game,,0,28,1776038315.0,0.33,False,i.redd.it
1shwknk,gaming,What game has the most fun NG+?,What game do you feel like is most fun to play new game plus?,459,388,1775849271.0,0.92,True,self.gaming
1si3a4f,gaming,Does freedom in video games come with a downside?,"I won't make this long. There are two games I read about that supposedly give you so much freedom it's crazy. They aren't the same genre; Dwarf Fortress and Kenshi.

In both games, I found them not very accessible, tough UI, difficult controls and in general I felt absolutely lost. Kenshi I refunded a long while ago, not dwarf fortress. This isn't meant to bash these games but I'm wondering is this something with games that have a lot of freedom?

Lately I'm weary of reviews that talk about huge amounts of freedom and choices and think this style is not for me and wondering if any one else is in the same boat.

**UPDATE:** I appreciate all the comments and replies. I've read every single one (with the exception of some replies to others' comments that don't show up in my inbox). I want to say, however, that **I don't think Breath of the Wild is applicable to what I'm talking about.** I may have misrepresented the concept since it was something I thought of. Breath of the Wild is a game that is non-linear and gives you some freedom (which I love), but it actually has a structure, an end goal and a narrative (and/or story).

The games I mention are ones where there's no end goal, you're just supposed to explore and enjoy the freedom for its own sake (which I realize now is just not my thing).",188,161,1775865142.0,0.8,True,self.gaming
1sjyd0x,gaming,"RE4 is timeless, RE4 Remake is a product of its time - Crowbcat",,0,312,1776048094.0,0.29,False,youtu.be
1sjcs79,gaming,"Anyone else like previous GTA games but doesn't care if GTA6 is crazy ground breaking. GTA 4 was more groundbreaking than 5 IMO. When hype exceeds expectation it's bad, but when expectation exceeds reality it's really bad. I think Valve made the right choice in not making Half Life 3 for this reason",Rockstar is experiencing the hype and expectation problem with GTA 6 that Valve dodged by just not making Half life 3,0,11,1775995645.0,0.31,True,self.gaming
1sidahs,gaming,Any new games like vampire survivors?,"Any new survivorslikes?

ive enjoyed,  greedland, vampire survivors. soulstone survivors and death must die. And rogue genesia

Boneraiser Minions

Deeprock galactic survivors

Magicraft 

Demon hunt 

Shapes of dreams

Conquest dark
Tmnt splintered fate was pretty cool too

what else has been released recently any new cool progression or weapon collections?",19,102,1775895521.0,0.61,True,self.gaming
1sj8qfo,gaming,Games like Resident Evil 8?,"I completed RE8 two weeks ago and was looking for a similar experience. RE2 didn’t quite fit for me. I think what I valued so much in this game are the Progression (Improving Weapons via mods and upgrades), the interesting characters (Lady D., Duke, Heisenberg) and a horror setting that is not too unsettling (I played  RE7 but it was really rough)",0,41,1775981992.0,0.44,True,self.gaming
1shzv2y,gaming,What are your top five favorite video game villains?,"I always root for the villains in video games even know im always fighting against them. Id like to hear what your top five fave villains are. Doesn't have to be a main villain. Here are mine:

* General RAAM (Gears of War)
* Ganondorf/Ganon (Zelda)
* Psycho Mantis (Metal Gear Solid)
* Pyramid Head (Silent Hill 2)
* Dr. Palpatine (Betruger) (Doom 3)

Honorable Mentions:

* Deathwing (WoW)
* Lich King (WoW)
* Shodan (System Shock 2)
* Old Gods (WoW)
* Guldan (World of Warcraft)",91,226,1775856637.0,0.77,True,self.gaming
1shmsfw,gaming,It's the little things you notice,"I'm just playing Control for the first time (cause I just got a pc that can run it properly now), and I noticed these little things that don't really matter as much but together adds a lot to the immersion of the game.

For example, right now I'm playing the mission where you have to escort Wells back to the Bureau, and I just noticed that on the way, if you enter a mens restroom, he will follow but he won't follow you into the women's restrooms. Also in this specific area when you have to jump on these metal pipes to traverse, taking a fall onto it makes a proper dent on these pipes.

It's these little things that add to the immersion of the game, has anyone else noticed things like this in this or other games?",326,47,1775828240.0,0.94,True,self.gaming
1shppx8,gaming,I played 175 hrs of Death Stranding games back-to-back and I can't wait for more of this craziness.,"https://preview.redd.it/q2qd327psdug1.jpg?width=3840&amp;format=pjpg&amp;auto=webp&amp;s=4324df2744073d7331b0b0c4a6efcbee2989e8f6



I have never been a huge Metal Gear fan. Not for the lack of trying. Just couldn’t get into the lore. My first Metal Gear was Guns of the Patriots (bought PS3 MSG4 bundle). It was a fun game that and I enjoyed the crazy cut scenes and anime-ness of them. I have owned but never finished Phantom Pain and Sons of Liberty (I might go back to PP after this though).

DS1

I thought I had a good idea what to expect from the story - people taking ridiculous things too seriously and talking at length using made up terms. In other words, anime AF. Kojima certainly didn’t disappoint on that front. Story for Death Stranding is absolutely bananas. The fun kind of bananas though. Taking itself too seriously and sticking with the craziness until the credits roll (for 10th time!)

I was genuinely surprised by the gameplay though. The first game is truly special. The beginning section of the game is one of the most memorable gaming moments for me. The feeling of being alone in the world and the slow pace was such a departure. The game nailed the post apocalyptic isolation and looked amazing while doing. It took me a while before I got the core loop of the game but surprisingly it clicked for me - specially when I started trusting structures laid out by other players. Once you get a vehicle and start building roads that basically unlocks the easy mode. I enjoyed looting the encampments for metal and ceramics, loading them up on the truck and building roads.

I understand all the criticisms, first game is an extremely slow burn but the payoff is great. I liked the characters far more compared to the second. They felt fresh. There was good amount of time spent with each of the main side characters to give them enough personality. The stakes felt higher. Troy Baker is a revelation in both games but he stands out even more in the first one.

Gameplay is no doubt clunky. I played the Director’s Cut and didn’t use the buddy bots or most of the newer additions except the Maser gun but still there is too much unnecessary time spent on cargo management. There are too many menus and sub-menus and minor cut scenes that make the experience somewhat tiring.

7.5/10 (Played: 75hrs)

DS2: OTB

Jumping into the second game right after the first was pretty interesting. Lots of gameplay improvements that make jumping in and out a breeze. Lots of clever shortcuts that are only improved once you get access to other players’ structures. Combat loop becomes a lot more interesting with sniper rifles, boomerangs and lots of other items. Everything is just streamlined. This is less “scared and isolated in a post-apocalyptic world”, but more along the lines of “Supply Chain Optimization - The Game”.  It isn’t a bad thing but a very different vibe from the first one.

Story-wise though the game lost some of its novelty.I just didn’t connect with the story at all until the very end and even then some of the reveals didn’t land for me. This one notched up the anime-ness to 11 and then said, I can do more (Pizza dough, anyone?) As I said at the start, I am not a MGS fan, so the fan service sections didn’t do it for me either. I thought some of the main characters (e.g. Rainy, Tar man, Doll man) lacked enough of backstory. Most importantly, Mads Mikkelsen is just plain cool in DS1. Him alone made that game 10x better.

This is, by far, one of most beautiful looking game I have ever played. That opening. Chef’s Kiss. I truly could not believe it was looking this good at times (I am on PSPro). The snow sections are some of my absolute favorites. The weather, day-night cycle, avalanches, landslides, suddenly getting gloomy because of BTs - all of it makes it a truly atmospheric game. Buttery smooth 60FPS. Gorgeous character models. Photo-realistic vistas. What a treat! (See the screenshot)

9/10 (Played: 98hrs, still playing)

Final Thoughts

I ranked DS2 higher, because it is simply a better game. However, I must admit that DS1 will be always be a far more memorable game. It was just a breath of fresh air. I liked the ending of DS2 and see where it is heading (if we ever get a DS3). I am onboard.

Oh, and special mention to the music for these game. Absolutely fantastic score that now run in loop on my playlists.",226,74,1775834718.0,0.8,True,self.gaming
1sj9xgb,gaming,Watch Dogs 2 - funniest NPC dialogue ever - You treat me like...,"A female was saying to her male partner -

""You treat me like shit!""

Next to them a hipster looking guy doing stretches did a long fart",0,14,1775986250.0,0.39,True,self.gaming
1sj7xwo,gaming,GTA VI PC Release Rumored for February 2027 by Former Rockstar Staff,,0,82,1775979256.0,0.32,False,happygamer.com
1si3qbp,gaming,Post game blues,"I just finished Metaphor Re Fantazio for the first time. Such a good game that I couldn't recommend more! 

Ever finish a game that takes a while, only to feel like an old friend is moving away? Time to pet my dog and work through these post game blues.",18,52,1775866318.0,0.63,True,self.gaming
1sgy773,gaming,"Paul Tassi (Forbes): ""I can confirm Marathon's budget is over $200m. Likely over $250m. This does not include ongoing costs for maintenance or new content""","&gt;About two weeks ago, analyst firm Alinea estimated that Marathon had sold around 1.2 million copies across all platforms. I confirmed with my Bungie sources that was close to accurate. Marathon had previously hit #2 on the Steam revenue chart ahead of launch.

&gt;Also near-accurate is a 478K daily active user count in its first weekend, though that dropped to 345K more recently. That data is two weeks old, however.

&gt;As I previously reported, the majority of Marathon’s playerbase is on Steam, as confirmed by my sources. Alinea reports it as 70%

&gt;Marathon did not chart inside Steam’s top 10 at launch. It released with an 88,337 concurrent peak on its largest platform. That is a drop from the 143,621 peak during the free server slam (the game is now $40).

&gt;Since launch just over a month ago, those peaks have dropped by 68%, where the game most recently hit a 27,670 peak at the time of this writing.

&gt;Marathon is now the 106th most-played game on Xbox. I do not have full PS5 data, though it did chart on its top 10 list at launch. Marathon is 78th in daily active users on Steam at the time of this writing, 82nd in top sellers.",4335,1552,1775759803.0,0.95,False,forbes.com
1sj3w2r,gaming,Radial Selection is the Worst. (various video games),"I've never really played video games with radial stick selections, but in Monster Hunter World, my first exposure to it, I just felt intimidated and only used it outside of combat, which basically defeats the purpose of the control, which is the speed.

I've always struggled with precise stick inputs, especially diagonal. When I tried any fighting games (rip 2XKO), I just couldn't handle jump cancels (jumping immediately after an attack to continue into aerial combos) and always whiffed follow-ups.

Edit: Is this a corporate agenda pushed into our throat by all the ignorant, sponsor-driven ""committees""?",0,27,1775966066.0,0.45,True,self.gaming
1shp9mw,gaming,Dead as Disco Releases In Early Access May 5th On PC,,69,18,1775833741.0,0.83,False,youtu.be
1siawao,gaming,Self Promotion Saturday! Small streamer? Just getting started? Tell us about it here!,"Use this post to tell us about your YouTube Channel or Twitch stream! Show us your creativity and tell us why we should subscribe. What makes you unique?

Please note that this thread is NOT for selling or advertising stores. Report any such posts and we'll deal with them. Thanks!

This thread is posted weekly on Saturdays (adjustments made as needed).

Reminder that you must follow our [rules of promotion.](https://www.reddit.com/r/gaming/wiki/index?utm_source=reddit&amp;utm_medium=usertext&amp;utm_name=gaming&amp;utm_content=t5_2qh03#wiki_rule_7.3A_self-promotion)",4,17,1775887225.0,0.55,True,self.gaming
1sgu165,gaming,Former GTA 6 developer warns trailer visuals won't match final gameplay,"The level of graphical detail displayed in the trailers linked above and below was nothing short of exceptional, and when it releases in November this year, it will absolutely be a contender for the most graphically impressive title available. That's if the level of graphical detail seen in the trailer is or even close to what we get in-game.

However, that isn't likely to be the case, as David O'Reilly, a former Rockstar environmental artist who worked on big-ticket titles such as GTA 5, RDR2, and GTA 6, explained in an interview with YouTuber Kiwi Talkz, that while he is excited for trailer 3, fans should know about how a trailer is designed and the thought process behind it from Rockstar's perspective. According to O'Reilly, what fans see within a trailer is a ""madly polished"" version of what will be in-game in the final release.

""When you make a trailer, they look at where the camera's going to be, and everything in that view is getting madly polished, whereas everything not in that view isn't getting madly polished yet,"" said O'Reilly

""The whole world doesn't look like that. You focus on the areas of the trailer, and that's the projection of what the entire full game is going to be like. That's why you get differences in trailers and the final game. You can't view that as, 'That's locked down now. That tree will be there when it releases.' You can't look at it like that.""

""Relax, dude. It's a trailer. It's not finished!"" said the former GTA 6 developer",4142,814,1775750981.0,0.93,False,tweaktown.com
1shq6y1,gaming,What game/ games are you looking forward to most?,"For me it’s Witcher 4, the next cyberpunk game, and light no fire",46,244,1775835743.0,0.69,True,self.gaming
1si1oxa,gaming,New Master System Games! The SMS Power Competition 2026,Brand new games for them 80s console that still hasn't gone out of production. ,12,1,1775861072.0,0.64,False,youtu.be
1siw0il,gaming,"Devs aren't ""lazy"" and game updates aren't guaranteed",,0,25,1775944217.0,0.45,False,gamesindustry.biz
1sizvo3,gaming,Can you name a game that lets you hit things with a wrench but that isn't a good game? There's a correlation between wrench and good games that I can't discern.,I am forced to conclude that wrench violence makes good games.,0,25,1775954405.0,0.38,True,self.gaming
1sj2y58,gaming,yet another top ten list (plus a gigantic list of honorable mentions),"1. Outer Wilds (not outer worlds)

2. ULTRAKILL

3. Halo (in order: Halo 2, Halo CE, Halo Wars 2, Halo 3: ODST, Halo: Reach, Halo 3, Halo Wars 1, Halo 4 - halo 5 and everything after it is dead to me)

4. Titanfall 2

5. Armored Core 6

6. Dark Souls 3 / Elden Ring / Bloodborne (i cant pick, but also, ive never played demon souls or ds1 and 2)

7. SubNautica

8. Dead Space 1 and 2 (3 is dead to me)

9. Project Wingman

10. tie between Command and Conquer: Kane's Wrath and Aliens vs. Predator (the xbox 360 game)

11. honorable mention to tiny baby me's memories of Crash Bandicoot: Wrath of Cortex

more honorable mentions, in no parricular order: bioshock 1 and 2 (i didnt like infinite though), Worldless, The Henry Stickmin Collection, Stanley Parable, Frostpunk 1 and 2, Satisfactory, Warframe, Signalis, Inscryption, Risk of Rain 2, Monster Hunter World and now Wilds, Deadlock, Homeworld, Desecrators, Stanley Parable, Warhammer 40,000: Darktide, Deep Rock Galactic, Warhammer 40,000: Space Marine 2, Roboquest, Avowed, Smash bros, Mariokart, Legend of Zelda: Breath of the Wild, Wii Sports / Wii Sports Resort, Epic Mickey, Sonic: Unleashed (Wii), one of the Guitar Hero titles, whichever was in the wii, Warhammer 40,000: Boltgun, Warhammer 40,000: Dawn of War (unification mod), MechWarrior 5: Mercenaries (not Clans tho we wouldnt have gotten the recent banger dlcs without clans), SOMA, CoD Zombies, Expedition 33 (seen e 33 on basically every list ive seen, which makes sense, its an amazing game, but its not quite top ten for me) DOOM: 2016, DOOM: Eternal, Control, Dragon Age: Origins, Dragon Age 2, Mass Effect Collection, Gears of War 2 and 5, Hogwarts: Legacy, Hollow Knight, Hollow Knight: Silksong, Killing Floor 2, Payday 2, SUPERHOT, Portal 1 and 2, Remnant (the gun dark souls) 1 and 2, Stellaris, SubNautica: Below Zero, Minecraft, Skyrim, Lego Star Wars / Pirates of the Carribean / Indiana Jones / Batman 1 and 2, Galaxy on Fire 2, Chorus, Warcraft 3 (before modern blizzard slautered it and puppeted its corpse around), diablo 2, StarCraft: 1 and 2 (just the campaigns though), Need for Speed: Underground, Medal of Honor: European assault, Splinter Cell, and finally Big Bumpin (if you dont know what big bumpin is, its an old original xbox game that i think was sponsored by burger king? anyway it was an arcady game with bumper cars in death arenas with multiple gamemodes and it slapped so goddamn hard, it had splitscreen and ai, so you could bump your sibling into the buzzsaws or into the pit and it was amazing and oh my god i want to play it again but i dont have the console or disk anymore and im so sad)",0,12,1775963263.0,0.23,True,self.gaming
1siyzvr,gaming,"If you could make one game release one more, large, full content DLC, what game would it be?","Try again as the last post was removed because I posted it wrong.

My pick is Red Dead Redemption 2.

https://preview.redd.it/z6jp5tmwgnug1.jpg?width=616&amp;format=pjpg&amp;auto=webp&amp;s=6a03860962bd3097ebf3536294d535413fda3cb0",0,89,1775951954.0,0.41,True,self.gaming
1sgre5i,gaming,Steam files suggest Valve is developing  internal 'SteamGPT' AI bot — aimed at tackling customer support tickets and CS2 anti-cheat,,2276,409,1775745321.0,0.94,False,tomshardware.com
1sh42cx,gaming,What game series would you say is still worth playing from the beginning?,"I made the mistake a little while back in playing the Sniper Elite series.  I can tell you that going back to the first title, and it was painful.  ",445,679,1775772803.0,0.88,True,self.gaming
1siqv08,gaming,Made a top 10 games list just for fun,"Made a personal top 10 games of all time list with honorable mentions for fun. Thought I'd share and ask what you guys think and what your favorite games are! 

Obviously these are just my personal favorites. Not trying to claim this is a definitive list.

**#1: Final Fantasy XI**

The level 1-75 era specifically

Best immersion, worldbuilding, exploration, and sense of community in any game ever. There was something weirdly satisfying about the macro-based combat system. 

Nearly every item being tradable on the auction house was a great feature and somehow didn’t take away the novelty of seeing people in high-end gear (Kirin’s Osode, Magician’s Hat, etc.) 

I was probably too young to be playing a game like this, but some of my best memories in life were playing this game with my brother and his friends.

**#2: Rock Band 3**

Was essentially a “feature complete” of all the prior 5 lane rhythm games. The World Tour mode getting cut makes it barely rank over Rock Band 2 but everything else was brought over and improved upon. 

**#3: Metal Gear Rising: Revengeance**

I’ve not played many games that are this fast. Everything about this game is breakneck pace. There’s a stealth segment in the tutorial which is hilarious because there’s zero reason to play Raiden that way. The soundtrack is outstanding. The story is a bit too cheesy and the game should’ve been a couple hours longer but the combat system is one of my favorites. 

It’s funny because this game almost got canceled and Platinum came in at the last minute to overhaul the combat and fucking nailed it.

**#4: Clair Obscur: Expedition 33**

Before this I wasn’t a big turn based RPG fan. Part of the reason this is on my list is because it got me into an entire genre of games. This type of game has been done before but there was something satisfying about the timing based parry/dodge system. 

The story is great overall and it has the best soundtrack on the list. 
My only complaint was the narrative didn’t go where I hoped it would, but it was still executed well so I’m OK with it. 

I hope this studio doesn’t let success go to their head and keeps making games like this.

**#5: Kingdom Hearts 2.5 Final Mix**

This game would’ve been higher on my list a decade ago but seeing where the franchise went knocks it down a peg. 

These games lived and died on the story and combat and it became too convoluted. I think it also really suffered from deprioritizing Final Fantasy characters and dumbing down the combat post KH2. 

However, looking at KH2 in a vacuum, such a fantastic crossover game with yet another outstanding deep combat system. Has all the best parts of Devil May Cry with air juggling and form transformations. 

**#6: Bloodborne**

So full disclosure I’m a pretty big hater of the Souls games. You’ll notice a lot of my top 10 consists of character action games. These kinds of games aren’t made much anymore and I blame FromSoftware. 

This franchise’s success motivated would-be character action developers to instead pursue Souls-likes with stamina bars and dodge rolls instead of freeform combat with air juggling.

All that said, Bloodborne’s revenge mechanic and lovecraft aesthetic made this game worth playing. 

**#7: Devil May Cry 5**

The best pure action game on the list. The story is a bit whatever and V wasn’t great but the Vergil DLC forces this game onto my top 10. 

And actually when I think about it, the combat system specific to Vergil is probably my favorite combat system ever.

**#8: The Last of Us**

Best narrative on the list. Had just the right mix of action and stealth. The Joel and Ellie dynamic was awesome. I’ve replayed this game so many times. But much like KH2, this game got knocked down the ranking because of its sequel.

**#9: Uncharted 2: Among Thieves**

Nobody does setpieces like Naughty Dog. The opening sequence of hanging off a falling train is my favorite opening in gaming. I literally bought a new TV to play this game. 

**#10: Burnout Revenge**

Best racing game, arcade, simulation or otherwise. Soundtrack was great and much like Metal Gear Rising, gave a great sense of speed.

Racing and the revenge mechanic were lots of fun and the Crash mode gave the game a lot of replay value.

**Honorable Mentions**

**Guitar Hero 2 (Xbox 360)**

This had some of the best songs and pure fun factor out of any of the 5 lane rhythm games but because it didn’t have drums or vocals and the songs were mostly covers I kept it out of the top 10. 

Calling out the Xbox 360 version because this was one of the first videogames to move to HD and the newly added songs were some of the best in the series.

**Oddworld: Abe’s Odyssey**

The best atmosphere out of any game on this list. The cutscenes are my favorite of any videogame. The scene of Abe touching the moon and unlocking the Shrykull is burned in my mind even though I last watched it 25 years ago. 

**Nier Automata**

Batshit insane story, awesome soundtrack, outstanding characters, pretty good combat but not Platinum’s best.

**Devil May Cry 3**

The style swap mechanic makes this game’s combat better than DMC5 but I didn’t rank it above DMC5 because of the DMC5 Vergil DLC.",0,36,1775932129.0,0.45,True,self.gaming
1shgysw,gaming,Gamers I need your help,"Yesterday I was thinking about my old ps1 (last played in 2005 or sth) and then remembered an old game I used to play that I have absolutely no clue what it was as I was 9yo, I remember that you were a soldier or probably just a hitman I can’t really remember who entered places like Small towns or villages (it was always night) and killed everyone there, it was first person and you could throw grenades (idk why I remember that but Yh) , I wish there is someone out there who knows what I’m talking about because from what you are just reading I really have no idea what it was, no game menus or story missions that I can remember, I actually think there was some progress to be made, I remember entering a building and then get a quest by reading a poster or sth like that, I know that the description matches to pretty much every FPS game in PS1 but I would like to hear your guesses

Edit: GUYS I FOUND IT, it was actually medal of honour underground, asked my parents were i used to live with back then and they yelled at me every time I was playing violent games and showed them some gameplay, they both say that they remember the rounds being displayed like that on the upper right side and a compass on the left, thanks ya all for actually putting the effort to guess ",49,27,1775810973.0,0.7,True,self.gaming
1sijjac,gaming,High fps and Elden Ring,"Does Elden Ring work completely ok if FPS goes above 60 ? i have a PC that i can confidently say it can run the game well above 100fps, would want to make use of my monitor refresh rate.

My concern is that historically souls like games dont like going above their fps caps set by the developer, like it would break combat somewhat, aggro and iframes windows not being in sync with the animations. etc.",0,16,1775915165.0,0.29,True,self.gaming
1si3lt7,gaming,Help me find my perfect gamepad! Details inside,"Hey all. Been gaming for decades at this point (mostly PC) and my main game has been World of Warcraft on and off since 2004. I'm getting to the point where my fingers in my right hand are starting to hurt from button spamming so I have began venturing into the gamepad world and to my surprise - it actually works really well for WoW! The issue that I am running into is finding a gamepad setup that suits as many of my needs as best as possible.

**Requirements:**

* Standard controller stuff: 2 joysticks, ABXY, L/R triggers, L/R bumpers,
* L/R back paddles
* The hard part - the ability to integrate a keyboard.

**What I've Tried:**

* Sony Dualsense Edge controller with [this keyboard](https://www.amazon.ca/Ceozon-Wireless-Keyboard-Controller-Backlight/dp/B0CHB93J24?crid=3974XXHBZ3JZA&amp;dib=eyJ2IjoiMSJ9.YBUyJPJi9uRkX6Et55bL5w.sLBEXrlMOuP7akQ-icxx6Xj1vKYg0MYyqfnh3gt8m4k&amp;dib_tag=se&amp;keywords=ceozon+wireless+keyboard+for+ps5+edge&amp;qid=1775868531&amp;s=videogames&amp;sprefix=ceozon+wireless+keyboard+for+ps5+egde+%2Cvideogames%2C95&amp;sr=1-1). Drawback is that the keyboard is bluetooth and goes to sleep after a couple of minutes and has to be woken up to be used again.
* Gamesir G8 Plus with [this keyboard](https://www.amazon.ca/Rii-Bluetooth-K06-Compatible-Projector/dp/B0CBWY9V9T?crid=2W8SFC6N7BXHV&amp;dib=eyJ2IjoiMSJ9.BWXRcan9yLstRq6iZRlu5hyIUJo5fpmRyro8gHTq6ufPVomfiN3QDT0bPDwD0zX2DuQFMCMClZRLl3hthw2R2dU_mR2nI0UCbUD314pGHvS6HALhZoH0Ce4Ujz0LePaSPEh_I_WOyJ324UWOLTJAVciUWyXBUa6HWWPiMCE-r-ximJlwGUafMsXylGYpgSlrqDJZKv_KaY0t-JZmXCdHTJHTECax1hNX2L0RrSVNUMGLLqU09VDGGPz36Zpth7x-7fS1xa94FmH9iCd1AjeXeUApeuT6RwzgEAVfffqMbLU.McInwWiGkiCFfsRnaHbdo_zZOKOSwVjWkiekKpMNFdU&amp;dib_tag=se&amp;keywords=Rii+Mini+Bluetooth+Keyboard+K06&amp;qid=1775868729&amp;s=electronics&amp;sprefix=rii+mini+bluetooth+keyboard+k06%2Celectronics%2C108&amp;sr=1-3). Drawback is that the Gamesir G8 Plus is quite poor ergnomics wise due to the shape of the controller and positioning of the right thumbstick. Hands cramp up within 30 mins of gameplay.

Anyone have any other suggestions? I saw that Xbox also has a controller with keyboard similar to the Sony one that I tried but I assume it has the same timeout? Can anyone confirm?

Thanks!",0,11,1775865970.0,0.48,True,self.gaming
1sgvwgp,gaming,Incredible pirate indie Windrose is setting sail next week,,257,71,1775754967.0,0.87,False,destructoid.com
1sh73jm,gaming,What game do you think has the perfect difficulty?,"I was just thinking about difficultly in games, and this question came to my mind. I think it would be really interesting to hear what everyone finds to be their sweet spot. Personally, I love fair but difficult games that aren’t heavily punishing. That’s why Celeste is my favorite game of all time. ",63,200,1775780443.0,0.78,True,self.gaming
1sgyi70,gaming,‘Metal Gear Solid’ Movie in the Works From ‘Final Destination’ Duo as They Ink Sony First-Look (Exclusive),"Zach Lipovsky and Adam B. Stein have become among the more in-demand filmmakers in town. Now, Sony has snapped them up for an expansive deal that will cover all of studio’s film labels.

Just a year ago, Zach Lipovsky and Adam B. Stein were a filmmaking duo with humble indie horror roots, prepping to release their first sizeable feature, Final Destination: Bloodlines from New Line Cinema.

Under the deal, Lipovsky and Stein’s newly-launched company, Wonderlab, will develop films for the duo to direct and original projects that they will produce for other directors. The focus is creating wildly fun, commercial, character-driven, genre-bending films. They are currently meeting potential executives to help lead the company.",175,102,1775760461.0,0.82,False,hollywoodreporter.com
1sgb8oc,gaming,Congrats AVGN and Cinemassacre crew to 20 years. Here is to 20 more years.,,3893,265,1775696668.0,0.91,False,i.redd.it
1sg5om7,gaming,The enbiggening of handhelds,"Modern handhelds tend to be larger and cumbersome in my opinion, but the smaller ones also make my fingers cramp up after extended play sessions. 

Which one of these struck a good balance, and why is it the Wii U controller? I think we could all learn a bit from the Wii U controller. ",7598,620,1775682665.0,0.94,False,i.redd.it
1she3dl,gaming,Free Talk Friday!,"Use this post to discuss life, post memes, or just talk about whatever! 

This thread is posted weekly on Fridays (adjustments made as needed).",15,22,1775800826.0,0.71,True,self.gaming
1sga6uk,gaming,"Despite good reviews, The First Berserker Khazan development team reportedly dissolved over disappointing sales just days after Nexon CEO praised the game",,3948,460,1775693835.0,0.98,False,gamesradar.com
1sgpztr,gaming,Famitsu sales (3/30/26 – 4/5/26) – PS5 Pro and Regular collapsed after price hike,"The latest Japanese hardware sales from Famitsu are as follows:

1. Switch 2 – 59,543
2. PS5 Digital Edition – 12,141
3. Switch OLED – 7,468
4. Switch Lite – 4,807
5. Switch – 4,067
6. **PS5 Pro – 840**
7. **PS5 – 588**
8. Xbox Series X – 525
9. Xbox Series X Digital Edition – 278
10. Xbox Series S – 129

For comparison’s sake, here are the hardware numbers from last week:

1. Switch 2 – 65,725
2. PS5 Digital Edition – 11,941
3. Switch OLED – 8,722
4. Switch – 4,963
5. Switch Lite – 4,857
6. **PS5 Pro – 4,662**
7. **PS5 – 2,801**
8. Xbox Series X Digital Edition – 353
9. Xbox Series S – 61
10. Xbox Series X – 26
11. PS4 – 16

And here are the software charts:

1. \[NS2\] Pokemon Pokopia – 45,484 / 867,171
2. \[NS2\] Mario Kart World – 8,131 / 2,888,474
3. \[NSW\] Minecraft – 5,186 / 4,182,507
4. \[NSW\] Mega Man Star Force Legacy Collection – 4,956 / 23,194
5. \[NSW\] Animal Crossing: New Horizons – 4,710 / 8,415,833
6. \[NS2\] Monster Hunter Stories 3 – 4,588 / 58,077
7. \[NS2\] Super Mario Bros. Wonder – Nintendo Switch 2 Edition + Meetup in Bellabel Park – 4,324 / 14,482
8. \[NSW\] Pokemon FireRed/LeafGreen (Download Card) – 4,146 / 15,292
9. \[PS5\] Crimson Desert – 3,812 / 40,185
10. \[NS2\] Animal Crossing: New Horizons – Nintendo Switch 2 Edition – 3,706 / 98,786

Thanks to Famitsu for this week’s sales data.",283,90,1775742149.0,0.84,False,famitsu.com
1sgr16t,gaming,"Rhythm Heaven Groove Releases Jul 2nd For Switch, Physical Release Confirmed For $40",,205,133,1775744528.0,0.81,False,youtu.be
1sgjv2g,gaming,James Bond Could Have Prevented Call of Duty From Ever Existing,,577,74,1775723573.0,0.89,False,in.ign.com
1sgyh0v,gaming,Can anyone recommend to me a single player game that has cryptids and monsters?,"Something like Fallout 76 that has Wendigos and Mothmen and so on. I've tried F76 many times over the years but it's not my cup of tea. Certainly not like Fallout 4, one of my favourite games. I want a game where I can hunt cryptids. Witcher 3 is great. But too fantasy and not enough scifi for what I'm looking for right now.",85,101,1775760389.0,0.81,True,self.gaming
1sfy8p8,gaming,The design on the 007 DualSense is wrong,"I was immediately bothered that the design, which is clearly trying to emulate the iconic opening, didn’t have “rifling” (the swirly bit in the barrel that stabilizes the bullet).

I gave them the benefit of the doubt, maybe it’s meant to evoke light rays etc.

But no, they confirm twice in the official blog post that it’s supposed to be a callback to the iconic barrel in the films:

\&gt; while the barrel-inspired detailing reflects the themes of the game and how it feels to play it, as well as being a nod to one of pop culture’s most recognizable visual signatures.

How can you call it “recognizable” and not even get the lines right? ",10994,451,1775666592.0,0.96,False,i.redd.it
1sisdzi,gaming,Pretty much guaranteed that I won't be platinuming this game...,"Shame, Stellar Blade is a great game apart from this. Seriously, why the hell do game devs feel the need to include a fishing mini game in every fricking game these days?",0,41,1775935568.0,0.14,False,i.redd.it
1sgaxqb,gaming,"What song makes you instantly think of a video game? I’ll start, ain’t no rest for the wicked - Borderlands",When you listen to music what song randomly comes on that makes you think of a game? Name the song and game.,1679,1134,1775695852.0,0.91,True,self.gaming
1siajw9,gaming,Playing Minecraft every single day,"How do people play Minecraft every day without getting bored? I'd like to have a game bring me so much joy I can play it daily for years on end. Youtubers like Mumbo Jumbo, ToyCat, etc play everyday from what I can tell.",0,13,1775886061.0,0.31,True,self.gaming
1sfyidb,gaming,No Man's Sky with 42nd free major update!! The ten-year-old game is still being developed with new free content. Pokemon in space!!,,5466,362,1775667159.0,0.96,False,i.redd.it
1sik4sy,gaming,"I played this game during Covid, the best game past 15 years (or since TLOU)","Star wars Jedi fallen order - This game has absolutely everything you’d want in this type of game. It helped me a lot around end of Covid to cope with the loneliness and all (I didn’t play the until it was free on ps+). It is the best game I have personally played since the last of us on ps3.

More than anything, it was the atmosphere, I can’t describe it. Everything was weighted just right, but I honestly could almost feel the force within this game, when playing, i felt like a truly was a Jedi, and not just because of the abilities and skills, but because the atmosphere was so good, the music is maybe the very best ever in some ways, and the sound effects, you feel the Star Wars 4-6 trilogy vibong within you. 

Well, I haven’t personally been so mesmerized by a game in such a long time, it really gave me some hope about gaming again. Good titles can be made that makes you enjoy it again and not just point a —&gt; b and it feels like a task all the time instead of a game. 

Well, that was that. I hope you all had the same take as me! ",0,84,1775916679.0,0.26,False,i.redd.it
1sgvd0x,gaming,iii Initiative Showcase - All Games Showcased,"I'm going to bet that most of you on this subreddit didn't even know this was happening. So here's a list of all the games that were in this showcase! this is purely for informative purposes and not as a self promotion. 

if you would like a link to the showcase here - https://youtu.be/ShrDsKDQjtc?si=vmqlJM3FuxGPgfpB",56,24,1775753832.0,0.8,False,i.redd.it
1sgo2i6,gaming,What makes a good magic system?,"Some games have great intricate magic systems. Magic should feel special and engaging. What I think is a good example is Oblivion. Oblivion, while it has many flaws, lets you feel like you’re mastering magic. It’s game breaking at higher levels once you start crafting your own spells. 100% chameleon so enemies can’t spot you. Fortify acrobatics and speed for map clearing jumps. Besides that, levelling up reduces costs so you can cast more powerful spells reliably. Something like Skyrim(while one of my favourite games), just doesn’t have the same effect. So I’m wondering, for you, what separates a good magic system from a bad magic system?",120,128,1775737298.0,0.85,True,self.gaming
1sic6o0,gaming,portable gaming always been peak for me,,0,14,1775891611.0,0.3,False,i.redd.it
1sg124x,gaming,"Pokémon Champions launches to mixed reception, as 30FPS performance woes, lack of fan favorite Pokémon and items, and lack of 6v6 options turn some away",,3001,671,1775672560.0,0.95,False,eurogamer.net
1sgj2t4,gaming,Stalker: GAMMA still has the most insane weather events,,244,55,1775720754.0,0.9,False,youtube.com
1sgv0aq,gaming,From Underhell to Fallujah: A Tribute to Jeremy Faucomprez,,44,5,1775753087.0,0.75,False,dualshockers.com
1sg82yt,gaming,"Hideo Kojima put Low Roar in the Death Stranding games because he thinks gamers need more culture in their lives: ""I believe that is the role entertainment is meant to play""","Taken from Hideo Kojima’s recent interview with [**Vogue Japan**](https://www.vogue.co.jp/article/hideo-kojima-shioli-kutsuna-game-time-en)

**Kojima:** It’s wonderful how immersing yourself in something you love can expand your world. In fact, that’s something I’m very conscious of when making games. I intentionally scatter elements of the films, music, novels, and art that I love throughout my work. That’s also why I actively collaborate with fashion.

**Kutsuna:** That makes sense—your works often introduce fans to new areas of culture.

**Kojima:** Exactly. Take the band Low Roar from the previous game, for instance. When someone hears a song in the game and feels, “Oh, I like this,” **I want that spark to lead them to discover the band, to explore Icelandic music more deeply, or even to seek out related films.** I believe that is the role entertainment is meant to play. Games have a tendency to remain closed systems that exist only within themselves, but I want players to step outside of that.",1005,71,1775688401.0,0.94,True,self.gaming
1sgx7t7,gaming,The Heart of Lower DeSalle DLC | Hunt: Showdown 1896,,25,56,1775757722.0,0.66,False,youtu.be
1si04ap,gaming,Recommendations for PS5/4 co-op RPG games where you and your friend’s builds can synergize?,"My friend and I just finished Baldur’s Gate 3 and it was a ton of fun building our characters out so we use each others moves to cause more havoc than we would solo. 

Any other games that allow you to do this? 

Can be online or couch co-op",0,16,1775857243.0,0.33,True,self.gaming
1shy0sj,gaming,What’s the most dangerously addictive online co-op game for 2?,"Me and a friend are hunting for that dangerous kind of online co-op game where you sit down for one mission and suddenly it’s 3 AM.

We want something with real progression, stuff to build toward, good teamwork, and enough depth that it keeps both players obsessed for way longer than just a weekend.

Big bonus if it has:

a campaign or some kind of long shared journey

story, worldbuilding, or memorable moments

loot, builds, upgrades, or meaningful progression

strategy or teamwork that actually matters

that “one more run / one more turn / one more quest” feeling

enough content to disappear into for weeks.

Genre really doesn’t matter. Could be RPG, shooter, survival, strategy, tactics, whatever, as long as it works great online for 2 and has that insane long-term hook.

Basically looking for the kind of game that slowly becomes the default thing you do every evening without even planning it.

What game did that to you?",0,62,1775852465.0,0.36,True,self.gaming
1sfove9,gaming,Forza Horizon 6 full map reveal,"&gt;This is Horizon Japan! From the iconic downtown streets of Tokyo City all the way to the snowy Japanese Alps, Forza Horizon 6 introduces our most dense and vertical map yet.

[Source](https://x.com/ForzaHorizon/status/2041803476070523044?ref_url=)",4508,242,1775643787.0,0.98,False,i.redd.it
1si2pyb,gaming,Red Roman Redemption,,0,12,1775863691.0,0.37,False,i.redd.it
1sfs829,gaming,"Hazelight: It Takes Two crosses 30M sales mark, Split Fiction at 7M",,1963,165,1775653360.0,0.97,False,techraptor.net
1sg0z8v,gaming,A closer look at Mt. Haruna (aka Mt. Akina) in Forza Horizon 6.,"Rejoice Initial D fans!  Everyone's favorite mountain road is going to be in the game.  Looking forward to seeing panda Trueno AE86s all over the mountain.  Hopefully there's some eurobeat on the soundtrack, too!",697,54,1775672389.0,0.94,False,i.redd.it
1shuo28,gaming,Does animal rescuing related games actually donate a part of the revenue to real life shelters?,"I've been playing Animal Shelter lately and saw that they state they donate money to real life shelters. Is there a way we can confirm that?

I mean, it definitely got me attacked and made me buy Animal Shelter 2, beside the bugs. This is a good marketing strategy if it has real proof",0,8,1775845156.0,0.24,True,self.gaming
1sfu1xa,gaming,Introducing Xeno Arena: The 36th free update to No Man's Sky,"As No Man's Sky approaches it's 10th anniversary, Hello Games has revealed the latest free update to the game: **Xeno Arena**

https://www.nomanssky.com/xeno-arena-update/",1307,232,1775657616.0,0.93,False,youtu.be
1sfxbmq,gaming,How would you solve the issue of your character in sequels keeping their powers from the previous game?,"In most video game sequels there has to be a part that shows your character losing their powers/skills, or you're forced to play as another new character who doesn't have those same powers/skills because for one you can't just drop an overpowered character into a new world, and for another and more important reason, anyone who didn't play the original would be completely lost if they had like 30 weapons and 60 points already assigned to their skill tree right off the bat.

So is there a way to do a sequel character without just having a wizard show up and take away their powers at the start of the game, or is that something we just have to suspend our disbelief and accept it?  
Are there games that did this extremely well?",726,391,1775664651.0,0.93,True,self.gaming
1si8dh2,gaming,Marathon...,"Sony: Here's 1.3b, make cool shit that sells!

Bungie: ""marathin""

Sony: what's the budget?

Bungie: 200m, and we have great artwork!

Sony: OOOooohĥh!

Bungie: releases...

Players: ""neat'

Sony: Ummm

Bungie: don't worry!

Players: K, bye 

Sony: bruh?

Bungie: Wendy got you, just wait for map.

Sony:.....

Players:.....

Bungie: ""BOOM""

players: ....

Sony: .....

Players &amp; Sony: what changed other than Players leaving?",0,64,1775879271.0,0.13,True,self.gaming
1sfwr4o,gaming,"Back in 2020, the new generation promised us that games made with the new technology and running on SSD's would be way bigger and richer in content. Which games in your opinion actually delivered on this promise ?","I'll start with Doom The Dark Ages. The game imo doesn't look much better than Eternal, but boy is it bigger. And all that while having basically the same install file size (90GB).",316,164,1775663441.0,0.85,True,self.gaming
1sfrrot,gaming,Rebuilding My Childhood Collection,Rugrats was the first ever game I beat (circa 2001). Slowly re-adding more to the collection! ,534,57,1775652231.0,0.95,False,i.redd.it
1shm4f2,gaming,I think Steam recommendations slowly changed my taste in games,"I realized something recently.

I used to mostly play story-driven games, but after spending a lot of time just scrolling through Steam, I keep getting recommended the same types of games over and over.

At some point I just started trying them… and now I play them way more than I used to.

It made me wonder if my taste actually changed, or if I just adapted to what Steam kept showing me.

Has something like this happened to you too?

And if not, how do you usually find new games?",0,41,1775826631.0,0.36,True,self.gaming
1sg7668,gaming,Pure PS1 Action Man Gaming - One.,"The more destruction you caused, the more damage you did, the more health you had. ",65,26,1775686148.0,0.84,False,i.redd.it
1sfvqgg,gaming,SAMSON debuts with a 54 on Metacritic,,241,239,1775661249.0,0.8,False,metacritic.com
1sg41aw,gaming,Games like Soldier of Fortune (dismember),"I played the FPS Soldier of Fortune on PC and PS2 back in the day. I got a copy of it on PS2 and had totally forgotten that you can shoot off arms, legs, and heads. There is something about shooting a guys leg off and he hops around screaming that makes me smile.

Does the game hold up?? It’s rough to look at but I find it fun even for its age.

My question is …. Are there any other games from 90s to today that has that level of dismemberment? The closest thing I could think of was Dead Island 1 and 2 which I’m a big fan of but would like to play some other games like it.",78,103,1775679022.0,0.84,True,self.gaming
1sftoy8,gaming,Games so immersive you just stroll to your destination? (Cyberpunk 2077),"for me obviously Cyberpunk 2077 is one of em but tell me about other games with well crafted worlds that you can't help but to just take in slow , appreciating all the detail in the virtual world. 

There's a lot of open world games where fast traveling makes more sense but which games are out there that made you walk around and explore slowly instead? which game is that for you? please share so I can explore more well crafted worlds! 

\*Video is from Cyberpunk 2077. Just taking a nice stroll to the Afterlife club. ",197,191,1775656831.0,0.73,False,youtu.be
1sfsznk,gaming,Switch 2 version of 007 First Light has been delayed until later this summer,"&gt;“007 First Light comes to PlayStation 5, Xbox Series X/S and PC on May 27, 2026, and Nintendo Switch 2 later this summer,” the post reads.

&gt;“We’re excited to see players discovering James Bond’s reimagined origin story, and we are looking forward to bringing you the best game experience possible across all platforms.”

&gt;The game had already been delayed on all formats – its original release date was planned to be March 27 before IO Interactive announced it had been put back by two months.

&gt;““007 First Light is our most ambitious project to date, and the team has been fully focused on delivering an unforgettable James Bond experience, bringing together breathtaking action, globe-trotting, spycraft, gadgets, car chases, and more,” IO Interactive CEO and game director Hakan Abrak said at the time.",185,41,1775655196.0,0.91,False,videogameschronicle.com
1shgnkz,gaming,I thought REmake was the worst of it for Tank controls then I tried Deadly Silence.,"I've read the best versions were either DS or the director's cut. I was not prepared for the movement to be this stiff and clunky. the movement is strictly forward and backwards and side buttons stops the character to rotate and it does so slowly. And all this using a D-pad.

People will probably tell me to ""git gud"" and honestly that's fair, I wasn't expecting this to be a breeze, but I was atleast expecting it be fun. 

Just a disclaimer, I didn't set out to play the older games looking for things to criticize. I really loved REmake, tank controls and all. I just didn't expect even basic things like movement to be this challenging. That being said should I just play the director's cut instead, or will I encounter the same problem?

Hope y'all be nice lol, like I said as a fairly new fan, I wanted to give the older games a try out of genuine interest and love for the series.",0,31,1775809830.0,0.26,True,self.gaming
1sfn584,gaming,Why is there such a lack of modern licenced games?,"There used to be a follow-up game for almost every major movie, particularly animated ones, such as Shrek, Toy Story, Monsters Inc., Hercules... I mean, all of them pretty much, for a while. Were they the most amazing games ever? No, most were mediocre and just a way to draw out a few more $$$ from the fans' pockets, but some of them were actually really good games that I can come back to and enjoy even today, like Shrek 2: Team Action. That's a great game even without the licencing, but it's the Shrek brand and appeal that take it to the next level. Why aren't there games about modern movies? Give it to the B team and maybe someone makes a name for themselves through it. It's a great way to attract buyers since you already have the fanbase. Expand on the story a bit, add some stuff you couldn't in the movie. It doesn't even have to be an animated movie, it could be live action. Remember the Peter Jackson King Kong game? It was cool. The SpongeBob games did pretty well and SpongeBob me boy is way past his prime. ",367,256,1775637617.0,0.82,True,self.gaming
1sexo0g,gaming,"As an older gamer, seeing young kids waste their money on in-game purchases eats at my soul.","skins, outfits, dances, emotes, icons, loot boxes, currency, etc. ",13003,2814,1775572281.0,0.91,True,self.gaming
1sffc0f,gaming,Quantic Dream's Star Wars Eclipse Is Reportedly Still 'Years Off',,1263,147,1775612436.0,0.95,False,gameinformer.com
1sfr5rh,gaming,Forza Horizon 6 | Prologue Gameplay,"&gt;A new Horizon Festival is kicking off! This celebration of automotive culture and music is known to start with a bang, and this time is no exception. Drive next to a bullet train in a 2024 Nissan GT-R Nismo, take on massive jumps in a 2021 RJ Anderson #37 Polaris RZR Pro 4 Truck fitted for snow, get your first taste of the Touge roads of Japan in a 1995 Porsche 911 GT2 and drive our cover car, the 2025 GR GT Prototype for the very first time. Songs, cars, jumps - Forza Horizon 6's prologue is the perfect introduction to your experience in Horizon Japan. ",160,217,1775650637.0,0.77,False,youtu.be
1shcg4q,gaming,Recommend a rock solid action/RPG game for a gamer dad,"Note that I'm looking for an Action/RPG title, NOT an ARPG. Preferably 3rd person over-the-shoulder camera (1st person is also fine I guess), not isometric/top down.



Requirements: 

1) Excellent Steam Deck experience



2) Llots of skills/builds/experimentation



3) detailed world to get lost in with some DEEP lore and worldbuilding



4) decent story with a great central mystery 



5) Call me what you will, but I need an EZ mode. Taking care of toddlers is enough Hard Mode shit for me for three lifetimes, thankyouverymuch. 



Games previously enjoyed: Mass Effect LE, Witcher 2/3, Cyberpunk 2077, Deux Ex games (the Adam Jensen ones), Jedi: Fallen Order/Survivor.



Games previously hated:  Soulslikes. Sorry, just not my jam. 

  
Thanks!",0,94,1775795399.0,0.39,True,self.gaming
1sftzi1,gaming,What is your favourite Fire/Lava/Magma level in videogames?,"I believe the Legend of Zelda games have always got good fire dungeons. And there are a lot of games that I think should have fire levels. Such as Warframe, Destiny 2, Fallout, and Borderlands 4, and The Witcher. (I consider heat levels like deserts and such to be a whole other category.) I struggle though to pick my favourite fire level. So I want to hear yours to help me decide.",85,205,1775657467.0,0.86,True,self.gaming
1sg3p9v,gaming,"I made a Princess Peach Crown set with glass earrings and broach, with lab grown rubies and sapphires and shell pearls. This one was a prize at SGDQ 2025 - Dave at Heroic Replicas",,19,8,1775678289.0,0.65,False,youtube.com
1sh61cd,gaming,Streaming my Xbox series x from the living room using Greenlight app on my steamdeck,"Works surprisingly well. Getting on average 2-3 ms lag. Had a few snags while setting it up but once I got it running it is great. Tried a few games of rocket League but I did notice the input lag, but for single player games I think it's damn near perfect",0,15,1775777655.0,0.4,False,i.redd.it
1sez6mp,gaming,"[Indie Enthusiast] Games I Recognize as Masterpieces But Can't Finish Because I'm Too Dumb, Too Busy, and Under-Notebooked.","These are exactly the kinds of games I *want* to love. Obscure (BUT TOO OBSCURE FOR ME), brilliant, inventive, critically adored, the sort of games that make you feel like the medium is still capable of magic and challenge.

But I've yet to finish any one of them. I lack the patience, note-taking discipline, comprehension, or uninterrupted adult human time required to actually finish them.

So I end up in this weird place where I admire them from afar, like that meme of the dog with its nose pressed against the storm door glass window. I’m rooting for them. I’m glad they exist. I will recommend them (in theory). But in practice, I am getting mentally folded into a lawn chair by games made for people who keep a dedicated puzzle notebook and perhaps don’t have a toddler asking for string cheese every nine minutes.

Games LIKE them that I've played to completely? Viewfinder. Cocoon. Humanity. The Pedestrian. Unpacking (not puzzley). The Swapper. Many others but those come to mind first and quickly.

Games on Deck to Play: Chants of Senaar. Gorogoa The Talos Principle. Superliminal. ",3190,459,1775575575.0,0.96,False,i.redd.it
1sfso7m,gaming,SAMSON Releases Today On PC,,44,115,1775654442.0,0.6,False,youtu.be
1seurae,gaming,How is there no modern version of Rockband?,The latest version is the Xbox 360/PS4 era. Was it really that unpopular? My friends and I used to love that game!,3021,825,1775565451.0,0.94,True,self.gaming
1sh7lm2,gaming,"Hot take: I think review (and to SOME extent, scores) matter a lot","Now, don't get me wrong. Personal experience is, and always will be, king. If you enjoy a game that's a 3/10 on metacritic or whatever then that's an awesome game for you and it's amazing that you found it. 

  
But realistically, how many games did you really enjoy that are under, say, 6 on metacritic? Heck, maybe even under 7. Do you have a significant amount of favorites that are in the 6-7 mark? Somehow I'd say that's unlikely for most people (again, just my baseless assumption).

  
But yeah, while I wouldn't say scores should be THE defining factor when picking up a game, I think sometimes people go too far in the other direction. How many of us have the money AND time to ""try and decide for yourself!"" for every game we might be on the fence. 

  
Filtering just by scored results, there are 459 games logged on metacritics for just 2025. It is insane to expect people to ""give a chance"" (even an hour long try considering steam refunds and all) to even 20% of this, let alone all of it.

And while one could argue the time you spend reading and doing research could be used trying games, that's also unrealistic. I read game reviews when desk warming at work. I browse reddit when commuting and etc. Then I feel like I know what to keep on my radar and what to ""deprioritize"". 

  
And yeah, I'm sure some gems escape me because of that. But you know what? Doing some research, checking scores and especially reading/watching/listening to reviews from trusted reviewers whose tastes I understand. (Like, I know Dunkey is not a JRPG guy, more of a ""gameplay first"" kind of person I'd say and I know shillup can be more tired of tropey content).

And of course, sometimes things go backwards. I tried skate story because of all the good press and was super bored and dropped it. One of my favorite series (Super Robot Wars) is never going to be even in any GOTY conversation (not even top scores lol) but I still love it much more than some highly scored games.

Maybe this post will read a lot like ""Well no shit Sherlock"" to many, but I guess this maybe is mostly about venting cause I'll admit it does bother me when people go to the point of calling reviews and scores irrelevant and have these weird theories that all reivewers are bought and they all suck at gaming so their experience is irrelevant to us. 

Yeah, there are lots of bad reviews for sure, but I'd wager there is quite a large number of people that are just as ""hardcore"" (for lack of a better word) as any one who games just for fun.

So yeah, if you're on the fence and have the time and money to try a game? Absolutely the best option. But don't listen to people who tell you reviews and scores are irrelevant. Information helps you make better choices.",0,119,1775781812.0,0.32,True,self.gaming
1sgtn33,gaming,Best/favorite food moments video games?,Best/favorite food moments video games?,0,43,1775750151.0,0.41,True,self.gaming
1sguuzb,gaming,"For games that have a limited amount of save slots, how do you handle saving once they are all full (e.g. do you always save in the top spot, do you work your way down each spot for each save?)",Thanks for any input.,0,16,1775752777.0,0.28,True,self.gaming
1sezfsx,gaming,There needs to be more games about playing as giant monsters/Kaiju,"I’ve always been a big fan of goat monster movies like Godzilla, King Kong, Ultraman, Gamera, Pacific Rim etc. and I’m really surprised at how few good Kaiju games there are. It’s kind of the same situation as Superman games where there might be some mediocre older ones here and there but you can’t scratch the itch for a big budget polished Superman game yet. I love the few indie Kaiju games there are like Gigabash and Dawn of the Monsters, as well as older PS2 era Kaiju games like Godzilla Save the Earth, King Kong, and War of the Monsters. They’re great games, but I think it’s time for a big budget giant monster game that lets you destroy all the cities and fight all of the monsters you want, with the quality of say the Insomniac Spider Man games or something.

I don’t think gaming companies realize how much demand there is for Kaiju games.",908,209,1775576130.0,0.95,False,i.redd.it
1sfwyah,gaming,Praise for the Tomb Raider 1-3 remasters,"Sony gave them to PS users as part of our subscription. I did not buy them.

In the 90s I had a terrible PC that I mostly used to play Myst and Area 51. I think I was 11. And somehow I was playing the 1st Tomb Raider 

It was awesome and difficult, terrible and awesome. and you had to use a keyboard. ",9,29,1775663869.0,0.57,True,self.gaming
1sgzs5c,gaming,"What's a game you've played that reviewed poorly, but you still loved anyway?","# Dragon Age: The Veilguard

[**Metacritic**](https://www.metacritic.com/game/dragon-age-the-veilguard/)

&gt;**Reviewer Score**: 82/100 (7*3 critic reviews)*  
**User Score**: 4/10 (*8,759 ratings*)

I have 50 hours in DA:TV, and the platinum trophy. I loved every moment of it.",0,122,1775763164.0,0.38,True,self.gaming
1sfgelv,gaming,AAA Strategy Games and Total War Releases,"Why have there been little to no releases from the major RTS franchises like Command and Conquer,Starcraft and Company of Heroes compared to Total War, when there is a new Total War game nearly every 2 to 3 years?",104,138,1775615319.0,0.86,True,self.gaming
1semgo8,gaming,Nvidia’s DLSS 5 video gets blocked after false copyright claim from Italian broadcaster,,4385,169,1775537798.0,0.98,False,dotesports.com
1sgrt48,gaming,Games that suffered from having been made as games?,"Hello everyone. I'm currently writing an assignment about how the videogame form is used to create meaning. I already have plenty of examples of games that use the form well or in unique ways, as well as points of discussion about how videogames in general differ from other mediums. But I'm struggling to think of any examples of stories in games that fail at this, games that would have been better served by a different medium. I don't mean games that make you think ""this could have just been a movie""; I'm talking about games where you think ""this would have been *much better* if it was a movie/book/etc."". The best I can think of is games with ludonarrative dissonance such as *Uncharted*, but I feel like that still works as a videogame overall. The exhilaration and adventure of Nathan Drake's journey is heightened by the gameplay and the fact that you control him, its just the excessive violence that is immersion breaking.",0,64,1775746239.0,0.34,True,self.gaming
1seyedp,gaming,Great Monster Capture game from 1998. Katsuya Kondo from Ghibli did character art.,,498,109,1775573891.0,0.96,False,i.redd.it
1sgr2v6,gaming,Coast to coast trailer -- From Miami to L.A in The Crew (2014),"This was the trailer that sparked massive expectations for The Crew (2014). Ubisoft ultimately failed to deliver, the game being riddled with bugs and subpar graphics. 

Peter Brown from [*GameSpot*](https://en.wikipedia.org/wiki/GameSpot) gave the game a 5/10, also praising the massive game world, as well as the single-player mission, but criticizing the automatically activated missions, frustrating side-missions, such as the raid car missions and the fleeing missions, as well as outdated graphics, poor physics, AI and user interface, texture pop-in and disappointing cars, buildings and environment models.",0,3,1775744632.0,0.27,False,youtube.com
1sers64,gaming,Best Final Mission in Gaming? Mass Effect 2 IMO.,"I recently posted asking people what they thought the best intro in gaming was and it was a lot of fun to see everyone’s responses :)

I started playing through the Mass Effect series again a couple of weeks ago and I just finished the Suicide Mission. I honestly think it’s the best final mission in all gaming history. I’ve played this mission over 20 times (I love the ME series haha) and I still get goosebumps and a bit nervous every time.

I am curious what other final missions people think about in gaming though. Other honourable mentions for me would be the finale of Red Dead Redemption and the Battle of Kaer Morhen in The Witcher 3.

(And I bet this questions gets asked here often enough but I haven’t seen it myself so I thought I’d post. Sorry if this is post number 637 about this topic haha).",656,288,1775556589.0,0.88,True,self.gaming
1sf0omv,gaming,SP survival shooter Road to Vostok is out on Early Access today,,179,26,1775578759.0,0.85,False,store.steampowered.com
1sgq7yn,gaming,Crimson Desert has been fantastic!,"Well well well... How the turntables....

I made a post discussing how I still considered Crimson Desert the GOTY at launch despite the massive backlash it was receiving. I'm really glad most changed their minds about how good the game is. The user score on metacritic has beat out all versions of Skyrim and Elden Ring across all platforms, and Pearl Abyss has turned it around with frequent, useful updates that address most of our concerns.

This has easily become one of my favorite games of all time. From the winters of Pailune, to the hot sun of the Crimson Desert, the things to discover in this game are unbelievable. There is literally a new thing every day, and the people joking about ""120 hours in, still in Hernand"" are not actually joking, the game is that big.

I have not seen a better world since maybe Skyrim but this one is actually significantly better and somehow has more hand-crafted locations, the attention to detail is RDR2 level if not better. NPC's actually live, they joke around with their friends, they carve statues in real time, and you can sit there and watch all these things. Beggars will grab onto you and beg for money. The game is filled with secrets everywhere, it rewards exploration so much it's insane, the world gets to be explored. The mini-games like the card game, wrestling and bare-knuckle boxing, archery and spear contests, fishing, even freaking Rock, Paper, Scissors! It's just ridiculous how much they packed into this game.

The locations are so varied too, like a fishing village in the south plagued by actual pirates with shipwrecks and treasure, or a dark and mysterious massive tower to the north, to a little village filled with cats and hobbits, to a castle overrun by spiders. The Crimson Desert itself is fucking gorgeous as well, that entire region could get this game an award based on how beautiful that entire place is and how expertly crafted every single part of it is.

You can get all manner of pets, tons of different types of dogs and cats that you can pet, feed, and they'll loot bodies for you, they also can't be harmed no matter what so they'll be safe while you fight.

Some of the quests are boring fetch quests, but there're so many different types of quests and factions here it's impossible to not like SOME of them. One of my favorites was using my lantern to literally track down a legendary wolf that was terrorizing the countryside, and killing it gave me its soul, which gave me knowledge of all legendary mounts.

The traversal system is actually insane, the amount of ways to get from place to place makes you want to almost never use fast travel ever again. There are tons of different mounts like Bears, Deer, a Dragon, a goddamn Mech, legendary horses, etc. You can glide, fly on the back of airships, launch yourself with a tree into the air, use self-made explosions to launch yourself to a far distance (not explosive barrels, those will just kill you.)

Combat is phenomenal, this has Elden Ring or Dragon's Dogma-level combat, with deep, brutal fast-paced combos that feels like a fighting game sometimes. It also relies on timing, especially during boss fights. You can block, dodge, parry which opens up a guard to attacks, the bosses have patterns and all the non-story bosses I've fought so far have been reasonably tough, although some have been outright unfair and unforgiving, and this is coming from someone who finished Dark Souls 1 without summons and played Elden Ring. Even the unarmed combat is just absolutely phenomenal, and a viable route for this game.

Character customization is really good, especially with the ability to use dyes to craft the exact kinda look you want, and this means even your armor and weapons too, there's a barber that can change your hair and mustache/beard style. Actually customization across this entire game is pretty awesome, all your mounts can be dyed and get their own armor, your pets can get their own little armors which is adorable. There is a house you can manually decorate with stuff you pick up from around the world, as long as it has a ""house"" icon on it. You can even start a garden where you choose the stuff you wanna plant. There are 3 different characters so it's easy to be happy with one of them.

The music is also really good, just travel in the mountains and those soothing Hymns, or that damn amazing Flower Petal song.

Now, some complaints... 

Kliff sucks, he's a horrible protagonist with zero personality, the game has the bones of a good story and good dialogue, it begs so bad for a sarcastic, witty character like Geralt, but we got Kliff who says almost nothing. Even Kliff's own voice actor says that both Kliff and the game's story is terrible. I don't think the story is absolutely horrible (yet), but I am not exactly glowing with excitement about it.

Some of the quests can be pretty tedious and boring, and the controls can be somewhat frustrating sometimes but it's not even close to as bad as some people were saying, and they're slowly adding the ability to change the controls from the settings.

Honestly, the good heavily outweighs the bad for me personally, this is going to go down as one of my favorite games ever made. But what are your thoughts?

Edit: I really can't help but feel like most of the people who are shitting on the game are just those who can't handle being wrong and are doubling down, or the people that really want a good narrative. Especially considering the reasons people are enjoying the game is because of how fun the gameplay is and how good the world is, with even the most diehard fans admitting that the story and narrative are terrible.

Complaining about the highlights of the game (and the reason it's getting amazing sales and good user scores on both MetaCritic and OpenCritic) just serves to show that you can't have an unbiased look at this game.

Double edit: After seeing the downvotes for people saying they like the game and tons of upvotes for people saying they dislike the game, it's clear the game never had a chance on this sub to begin with. Enjoy your Elden Ring's and Witcher 3's, I'll take the game that's far more fun, thanks. Oh and don't forget to ignore the perfect user score on OpenCritic and the great user score on MetaCritic or the fact that IGN wants to re-review the game and give it a way better score.",0,65,1775742685.0,0.38,True,self.gaming
1sgnr2h,gaming,Live service games should have to be reviewed by gaming publications and have updated reviews every 6 months,"So many live service games launch strong and “with tons of promise” and get these glowing reviews because of partially what they are and partially because of what the reviewer hopes they become.

They then shift from player acquisition to monetization and the game goes to shit and meanwhile the review and as a result largely public discourse for those considering the game does not reflect its current state. If these games were reviewed at regular intervals it would probably hold them a bit more accountable and help prospective new players know where the game truly was at when researching if they wanted to get into it.",0,29,1775736456.0,0.31,True,self.gaming
1se28yc,gaming,Y’all need to embrace your local libraries. Just rented this for free.,,12874,672,1775489658.0,0.96,False,i.redd.it
1sel6sy,gaming,I got into 3D printing and made my best friend the Helldivers 2 award he deserves. I'm going to give it to him in costume in an impromptu award ceremony in his living room and have him improv an acceptance speech. Cause why not.,"My best friend back home has been down lately so I decided to try my hand at some 3d modeling and put this neat little trophy together for him since we play Helldivers 2 together a lot. All 3D printed, sanded, painted, primed and glued by me. Went down a couple rabbit holes to texture PLA like wood and it came out pretty good! I plan on having an impromptu award ceremony at his house, and give a speech that really amps up how impactful his contributions to Super Earth have been. I'm also putting together a Helldiver cosplay so I plan to present the trophy to him in full Helldiver costume, and he's going to have to improvise an acceptance speech haha. Below is the speech I plan to give, I'd appreciate feedback if there's any Democracy officers out there who happen to see this.

Citizens, patriots, and defenders of Managed Democracy…

I stand before you today to ask a question.

What becomes of us when Democracy falters?

What fate awaits our planet, our people, our very way of life… when devotion wavers and patriotism fades?

The answer is simple.

We crumble.

We fail not only ourselves, but the countless heroes who gave their lives so that Super Earth might endure.

But that… is not our destiny.

Because when tyranny rises… we fight.

We fight for our homes.

We fight for our fellow citizens.

We fight for Managed Democracy.

And it is that Democracy that we gather here to honor today.

When Democracy called… he answered.

Across the battlefields of the galaxy — from the swamps of Barabos to the blazing vortexes of Cyberstan — his resolve never wavered.

Again and again he faced the horrors of the frontier.

Struck down by the rusted communist war machines of the Automatons.

Scorched by the acid and claws of the Terminid menace.

And yet, each time… he rose again.

Not for glory.

Not for reward.

But for Super Earth.

For liberty.

For Managed Democracy.

It is for this unwavering devotion, this relentless courage, and this indomitable spirit that we gather here today.

On behalf of Super Earth… and all the citizens whose freedom he has defended…

\*\*pull out trophy\*\*

It is my great honor to present the Super Earth’s Greatest Hero Award…

to the patriot whose name shall forever be recorded in the glorious history of our democracy.

Please rise, soldiers…

And welcome to the podium…

tryinghippo.",1064,29,1775533961.0,0.95,False,i.redd.it
1sgmwlq,gaming,Is Overwatch worth getting into again?,"I've recently been thinking about the game, but I am aware that there was the whole Overwatch 2 drama and the game was being called bad and that was apparently also true (didn't play it at that point). 

But it has been some time already since then - so is the game similar to how to used to be now? If I play it, will it feel like I'm playing good old Overwatch again or will it feel comepletely different? ",0,67,1775734038.0,0.27,True,self.gaming
