id,subreddit,title,selftext,score,num_comments,created_utc,upvote_ratio,is_self,domain
1tcz9b0,Music,Hud Holcomb - Clockin’ In [Country] (2026),,1,0,1778767578.0,1.0,False,youtu.be
1tcyzxv,Music,Sevendust: Neues Album “One” und 30 Jahre Rockgeschichte,,0,0,1778767032.0,0.5,False,paranoyd-magazin.de
1tcyze0,Music,O.A.R. - Program Director [rock],,1,0,1778767001.0,1.0,False,youtu.be
1tcyz4n,Music,"U2 in Mexiko City: Videodreh zu ""Street of Dreams"" gesichtet",,0,1,1778766986.0,0.5,False,paranoyd-magazin.de
1tcyvej,Music,My Ford 150 (Music Video) by Michael Ellis,"https://youtu.be/6a2KySgeCbQ?feature=

about a man driving his truck and finding Country Love! A great story, a great country song. The chorus is catchy so don’t forget to replay and sing along",0,1,1778766756.0,0.17,True,self.Music
1tcyrnw,Music,I desperately need heat to some good song,,0,0,1778766540.0,0.5,False,
1tcyq0k,Music,Queens Of The Stone Age - 3's &amp; 7's [Rock],,2,0,1778766436.0,0.75,False,youtube.com
1tcyj1s,Music,Music name,"Hello, I've been using apps and all to try and find the name from this music, if anyone can help I would be greatly appreciated

I can only get a link to the AD here dk why

[Instagram Music AD](https://www.instagram.com/stories/sonarfestival/3889449395850857075?utm_source=ig_story_item_share&amp;igsh=eTEycTJyeGVwdjNx)

Thank you all!",0,0,1778765997.0,0.25,True,self.Music
1tcycgb,Music,Udo Lindenberg Remix,"Udo Lindenberg, a great musican from Germany will celebrate his 80's birthday soon.

So here's my personally present:

[https://remix.audio/track/90854/udo-lindenberg-sie-brauchen-keinen-führer-hahnstudios-alternativ-mix](https://remix.audio/track/90854/udo-lindenberg-sie-brauchen-keinen-führer-hahnstudios-alternativ-mix)

  
Happy birthday old gut!",0,0,1778765583.0,0.2,True,self.Music
1tcy8ax,Music,"any female music artist out there who could collab with me, for my upcoming album.",,0,0,1778765316.0,0.25,False,
1tcy67i,Music,[TOMT] 00s song from a coed group,,0,0,1778765186.0,0.5,False,
1tcy5oj,Music,"You can spend 3 months rearranging furniture in someone's house but no matter how big the effort is, that house isn't yours","Same thing with AI music. 

People can argue that they spend hella time and effort with their prompting and tweaking Suno Studio but what is missing here is authorship of the decisions. The music has a soul when the decisions that it came from a place only you could have reached. Without actually learning about music, one could never at least get to the ""I chose this chord because I wanted this feeling"" chain. They don't know why a song hits. And when it does, they cannot repeat it.

It's true that listeners don't need to understand music to appreciate it. But makers, even amateur ones, need to get it to craft their soul, their true color, which AI can never replace.",0,9,1778765154.0,0.47,True,self.Music
1tcxs9p,Music,Tove Lo announces new album ‘Estrus’ with sultry single ‘I’m Your Girl Right?’ and 2026 world tour,,4,2,1778764295.0,0.7,False,nme.com
1tcxrue,Music,What’s your favorite imperfection in a song?,,0,1,1778764270.0,0.33,False,
1tcxems,Music,Jack Antonoff Slams People Who Make AI Music as 'Godless Whores',,933,119,1778763455.0,0.93,False,variety.com
1tcxdcv,Music,Perfume - Ijiwaru na Hello [Electropop],,0,2,1778763370.0,0.5,False,youtube.com
1tcxb10,Music,"I have music ""depression"". Is that even a thing??","So, I want to preface by saying that music is one of the most important aspects of my life. I listen to it every day, at work, working out, at home, when I'm baked, etc. I even play guitar (recreationally). However, these past few days the music I listen to has not been hitting at all. Like, I get no emotion while listening some of my favorite tracks. Absolutely out of character for someone like me (I've cried multiple times listening to songs). For reference, these past few days I've been listening almost exclusively to prog metal/death metal. And yes, I have tried venturing out these past few weeks but just, nothing hits :c like songs can be catchy and stuff but, I feel nothing.... ",3,42,1778763214.0,0.56,True,self.Music
1tcx3xr,Music,Phosphorescent - Ride On / Right On [Indie Rock/Folk],,1,0,1778762735.0,1.0,False,youtu.be
1tcwsji,Music,The Carpenters - We've Only Just Begun [Pop],,15,4,1778761944.0,0.89,False,youtube.com
1tcwnhn,Music,"Steve Hogarth - Famous Blue Raincoat [ Leonard Cohen cover] Happy Birthday h, happy 70",,0,0,1778761589.0,0.5,False,youtu.be
1tcwd22,Music,Going solo to concerts because my friends are boring/broke lol. How do I find a concert squad?,"Hey guys!

So I’ve decided to finally go to see The Neighbourhood and The Weeknd this year, but here’s the problem: none of my friends are into concerts. They don’t want to spend the money \[guys is the experience i'm talking about\]

I’m definitely going anyway, but I’d honestly love to find some people to hang out with before or during the shows. I’ve tried looking through endless comment sections to see who else is going, but honestly... I'M DONE. 

Is there a better way to find my people? Any apps, specific groups, or just tips on how to meet people there without it being awkward?",0,9,1778760863.0,0.27,True,self.Music
1tcw80j,Music,Billy Talent - Red Flag [Alternative],,3,0,1778760504.0,0.8,False,youtube.com
1tcw3td,Music,"I'm dropping new music every week of 2026, l've got too much in my head not to, I'm honing the craft and learning how to mix and master all solo from my garage...","I'm dropping new music every week of 2026, l've got too much in my head not to, I'm honing the craft and learning how to mix and master all solo from my garage...I'm regularly posting updates on Instagram @cheapskatesucks and want to know what people think so far and how to improve!",0,0,1778760196.0,0.5,False,
1tcvzmd,Music,ARTHUR (or the Decline and Fall of the British Empire) - The Kinks (1969):,"['ARTHUR' \(1969\): Seeking out a song with more astute social comment than 'Shangri-La' is not worth the effort. It hasn't been recorded. ](https://preview.redd.it/tc5exngfe31h1.jpg?width=378&amp;format=pjpg&amp;auto=webp&amp;s=04a4827a1fcab0980894e6c73d6bb8d185e41b76)

[https://samtimonious.com/the-kinks-arthur-or-the-decline-and-fall-of-the-british-empire/](https://samtimonious.com/the-kinks-arthur-or-the-decline-and-fall-of-the-british-empire/)",3,0,1778759926.0,0.8,True,self.Music
1tcvyti,Music,Cryin' - Aerosmith [hard rock/blues rock] (1993),,0,1,1778759872.0,0.4,False,open.spotify.com
1tcvy50,Music,Body Count - Cop Killer [Punk Rock] (1992),,4,0,1778759823.0,1.0,False,youtu.be
1tcvush,Music,Human League - Don't You Want Me [synthpop/newwave] (1981),,5,0,1778759573.0,0.86,False,open.spotify.com
1tcvud9,Music,prodbycx3 - plant [UKG X DUBSTEP],,0,0,1778759543.0,0.5,False,youtu.be
1tcvogw,Music,"Korn Have Written Nearly 40 Songs For Their New Album, Munky Says Fieldy ""Kind Of Checked Out"" Prior To His 2021 Exit",,185,67,1778759114.0,0.93,False,theprp.com
1tcvo9o,Music,"Ozzy and Sharon Osbourne biopic ""will absolutely happen"", slated for 2028 release",,0,7,1778759100.0,0.07,False,nme.com
1tcvcmm,Music,Immortal Soul On Fire - Never Anything But Courageous [Rock],,1,0,1778758225.0,1.0,False,youtu.be
1tcv2k8,Music,"Is it just me, or is 2026 the year our wallets officially go on strike? The concert/album lineup is insane, but the prices are soul-crushing!","I was just looking at the tour schedules and upcoming releases for this year, and my bank account is literally screaming. 

It feels like **every single artist** decided to drop an album or announce a massive world tour at the exact same time. From the stadium tours to the smaller indie gigs, the FOMO is becoming physically painful because, let's be real: who can actually afford all this?

 I’m at a point where I have to choose between seeing my favorite band or, you know, eating.

* **Which tour/album are you sacrificing your savings for this year?**

Let’s vent together. How are we even surviving this??? I JUST WANT TO LISTEN MUSICCC",168,95,1778757435.0,0.88,True,self.Music
1tcuu6l,Music,Alan Vega - American Dreamer [Synth Punk] (1983),,1,0,1778756784.0,0.67,False,youtu.be
1tcuoua,Music,Brian Fallon - Not Bad for New Jersey [Rock],,4,0,1778756372.0,0.83,False,youtube.com
1tctuy6,Music,New Style,"


Starting to create my unique dark persona as artist and grind very hard to accomplish my goals 

I make everything on my own, from the instrumental to the mix to the master, even the visuals 

here’s the YouTub e: 

https://youtu.be/EtTPpb22uJ4?si=BJJO-t42Kh2uIpzk

Curious what people think ",0,4,1778753772.0,0.3,True,self.Music
1tctfjz,Music,Kabir - 1 14 माँगन मरण समान है Begging is like death [Folk],,0,0,1778752430.0,0.33,False,youtu.be
1tcteqz,Music,Tesla - Comin' Atcha Live - [Rock] ( Live 2008 ),,0,0,1778752358.0,0.4,False,youtube.com
1tctdhh,Music,Lyrics that changed your life?,"Some songs have lifechangingly good lyrics. 

What Sarah Said by Deathcab for Cutie, How to save a life by the Fray, and Enjoy The Ride by Morcheeba have lines that have stayed with me for many years now. 

""love is watching someone die""   
""I would have stayed up with you all night, had I known how to save a life""  
""The day that you stop running is the day that you arrive""

What are your favourite examples of this? ",1,14,1778752242.0,0.54,True,self.Music
1tcsfy3,Music,Dwarves - Salt Lake City [Pop Punk],,0,0,1778749166.0,0.33,False,youtu.be
1tcs5oc,Music,Gary Peacock and Marc Copland Interview,,0,0,1778748200.0,0.33,False,
1tcs05b,Music,Colle Der Fomento - Il Cielo Su Roma [Hardcore Hip Hop] (1999),,0,3,1778747678.0,0.5,False,music.youtube.com
1tcryt4,Music,Red Hot Chili Peppers продали свои песни компании Warner Music Group за 300 миллионов долларов.,,0,3,1778747550.0,0.18,False,
1tcryoa,Music,Song name?,,1,4,1778747538.0,0.56,False,
1tcruej,Music,MARMO FT. SIRO E JETRO - Marijuana [Trap],,0,5,1778747137.0,0.4,False,youtube.com
1tcr754,Music,GIOSAN - Box It Out! [Sad Chill Hip-hop] (2026),,0,0,1778744934.0,0.5,False,youtu.be
1tcqs4t,Music,Badass Tran - 4AM IN SAN JOSE [RNB],,0,0,1778743539.0,0.25,False,youtu.be
1tcqj4h,Music,YT Deep Discog Dive,"I deeply love and obsess with the Youtube Channel Deep Discog dive. The way they lay the artist work out chronologically, emphasize their fave songs per album, and explain who the artist is and how they’ve become who they are we know today. However is there any other channeled out there that are like that? ",1,1,1778742683.0,0.67,True,self.Music
1tcqedb,Music,"BTS, Madonna &amp; Shakira Set For FIFA World Cup Final Halftime Show",,59,27,1778742243.0,0.75,False,deadline.com
1tcpwa5,Music,Sheryl Crow - All I Wanna Do  [Country Pop],,0,1,1778740588.0,0.44,False,youtu.be
1tcppsn,Music,joki x Raluka x Chella - BUMP [Afro House],,0,0,1778740002.0,0.5,False,youtu.be
1tcpk9s,Music,Nightflare - Quiet collapse [Alt-pop],,2,0,1778739518.0,1.0,False,open.spotify.com
1tcpfra,Music,J Cole tickets,"I bought three tickets to see J Cole on July 17 in Atl, but unfortunately life happened and I’m no longer able to go. If you’re interested in buying they’re section 118, row H. It can be one two or all three just let me know",0,3,1778739108.0,0.3,True,self.Music
1tcpel0,Music,Hud Holcomb - Red Bobber [Country],,2,1,1778739007.0,0.75,False,youtube.com
1tcozh2,Music,more music like this pleaseeee,,0,0,1778737703.0,0.25,False,
1tcoxsg,Music,Imperil - Spores [Alternative],,1,0,1778737554.0,1.0,False,youtu.be
1tcol27,Music,Daði Freyr - I'm Out and I Wanna Go Home [Synth Pop] (2026),,2,0,1778736446.0,0.67,False,youtu.be
1tcoc3c,Music,Imperil - Moonlight [Alternative],,1,0,1778735663.0,1.0,False,youtu.be
1tcnxcy,Music,Sadat X - The Lump Lump [Hip-Hop/Rap],,1,0,1778734438.0,0.67,False,youtu.be
1tcn59k,Music,Bahama Soul Club - Ay Jona [jazz],,1,0,1778732092.0,1.0,False,youtu.be
1tcn19z,Music,Them LDGxAOS Yn Been Popping Shxt I’m Go To Club Cabana Tonight 🙃😂😂😂,,0,7,1778731766.0,0.18,False,
1tcmqzi,Music,No recuerdo el nombre de la cancion,"hola buenas noches venia aqui preguntando por una cancion que suena como midnight city pero no lo es ya que la portada mostraba a un hombre negro con coleta larga y que estaba sentado o parado frente a un taburete azul.

si conocen la cancion me escriben porfa que la intentado buscar desde hace dias.

y aparte esta la escuche ase ya mucho tiempo.",0,3,1778730959.0,0.5,True,self.Music
1tcmjk6,Music,Beastie Boys - Shambala/Boddhisatva Vows [OGGrime],,3,8,1778730371.0,0.61,False,youtube.com
1tcmidu,Music,Frankcisco velazquez - player [hip hop],,0,8,1778730282.0,0.33,False,youtube.com
1tcm7am,Music,Frankcisco velazquez - anything [hip hop],,0,0,1778729411.0,0.2,False,youtube.com
1tcm6tr,Music,KRS-One - Rappaz R.N. Dainja [Hip-Hop/Rap],,16,2,1778729374.0,0.86,False,youtu.be
1tcm446,Music,"What a disappointment it must have been for Live Nation to sign Madonna, right?","As I explained earlier, but I’ll say it again. 

Live Nation and Interscope Records offered Madonna a contract to record three albums and go on three tours over a 10-year period. 

Warner Music was in negotiations in 2008–2009 but publicly admitted that it was letting Madonna leave the label since she was no longer relevant at the time and they didn’t see a future for her as successful as before to try to compete with the contract that Live Nation and Interscope offered her. In addition to her latest failure with \*Hard Candy\*, which did not achieve the expected success for either Madonna or Warner. 

That is how Madonna ultimately agreed to sign with Live Nation, given Warner’s refusal to retain her, and also because of the tantrums Madonna threw at that time, since Warner had asked Madonna to do many more collaborations with successful artists, which Madonna refused, because she wanted to make solo songs. 

To begin with, it’s worth noting that the contracts with Live Nation and Interscope specified that for each of the three albums, Madonna would have to sell 15 million copies to make the deal profitable. 

In the end, adding up the total sales of her three albums, she only managed to sell approximately 5 to 6 million of the 45 million she was supposed to have sold. Live Nation and Interscope were furious, especially because even though she had a few number-one hits on streaming charts, her songs and albums only lasted a few days or at most a few weeks in the top 100 before plummeting to the bottom or even dropping off the charts entirely, and she couldn’t compete in physical sales, digital downloads, or streaming against other artists of the time who were far more influential, powerful, successful, and profitable than she was. 

So when the contract ended, Live Nation and Interscope kicked Madonna to the curb and flat-out decided not to renew her contract, simply leaving her adrift without another word. So after that, Madonna and Warner reunited (we don’t know what the terms of the contract were for Warner to take Madonna back), and that’s why we have her back this year, but despite her success, in terms of metrics, she’s still nowhere near what she once was and has the same or worse stats than her last albums (yes, despite having been on the top chart for a few days). For example, Olivia Rodrigo is 10 times more influential than Madonna right now, even though Madonna has released her two new songs that not all of her fans have liked. ",0,12,1778729158.0,0.23,True,self.Music
1tclt5m,Music,The Beatles vs Michael Jackson. Who was more influential,"Just been having this debate with my flatmate over who was ‘The Music GOAT’. I was a strong advocate for it being the Beatles, whereas he argued MJ. There was certainly an element of bias on both sides, due to us being from different backgrounds, with different musical upbringings so was wondering what other people might say. He seemed to think that whilst both had a huge musical influence, MJ had a much bigger influence on culture. Would people agree, or could the effect on culture be seen as objective, as culturally the beatles have had a bigger effect on me. Equally if you want to throw a different band into the mic, i would be intrigued to hear who!",0,20,1778728313.0,0.27,True,self.Music
1tclrpi,Music,What’re Some Examples of Songs Which Sound Like They Come from a Different Country than the One You’d Expect?,"My pick would definitely be “Butterfly” by Smile.dk. Because it was on a lot of toy phones and it has a vaguely East Asian sound, a lot of people thought the song was from Japan or China. Smile.dk is from Sweden. ",0,1,1778728206.0,0.5,True,self.Music
1tcl7bn,Music,Does anybody think critical-ratings like Pitchfork has become the new Billboard Charts for people?,"I've been seeing a lot of fans comparing artists with pitchfork and aoty/.org ratings more than charts. I think it's because of that slogan ""quality over quantity"" had become more prominent in the internet.",0,5,1778726705.0,0.2,True,self.Music
1tcl3pl,Music,Astral Hunger - Velvet Gravity [Jazz] [2026],,0,2,1778726429.0,0.12,False,youtu.be
1tckk8s,Music,Carnie and Wendy Wilson - Hey Santa [90s Christmas Pop],,1,1,1778725005.0,0.6,False,youtube.com
1tck9rx,Music,"Watch: Deftones Frontman Chino Moreno Fell Onstage While Playing ""Hole In The Earth"" In Auckland, NZ",,0,8,1778724261.0,0.5,False,theprp.com
1tck87g,Music,Vitechmo - Atape [IDM/Downtempo/Trip-Hop],,1,0,1778724150.0,1.0,False,youtube.com
1tck748,Music,"Noga Erez - Stuck in Heaven [electro, alt, experimental pop]",,1,1,1778724076.0,0.67,False,youtu.be
1tck1of,Music,VAN D - Locked Room Key (Official Audio) [Lo-fi Hip-hop] (2026),,1,0,1778723713.0,0.66,False,youtube.com
1tck0hr,Music,Nick Straker Band - A Walk in the Park [Synth-Pop],,2,1,1778723632.0,1.0,False,youtube.com
1tcjsxh,Music,Quick question / delete if not allowed,"Hey I run a free studio session type deal out of my apartment in Minneapolis while I'm not teaching 5th grade math. The people that I help typically are the unhoused and I try to get preferential space at least time to those that over my 30 plus years of music now I can see and feel and hear something when they play whether that be for somebody from the LTGBT community, rappers from the trenches of Eastside St Paul/North Minneapolis, the one or two few people still holding Prince's dream alive and have the talent for it from that same area North Minneapolis, to your somehow either Wisconsin night or Southern America transplant heritage of you know old school folk music. 

  
But with all that said due to the kind of person I am with kindness and trusting people some of the students if not maybe just one with the help of others use my kindness for weakness and while I wasn't home one day and they knew I wasn't going to be decided while they were in there so-called studio session they would steal every bit of equipment I have now these people I don't really ask them for anything as most of them are in housed other than kindness and respectfulness of equipment and I work with them for months and could go to the police and give them a sketch report but again I'm not going to cause more harm in a life of people that clearly are having it hard enough of their own stupid decision because this one is really going to screw them out of the opportunity because like I said a handful of them their demos were getting chatter and even Peter Parker the city if you're familiar we're going to start playing their music on which now I don't even have access to that outside of backups and I won't give it to anybody due so what they do. 

  
I say this for the long ranch I'm not trying to rebuild that $60,000 studio took me years to build but I am reaching out to the musical community to see if anybody has any ideas of local places around here that I could at least just get something like a six-string, stand up piano that an older grandma doesn't want her house that I know it's going to cost me to get moved up but I got enough friends I could probably do it even though they're heavy, to maybe some cheap MIDI controllers and it doesn't have to be that I mostly just what a good six string acoustic guitar, possibly a nice loot pedal and lucky for me they didn't steal my macbook, correction they didn't steal my old macbook they did steal the brand new one with all the logic software and everything so. But if anybody knows where a musician that's trying to help the community and I don't want to let this set me back but Bill back up at least my summer time to kind of have the same thing going maybe not in my space anymore but somewhere else for the same kind of communities especially young black boys and young black girls that want to be musicians or is in the area and they would like to pitch in partner with me let me know.

  
Best,

Rob ",0,3,1778723084.0,0.5,True,self.Music
1tcjmk1,Music,Aerosmith - Milk cow blues - [Rock] ( Live 1990 ),,0,0,1778722613.0,0.5,False,youtube.com
1tcjht2,Music,"Yuji Ohno - Cosmos [Instrumental] In Memory of Yuji Ohno, Here’s One of His Best Albums",,1,0,1778722261.0,1.0,False,youtu.be
1tcitw7,Music,What song stopped being “just a song” after someone you loved died?,"My mom died from lung cancer after fighting for a year. The years after her death were messy and complicated, and my relationship with my dad never really recovered.

But music brings her back in a way nothing else can.

The song that reminds me most of her is “Hot in Herre” by Nelly. When it first came on the radio, she LOVED it. She only knew the chorus and would dance around the kitchen in the most aggressively mom way possible while singing half the lyrics wrong.

I heard it again today for the first time in years and it honestly wrecked me a little.

Funny how certain songs stop being songs and just become memories of people.

What song instantly reminds you of someone you lost?",46,81,1778720534.0,0.83,True,self.Music
1tcitdk,Music,What am I not getting abour Frank Ocean?,"I've tried to get into Frank Ocean several times over the last year or two, and I'm really struggling to find out what everyone seems to love.

I don't get it and I don't get what about it I don't get. He's one of the few artists a lot of my friends seem to bond over and generally we overlap, could anyone please help me out over here?

Thanks x",0,12,1778720500.0,0.25,True,self.Music
1tciq6k,Music,Ministry - Isle of Man - version II [Industrial],,11,0,1778720325.0,0.87,False,youtu.be
1tcip0h,Music,ohGr - maJiK [Industrial],,2,0,1778720240.0,1.0,False,youtu.be
1tciiju,Music,Vick Vapors &amp; Fevr - Espera [Darkwave],,2,0,1778719762.0,1.0,False,youtu.be
1tcifwc,Music,INANIS YOAKE - Shallow Mist [Synthwave],,1,0,1778719566.0,1.0,False,youtu.be
1tci0m6,Music,What are your favourite movie scenes that are elevated by the use of licensed music?,,0,0,1778718433.0,0.25,False,
1tchrwb,Music,Vemana - 1 29 ఎఱుగు వాని దెలుప Teaching a wise person [Folk],,0,0,1778717791.0,0.33,False,youtu.be
1tchpwl,Music,"Rolling Stone, Los Campesinos!, SoundCheck and the New Reality of Indie Touring","https://preview.redd.it/lyvhkevtwz0h1.jpg?width=1280&amp;format=pjpg&amp;auto=webp&amp;s=135b257234f8407f62c3918f0b1880f2ef6ece66

After reading the recent Rolling Stone article about Los Campesinos! a band capable of selling out venues across the United States while still failing to make a real financial profit from the tour it becomes impossible not to reflect on how disconnected the public often is from the true reality of independent music.

From the outside, seeing packed venues automatically looks like success. People assume that a band touring across Europe, filling clubs, and building a loyal audience must necessarily be making good money. But the truth is that today, most independent bands survive thanks to passion, sacrifice, and the determination to keep going despite increasingly thin financial margins.

And it’s impossible for me not to think about a niche band I recently discovered live: SoundCheck.

Spotify: [https://open.spotify.com/intl-it/artist/5S1Cw3F33pdrL9Jpg17Crj?si=U2wpp1okR-mKa4fS-H\_Tyw](https://open.spotify.com/intl-it/artist/5S1Cw3F33pdrL9Jpg17Crj?si=U2wpp1okR-mKa4fS-H_Tyw)  
Instagram: [https://www.instagram.com/official\_soundcheck](https://www.instagram.com/official_soundcheck)

The band recently completed a tour across Germany and the Czech Republic which, financially speaking, appears to have ended almost exactly at break-even point. For many people, that might sound disappointing. In reality, it tells the exact opposite story.

Because when it comes to underground and independent music, real success is not just about the final profit margin. It’s about seeing real people genuinely connect with the music. It’s watching small clubs filled with audiences singing every word back in cities where, until recently, nobody even knew the band’s name. It’s seeing people buy a t-shirt not because of trends or social media hype, but because the music itself left something authentic behind.

And that’s exactly the kind of thing numbers often fail to capture.

Touring today is incredibly difficult for any independent band. Fuel, vans, accommodation, equipment, merchandise, international travel, commissions, taxes — every single expense continues to rise. A band can play incredible shows every night and still return home without any real financial gain. More often than not, it’s merch sales and direct audience support that make everything else sustainable.

Maybe that’s also why bands like SoundCheck feel so important today.

There is still something deeply authentic about watching musicians cross entire countries packed into a van, sleeping very little, carrying equipment every night, and continuing to do it simply because they genuinely believe in their music. In an industry increasingly dominated by algorithms, metrics, and disposable content, that kind of dedication feels almost revolutionary.

What stands out about SoundCheck is that their music never feels manufactured or calculated. There’s an obvious sincerity in their songs, something human and direct that reminds you why small music scenes and independent bands still carry enormous value. Their music conveys atmosphere, intention, and real emotion.

A sold out arena does not automatically create something meaningful. Sometimes one hundred people completely immersed inside a small venue matter far more than any statistic ever could.

And honestly, if a band manages to finish a tour having created genuine connections with audiences across multiple countries, making people sing along, selling merch, receiving sincere support, and leaving crowds asking “when are you coming back?”, then even a tour that merely “breaks even” can still be considered a huge success.

Maybe this is exactly the side of independent music people should be talking about far more often.",1,2,1778717645.0,0.6,True,self.Music
1tchgds,Music,Post Malone Quietly Swaps Jelly Roll With BigXThaPlug While Epically Failing To Sell Tickets For Nashville Concert,,8411,464,1778716954.0,0.94,False,brobible.com
1tch7u3,Music,"Album Updates + Additions: May 13, 2026",,3,0,1778716383.0,1.0,False,pauseandplay.com
1tch6iq,Music,Tove Lo’s new single proves the ESTRUS era belongs at Red Rocks,"I’M YOUR GIRL RIGHT?"" just dropped and the club production completely cleared. 😭🔥 This dark bassline was literally engineered to hit the monoliths in Colorado. 

It makes zero sense that Denver is missing from the initial routing. I refuse to let the mountain region get skipped on this cycle. 

Are we organizing a massive fan manifest to demand a Red Rocks date, or are we just letting her team leave the best venue in America empty? 

☁️\*⛰️(More info on the campaign is pinned on my profile for anyone ready to rall\*y)",0,6,1778716291.0,0.29,True,self.Music
1tcgu4a,Music,Korn ft the cure - make me bad / in between days [unpluggued],,1,0,1778715444.0,0.6,False,youtu.be
1tcgm2y,Music,¿Cual crees que es la canción mas infravalorada de la banda U2?,,0,0,1778714884.0,0.5,False,
1tcg79f,Music,Cardi B &amp; Stefon Diggs Seen In Huge Argument After Reconciliation,,0,2,1778713881.0,0.14,False,hot97.com
1tcg08t,Music,Princessa - I Won't Forget You (TW) [HQ],,0,0,1778713396.0,0.5,False,youtube.com
1tcfvxm,Music,Rush - Subdivisions [Prog-Rock],,14,0,1778713118.0,0.77,False,youtube.com
1tcft0z,Music,When does a band become a cover band?  How many members can leave before it's no longer that band anymore?,"Let's say you have a 5 piece band for example.  If it gets down to only 2 original members, it is still the same band?  What about 1 member or what about no original members?  

Would love some specific examples with your reasoning.  ",0,33,1778712920.0,0.42,True,self.Music
1tcfr0h,Music,Dangerous Bands?,"Who are the newer dangerous bands these days? You know, the bands who put on notorious shows where you kinda fear for your life (or at least that you'll get something gross thrown you or maybe attacked by the lead singer)? ",0,15,1778712782.0,0.36,True,self.Music
1tcfp5c,Music,SWEDISH PUNK?,"AURORE. 

SER DU? 

https://open.spotify.com/track/7vNknnpUIvLQWgHAPEr4cY?si=WrHOAl3xRTCCL\_Kq\_7rCJg

Here’s some Swedish punk for ya! 

What u think about the production etc? 

Blend of hives and hellacopters!",0,0,1778712652.0,0.5,True,self.Music
1tcfby4,Music,"Azulinho - Child of God (Official Lyric Video) [R&amp;B, 2026]",,0,1,1778711758.0,0.33,False,youtu.be
1tcfawg,Music,"Azulinho - Child of God (Official Lyric Video) [R&amp;B, 2026]",,0,0,1778711692.0,0.25,False,music.youtube.com
1tcfaok,Music,John Lennon - Watching The Wheels [Pop Rock],,17,0,1778711678.0,0.87,False,youtu.be
1tcf9sd,Music,Excessively long songs that still work?,"I feel like this is going to get a lot of Queen and Elton and other glam era replies. For me the kings of it are GnR with Estranged and of course November Rain. Both worth every second. 

Inspired by [this post](https://www.reddit.com/r/Music/comments/1tc4s1h/great_songs_that_are_brought_down_by_excessive/). Looking for songs of at least 6 minutes or longer that still hit and don't get boring.",298,1310,1778711620.0,0.9,True,self.Music
1tcewqu,Music,洛天依 - 風螢月 [Modern Classical] (2013) can someone tell me what instruments are used at 1:50?,,0,1,1778710797.0,0.5,False,youtu.be
1tcemq1,Music,"If you could erase one band (or album) from your memory just to hear it again for the first time, what would it be?","Personally I'd love to hear Jean Michel Jarre - Oxygene. I absolutely loved this album as a teenager. I wonder how it would sound to me hearing it for the ""first"" time now as a middle aged man...",52,221,1778710155.0,0.78,True,self.Music
1tcei0d,Music,Aphrodite (the aquatic ape theory) makes me feel things ive never felt,,0,0,1778709865.0,0.29,False,
1tce2at,Music,"[Daysleeper - Slow Down] [Alt Rock] This is still my best music find on Spotify. In 2021 i found this BANGER, sounds like it would of been a classic back in the 90s or early 2000's",,0,4,1778708904.0,0.11,False,open.spotify.com
1tcdrt9,Music,Michael Bingham (SPIRITUAL CRAMP) PODCAST -,"New interview with Michael Bingham of Spiritual Cramp. \[LINKS BELOW\]

[https://youtu.be/FHj-NpjW98Q?si=I3rmKAveL7IrvOFD](https://youtu.be/FHj-NpjW98Q?si=I3rmKAveL7IrvOFD)

[https://open.spotify.com/episode/4H4J1E3EBBbCUHU8fPUYr8](https://open.spotify.com/episode/4H4J1E3EBBbCUHU8fPUYr8)

[https://podcasts.apple.com/us/podcast/on-the-scene-with-martini/id1850861706?i=1000767612441](https://podcasts.apple.com/us/podcast/on-the-scene-with-martini/id1850861706?i=1000767612441)",0,0,1778708271.0,0.25,True,self.Music
1tcd7un,Music,Sicksense - Newsflash [Nu Metal],,0,0,1778707081.0,0.25,False,youtu.be
1tccuti,Music,Foo Fighters Bring Massive Hits to Their First-Ever Tiny Desk,,1247,239,1778706313.0,0.86,False,rollingstone.com
1tccu7e,Music,The Rezillos,This is a really cool Scottish punk band. I really like the female singer.  I think punk music is witty and clever in ways the other genres are not. Punk has this energy or pace that drives the music.   I really like the song “Glad all over.”  ,19,7,1778706275.0,0.86,True,self.Music
1tccst8,Music,Artist Name - song name [genre] Where is this song from? I tried to Shazam but it didn’t work would be amazing if anyone could help,,0,1,1778706191.0,0.25,False,youtu.be
1tccrse,Music,Billie Eilish Makes the Case for Phones at Concerts,,0,21,1778706131.0,0.35,False,consequence.net
1tccbhw,Music,Travis - Butterflies [Pop-Rock],,1,0,1778705163.0,0.67,False,music.youtube.com
1tcc8cz,Music,Steve Earle - City Of Immigrants [Americana],,7,1,1778704970.0,0.83,False,youtube.com
1tcc8be,Music,Natural Prey LP [IGShort] pre-release info,,1,0,1778704967.0,0.67,False,testshirt.com
1tcc75r,Music,Music is Love.,I think music is the deepest way one can love other lives. Music played with love can transcend the soul and lyrics that are the truth fulfil the ones who experience it to the point of boundless beauty. It really is love and love is the truth. A Grace from God. An end of our pain.,1,5,1778704898.0,0.52,True,self.Music
1tcbqrx,Music,Skylar Spence - Carousel [Nu-Disco],,0,0,1778703914.0,0.5,False,youtu.be
1tcbd0h,Music,The Church - Under The Milky Way [Rock] [1988],,57,8,1778703102.0,0.97,False,youtu.be
1tcbaua,Music,Getting Into Nu Jazz / Jazztronica: A Quick Guide,,1,2,1778702979.0,0.57,False,arcticdrones.net
1tcbako,Music,Due - Catluaba (2026) [acustica],,0,0,1778702962.0,0.5,False,youtube.com
1tcajmv,Music,"Nick Cave, Genius poet or overrated slop artist?","I find myself loving every aspect of caves work. His work with the bad seeds is some of his best, especially murder ballads, and the boatman’s call, but I’d like to hear some more opinions about him in general because he doesn’t really get talked about nowadays I find.",0,10,1778701396.0,0.21,True,self.Music
1tcabqr,Music,‘KPop Demon Hunters’ Is Officially Hitting the Road With Global Concert Tour,,794,72,1778700933.0,0.9,False,hollywoodreporter.com
1tca8xa,Music,Ubu Reynold - Satélite [Rock and roll] [2026],,0,7,1778700764.0,0.33,False,youtu.be
1tc9tdv,Music,Circuit Fairy - machine enby (Official Music Video) [electronic],,0,0,1778699882.0,0.5,False,youtu.be
1tc9nky,Music,Billie Holiday - (In My) Solitude [Jazz] (1952),,4,1,1778699547.0,0.75,False,youtube.com
1tc99dz,Music,Kid Indigo - Burping and Farting at the Party With All My New Friends [bedroom],,0,2,1778698754.0,0.38,False,open.spotify.com
1tc98um,Music,Further Seems Forever - Vengance Factor [emo / post-hardcore],,4,2,1778698722.0,1.0,False,youtu.be
1tc9244,Music,Rush22 - Repeat [House],,2,0,1778698326.0,0.76,False,open.spotify.com
1tc90qm,Music,Amazon Music Plays Same Songs,,1,0,1778698250.0,0.6,False,
1tc8zxi,Music,Why did Madonna ruin her latest albums?,"I mean, we all know that Madonna started to ruin her career with \*American Life\* (which I like, but it was a commercial flop)—not to mention \*Erotica\*, whose failure also hurt \*Bedtime Stories\* back then. But starting in 2008, and after a miraculous return to the top with Confessions or Dance Floor (thanks to ABBA), her subsequent albums were a disappointment that caused her to lose a huge number of fans—more than she gained. 

Especially in 2012 and 2014 with MDNA and Rebel Heart, whose demos were far superior in terms of pop, rhythm, dance, beats, and punch compared to the final versions of each album. 

The original versions by Avicii and Diplo featuring Madonna were better than the boring final versions. And it’s not just me saying this—many fans say so. 

In short, the demo versions of the songs on her albums were better than their final versions. ",0,11,1778698206.0,0.11,True,self.Music
1tc8xrv,Music,Casiokids - Det haster! [synthpop],,0,0,1778698084.0,0.5,False,youtu.be
1tc8w1r,Music,Kid Indigo - Crap Plain An Simps [bedroom lo-fi / experimental pop],,0,0,1778697984.0,0.5,False,youtu.be
1tc8s44,Music,When did Eurovision start feeling different?,,0,16,1778697752.0,0.25,False,
1tc8pk6,Music,The Rolling Stones - Living In A Ghost Town [Rock] (2020),,3,1,1778697600.0,1.0,False,youtube.com
1tc8kto,Music,Queenlesskings - forgive me brother [alt rock] [2026],,1,0,1778697319.0,1.0,False,youtu.be
1tc8i3f,Music,Guns N' Roses - You Could Be Mine [rock] (1991),,72,16,1778697157.0,0.9,False,youtube.com
1tc8gkp,Music,King Crimson - THRAK [Progressive Rock/ Progressive Metal/ Industrial Rock] (1995),,4,0,1778697071.0,0.83,False,youtu.be
1tc7vxn,Music,"Help me out guys!! It's my last chance guys to see ""The Weekend"" performing live in this life time.","I saw the post on Instagram where the weekend's last leg of a world tour and India wasn't included, it is truly disappointing and I'll try my best to go to the places where it will be held but I need your help with this. so please help me out your help would be greatly appreciated",0,9,1778695911.0,0.13,True,self.Music
1tc79q2,Music,RTL2 Musiktipp,"Hallo, ich hoffe ihr könnt mir helfen. Heute kam zwischen 17-18 Uhr ein RTL2 Musiktipp, ein Video mit Frauen, ich denke eine Girlband, sie haben auf Englisch gesungen und im Video mit Gitarre performt. Weiß zufällig jemand wie die Band und der Song hieß ? Ich finde auf der RTL2 Musiktipp Seite nichts. ",0,0,1778694687.0,0.29,True,self.Music
1tc77qd,Music,Castle Rat - Crystal Cave [Doom/Fantasy Metal],,53,12,1778694575.0,0.95,False,youtu.be
1tc754v,Music,"Taylor Swift's full story: from a Pennsylvania Christmas tree farm to Folklore, the Eras Tour, and the re-recording wars that changed music forever.",,0,4,1778694423.0,0.07,False,findyl.co.uk
1tc729v,Music,GENER8ION - LOVE &amp; TEARS - Album Trailer [Electronic],,0,1,1778694263.0,0.33,False,youtube.com
1tc6rnk,Music,Charli XCX Addresses “Rock Music” Discourse,,0,0,1778693675.0,0.3,False,stereogum.com
1tc6q92,Music,"Benny Joy - Wild, Wild, Lover [Rockabilly]",,1,0,1778693596.0,1.0,False,youtube.com
1tc6nzo,Music,"ALAN HAJDUK -
ULTIMATE DARK ZENITSA ELECTRO MEGAMIX VOL.2  [ MEGAMIX ]",,0,0,1778693474.0,0.5,False,youtube.com
1tc6lp5,Music,The BBC’s commitment to losing Eurovision is genuinely impressive - comment,,0,4,1778693352.0,0.27,False,jpost.com
1tc6ds5,Music,What bands do you consider to be “ghost bands”?,,0,9,1778692918.0,0.33,False,
1tc61el,Music,Ray Charles - Georgia On My Mind (Official Video) [RnB],,23,3,1778692221.0,0.86,False,youtu.be
1tc5pjk,Music,"The Grammy Award-winning performer will join Liisi LaFontaine and Solea Pfeiffer in the cast of the new musical, inspired by a true story, starting in October!",,2,0,1778691569.0,0.67,False,newyorktheatreguide.com
1tc5gi2,Music,It Circles Back to Me,"Ever wonder what’s out there, and why?

It Circles Back to Me is a personal journey that began when the author was very young — lying down, staring at the sky, searching for meaning. 

Blending introspective lyrics with themes of wonder, existence, and the search for purpose, the song reflects on questions that continue to circle back throughout life.

Out now.

https://youtu.be/nXRvaIcDUHA?si=4DIBeU0AE6yOca7q",0,5,1778691053.0,0.4,True,self.Music
1tc552e,Music,Bob Dylan’s baffling social media experiment,,0,2,1778690403.0,0.45,False,salon.com
1tc54d4,Music,"Vile is the slacker poet of modern indie rock, with a clean guitar sound and conversational lyrics.",The NY Times piece on Kurt Vile is a good read: [https://www.nytimes.com/2026/05/12/style/kurt-vile-philadelphia.html?unlocked\_article\_code=1.h1A.1JL9.ZuIUWG5Wf76-&amp;smid=url-share](https://www.nytimes.com/2026/05/12/style/kurt-vile-philadelphia.html?unlocked_article_code=1.h1A.1JL9.ZuIUWG5Wf76-&amp;smid=url-share),83,26,1778690363.0,0.78,True,self.Music
1tc4s1h,Music,"Great songs that are brought down by excessive length, skits, a second part that sounds different, or similar",What are some songs that fit this description to you? I hate when a song that I would otherwise love is brought down by seemingly unnecessary elements. In some cases it feels it would have been better to just make it two separate songs.,236,745,1778689654.0,0.85,True,self.Music
1tc4rz4,Music,Benzino ft. Jeff 2Timez &amp; Dr. Bellowtoma - Bellowzino [Hip-Hop/Rap],,1,0,1778689650.0,0.6,False,youtu.be
1tc4esl,Music,What the New York Times’ 30 Greatest Living Songwriters List Gets Right — and Wrong — About Modern Music,"The New York Times recently published a list of the 30 greatest living songwriters, and what fascinated me wasn’t just the names themselves, but the definition of “songwriting” the list seems to propose.

It places people like Bob Dylan, Joni Mitchell and Springsteen next to Kendrick Lamar, Missy Elliott, Young Thug, Taylor Swift, The-Dream and Bad Bunny,  not as separate categories, but as part of the same evolving canon.

The article argues that modern songwriting is no longer just about lyrics or acoustic tradition. It now includes:

* vocal phrasing
* production architecture
* emotional structure
* rap technique
* hook design
* and even the way artists build cultural mythology around themselves

It also raises interesting questions through its omissions:  
Neil Young, Tom Waits, Randy Newman, Billy Joel and others are nowhere to be found.

I wrote a piece breaking down the categories in the ranking and what they reveal about how popular music criticism is changing.

Do you think the definition of “great songwriter” has fundamentally changed in the streaming era?

[https://slavetomusic.com/i-30-greatest-living-songwriters-according-to-the-new-york-times-and-what-this-list-really-says-about-modern-music/](https://slavetomusic.com/i-30-greatest-living-songwriters-according-to-the-new-york-times-and-what-this-list-really-says-about-modern-music/)",0,47,1778688919.0,0.39,True,self.Music
1tc4cax,Music,St. Vincent - Black Rainbow [alt pop indie art rock],,15,0,1778688784.0,0.89,False,youtu.be
1tc4bsb,Music,The Mountain Goats - Charlie Sheen Reaches Out to the Feds [Rock],,6,2,1778688756.0,0.8,False,youtu.be
1tc43t9,Music,Miri Ben Ari ft. Scarface &amp; Anthony Hamilton - Sunshine To The Rain [Hip-Hop/Rap],,1,0,1778688312.0,0.6,False,youtu.be
1tc3wy0,Music,Bullet For My Valentine: Neues Album erscheint im Januar 2027,,0,0,1778687944.0,0.5,False,paranoyd-magazin.de
1tc3ur4,Music,"Phish - My Friend, My Friend [rock/jam] (live 7/14/23)",,0,0,1778687819.0,0.5,False,youtube.com
1tc3ubt,Music,Vatan İçin Tek Yüreğiz (feat. Kağansoy) (Türkçe Epic Müzik ),,0,0,1778687795.0,0.4,False,
1tc3i0j,Music,First time ever listening to purple rain. Help,I know I'm super late but I've just experienced listening to purple rain entirely for the first time and I can't get over it. It's probably one of the most touching and meaningful full thing I've heard and I just can't stop crying,228,120,1778687106.0,0.78,True,self.Music
1tc39ku,Music,"I am a Bruce Springsteen fan AND a firm resistor of all things Trump/MAGA. I don't ever want to hear ""The Streets of Minneapolis"" again.",,0,3,1778686615.0,0.17,False,
1tc30tw,Music,"Why is Imagine Dragons' ""It's Time"" not as highly rated of a song as ""Radioactive""?","I remember when It's Time first came out, and that was their breakthrough hit. That is always going to be the first song that comes to my mind for them, not Radioactive. But then Radioactive came out and it basically completely dethroned It's Time overnight.",0,21,1778686130.0,0.16,True,self.Music
1tc2yti,Music,Duran Duran Won't Play Glastonbury Unless They Headline,,644,137,1778686014.0,0.91,False,consequence.net
1tc2ty8,Music,Bunny Idol - The Complete Journey Vol.1 [Dark Cinematic Ambient] (2026),,0,2,1778685735.0,0.25,False,youtu.be
1tc2rsb,Music,Spotify vs Tidal vs YouTube Music vs Apple Music and so on,"Curious to hear people’s opinions on the different music streaming platforms and what keeps you using the one you chose.

Some seem better for discovery and playlists, others focus more on audio quality, library management, recommendations, UI, social features, artist support, integrations, etc.

A few questions for anyone who has tried multiple services:

* Which platform do you use the most?
* What made you choose it over the others?
* Do you actually notice differences in audio quality?
* Which service has the best recommendations/discovery?
* Which one has the best UI and overall experience?
* Are there any underrated platforms worth trying?

Would be cool to hear different perspectives and experiences instead of turning it into a platform war. ",0,18,1778685614.0,0.31,True,self.Music
1tc2kgs,Music,R.E.M. - Drive [Alternative Rock],,58,13,1778685198.0,0.97,False,youtu.be
1tc2ayi,Music,The Rolling Stones - Love In Vain [rock],,14,11,1778684630.0,0.89,False,youtu.be
1tc1z36,Music,What contemporary singer/group do you think could do a good Little Richard cover?,"Was listening to a 50s station and started rocking to Little Richard’s “Long Tall Sally”. That sent me down a rabbit hole of his music and history. He really didn’t get the credit he deserved in his life. 

He contributed so much to the birth of Rock and the music is still so good. Who do you think could cover one of his hits and bring him back into the culture? ",3,27,1778683927.0,0.57,True,self.Music
1tc1tet,Music,Envolez-moi ! Discours de Kennedy,,0,0,1778683576.0,0.33,False,
1tc1rp7,Music,Is Blockhead really underrated?,"Does anyone else feel like Blockhead is insanely underrated?

I’ve been revisiting his stuff lately and forgot how good his albums are. *The Music Scene* still sounds incredible (duh).

Feel like a lot of people only know him from working with Aesop Rock, but his solo catalog is honestly peak.

“Carnivores Unite” and ""Creepy Links"" have been on repeat for me lately.

What’s everyone’s favorite Blockhead track/album?",0,12,1778683475.0,0.48,True,self.Music
1tc1kng,Music,Roast My Spotify,"""questionable choices. You’ve somehow managed to create a list longer than a Texas summer, filled with enough country twang and emo heartbreak to send the most seasoned hipster running for the hills. Honestly, your genre list looks like a musical identity crisis has crashed a Bonnaroo concert—who knew “Country Hip Hop” could be a genre and a cry for help at the same time? ""Red Dirt"" sounds about right, because your taste is buried deep down where even the turkeys avoid! Let’s talk about your top artists. Granger Smith? Really? The only thing worse than being a Granger Smith fan is trying to convince your friends that ""Red Dirt"" is a legitimate music scene while they all roll their eyes. And AJR? You’re either a middle schooler or the world’s saddest adult; either way, it’s concerning. And if you’re wielding Eminem as a badge of honor, you may want to think twice about your other choices. Are you trying to build a time capsule of ""cringe""? Because congratulations, you’ve succeeded! And your most played songs? They read like a rejected soundtrack for a ‘90s teen drama. From “F-150” to “Fireball,” I can’t tell if you’re trying to pick up a truck-loving date or just hoping your Spotify algorithm will throw you a bone and make you cool by association. Newsflash: No amount of listening to “Bella Ciao” is going to add mystery to your bland personality! So here’s the deal, Dsmith119933: take a long look in the mirror, re-evaluate your life choices, and maybe, just maybe, clean up that disaster of a list. Until then, keep embracing that uniquely tragic musical journey—you’re certainly making it a one-of-a-kind spectacle!""

What are you guys opinion on Roast My Spotify",0,9,1778683052.0,0.11,True,self.Music
1tc1gow,Music,Radiohead - Backdrifts (Live) [Alt Rock],,9,0,1778682815.0,0.99,False,youtube.com
1tc11fd,Music,Meta: What is going on with all of the Madonna posts lately?,"[https://www.reddit.com/r/Music/search/?q=madonna&amp;type=posts&amp;t=week&amp;cId=219471df-4e10-464c-adba-0da1f2c13dc3&amp;iId=0a45ef30-574a-45d7-99e8-ef7013297ea3](https://www.reddit.com/r/Music/search/?q=madonna&amp;type=posts&amp;t=week&amp;cId=219471df-4e10-464c-adba-0da1f2c13dc3&amp;iId=0a45ef30-574a-45d7-99e8-ef7013297ea3)

  
20 hits in the last week alone.  This has to be some weird ad campaign, right?  No one actually this interested in her, right?  A few searches for other artists and this is far more than Beyonce, Taylor, Lady Gaga, etc.  

",0,20,1778681906.0,0.4,True,self.Music
1tc0l4l,Music,Do you think Madonna should release a new book called *SEX 2*?,"Just like she did in 1992, which Trump criticized as super boring, lacking humor, and noting that by then there were already millions of movies, magazines, videos, books, etc., with better porn, better actresses, and higher quality. (I feel exactly the same way he does.)

Let it be a new, more intense version—and this time, well done, with good photos.

Maybe in 2 or 3 years, when his ""Confessions 2"" era comes to an end",0,12,1778680916.0,0.15,True,self.Music
1tc0k9t,Music,Duran Duran - Rio (Official Music Video)  [80s Pop],,10,0,1778680868.0,0.75,False,youtu.be
1tc0fds,Music,Carlos Gardel -- La Cumparsita [World] (1924) – A 2026 manual restoration of the world's most famous tango.,,1,0,1778680591.0,0.6,False,open.spotify.com
1tc0esq,Music,Plugin Nux Trident Editor,"Buenas chicos como andan? consulta, soy guitarrista aficionado y me estoy metiendo en lo de los plugins de audio para emular pedales y amplificadores, recientemente vi un video en tik tok donde un chico usa un plugin denominado nux trident editor según el, es interesante, pero al intentar descargarlo, siento que es un software que viene con una pedalera, y que si no la tengo no puedo descargarlo y utilizarlo, como amplitube por ejemplo, esto es así? alguien puede confirmar? gracias.",2,2,1778680552.0,0.63,True,self.Music
1tc0ax2,Music,Jeff goldblum tickets,,0,0,1778680312.0,0.44,False,
1tc02vs,Music,Jealous of Musicians,"For whatever reason, whenever I see someone else (especially around my age/in my genre) performing or singing or talking about wanting to become a musician, I feel super jealous of them. Like I feel almost afraid of them, because I have this idea in my head that if they succeed, it means I never will.

At a group vocal lesson recently, I was supposed to sing last, and I listened to everyone's songs and all I could think is ""they're better than me"" ""I'm the worst one here"" ""I'm nothing compared to them"" and it got so overwhelming that I couldn't get out any notes in the upper 2/3 of my range.

I find it's different depending on the person/day. If it's someone I'm friends with, sometimes I feel more okay. But if my best friend (doesn't sing) were to drop everything and tell me she was going to start singing professionally, I'd probably break down, just thinking that she's going to be better than me, I'm going to be forgotten, she's going to do it and I can't.

This is incredibly distressing, I want to build community and be friends with people who love music, but it feels like supporting others means I'll never be good myself. If I'm not better than everyone, I'm not enough. I don't know what to do, I'm in therapy and vocal lessons and everything but I guess I just don't know how to solve this. People always say that you can't compare yourself to others, and to celebrate others' achievements, but how do I do that?",2,26,1778679806.0,0.53,True,self.Music
1tbzec5,Music,Pitbull - American War [Rap],,0,0,1778678245.0,0.25,False,youtu.be
1tbz60p,Music,Paolo Nutini - Through The Echoes [Country Soul],,5,0,1778677713.0,0.86,False,youtu.be
1tbyqi1,Music,Nails - You Will Never Be One of Us [Grindcore],,2,0,1778676694.0,0.67,False,youtu.be
1tby7ze,Music,Bandle songs with over 90% success rates that I’d literally never heard before,,0,0,1778675429.0,0.25,False,
1tbxeuf,Music,Phish - Down With Disease → Life Saving Gun [jam/psychedelic] (live 9/13/25),,5,0,1778673352.0,0.67,False,m.youtube.com
1tbxbj5,Music,Arijit Singh - Phir Se Guitar Cover [Metal] (2026),,0,0,1778673097.0,0.17,False,youtu.be
1tbxanj,Music,Rabindra Sangeet - Jakhon Porbe Na Mor [Metal] (2026) Guitar Cover,,0,0,1778673032.0,0.29,False,youtube.com
1tbx8q9,Music,Here are my ideas for Spotify to make music discovery better,"Number 1. introduced comments on everything and not just on podcast episodes and on podcast reviews e.g. album comments song comments   
Like YouTube with music videos 

Number 2 bravery scale index for how much you’d like to discover, how new you want the music to be. The campaign could be all the micro artists probably undiscovered vibes 

Number 3, DJ Spotify finds you already made mixes by other people that match that vibe. Surely they know who has similar taste and can follow the vibe?

Number 4, PLs become the new podcasts, where people try to make as many as they can and people follow them like tumblr vibes. Like you can be Spotify famous  
   
Number 5 in your wrapped it includes YoY metrics. Did you out listen Taylor in the following year… Competitive vibes for top 0.05%",0,4,1778672884.0,0.17,True,self.Music
1tbx8p7,Music,Rabindra Sangeet - Jakhon Porbe Na Mor [instrumental Metal] (2026) Guitar Cover,,0,0,1778672882.0,0.17,False,youtube.com
1tbx7qo,Music,Here are my ideas for Spotify to make music discovery better,"Number 1. introduced comments on everything and not just on podcast episodes and on podcast reviews e.g. album comments song comments   
Like YouTube with music videos 

Number 2 bravery scale index for how much you’d like to discover, how new you want the music to be. The campaign could be all the micro artists probably undiscovered vibes 

Number 3, DJ Spotify finds you already made playlists by other people that match that vibe. Surely they know who has similar taste and can follow the vibe?

Number 4, playlists become the new podcasts, where people try to make as many as they can and people follow them like tumblr vibes. Like you can be Spotify famous  
   
Number 5 in your wrapped it includes YoY metrics. Did you out listen Taylor in the following year… Competitive vibes for top 0.05%",0,4,1778672811.0,0.08,True,self.Music
1tbwur7,Music,"Kabir - 1 13 आए हैं सो जाएंगे Those who have come, shall go [Folk]",,0,0,1778671820.0,0.17,False,youtu.be
1tbwoo7,Music,AI and Music open discussion.,"Curious to ask why everyone hates AI generated music so much?  
There are people who are really good lyricists but have 0 ability to sing or produce the music they make. In a sense wouldnt that be shutting that person out and making their voice go unheard? Songs people typically write go for $10-$35 unless picked up by a major artist.

I see so much hate towards AI generated music but I have heard some that are really good and have talked to some artists who spend several dozens of hours writing and rewriting lyrics. Some songs are really good while there is a lot of AI slop online. What are your honest thoughts when it comes to AI generated music. Will there ever be a place for AI generated music if there is actual lyrical creativity and not AI generated lyrics or if the actual beats are self made?",0,23,1778671341.0,0.07,True,self.Music
1tbw2mb,Music,Foo Fighters - Tiny Desk Concert [Rock],,0,6,1778669571.0,0.44,False,youtube.com
1tbvtx6,Music,Crosby &amp; Nash - WHISTLING DOWN THE WIRE (1976):,"[WHISTLING DOWN THE WIRE \(1976\)  After failed attempts to record a CSNY album, C &amp; N return to their own furrow with mixed results. ](https://preview.redd.it/jxurf0nhvv0h1.jpg?width=209&amp;format=pjpg&amp;auto=webp&amp;s=f616ae07aa5b1778aa139260c872080c2dde6b97)

[https://samtimonious.com/whistle-stop-crosby-nash-whistling-down-the-wire/](https://samtimonious.com/whistle-stop-crosby-nash-whistling-down-the-wire/)",0,0,1778668809.0,0.5,True,self.Music
1tbvsfi,Music,Northern Soul: Still Burning review – thumping celebration of the legendary underground club scene,,0,0,1778668674.0,0.5,False,theguardian.com
1tbvpgv,Music,Creative Block,"For some time now I have felt stuck. 

During uni I had so much free time and could really just make stuff whenever I felt like it without any expectations, so if it was bad I wouldn’t feel like I wasted time.

Now I find myself locked in my 9-5, feeling so creative in the middle of the day but without my computer to do anything. 

My girlfriend and I are trying to make an Album and currently have 2 songs. I go home and try to make but I can’t seem to do anything that fits the sound so now it becomes a discussion of ‘should I force myself into a sound’ to make the album cohesive. This brings about another issue which is feeling unproductive if I can’t. 

Has anyone else related to this? If so what have you done to make yourself feel productive? ",1,3,1778668407.0,0.54,True,self.Music
1tbvepu,Music,cash cobain - i wanna rock [slowed &amp; reverb],,0,0,1778667455.0,0.22,False,youtu.be
1tbv0z2,Music,Øneheart and Reidenshi - snowfall [Dark Ambient] (2022),,0,0,1778666197.0,0.4,False,youtu.be
1tbuznd,Music,Faith No More - We Care A Lot - [Rock] ( Live 1990 ),,44,3,1778666068.0,0.84,False,youtube.com
1tbuqr8,Music,Gaapii - The Void [Techno],,0,0,1778665226.0,0.33,False,music.youtube.com
1tbuayi,Music,Malena Gracia - Ven Ven Ven [Hard Rock/Metal],,0,0,1778663790.0,0.5,False,youtu.be
1tbtw3v,Music,D'ESPAIRSRAY - RAPTURE [visual kei],,3,0,1778662402.0,0.67,False,youtube.com
1tbttxg,Music,Elton John Says Vision Loss Forced Him to Change His Songwriting,,100,15,1778662184.0,0.92,False,ultimateclassicrock.com
1tbtdag,Music,The Cramps - Human Fly [Punk],,18,0,1778660570.0,0.83,False,youtu.be
1tbtash,Music,Jessie Colter - Why You Been Gone so Long [Country] (1970),,6,0,1778660323.0,0.8,False,youtu.be
1tbt9m6,Music,Spotify AI Checker. Detect AI on Spotify,,0,0,1778660211.0,0.14,False,
1tbsrms,Music,"If there was a vote for the best FIFA song of all time, what song would win?",For the FIFA players in here 👆,0,9,1778658488.0,0.33,False,
1tbsho9,Music,"""Weird Al"" Yankovic - Albuquerque [Rock]",,3,0,1778657505.0,0.8,False,youtube.com
1tbrmpd,Music,Music Taste Compatibility,"Hey music lovers. Took a compatibility test with my better half last week. It measures your taste compatibility on 5 important metrics: Dancefloor sync, Road Trip survivability, Emotional match, Era alignment and Party Aux trust. We scored 34%!!! 🫣😂 ",0,7,1778654584.0,0.09,True,self.Music
1tbq6r7,Music,Millionaria Merengue,"Just dropped my new song **“Millionaria”** ❤️💸

[https://youtu.be/1cqMOAaQMYo?si=DnM0ZzNqw\_-suC9N](https://youtu.be/1cqMOAaQMYo?si=DnM0ZzNqw_-suC9N)

It’s a romantic track about loving someone so deeply that you’d give anything just to learn how to forget them. The song mixes passion, heartbreak, obsession, and that feeling of being emotionally trapped by love. Inspired by late nights, memories that don’t leave, and the idea that emotions can make you feel rich and broken at the same time.

If you like emotional Latin music, romantic vibes, heartbreak songs, or songs you can feel in your chest at 2AM, this one’s for you.

Would really love honest feedback from you all 🙏  
What part hits you the hardest?

\#Millionaria #LatinMusic #Romance #Heartbreak #NewMusic #Merengue #tipico #EmotionalMusic #Dominican #Alofoke",0,1,1778649904.0,0.11,True,self.Music
1tbq5y7,Music,Jim James -- A E I O U [Rock],,0,0,1778649832.0,0.25,False,youtube.com
1tbpx2j,Music,Found the clean and good version of Stranger than heaven song,"https://youtu.be/z1X-5DKXt8Q?si=GAW0c4g7UQgh4cUK

Save it before it gets deleted.",0,0,1778649070.0,0.2,False,
1tbpw21,Music,"""Weird Al"" Yankovic - White &amp; Nerdy [parody]",,23,5,1778648984.0,0.82,False,youtu.be
1tbpl4n,Music,Drake - Energy [Hip-Hop],,0,3,1778648039.0,0.26,False,youtube.com
1tbpaee,Music,AI songs feel like samples,"I decided to write this because today it is a day I am tired, just needed to work and play something on the background, not something I know the song just… something while I keep quiet and work… and I just couldn’t find it.

Ai music always sounds like a “sample” to me. That is the only way I can put it. Even songs I did like felt repetitive, missing something.

I’m no musician, I don’t know the name of most genres I like when I hear as song, much less have the knowledge to express myself regarding music so I can’t quite put the word into it. But the last few months it has been hard to find good music on youtube.

And I’m not talking as someone who is browsing music searches and then is like “AHAAAA! Let’s shit on this one!”, I mean as someone leaving autoplay while working and having to stop to go to next. I’m also not talking about hating one song and saying “Ha, I bet it is AI”, even though I do not like a lot of music styles.

From the perspective of whoever makes those songs, I should be a great audience, I shouldn’t be able to know if a song I’m not paying attention is AI, I do have niches that they are making more often, such as Japanese instruments + rock, or Celtic rock/techno, and to a lesser extent eletroswing… but I can’t sit still on their playlists… I end up stopping, sometimes checking on comments and… yeah, AI.

Cheerful songs I can tell because the voice never really changes tone, which is a bit funny to me because you’d think in a world people can enjoy vocaloid songs for 20 years that wouldn’t be *the thing* setting it back but it is.

Then there is even something that is meant to be repetitive such as chillstep or lofi there is something on my mind that goes “this seems off”. I’m pretty sure some AI bro with 290 IQ will say because I’m a 2D artist I’m just annoyed or something, but music is the one thing I figured I’d have to just live with it because there is too much, and I have zero skills on picking up, especially if I’m busy. This was just a night I had to click way too many times on the youtube tab I had open.

PS: I do think it is kinda funny that AI generated voice in general *does* look very real yet youtube takes the shittiest generator to auto-dub videos.",0,0,1778647126.0,0.15,True,self.Music
1tbp4lm,Music,EMPTY SIGNAL - lostgarden.exe [ambient/liminal],,0,1,1778646631.0,0.5,False,on.soundcloud.com
1tbp034,Music,JCZI - FREE d4vd [Psychedelic Pop],,0,2,1778646257.0,0.13,False,youtu.be
1tbozzy,Music,Yuji Ohno dies at 84,,90,11,1778646249.0,0.94,False,en.mantan-web.jp
1tboysd,Music,Taffy - Prism 45 [J-Rock/Baggy/Jangle Pop/Dream Pop] (2025),,1,2,1778646152.0,1.0,False,youtu.be
1tboxt6,Music,Breaking Benjamin - Something Wicked [Hard Rock],,1,3,1778646073.0,0.6,False,youtu.be
1tbobr1,Music,"Jack Douglas, Producer for John Lennon, Aerosmith, Cheap Trick and More, Dies at 80",,47,0,1778644311.0,0.88,False,variety.com
1tbo8ak,Music,Does anyone remember this song being different?,,0,0,1778644036.0,0.5,False,
1tbo2uk,Music,Dead Fish Handshake - Window [Hard Rock/Post-Grunge] (2026),,0,1,1778643607.0,0.5,False,youtu.be
1tbni0w,Music,"Community Campaign Launched to Save Legacy Bay Area Music Venue from Sale to Silicon Valley Condo Firm; Prev famed by shows of Neil Young, Pearl Jam and Nirvana",,12,1,1778641984.0,0.75,False,sfgate.com
1tbmqxt,Music,Phish - Free [rock/jam] (live),,1,0,1778639945.0,0.57,False,youtu.be
1tbmq52,Music,How can I find this song?,"[https://www.youtube.com/watch?v=xlEfzs1tjMc&amp;t=111s&amp;ab\_channel=freddy9668255](https://www.youtube.com/watch?v=xlEfzs1tjMc&amp;t=111s&amp;ab_channel=freddy9668255)

    I've been trying to find this singer for years. She sings in Italian, but I can't find the artist. It was my aunt's (RIP) favorite version, but the vinyl record is lost. someone know any app to find this ong,  is only the italian par that i have to been used as reference.
    
    I've tried AI, Shazzam, and other apps without success.

  
",0,4,1778639883.0,0.17,True,self.Music
1tblvdf,Music,Steelheart - I'll Never Let You Go - [Rock] ( Live 1991 ),,10,8,1778637612.0,0.7,False,youtube.com
1tblv4s,Music,From the 80smusic community on Reddit: Roy Orbison &amp; k.d. lang - Crying,,2,0,1778637597.0,0.75,False,reddit.com
1tblu20,Music,‘Weird Al’ Yankovic announces a Broadway musical is in the works: ‘The one thing people always say about Broadway is that it’s ‘severely lacking in Weird Al–based entertainment‘,,1607,45,1778637517.0,0.98,False,vulture.com
1tblrim,Music,김광석 Kim Kwang-seok - 너무 아픈 사랑은 사랑이 아니었음을 (It's Not Love If It Hurts Too Much) [Folk] (2014),,0,0,1778637333.0,0.33,False,open.spotify.com
1tbl5ze,Music,Dead Can Dance - Mesmerism [Darkwave],,7,0,1778635773.0,0.89,False,youtu.be
1tbkufq,Music,Andrew Facada - Passenger Seat [Indie],,0,1,1778634925.0,0.5,False,open.spotify.com
1tbklw3,Music,Do you think this year’s album will be Madonna’s last?,"I mean, she doesn’t dance anymore, she doesn’t sing anymore. They have to slap 50 GB of Auto-Tune on every song just to make it sound right (which, according to her, is great, even though her voice sounds all robotic and artificial), not to mention the songs are incredibly boring. ",0,9,1778634294.0,0.24,True,self.Music
1tbkhbw,Music,Doug Williams &amp; Erana Clark - Home &amp; Away [1995 Version],,0,0,1778633953.0,0.33,False,youtu.be
1tbkgix,Music,Fox Vandall - PARKK. [R&amp;B],,1,0,1778633894.0,0.67,False,foxvandall.bandcamp.com
1tbk2oi,Music,I am a subscriber to Apple Music and I like it,"I am aware that I tend to return to music I know pretty well. I tend to stay in classic rock and music from the 90’s

I have been listening to the playlists that Apple generates from my listening history.  I think they are good because it pushes me out of my narrow band of music.  

Apple Music subscribers do you like those playlists?  

I was listening to ones labeled Country music from the 70’s. And Country music from the 60’s.  Those were great playlists. ",0,9,1778632860.0,0.47,True,self.Music
1tbjoio,Music,Books for learning about music,"Hi everyone,  
Possibly a random one. Sorry in advance for the potential lack of terminology - don’t judge !!!

I come from a very music and instrument loving family.  
My dad is a great guitarist and knows a lot about music, instruments, etc overall.

Unfortunately I didn’t inherit the musically gifted gene, but I do have a love for music overall. I tried to learn an instrument when I was younger but was going through some personal traumas and couldn’t latch onto the skills, so would love to learn without learning (if that makes sense!)

I was wondering if anyone had any book recommendations that might help me learn more about music, instruments, history of music (e.g. influence of Beatles on music today etc etc), sound production, how music is produced - pretty much anything, even down to the basics.  
I was really interested in the ‘Get Back’ series and also received Anthology 4 on vinyl for Christmas 2025. Big Oasis fan and was intrigued to learn how their albums, specifically morning glory had lots of compression, brick walling and layering to produce the sounds that are.  
Recently took a trip to the UK from Australia and did lots of music-esque stuff (e.g. Jimi Hendrix house) so have been further intrigued.

My dad has a HUGE collection of guitars and I would love to learn more about the types of guitars and the different sounds they make and how they do so.

Of course I could ask someone in my household these things but I love to read and would prefer to learn these things at my own pace and in more depth. I’m a medical student and would love a change of scenery in regards to ‘learning’.",1,9,1778631836.0,0.6,True,self.Music
1tbjimo,Music,Is Music Ubiquitous in the Universe?,,0,1,1778631404.0,0.17,False,
1tbjgr0,Music,Kurtis Blow - The Breaks [Hip-Hop],,25,1,1778631269.0,0.93,False,youtu.be
1tbj9qm,Music,Mandela Effect or Did Pitbull’s Verse in “DJ Got Us Fallin’ in Love” Change?,"Does anyone else remember Pitbull’s verse in Usher’s “DJ Got Us Fallin’ in Love” sounding different back in the day?  
I swear I remember hearing slightly different lyrics than what’s on Spotify/YouTube now. Not the whole verse, but certain lines and the flow feel different from how I remember it in like 2010-2012.  
I’m wondering if there were:  
different radio edits  
a music video version  
a remix/club edit  
or if my brain just merged another Pitbull song into it over time 😭  
Because when I hear it now it gives me that weird Mandela effect feeling. Curious if anyone else remembers this or if I’m just losing it.",0,0,1778630753.0,0.36,True,self.Music
1tbiqor,Music,Jon Spencer Announces New Album Songs of Personal Loss and Protest on Shove Records,,10,0,1778629426.0,0.82,False,retrofuturista.com
1tbiky7,Music,RnB swap music?,,0,0,1778629016.0,0.5,False,
1tbi8cq,Music,Ese Sleepy - Rollin On [hiphop/rap],,0,0,1778628144.0,0.5,False,open.spotify.com
1tbi4l6,Music,Vemana - 1 28 పంది పిల్ల లీను Give birth to piglets [Folk],,0,0,1778627879.0,0.17,False,youtu.be
1tbi2rx,Music,m0n0 jay eleva a sonoridade para 135BPM em 'L.L.L. (ATH Remix)'; Ouça aqui!!,,0,0,1778627752.0,0.25,False,osgarotosdeliverpool.com.br
1tbhr2q,Music,JR JR - Gone [Indie - Pop],,1,0,1778626940.0,0.67,False,youtu.be
1tbhlwg,Music,Alice in Chains - Brother [Grunge],,3,0,1778626594.0,0.64,False,youtube.com
1tbh5oc,Music,Pennywise - Bro Hymn [Punk],,2,0,1778625483.0,0.67,False,youtu.be
1tbh4u9,Music,Interstitial instrumental tracks in albums,"Ive been listening to whole albums again and once in a while artists will include purely instrumental tracks between songs. Some of these have become my favorites. I’m looking for a list of instrumental tracks from acts that are usually vocal.  Here’s some of my favorites. What can you reccomend  
Smiths:The Smiths; Oscillate Wildly

Fleetwood Mac:The Pious Bird of Good Omen;Albatross 

Sade:Love Delux; Mermaid

Art of Noise:Daft;Moments in Love",9,42,1778625427.0,0.77,True,self.Music
1tbh4q1,Music,"New Music Friday: May 15, 2026",,0,0,1778625418.0,0.5,False,pauseandplay.com
1tbh44p,Music,Kanye West Loses at Trial Over Uncleared Sample on 'Hurricane',,1232,55,1778625380.0,0.97,False,rollingstone.com
1tbgw4o,Music,"Jonnie Jupiter, LIPPY - Father's Place [Pop]",,0,0,1778624852.0,0.5,False,youtube.com
1tbgev0,Music,Bob Garman - When Christ Returns [church] (2003),,0,0,1778623705.0,0.25,False,youtube.com
1tbgecm,Music,Linkin Park - Breaking The Habit [Metal],,39,19,1778623673.0,0.67,False,youtu.be
1tbgbnq,Music,Guitar Hero but for any song...,,0,0,1778623500.0,0.5,False,
1tbg97h,Music,Bob Garman - Jesus is the one [church] (2003),,0,0,1778623348.0,0.25,False,youtube.com
1tbg8lg,Music,1967 Bold as Love Jimi Hendrix Live from Olympic Studios https://youtu.be/JxfuQ8a5gwA?si=hO5DGcE_ZDBC,"https://youtu.be/JxfuQ8a5gwA?si=hO5DGcE\_ZDBC

At 3:10 you can hear someone losing it lol",5,0,1778623308.0,0.86,False,
1tbg4gy,Music,Help me.,,0,0,1778623058.0,0.25,False,
1tbftdm,Music,"ABC will air the Grammy Awards next year for the first time since the Nixon administration, and today we got the showdate. The 69th Grammys ceremony is set for Sunday, February 9",,0,12,1778622333.0,0.42,False,deadline.com
1tbfi0m,Music,What's a song that became a completely different experience when you heard it live?,"I went to a show last week for an artist I've only ever listened to through headphones. There was this one album track I always thought was just okay, kind of a filler song I'd usually skip. But live, with the lights and the crowd and the way the bass hit differently in that room, it was the best moment of the whole set. I cried and I'm still not entirely sure why.

It made me think about how many songs I've dismissed because I only heard them on earbuds or in the car. Maybe some tracks are just designed for a room full of people. Or maybe the energy of a live performance unlocks something in the song that isn't there on the recording.

For those of you who go to shows regularly, what's a song that completely changed for you once you heard it in person? Not necessarily your favorite song by that artist, but one that hit way harder live than you ever expected. I'm curious if this is a common experience or if that show just caught me at the right moment.",2,19,1778621616.0,0.63,True,self.Music
1tbfd9u,Music,How do I tell if an artist is using AI/if the song is AI slop? (Ive been fooled a couple times),"Hey there, hope all is well, ive been wondering if anyone had any way to tell if music is AI generated? I recently found this artist named Bamster, they have some pretty fun songs (i love edm, pop, hyperpop, electropop,  etc and am a gay so if yall dont like the music it may just be the same as that meme thats like ""your gay friend trying to show you music"" amd its like an ayesha erotica remix but bass blasted and playing at the same time as a song like Faceshopping)

Anyhow, i cant find ANY info about this artist, they started releasing music in 2023, and i dug the music but was slightly worried it may be AI generated bc the vocals sound like the same as how charli xcx does her's so i couldnt tell if its just derivative music or if it is AI slop that used something it was trained on.  Their biggest song is called  ""Push My\*""   (push my buttons)

Pls help, the artist is named Bamster",0,20,1778621315.0,0.22,True,self.Music
1tbf9o3,Music,Metallica - To Live Is to Die REMASTERED [Metal],,0,0,1778621085.0,0.38,False,youtu.be
1tbf4gt,Music,Nirvana Vs David Guetta Vs Martin Garrix - Work Hard Like Teen Animals [Dance Rock],,0,0,1778620758.0,0.17,False,music.youtube.com
1tbf36z,Music,POV: Theme Song/Title Song so catchy that we can't skip,,0,0,1778620680.0,0.33,False,
1tbf23l,Music,Batteaux - High Tide [Rock / Yacht Rock] (1973),,0,0,1778620612.0,0.5,False,youtu.be
1tbemsr,Music,{video}  Coffee Shop During a Rainy Night - Jazz Ambience,,0,0,1778619692.0,0.29,False,youtu.be
1tbehbs,Music,Paul McCartney’s “The Boys of Dungeon Lane” turns memory into melody,,5,0,1778619359.0,0.86,False,salon.com
1tbeanz,Music,LCD Soundsystem - North American Scum (Official Video) [Electronic Rock],,14,1,1778618951.0,0.82,False,youtu.be
1tbe76g,Music,name of this song,,0,0,1778618745.0,0.5,False,
1tbe42i,Music,King Gizzard &amp; The Lizard Wizard - Nonagon Infinity [Psychedelic Rock],,8,0,1778618557.0,0.9,False,youtu.be
1tbe05b,Music,"This is Universal Cream, a brand-new label, a brand-new name, &amp; brand-new vibes.",,0,0,1778618325.0,0.33,False,
1tbdr6u,Music,"Moondough - Have A Nice Trip, See You Next Fall [indie rock/funk] (2025)",,1,0,1778617787.0,0.67,False,youtube.com
1tbdltq,Music,Eyedi - &amp; New [Synthpop],,1,1,1778617470.0,0.67,False,youtube.com
1tbcwkn,Music,Bring Me the Horizon Singer Oli Sykes Suffers Mild Concussion Onstage and Struggles to Perform After Someone in Crowd Throws Phone at His Head,,4818,368,1778615981.0,0.98,False,consequence.net
1tbcjin,Music,The Who's Roger Daltrey Sets Tour Dates for 'Possibly' His Last Solo U.S. Trek,,11,9,1778615216.0,0.75,False,rollingstone.com
1tbc54f,Music,Kid Indigo - BUS TO DIAMOND BOTTOM [experimental electronic],,0,0,1778614393.0,0.25,False,m.youtube.com
1tbc34s,Music,Loreena McKennitt - The Highway Man [world/folk] (1997),,26,5,1778614278.0,0.87,False,youtu.be
1tbc1ce,Music,Is there a possible religious bias people have against Renaissance music? Because the lack of comprehensive boxsets is astoundingly bare compared to later eras.,"The music is so explicitly holy and spiritual, it's hard not to feel like this may have created a 'lack of enthusiasm/fire' to archive. 

 The material exists recorded, too -- it literally took me to gather 95 albums to complete Lasso's available recorded works. Of his 100+ masses, there were still a good 65 or so that were available -- mostly through streaming but some only through very rare CDs. Some lost to Vinyl records never digitized.

This project I've been doing on basically collecting all recorded works by every major composer is a big one, but IMO an essential one. And the Renaissance era was so intense, that I essentially took a break for nearly 2 years when I got to DuFay and realized how difficult it would be.

I had compiled all of Scarlatti; Wagner's non-operatic works -- even Telemann's full available repetoire! But between the settings, tones and even canonized alternate texts mixing with a true lack of care to have a one-stop shop compiling the majority of most or all Renaissance-era works... but then factoring in the works ARE available and there... it's hard not to feel like this is a bit of a chicken and egg situation.

And actually listening to this music, it is impossible not to feel close to God / spirituality or at least a higher-self. I had zero intentions on that, but the music is so explicitly divine and sacredly-made that it really rubs off on you as you listen.

Yes, one can make the argument that this music is 'too complicated' to track down. However, when you listen to it, it's so, so beautiful. It's vast. It's precise. It's amazing. It's essential.

I learned that for Lasso specifically people literally ran out of funding trying to compose his works and gave up for I think 100+ years before they tried again. I get that it's a large undertaking.

But I'm an complete newb to classical music who simply has access to advanced AI to help me catalog and sort all this chaos and I'm now looking at organized, coherent, corpus/'complete' editions for nearly all the Renaissance artists.

It took me weeks and I'm not done yet, but it begs the question: why is this not better compiled? The music exists even on streaming -- only a very small portion is exclusive to physical media.

It's hard not to feel that, overall, society is kinda like ""I'm good on 1000s of hours praising Jesus and God, regardless how integral it was to music's foundation."" It feels like the elephant in the room that only becomes more explicit when you actually put in the work to compile all this material and then actually listen to it.

It's almost silly to pretend that's not a partial factor -- it has to be. Because people have managed to work together to overcome all sorts of vast discographies and editions but when it comes to the Renaissance era, all this beautiful music is scattered across 100s of CDs and playlists and the only way to compile a complete edition is to do it yourself.

Am I literally sitting on the first true available Complete Lasso, Palestrina edition? ",0,3,1778614180.0,0.31,True,self.Music
1tbbt05,Music,Seeing GNR again and not kicked out! My vlog,Back story: https://www.rollingstone.com/music/music-features/guns-n-roses-chinese-democracy-fans-leaks-axl-rose-1234645804/,0,0,1778613700.0,0.3,False,
1tbb3tw,Music,what age were you when you started to understand the lyrics of songs,"i grew up with songs like whistle, old town road, habits (stay high) and s&amp;m. i used to sing those all the time 😬 not until I was 13 was when I started to understand what those songs actually meant. they didn’t really change for me, but when I was younger, i just thought they were words that sounded good together",0,13,1778612252.0,0.29,True,self.Music
1tbauio,Music,Steve Miller Band - Living in the U.S.A. [rock] (1968),,11,0,1778611708.0,0.82,False,youtube.com
1tbathj,Music,Anyone interested to listen music with me,,0,1,1778611645.0,0.4,False,
1tbarm1,Music,Music recording advice,"I have been recording for a few months, and I’m wondering if anyone has any tips that would be useful in achieving the sound that i’m after.

I have written this song that is quite inspired by the feel of David Bowie’s Alladin Sane album.  
The problem is when I play the guitar parts live in the room they sound perfect, and I have the tone dialed in pretty similarly to maybe Cracked Actor or Panic in Detroit.

But when I record it, it doesn’t have the same punch as in the room. I use a Roland Cube amp and have it mic’d up with a Behringer C-2 small diaphragm condenser, into my interface. I’m recording in bandlab.

If anyone has any tips I’d greatly appreciate it!",0,13,1778611534.0,0.5,True,self.Music
1tbari6,Music,Deee-Lite - What Is Love? [IDM],,6,0,1778611527.0,0.8,False,youtu.be
1tbaotd,Music,Sebadoh - Skull ['90s/indie rock/alternative] (acoustic),,5,0,1778611372.0,0.73,False,youtube.com
1tbaoic,Music,Does anyone know anything about this artist?,"So I've recently discovered this artist called guts. He has some great songs. Most of them are just beats though. the thing is, I'm trying to find some more information about this artist, but i cant find anything! I've looked everywhere and the only thing i learnt was that he's french. Somebody please help me out. Is he THAT underground?",1,2,1778611353.0,0.67,True,self.Music
1tbag5g,Music,Hole - Celebrity Skin [Grunge/Alternative] (1997),,17,0,1778610867.0,0.71,False,youtube.com
1tbaegd,Music,Kid Indigo - stay &amp; be my man [experimental pop],,0,0,1778610769.0,0.4,False,youtu.be
1tbadcw,Music,La Mirage - Ghost Ship,"I just stumbled on this new band.  Their songs literally just dropped!!

[https://www.youtube.com/watch?v=gXXVGn6c6W4&amp;lc=Ugw9HFlgwKfHv7nXnCx4AaABAg](https://www.youtube.com/watch?v=gXXVGn6c6W4&amp;lc=Ugw9HFlgwKfHv7nXnCx4AaABAg)

  
I asked where I could buy the album.   Their reply:  
""Right now, La Mirage is still a small ghost ship drifting through the dark.""

  
Reddit, do your thing!",0,0,1778610705.0,0.44,True,self.Music
1tbaa5l,Music,reVamped,,0,0,1778610535.0,0.33,False,
1tba53x,Music,"""Weird Al"" Yankovic Is Getting a Broadway Musical",,334,20,1778610246.0,0.98,False,consequence.net
1tb9w7s,Music,Music Event in Bath,,1,0,1778609743.0,0.67,False,
1tb9rrh,Music,Spotify is down right now and people are losing it,,0,44,1778609505.0,0.44,False,ktalnews.com
1tb9jq4,Music,Morjane Ténéré - Sweet Fruits (2026) [Folk],,0,0,1778609058.0,0.5,False,youtube.com
1tb9h9i,Music,EMPTY SIGNAL - moonpool.wav [DreamCore],,0,1,1778608918.0,0.5,False,on.soundcloud.com
1tb9au3,Music,mb7 - Under the Sakura [lofi hip hop],,0,0,1778608560.0,0.17,False,youtu.be
1tb93ia,Music,Looking for heartbreaking songs that feel painfully real 💔,"I make emotional royalty free music inspired by heartbreak, loneliness, regret, and sleepless nights. Most of my tracks are cinematic, dark, nostalgic, and perfect for people going through a brokenhearted phase.

If you’re into emotional background music, sad instrumentals, or music that feels like driving alone at night, you might connect with it.

I’d love to know which track hits you the hardest emotionally. Feedback is always welcome ❤️



",0,37,1778608145.0,0.35,True,self.Music
1tb8x6y,Music,"Faces - Three Button Hand Me Down (Live on Sounds For Saturday, BBC, 4/1/72) [Rock]",,3,0,1778607790.0,0.71,False,youtu.be
1tb8swd,Music,Blues Brothers - Soul Man [Soul],,50,1,1778607542.0,0.92,False,youtu.be
1tb8glb,Music,Lee Seung Yoon - Chitty Chitty Bang [K-pop Cover],,0,0,1778606833.0,0.25,False,youtu.be
1tb82pr,Music,Bang 74 - Soul For Sale [Rock],,0,1,1778606040.0,0.5,False,youtu.be
1tb7yur,Music,Kanye West Sits Stone-Faced as Pete Davidson Hits Him With “Gay Nazi” Joke at Kevin Hart Roast,,19279,970,1778605822.0,0.94,False,tlp-media.com
1tb7xse,Music,CRIM - CASTELLS DE SORRA [Punk Rock],,0,0,1778605764.0,0.5,False,youtu.be
1tb7tku,Music,Todd Snider - Austin City Limits 1996 [Alt Country],,2,0,1778605531.0,1.0,False,youtube.com
1tb7jyg,Music,MGK and Wiz Khalifa - girl next door [Hip Hop],,0,1,1778605000.0,0.31,False,youtube.com
1tb7ig0,Music,What’s the worst use of a sample in music?,"I recently heard Bebe Rexha’s new song, New Religion, and its use of Insomnia by Faithless is one of the worst samples I’ve ever heard. It completely waters down the original, adds generic lyrics and then adds “WHOOP” sounds towards the end of the song. 

What other songs have used a sample and completely butchered the original. Some others that come to mind are the last few David Guetta songs where he ruined a load of 90s dance anthems.",238,330,1778604917.0,0.87,True,self.Music
1tb78q6,Music,Paul McCartney Turned Down His Own Netflix Roast,,5402,827,1778604357.0,0.96,False,variety.com
1tb76sk,Music,CHINESE AMERICAN BEAR - All The People (所有人) [ C-pop/indie Pop],,0,0,1778604245.0,0.5,False,youtube.com
1tb6ysx,Music,Studio tracks of Frampton Comes Alive,"50 years ago Frampton Comes Alive appeared and if you were a teenager at that time, you probably have that album practically memorized. 50 freakin' years ago. Makes me feel old.

I was listening to it on my commute and realized that I've never listened to the studio tracks of any of these songs. All I know is the live performance. So I set up my streaming service to feed me each of the original studio tracks for each track on Frampton Comes Alive in the order they appear on the live album. (you can't mention that this is a list to play in this sub, but you get what I mean).

I think it really stands up. The studio tracks are a different experience, but they are just as fun and the studio tracks really flow in that order.

Any thoughts on this? Are there other live albums that should also get this treatment?",3,14,1778603771.0,0.58,True,self.Music
1tb6ue4,Music,brunfelssia - HYDRANGEA [EDM],,0,0,1778603517.0,0.5,False,youtu.be
1tb6jjl,Music,"Disco Ruido's cover of ""The Rhythm of the Night"", from eurodance to ambient and drone","Hello everyone. Since 2013 or 2014 I've been listening to this unique and amazing cover of Corona's ""The Rhythm of the Night"" and to this date I'm still cautivated by this impressive version of the song. I think the continous sound was achieved with bowed guitars as Sigur Rós. Don't you think? Also, the ending is just incredible, elevating the song's power to another level... Disco Ruido is a mexican electronic rock band, formed in 2009 and I believe the sound in this particular song is quite unique, uncharacteristic, taking into account the band's songs. 

[https://www.youtube.com/watch?v=N2A5Mm3-QJ0&amp;list=RDN2A5Mm3-QJ0&amp;start\_radio=1](https://www.youtube.com/watch?v=N2A5Mm3-QJ0&amp;list=RDN2A5Mm3-QJ0&amp;start_radio=1)

",0,0,1778602876.0,0.5,True,self.Music
1tb6a6u,Music,Kid Indigo - Lone Moan [experimental electronic],,0,0,1778602353.0,0.25,False,open.spotify.com
1tb61is,Music,Titus Music World fet .FR - Soon summer [Ragga Dance],,0,0,1778601849.0,0.5,False,youtube.com
1tb5otd,Music,[Blues] When I Get around To You #music #reels #Blues #Soul #R&amp;B | MajorVibes01,,0,0,1778601123.0,0.38,False,facebook.com
1tb5iwr,Music,Dust Jackets - This Is [Indie],,1,0,1778600778.0,0.67,False,youtu.be
1tb5d1l,Music,Thursday - Cross Out The Eyes [Post-hardcore],,23,4,1778600452.0,0.99,False,youtu.be
1tb52g3,Music,Breaking Benjamin - The Great Divide [Hard Rock] (2015),,1,0,1778599855.0,0.67,False,youtube.com
1tb4ot8,Music,Jhelly D'Iglesia - A mi mamá v2 [Latin],"I just finished working on this new track and wanted to share the final result. I spent a lot of time experimenting with the arrangement and trying to capture a specific late-night, atmospheric vibe using \[guitar, piano, and mexican instruments\].

I’m really trying to improve my production quality, so I'd love to get some constructive feedback. How does the low-end sound on your speakers? Does the arrangement hold your attention throughout the entire track? Thanks for listening!

[https://www.youtube.com/watch?v=VJjMnf99tYo](https://www.youtube.com/watch?v=VJjMnf99tYo)",0,0,1778599050.0,0.5,True,self.Music
1tb4fov,Music,Lady Gaga Concert Film ‘Mayhem Requiem’ to Premiere on Apple Music and Show for One Night Only in AMC Theaters,,46,2,1778598516.0,0.78,False,variety.com
1tb418r,Music,Mansun - Closed For Business [Rock],,1,0,1778597691.0,1.0,False,youtube.com
1tb3sdx,Music,Glen Campbell - Southern Nights [Soft Rock] (1977),,6,4,1778597171.0,0.75,False,youtube.com
1tb3r9l,Music,George - After a Long Time [Pop/R&amp;B],,0,0,1778597105.0,0.5,False,youtube.com
1tb3nav,Music,The Bucketheads - The Bomb (These Sounds Fall Into My Mind) [EDM/Dance],,0,2,1778596871.0,0.44,False,youtu.be
1tb3isj,Music,Bloc Party Ready New Album Anatomy of a Brief Romance,,30,5,1778596591.0,0.95,False,pitchfork.com
1tb3cvg,Music,I believe The Smashing Pumpkins has a catalog FILLED with Hidden Gems. Thoughts?,"One thing I never realized about The Smashing Pumpkins is how many hidden gems are buried throughout their catalog outside of the obvious hits.

Everyone talks about “1979,” “Tonight, Tonight,” and “Bullet with Butterfly Wings” and rightfully so, but once you start digging deeper, there’s an insane amount of overlooked material. What’s wild is how diverse their catalog is, too.

My fave, more so hidden gems (not radio hits) are:

* Muzzle
* Galapogos
* By Starlight
* Tristessa

Curious what everyone else thinks are the most underrated Pumpkins tracks. What’s the one song y'all wish more people talked about?",318,414,1778596231.0,0.77,True,self.Music
1tb30yn,Music,ONDE TUDO COMEÇOU,,0,0,1778595504.0,0.33,False,
1tb2zuj,Music,Journey's Farewell Tour Now Spans 100 Shows with Addition of 40 New Dates,,0,0,1778595437.0,0.33,False,consequence.net
1tb2yy1,Music,5 Critically Adored Elvis Costello Songs That Never Reached No. 1,,0,28,1778595382.0,0.49,False,grunge.com
1tb2vbc,Music,"The Who's Roger Daltrey Announces Solo US Tour, Which He Says May Be His Final One",,31,17,1778595172.0,0.81,False,consequence.net
1tb2m7w,Music,Les Fleur - Minnie Ripperton,"Me and my partner have been really into soul/classic R&amp;B lately and just recently discovered this song. OMG!!! How come nobody told me about this song?!? It’s so beautiful and grand that I cry every time I listen to it. 

Anywho, I was wondering if anyone has any songs that make them feel the same way. It doesn’t have to be of the same genre even. I just know there are many gems like that that I’ve yet to discover myself and it’s really one of my true joys in life! ",71,43,1778594620.0,0.92,True,self.Music
1tb2h2h,Music,Apashe &amp; Alina Pash - Kyiv [electronic],,2,0,1778594327.0,0.67,False,youtu.be
1tb2969,Music,Treephort - Bradyn [Comedy Punk],,1,0,1778593841.0,0.67,False,treephort.bandcamp.com
1tb232x,Music,David Crosby - Laughing [Folk Rock],,9,2,1778593450.0,0.81,False,youtube.com
1tb1zbh,Music,Oasis - All Around The World [rock],,2,0,1778593216.0,0.6,False,youtu.be
1tb1sav,Music,Beastie Boys' Mike D announces first ever UK and European solo shows,,127,16,1778592765.0,0.94,False,nme.com
1tb1qro,Music,Apps with an alternative UI for using YouTube Music Premium?,,0,0,1778592668.0,0.5,False,
1tb1oo8,Music,James Brown Live: Why His Performances Changed Music Forever,,1,2,1778592536.0,0.67,False,slavetomusic.com
1tb1obp,Music,"Bring Me The Horizon, A Day To Remember, Underoath, Motionless In White, Others Set For 2026 Furnace Fest",,0,0,1778592515.0,0.5,False,blabbermouth.net
1tb1kiy,Music,Do you think Madonna might end up surpassing Taylor Swift this year?,"Or at least match her in terms of success? Since Taylor is supposed to release her new album, which will be a re-release of her debut album. It’s coming out in September, and well… Let’s not kid ourselves. Madonna has never been able to surpass Taylor since Taylor began her career two decades ago; in fact, Madonna hasn’t even been able to surpass other artists with her last four albums. 

Maybe her new album, Confessions 2, will have some success—I won’t deny that—but to think she could surpass Taylor or even other artists like Olivia Rodrigo, who is currently 10 times more powerful than Madonna in terms of numbers, well, that would be ridiculous to believe. ",0,12,1778592267.0,0.05,True,self.Music
1tb19vk,Music,Music fun for my 4.5yo son,"Hey folks,

  
I need some advice from the community!  
  
I used to learn piano but at some point gave up (what I truly regret till now) and nowadays I am playing from time to time with huge desire to get back to the learning path. Not easy having that I'm 35 this year. 

However, my son loves music, loves to sing and play various instruments. We have a piano, ukulele, percussion small instruments at home that he truly enjoys. 

Our (mine and my wife's) idea is to find someone who could help him play around and structure his skills into some way via playing but I'd love to have someone coming to our house were he feels safe and can play with many things we have present here already.

The important thing for me is that is that it's not about learning music but having fun WITH music. So I feel like I'm not the best person to help him learn to have fun and improvise with the correct structure.

Do you have some tips? I don't know where to look for someone who could help us. 

We live in north of Poland nearby a big city but where and how to look for such a person?  
Or maybe our approach is completely wrong? 

  
Thanks in advance!

",0,4,1778591588.0,0.5,True,self.Music
1tb0ixc,Music,The Black Skirts - Want Your Love [Indie Rock],,4,2,1778589862.0,0.83,False,youtu.be
1tb0bnj,Music,Phish - You Enjoy Myself -&gt; Twist [prog/jam] (live 4/27/25),,0,0,1778589364.0,0.25,False,youtube.com
1tb02lg,Music,Editors - Hallelujah (So Low) (Live on KEXP) [rock] (2019),,0,0,1778588749.0,0.5,False,youtu.be
1tazxrl,Music,Bunny Idol - The Forest Guardian [Dark Cinematic Ambient] (2026),,0,0,1778588413.0,0.14,False,youtu.be
1tazs7g,Music,Imperil - Blue Eyed Glow [Alternative],,0,1,1778588013.0,0.33,False,youtu.be
1tazrlh,Music,Imperil - Sitar Sky [Alternative],,0,0,1778587972.0,0.43,False,youtu.be
1tazq9i,Music,Imperil - Delphic [Alternative],,0,0,1778587876.0,0.29,False,youtu.be
1tazpo3,Music,Imperil - Shadows Unclean [Alternative],,0,0,1778587835.0,0.44,False,youtu.be
1taznym,Music,Album Review: Trap Dickey – The Ville,,1,0,1778587716.0,1.0,False,hiphophighsociety.com
1taznin,Music,Imperil - Sea [Alternative],,0,0,1778587683.0,0.4,False,youtu.be
1tazjyn,Music,The Blow - Paper Television [avant-pop / experimental],,1,0,1778587430.0,0.67,False,open.spotify.com
1tazhl1,Music,Les Filles de Illighadad - At Pioneer Works [world],,0,0,1778587268.0,0.5,False,open.spotify.com
1tazduf,Music,Kid Indigo - La Petite Mort [avant-pop / lo-fi experimental],,0,0,1778587010.0,0.5,False,open.spotify.com
1taysq0,Music,Muse - Compliance [Alternative Rock],,0,1,1778585436.0,0.5,False,youtu.be
1tayqab,Music,Gigliola Cinquetti &amp; Trio Los Panchos - Johnny Guitar [Bolero] (1968),,0,0,1778585247.0,0.5,False,youtu.be
1tayp3t,Music,Lee Hazlewood - The Old Man And His Guitar [Folk] (1967),,3,0,1778585156.0,0.8,False,youtu.be
1tayoaq,Music,Tia Carrere &amp; Middle Aged Dad Jam Band - Heartbreaker [Rock],,0,0,1778585099.0,0.5,False,youtube.com
1tayfa5,Music,What should I do? Boyfriend problem,,0,3,1778584413.0,0.14,False,
1taycom,Music,Eurovision Semi 1 Ranking (before the show),"This ranking is based mostly on the ""vibes"" the song emits. Also i'm a strong strong proponent of singing in national languages. If the song is in english randomly (without clear reason) it has to work much harder to earn my favour.

**1. Per sempre si** (saw some posts saying italy has gone downhill the past year i DISAGREE so strongly. Especially Volevo essere un duro was SUCH good quality and i cannot believe so few countries have made use of subtitles in their way. this song is such a bop and the artist is so funny, he was so awkward on the turquoise carpet. I have to supress the urge to dance whenever i hear this. also whats nice to me is that its like simultaneously a song that would pass very well as non eurovision as well but it still fits in SO WELL. it takes a lot for a song to be able to do both.)

**2. Solo quiero mas** (proud of lithuania the last few years. songs in my top 3 for 4/5 past years. like the drama, and similar to italy, this makes me want to get up and perform the song.)

**3. Ferto** (this is stuck in my thought patterns for hours after listening. idk if that makes sense.)

**4. Liekheitin** (i honestly do not care abt the fact that they were allowed live instruments. Everyone can ask and its a source of risk as well. good song overall. Otherwise really nice. doesnt make me wanna move haha which decreases its rating here)

**5. Fire** (people need to stop hating on germany just because its germany. ill admit lyrics are very lackluster (sing in german ffs. baller SLEW) but again this is more vibes based, and the rhythm pleases me)

**6. Nova Zora** (dk if people agree but this reminds me of Zjerm somehow? instant positive association, plus i like the sound of the lyrics)

**7. Too epic to be true** (love the opening lol. not much more to say)

\---- Would listen to outside of eurovision limit -----

**8. On replay** (again, OPENING big yes i love the ba ba ba ba, giving evil oompa loompa, sadly takes a turn for the worse once the text starts lol. keep me on replay is the only other part i like)

**9. Dancing On Ice** (has something, but it annoys me. would benefit a lot from own language. makes me feel like i have 50 degree fever)

**10. Kraj Mene** (intriguing, but doesnt capture me idk. not enough coming my way)

**11. Andromeda** (really boring too me, maybe its type is js oversaturated in eurovision in the past)

**12. My System** (would maybe like this more if it werent from sweden. they have been taking no risks since more than a decade. this song has no soul to me, id expect it out of the radio but not on esc. also the mechanic ""my system"" voice stirs hate in me, cant explain it)

**13. Superstar** (sing in ur own languageeee im begging you. as a ESL speaker myself i dont dislike accents normally but this annoys me for some reason. Its also a really basic song with nothing special imo)

**14. Pray** (this feels rlly cringe and disjointed idek. i think you need a sip of holy water. )

**15. Viva Moldova** (honestly js cannot stand this type of song, sue me)

**15. Rosa** (portugal has been my enemy since sobralgate '17, and has not impressed me since with the possible exception of saudade. please please please leave it in the semi i am BEGGING)",0,3,1778584208.0,0.27,True,self.Music
1tay6f6,Music,Melanie Martinez debut album Cry baby and its instrumentals,I was relistening to some old 2010s albums and listening to *Cry Bab*y and can we talk about those insane vocals and instrumentals? Especially “Training Wheels” and “Soap.” Such a game changing album!!!111,0,0,1778583704.0,0.14,True,self.Music
1taxy85,Music,Kabir - 1 12 दुर्लभ मानुष जन्म है Human life is difficult to obtain [Folk],,0,0,1778583046.0,0.29,False,youtu.be
1taxlex,Music,Quantaphase - 3 AM Highway Visions [Melodic Techno],,0,0,1778581953.0,0.17,False,youtube.com
1taxksa,Music,Irish broadcaster RTÉ to air 'Father Ted' Eurovision episode in boycott of song contest,,3136,149,1778581899.0,0.96,False,nme.com
1tax9za,Music,What are some good female fronted rock/AOR bands from the 80s and 90s?,"Im already aware of the following bands: 

Chrissy Steele, Lee Aaron, Patty Smyth, Lita Ford, Sass Jordan, Allison, Aurora, Bad Romance, Darby Mills, DuBeel, Femme Fatale, Headpins, Harlow, Joanna Dean, Red Siren, Romeo’s Daughter, Saraya, Robin Beck, Pat Benatar, Laos, Vixen, Roxette, Warlock and Phantom Blue.

Im looking for other bands that are similar or not very well known, but please list any other ones I have missed. Thank you!",14,133,1778580970.0,0.64,True,self.Music
1tax1k4,Music,James Taylor - MUD SLIDE SLIM and the BLUE HORIZON (1971):,"['Mud Slide Slim and the Blue Horizon' \(1971\) provided refuge against the world rather than a reaction to it.  ](https://preview.redd.it/8g4lech3ko0h1.jpg?width=380&amp;format=pjpg&amp;auto=webp&amp;s=7001c3cc93e02d2d0409cd957b002acaa67fe061)

[https://samtimonious.com/james-taylor-mud-slide-slim-and-the-blue-horizon/](https://samtimonious.com/james-taylor-mud-slide-slim-and-the-blue-horizon/)",0,0,1778580229.0,0.4,True,self.Music
1taws0f,Music,Black Sabbath - Into The Void - [Rock] ( Live 2005 ),,17,2,1778579383.0,0.82,False,youtube.com
1tawqhs,Music,ATr - Aqua GMT/Saint (Official Video) [Hiphop],,0,0,1778579246.0,0.33,False,youtu.be
1taw9dv,Music,Kid Indigo - Zoobreak [bedroom pop / lo-fi],,0,0,1778577628.0,0.29,False,m.youtube.com
1taw4yc,Music,I found dope music,"GUYSSS SEARCH PAT AND SEAN ON YOUTUBE RIGHT NOW 🤌🤌🤌

I feel like I was living under a rock because HOW am I discovering them only now 😭

Funny story — I opened YouTube for a chemistry lecture and accidentally clicked their video instead. Thought I’d watch for 1 minute… ended up replaying songs for an hour like I had discovered music for the first time 💀

Their vibe is SO GOOD — catchy, fun, energetic, and impossible to skip. Huge praise to them because making music this addictive is actually insane 👏

Anyways, thank you YouTube algorithm for once doing something useful 😭

Drop your best music suggestions below 👇🎧",0,3,1778577209.0,0.09,True,self.Music
1taw4oh,Music,Broken Social Scene - This Briefest Kiss [indie rock],,0,0,1778577182.0,0.5,False,youtu.be
1taw45u,Music,I found dope music,"GUYSSS SEARCH PAT AND SEAN ON YOUTUBE RIGHT NOW 🤌🤌🤌

I feel like I was living under a rock because HOW am I discovering them only now 😭

Funny story — I opened YouTube for a chemistry lecture and accidentally clicked their video instead. Thought I’d watch for 1 minute… ended up replaying songs for an hour like I had discovered music for the first time 💀

Their vibe is SO GOOD — catchy, fun, energetic, and impossible to skip. Huge praise to them because making music this addictive is actually insane 👏

Anyways, thank you YouTube algorithm for once doing something useful 😭

Drop your best music suggestions below 👇🎧",0,3,1778577132.0,0.15,True,self.Music
1tavv1a,Music,Kid Indigo - better run &amp; catch that ! [dream pop / art rock],,0,0,1778576307.0,0.5,False,youtu.be
1tavpxc,Music,Broken Social Scene - And I Think Of You [indie rock],,2,0,1778575829.0,0.66,False,youtu.be
1tavlqw,Music,Best Music / Musician joke I have ever heard,"A singer had a big upcoming concert and was contemplating on whether to hire an instrumentalist to accompany him during the perfomance. He had heard though that instrumentalists were very unreliable and never commited to schedules. He therefore decided to use a backing track to perfom with but also hired a saxophonist because he figured that if the saxophonist let him down, he would still have the backing tracks. 

The saxophonist showed up for rehearsals every day on time and was extremely professional the entire time. He made rehearsals very exciting for the singer and they bonded over the period leading up to the concert. On the day before the concert, the singer said to the saxophonist, ""I need to be honest with you. I never thought you would come to all the rehearsals. You have changed how I view instrumentalists. I was wrong and I hope that you will forgive me for pre-judging you. Thank you for showing up on time every day for the rehearsals."" 

The saxophonist replied, ""That is the least I could do considering I am not going to be able to make it to the concert tomorrow.""

",51,23,1778575435.0,0.86,True,self.Music
1tavka5,Music,The Smashing Pumpkins - Today [Alt Rock],,14,0,1778575290.0,0.79,False,youtube.com
1tavgeo,Music,Kid Indigo - Every Song Is Your Song Anyway [art pop],,0,0,1778574927.0,0.5,False,m.youtube.com
1tav3h9,Music,Which 90s Rock Band Are You? Take This Quiz To Find Out!,,0,2,1778573678.0,0.22,False,yodoozy.com
1tauodu,Music,The Jacksons: Triumph Album,I’m always disappointed that the era of Triumph isn’t talked about enough when referring to Michael Jackson’s career. Or even the respects of the brothers. They are so talented and contributed so much to that album. All of them wrote composed and produced. Randy and Jackie contributed heavily also in the writing process. And in my opinion Triumph has some of Michael Jackson’s greatest work. I’m not one to skip anything Michael but this is 100% a no skip album. One of his and their most underrated pieces! I was disappointed that in the movie (or any conversation)there is no mention of it. This was such a strong time for Michael coming off of Off The Wall pouring his creative young mind into this album totally got him ready for Thriller. He displays so much range in his performance it’s just so amazing. What are some of your favorite songs? Mine has always changed. But it’s usually “Give It Up”. If you have not listened to this album thank me later.,0,4,1778572239.0,0.47,True,self.Music
1taudoi,Music,PAWFI - 渋谷交差点Japanese Rap [Funk / Groove / J-POP] (2026),,0,1,1778571218.0,0.25,False,youtu.be
1taudj8,Music,Am i delusional or do those song sound really similar?,From madonna La isla bonita and from Ace Of Base All that she wants sound really similar to me but i cant explain why does anyone else have that or am i imagining it. Because all my friends i asked this about dont hear it for some reason but im certain the similarity is there. Maybe its the tune in which they sing or the beat i just cant explain what it is,0,7,1778571203.0,0.27,True,self.Music
1tau2vn,Music,"Girl Pusher - Okay, Okay [electro / experimental electronic]",,0,0,1778570193.0,0.4,False,youtu.be
1tau15o,Music,Artists with huge discographies,"Which artists do y’all listen to that have massive discographies? Versions of songs and different releases don’t count in talking that raw unique count? 

Sometimes I don’t listen to that much of an artist and I’m not sure why like I’ll love an album and listen to it nonstop and still resist diving in deeper to the whole discography… or if I love older albums sometimes I’m scared of a new release.

Am I the only person that gets this way? On the flip side sometimes I really love to embrace a whole catalogue and listen to one artist for hours.

Who can you think of with the most songs you listen to?",41,354,1778570039.0,0.78,True,self.Music
1tatyq9,Music,Kid Indigo - I Used to Be Young and Free and Reject Capital Letters Too (Just So You Know) [experimental electronic],,0,0,1778569825.0,0.5,False,youtu.be
1tatsdk,Music,Worn-Tin - Sensitivity [bedroom / lo-fi / pop rock],,0,0,1778569247.0,0.4,False,youtu.be
1tatqrt,Music,Kid Indigo - I think I hear angels [ alt pop / experimental electronic],,1,0,1778569109.0,0.57,False,youtu.be
1tatjfb,Music,Ищу клип!,"Музыка: поп, электроника  
Язык: английский

Солист - трансгендер (мужчина с резиновой накладной грудью), заходит в кафе забегаловку. За соседним столиком сидят мужчины и провоцируют с ним драку.   
Остальные посетители заступаются за трансгендера и драка перерастает в драку всех посетителей.   
Девушка разбивает бутылку о голову нападавшего мужчины.

Не Knife, ИИ тоже не знает, что-то нишевое видимо. ",0,3,1778568440.0,0.3,True,self.Music
1tati42,Music,Are the Beatles top 20 rock bands of all time?,,0,6,1778568317.0,0.07,False,
1tatb3o,Music,"Dead Erased - i've dug you a hole, don't try and push me in [Bedroom Rock] (2026)",,0,2,1778567658.0,0.33,False,youtube.com
1tat7dy,Music,Machine Head liefern brachiale XXL-Show in Wiesbaden,,15,0,1778567320.0,0.84,False,paranoyd-magazin.de
1tat324,Music,Croz Boyce - Father Karras [experimental electronic],,1,0,1778566938.0,0.66,False,youtu.be
1tat23f,Music,Girl Pusher - A Lot of Boys Like Me Though [breakcore / experimental electronic],,1,0,1778566855.0,0.66,False,youtu.be
1tat11s,Music,Kid Indigo - in your lap [bedroom / lo-fi / alt-pop],,1,0,1778566761.0,0.57,False,youtu.be
1tat0cv,Music,Performative male music,"[Performative male music](https://www.youtube.com/watch?v=NUmxC3HtdDs)

Made a music about performative male music, let me know what you guys think regarding this topic! I know this topic is pretty hotly debated, but I also feel like it isn't gone into depth enough. You can watch the video for exactly what my points are (although its super anecdotal, as all videos on this topic are). You can also read below for a shorter, summarized version if you want.

TLDR of the vid and my opinion: clairo, beabadoobee, and laufey are the big three of female indie softrock, and indie music is largely defined by people who hate gatekeepers, who then assign the ""performative"" tag to those people who like the artist. For example, lots of people who listen to TV girl are super gatekeepy and weird about it, which the community is kind of notorious for. Thus, TV girl fans are sorta deemed performative, even if the large majority of people are casual listeners, they get lumped together with the people who give a bad name to the community.

Let me know what you guys think!",0,9,1778566700.0,0.22,True,self.Music
1tasyw1,Music,The Blow - How Naked Are We Going To Get? [alt-pop / experimental electronic],,0,0,1778566574.0,0.5,False,youtu.be
1tasxcm,Music,The Blow - Parentheses [indie / altpop],,0,1,1778566442.0,0.5,False,youtu.be
1tasw3w,Music,Kid Indigo - Yes Take It [bedroom / lo-fi pop],,2,0,1778566331.0,0.62,False,youtu.be
1tasu1l,Music,Mirah - Of Pressure [lo-fi pop / bedroom indie],,1,0,1778566148.0,0.6,False,youtu.be
1tassid,Music,Mirah - Recommendation [indie / electro],,1,0,1778566010.0,0.6,False,youtu.be
1tasqz1,Music,Kid Indigo - ALL TIME [alt-pop / experimental],,0,0,1778565875.0,0.5,False,youtu.be
1taspn7,Music,Croz Boyce - What if Janis Just Stared? [experimental electronic],,1,0,1778565759.0,0.6,False,youtu.be
1tasoc3,Music,Uniiqu3 - LSD [breakbeat / leftfield bass / hip-hop],,1,0,1778565650.0,0.6,False,youtu.be
1taslvq,Music,Grace Ives - Babyyy [experimental electronic / art-pop],,1,0,1778565450.0,0.57,False,youtu.be
1taskpb,Music,Kid Indigo - Hold My Helpless Hand [experimental electronic / art-pop],,1,0,1778565344.0,0.6,False,youtu.be
1tasij6,Music,Stiff Little Fingers - Tin Soldiers [Punk],,8,1,1778565157.0,0.9,False,youtu.be
1tasfnp,Music,Kid Indigo - s o l o n g [neofolk / art rock],,1,0,1778564907.0,0.6,False,youtu.be
1tasca8,Music,Animal Collective - Man Of Oil [experimental / art rock],,1,0,1778564604.0,0.57,False,youtu.be
1tasakt,Music,Prewn - I'm Gonna Fry All the Fish in the Sea [art rock],,1,0,1778564457.0,0.6,False,youtu.be
1tas8s3,Music,Girl Pusher - Tobacco [electro],,1,0,1778564307.0,0.6,False,youtu.be
1tas7jj,Music,Kid Indigo - Dare U Boi [alt-pop],,1,0,1778564203.0,0.6,False,youtu.be
1tas5mi,Music,Animal Collective - Brother Sport [experimental electronic],,14,6,1778564033.0,0.88,False,youtu.be
1tarzpk,Music,Vendredi sur Mer - Lune est l'Autre [electro / synthpop / dance pop / techno],,1,0,1778563506.0,0.6,False,youtu.be
1tarxb3,Music,Kid Indigo - your face floats above me at night like a ghost [synthpop / bedroom / experimental electronic / trip-hop],,1,0,1778563305.0,0.6,False,youtu.be
1taruo6,Music,Bunterng,,0,0,1778563076.0,0.5,False,facebook.com
1tartiu,Music,Jadakiss ft. Anthony Hamilton - Why [Hip-Hop/Rap],,1,0,1778562974.0,1.0,False,vimeo.com
1tarr8v,Music,FOOD - all of my addictions all at once [R&amp;B],,0,0,1778562779.0,0.5,False,youtube.com
1tarq9j,Music,STATIC-X - STINGWRAY [METAL],,1,0,1778562690.0,1.0,False,youtu.be
1tarhy6,Music,Could “Blue Green Red” Actually Be on Drake’s Iceman Album?,,0,0,1778562008.0,0.17,False,
1tarexp,Music,Croz Boyce - Steven’s Sunshine Rejected [ freak folk / psychedelic / experimental electronic / art rock],,1,0,1778561750.0,0.66,False,youtu.be
1tarauc,Music,am i crazy or does industry baby sound like the wedding march,"on gawd im not losing it its the begining parts istg

is there like some specific type of motif that uses the rythm and note progression, if so could someone pleas tell me i feel like im losing sleep over ts

wedding march:

[https://www.youtube.com/watch?v=4tDYMayp6Dk&amp;list=RD4tDYMayp6Dk&amp;start\_radio=1](https://www.youtube.com/watch?v=4tDYMayp6Dk&amp;list=RD4tDYMayp6Dk&amp;start_radio=1)

industry baby;

[https://www.youtube.com/watch?v=UTHLKHL\_whs&amp;list=RDUTHLKHL\_whs&amp;start\_radio=1](https://www.youtube.com/watch?v=UTHLKHL_whs&amp;list=RDUTHLKHL_whs&amp;start_radio=1)

",0,0,1778561395.0,0.2,True,self.Music
1tar7sp,Music,I want to make music.,"15 year old white boy here, I’ve been in love with the concept of making music for years now and I’ve never done shit about it. Seeing artists like Slayr, being only 18 producing his own shit, making his own songs, hearing different stuff like beautiful ass beats too beautiful ass samples, I’m just now realizing I’m getting too the age where I should start trying at least try a little bit. I would’ve started way earlier in my life but I’ve never had the motivation I always try, it sounds like shit, I give up for another month or so, the whole point of this post is for tips on how to start. Motivation tips, apps to make music on (until I can buy fl studio) just shit like that",0,9,1778561134.0,0.23,True,self.Music
1tar4nr,Music,Whoopsie Daisy - Kid Indigo [psychedelic / freak folk / art rock / bedroom experimental],,1,1,1778560870.0,0.66,False,youtu.be
1tar18v,Music,"Hell Is In Pittsburgh Tonight - Kimya Dawson, Adam Kirkup [indie folk / anti-folk / alternative / folk rock]",,8,0,1778560585.0,1.0,False,open.spotify.com
1taqztl,Music,TOUGH STUFF - Kid Indigo [alt pop / downtempo / trip-hop / experimental electronic],,1,0,1778560464.0,0.66,False,open.spotify.com
1taqxq9,Music,A Spill Is Not Graffiti - Pell [bedroom / lo-fi hip-hop / indie r&amp;b / neo-soul],,1,1,1778560287.0,0.66,False,open.spotify.com
1taqvby,Music,Croz Boyce - Croz Boyce [instrumental / experimental pop / art rock / alternative],,1,1,1778560086.0,0.66,False,open.spotify.com
1taqu2z,Music,GIF OF THE MAGI - Kid Indigo [experimental electronic / art pop / trip hop / alternative],,1,0,1778559983.0,0.66,False,open.spotify.com
1taqqm2,Music,- YouTube Kylie Cantrall - Carrie Bradshaw [pop],,0,0,1778559711.0,0.5,False,youtube.com
1taqkad,Music,Noah Kahan - The Great Divide [Folk] (2026),,1,1,1778559208.0,0.67,False,youtu.be
1taq6hn,Music,Album Review: NASAAN – Method Acting,,2,1,1778558121.0,1.0,False,hiphophighsociety.com
1taq60s,Music,Bridge Opinion,I have been asked to help with drums on a friend’s project. He has about 10 songs and none of them have a bridge. Strictly VCVCVC END. He tells me bridges aren’t really necessary. How say you?,0,1,1778558083.0,0.33,False,
1tapgf5,Music,Edie Brickell &amp; New Bohemians - What I Am  [Alternative Rock] (1988),,27,7,1778556049.0,0.89,False,youtube.com
1tapddq,Music,Music Personality Doubt,"I’ve had a bunch of “phases” with music, i’ve had periods of my life where i’ve listened to rock, metal, all the way trough trap. It’s change a lot - and in the last year or so i’ve connected so much with electronic music. Some of the people i talk too make me feel like that’s a lack of music personality or defined taste . What do yall think ?",0,23,1778555817.0,0.22,True,self.Music
1tap9yo,Music,จายเจิงหาญ - ข้อถามคงก๋าง / ၶေႃႈထၢမ်ၶူင်းၵၢင် - ၸႆၢးၸိူင်းႁၢၼ် [OFFICIAL MV]ၸၢႆး,,0,0,1778555541.0,0.25,False,youtu.be
1tap279,Music,I made this song with a budget phone...,"Hi, I'm CherTred, I'm 14 years old. If you're here, it's probably because you want to know how I made this song with a cheap cell phone. Well, I spent months practicing, deleting everything, trying to understand how they work! And I realized that it's all about ""creating"" because when you have imagination and no money, you can do amazing and horrible things at the same time. This song is called ""Suffering."" It's about disbelief and fake people who show you one side of themselves and are someone else entirely to others.

The song is called Suffering - CherTred",0,7,1778554942.0,0.1,True,self.Music
1taos17,Music,Rock and Roll Faces the Inevitable,,0,8,1778554178.0,0.4,False,theatlantic.com
1taoeh9,Music,ticket prices for concerts,"does anybody know what in the heck changed in the past 2 years that tickets are so much more expensive? for example in 2024 i got 2 tickets for olivia rodrigo around $180 each. and i got the second ticket like a week before the concert. but now prices are starting at around $400 for just one ticket. and they’re completely sold out on ticketmaster. so im just curious what happened bc its not just olivia, its so many artists",0,15,1778553168.0,0.31,True,self.Music
1taocyu,Music,"The vibe of John Mayer, Connie Caillat, Vanessa Carlton, Jason Mraz, and Sara Bareilles, etc","I like their music!

I mean \*\*\*COLBIE

What do you think? you know what I mean. It gives a chill laid back almost nostalgic feeling. Happy vibes?

Genre-wise, you could call it:  
acoustic pop  
singer-songwriter  
soft rock  
adult contemporary

Almost 2000s coastal coffee shop vibe. Everything felt content and sunny. Everything felt LIGHT! 

Add more artists to this list!",127,217,1778553053.0,0.76,True,self.Music
1tanxsw,Music,Jane's Addiction - Jane Says - [Alternative Rock] ( Live 2010 ),,12,1,1778551922.0,0.78,False,youtube.com
1tanrun,Music,Confusion - Electric Light Orchestra,"I’ve been an ELO fan for about two years now, (i’m 21), and Comfusion is hands down one of their greatest. I’ve been collecting records recently, and FINALLY found the discovery vinyl. Now i just need to find “Out of the Blue”. ",11,15,1778551474.0,0.8,True,self.Music
1tane96,Music,Hole - Doll Parts [Grunge],,8,1,1778550482.0,0.78,False,youtube.com
1tan1f6,Music,Song choice for moshing,,0,4,1778549541.0,0.5,False,
1tamtni,Music,👋Welcome to r/Ilovegoodmusic - Introduce Yourself and Read First!,,0,0,1778548974.0,0.2,False,
1tamqam,Music,"Crosby, Stills &amp; Nash - Anything At All [Rock] [1977]",,6,1,1778548740.0,0.81,False,youtu.be
1tam9h6,Music,AMINÉ - CAROLINE [Hard Trap Flip] (Big 808s),,0,0,1778547543.0,0.5,False,youtube.com
1tam782,Music,Rant about John Michael Howell,"He has such an amazing voice and such great skill but in my opinion his voice with autotune just sounds ass.

Like honestly i’d really like basically all of his songs is he just sang them with minimal autotune, but his voice in his songs just sound so ass.

And i can’t seem to find anybody who shares the same opinion, am i the only one who loves his voice but loathes his autotuned voice?",2,8,1778547376.0,0.6,True,self.Music
1tam08k,Music,I need help finding a song.,"So for context, I was in the car with my mom and she puts on this absolute bangerrrr, but I can’t tell her I like it, I just need to be nonchalant. all I remember was the song or album cover coming up on the screen, and it was a yellow background, with a picture of three guys sitting in the middle, and text around it, and if im thinking correctly one of the parts of the text said sweet Caroline. the possible name of the song was something like, take you home. or take me home. idk but it would be greatly appreciated if someone could find what im talking about 👍 ",0,16,1778546867.0,0.37,True,self.Music
1tam08g,Music,Vemana - 1 27 కులములో నొకండు One in the caste [Folk],,0,0,1778546867.0,0.33,False,youtu.be
1taltkh,Music,BigXThaPlug Was the Gift That Kept on Giving at His Dallas Birthday Bash,,0,2,1778546374.0,0.33,False,dallasobserver.com
1talsj2,Music,Here's my Top 100 songs (in my own humble opinion),"100. Again - Lenny Krabitz

99. Sexyback - Justin Timberlake

98. Boom Boom Pow - Black Eyed Peas

97. What a Girl Wants - Christina Aguilera

96. Amazed - lonestar

95. Take A look Around - Limp Bizkit

94. I knew i Loved you - Savage Garden

93. Stan - Eminem &amp; Dido

92. A la Primera Persona - Alejandro Sanz, then Michel El Buenon

91. Not Afraid - Eminem

90. Mi Todo - Michel El Buenon

89. Kids - Robin Williams

88. Dilemma - Nelly &amp; Kelly Rowand

87. Chachipun - Los Pulentos

86. Show Me The Meaning of Being Lonely - Backstreet Boys

85. Sabre Olvidar - Joe Arroyo

84. Metallic Madness B MIX (US) - SEGA Sound Team

83. Chop Suey! - System Of a Down

82. Si la vieras bailar - Barbero 507

81. What's the Matter, Martha? - Kevin Tremmer Tunes

80. Gitana - Willie Colon

79. Through Patches Of Violet - Mili

78. Bent - matchbox twenty

77. We Are One - Pitbull

76. Mel Sings A Song - Aaron Fraser Nash

75. Trouble - Coldplay

74. Do i Make You Proud? - Taylor Hicks

73. Jax Toy - Jakeneutron

72. Cotton Eyed Joe - Rednex

71. Who Let the Dogs Out? - The Baha Boys

70. One Step Closer - Linkin Park

69. I'll Make Love to you - Boyz II Men

68. Caught in There - Kelis

67. Maria Jose - My Unc

66. Down With the Sickness - Disturbed

65. Vogue - Madonna

64. On a Night Like this - Kylie Monogue

63. Be With You - Enrique Iglesias

62. Thank God i Found You - Mariah Carey

61. Music - Madonna

60. Las Avispas - Juan Luis Guerra

59. Vente Pa' Ca - Ricky Martin

58. Juanito Alimaña - Ruben Blades

57. Around the World (La La La) - A touch of class

56. Lady (Hear Me Tonight) - modnoz

55. You Give Love a Bad Name - Bon Jovi

54. Estoy Aqui - Shakira

53. Butterfly - Crazy Town

52. L'Amour Toujours - Gigi D'Agostino

51. If You Had My Love - Jenny Lopez

50. Otherside - Red Hot Chili Peppers

49. Te Aviso, Te Anuncio - Shakira

48. Love The Way You Lie - Rihanna &amp; Eminem

47. Quiereme Siempre - Orquesta Aragon

46. Californication - Red Hot Chilli Peppers

45. Sin Una Despedida - Hansel y Raul

44. Niagara En Bicicleta - Juan Luis Guerra

43. Guts - Cath Guida

42. Lose Yourself - Eminem

41. La Camisa Negra - Juanes

40. Tainted Love - Soft Cell

39. Livin On a Prayer' - Bon Jovi

38. La Bilirubina - Juan Luis Guerra

37. Bizarrap Session 52 - Bizarrap &amp; Quebedo

36. Decisiones - Ruben Blades

35. Corazon De Acero - Yiyo Sarante

34. Doesn't Really Matter - Janet Jackson

33. Wherever, Whenever - Shakira

32. It Wasn't Me - Shaggy

31. It's Gonna be Me - NSYNC

30. Thinking Out Loud - Ed Sheeran

29. Barrio Popular - Eddy Jay

28. Foolish - Ashanti

27. Under The Bridge - Red Hot Chilli Peppers

26. Independent Woman - Destiny's Child

25. Numb - Linkin Park

24. Bachata En Fukuoka - Juan Luis Guerra

23. Sk8ter Boy - Avril Lavinge

22. Bad - Michael Jackson

21. Welcome To The Black Parade - My Chemical Romance

20. Copa De la Vida - Ricky Martin

19. Love Never Felt So Good - Michael Jackson &amp; Justin Timberlake

18. Smooth - Santana &amp; Rob Thomas

17. My Name Is - Eminem

16. You Rock My World - Michael Jackson

15. Sweet Child O' Mine - Guns N' Roses

14. I'm Like A Bird - Nelly Furtado

13. Maria Maria - Santana

12. Give Me Everything Tonight - Pitbull, i think

11. Hey Ya! - Outkast

10. Where Is The Love? - Black Eyed Peas

9. Mockingbird - Eminem

8. Will You Marry Me, Honey? - My Unc

7. Mrs. Jackson - Outkast

6. Gangsta Paradise - Coolio

5. November Rain - Guns N' Roses

4. El Cantante - Hector Lavoe, Willie Colon &amp; Ruben Blades

3. It's My Life - Bon Jovi

2. DK Rap - Rareware

1. I'll be Missing You - Diddy

Honor mention: Forgot About Dre - Dr. Dre (it was really close)

Also none of the songs by My Unc are in neither spotify nor youtube",0,16,1778546299.0,0.19,True,self.Music
1talm3o,Music,Misfits? Where to start pls,"My older brother died not too long ago and he really liked the Misfits band...I wish today for any tips on where to start with listening to them? Any particular albums? Etc....i just want to feel closer to my brother through the things he enjoyed yk. 

Id appreciate any feedback. Thank you and god bless ",154,82,1778545841.0,0.9,True,self.Music
1talhsq,Music,What’s your go-to no-skips album?,,0,32,1778545519.0,0.2,False,
1talcu9,Music,"does anybody know whats the song is playing in the back? I think its from the 2000s (maybe late 90s or early 2010s) I cant remember what it is, I think it was by a female singer",,0,1,1778545148.0,0.33,False,
1takzzy,Music,"The AI Music Conversation, Genuinely ""Solved""","What I will now say in this post, will be extremely.... Relevant to the current situation in the world regarding AI's and music....

  
And well, you'll see I suppose....

  
So I just watched a YouTube short video from El Esteprio, the drummer... He was talking about this new AI app basically and how you can just tell it like a prompt and then it will spit out a piece of music for you...

  
He was explaining how essentially what has happened is these big tech companies, have taken the entire human history worth of music, and ran it through this machine, and now that machine is capable of imitating it. 

  
They claim that they have done this because supposedly we do not enjoy the process of making music... And he insists on pointing out the obvious, that no that is not why they did this. They did this for a profit. 

  
And he presents his perspective as being firmly against the use of these new AI music tools. 

  
Because they are ruining music, he says...

  
You know that's me paraphrasing him, I mean go watch his speech in that video if you wish to hear what he actually has to say...

  
I listened to it all... And I felt compelled to speak. And so I wrote a comment to that video... And I would like to share it with you now.... By the way I use voice to text when I write these things, this is really me speaking out loud even now... That's why I use these ellipses, these series of dots... They are the pauses.... In my actual speech.

So here is what I wrote....



.........

  
I have two things to say. 
Two deep and insightful things to say, perhaps...

First of all, how wonderful it is, that a person is this genuine, this authentic, this honest, this brave, and has this much innate integrity necessary, to actively say all of these things in a public way like this. 

It is truly.... I mean.... Let me just dispense with any of the you know colorful... Adjectives or whatever and let's just simply say that it is....

It is profoundly HUMAN.

It is profoundly human of him to say these things....

It should, and it likely will, serve as an inspiration to others, such that they might begin to feel a little bit more.... Permission and confidence, to say what they have to say, regardless of how it might be perceived by people or how many precious little followers they might lose or whatever....


Secondly. 

Insofar as this music that is being produced by these algorithms....

I have never listened to any of them.

But I do not need to listen to any of them, to see perfectly clearly, what I'm about to say. 
And that is this.....

I am already viscerally, physically aware, of the difference between what I would call genuine art, and a product. 

A product is something that someone has planned on, they've designed, deliberately, in order to be popular and profitable, essentially. 

These kinds of songs are often relatively catchy, at least sometimes....

They are often enjoyed by many many people....

They have been designed to be enjoyed by many many people. 

Yet they are ultimately completely hollow in shallow and meaningless pieces of so-called music. 

They typically are completely devoid of a certain quality....

And that quality is genuine presence. 

Genuine honesty, genuine authenticity, genuineness. 

Art is not really something that you make.... It's not something that you create.... It's not even really something that you do....

Genuine art is something that you witness as it happens through you, it's like it just unfolds on its own or blossoms on its own, through you as a vessel. 

You the so-called creator, are not really the creator of genuine arts, yes it comes through you, but it's much more like you are just the first person who is witnessing it. 

It is deep, it is deeply moving, it is emotional, it is profoundly human, like I said earlier.....
It's raw, it's honest, it's often not pretty, it's often not catchy.... But it's kind of like it hits you in the chest you know it's like it it's like a strikes you in the heart in a certain way....

And contrived music products, simply ring shallow and hollow, they simply do not have this quality to them at all....

Genuine art is not planned. 

You know like a musician might decide okay well I'm going to sit down and make a song that's sad... Or I'm going to make a happy song.... I'm going to make a song that sounds like whatever....

And then they actively try using their own intellect, to try to imitate music that genuinely sounds happy or sad or whatever....

It's a contrivance. 

It's forced, it's unnatural, and it is filled with the obviously present intention to garner attention into earn profit I mean that is the entire motivation of why these songs exist and it is viscerally present when you listen to them. I feel it in my very nervous system literally. 

I cannot help it, I'm not looking for it, it jumps out at me like a sudden loud noise....

It's gross, it's pitiful, and it's pathetic. 

Not to be you know rude to anyone but that's just how I perceive it....

Whereas genuine art is the opposite. It's not gross, it's deeply deeply beautiful and deeply moving, it will bring you to tears.....

I am just explaining this quality.... That I am always aware of....

It's the difference between performing a song, and the song naturally just like exploding out of you because it kind of has to....

It's the difference between mimicking someone's voice when you sing....

And embodying the very place from which the song has arisen in the first place. 

I don't know what we would call this quality.... But it is immediately obvious to me. 

When it is present and when it is absent, both of those, I cannot help but notice it....

That being said, I have never heard any of this music that has been produced by these algorithms, but I can already see perfectly well that they will, by necessity, be completely devoid of this quality. 

You know what I mean? 

Like the notes might all be there right.... It might be a cool sounding intricate catchy little.... Beat or melody or whatever....

And I suspect it likely will also not have, that immediately obvious intention to gain popularity and attention and profit, that I am also immediately aware of, it likely won't have that quality either....

But I would not ever truly call it art. 

Because that's not what it is, it's a product being sold. 

It's content that you can purchase. 

And as far as I'm concerned, that means it's essentially valueless. It's worthless. 

Because what gives art it's true value you know it's not that the brush strokes are all perfectly symmetrical....

It's not that the notes are all in the right place, played perfectly like a metronome clicking....

It's the human soul is what it is if I could just say it simply....

It's present in this man's speech, when you listen to him talk in this video, it's present in his music when he plays, because he is genuinely playing. 

Even when he's covering a song. 

When I sing a song I sing it for real like I really actually sing it.... It's deeply emotional and it is profoundly real. 

And in a world nowadays that is filled with, the artificial.....

That authenticness.... Is going to become more and more, the only thing that people are truly looking for. 

...........

If a person wishes to use an app like this to help them make music....

Then use it as an inspiration. 

Don't copy and paste it...

Use it as an inspiration in the same way that you use all of the music that you love, as an inspiration, because all of the music that you love and enjoy it's like it all mixes together inside of you....

And then what comes out of you is perfectly unique but it is based on a foundation of the music that you have enjoyed your whole life. 

Now that I am looking at this....

It's like a chain right It's like you're a link in a chain that goes back throughout all of human history back when people first invented little bitty flutes and the first drums....

Those inspired others and then they inspired others and it comes all the way up to us....

We are just the tip of the spear so to speak....

To willingly leave this process, to abandon your genuine position within this chain of humanity....

In favor of the lazy and simple and profitable path....

Willingly choose to do this, is to deeply profoundly misunderstand what music even is. 

It's not only morally and ethically wrong it is simply like factually mistaken. It's just an error on the person's part....

If you wish to use an app like this then let it inspire you, don't let it take your place within humanity....

Wow bro....

That's some deep s\*\*\* that I just said isn't it?.....

Can't even help myself....

Thank you for your time and attention, in so far as you have shared it with me. 

🙏

-Colton

  
...........

  
I am literally moved to tears, literally, I am literally left in awe and astonishment at what I just heard myself saying....

  
Because if you haven't noticed, that very quality which I was referring to, is present in my every word. 

  
It's why my words feel like they have such weight to them.... It is immediately noticeable. 

  
If I could name this quality, I would probably call it....

  
The Presence Of The Actual.

  
And a few things that I would point out about what I said....

  
By the way the whole chain like image, you know I said basically that... Music is sort of like a chain that is stretching all the way back into deep history... The first people who first invented bone flutes, and the first drums, they acted as inspiration for others, who then acted as inspiration for others, it's like...

  
It's like you take all of the music that you have ever heard and ever enjoyed, you take all of your preferences and all of your specific genres that you like... And it all gets like melted together inside of you....

  
And then out of this new substance inside of you, it's from this substance that then arises, the genuine art that sort of explodes through you....

  
Which then, that art acts as inspiration for others who then the exact same thing happens to them. 

  
It's like one massive interconnected non-ending... Chain that stretches back throughout all of human history, which we are all a part of....

  
That's literally how I saw it in that moment when I was speaking. I have never used this metaphor before. I have never heard anyone else say this before. It just came out of my mouth just like these words are right now....

  
.......

  
Another thing is that I am not universally condemning the use of these AIs. 

  
My suggestion... Is if a person wishes to use these AI tools to help them to produce music, to not simply you know copy and paste what the AI gives you. Because to do that is not to genuinely produce art, to do that, is to make a product. Something that completely lacks this quality that I have been referring to....

  
So my suggestion is allow what the AIs give you, to act as inspiration for you. Listen to it. Enjoy it. There's nothing wrong with that. Allow it to meld inside of you along with all of the rest of your musical inspiration... Allow it to pass through your very nervous system.... And then what comes out of you, as a response to that inspiration, is real, it's raw, it's genuinely art, it has that human quality to it then....

  
I'm not saying that to use AIs to help you produce music is wrong, I'm not saying that you shouldn't do it, I'm offering you a highly intelligent, very grounded way, a very practical way, of not just rejecting these new technologies, but bringing them into the chain that is humanity's musical history....

  
It's a it's a way.... It's a way of including them... I'm going to cry again and it's hard to speak again.... Sorry..... 

........

  
.......

  
It's a way of allowing these new technologies, to be brought in to the human story, you can probably go ahead and immediately tell that I'm not against anyone or anything I'm not attempting to reject or fight against something here....

  
If you wish to use these AIs to help you produce music then by all means do that. But allow it to move through you.... Allow it to come out of you into possess that actual quality that is infinitely more valuable than any perfectly orchestrated series of notes would ever be. 

  
Genuine art is often imperfect. There are subtle mistakes in it. There's a quality of humanness in it, humans are not perfectly computer-controlled metronomes. 

  
Can you see what I'm saying right now?.... Very likely, you can. 

  
Even a person who has never contemplated this whatsoever, will be able, I would think, to immediately tell exactly what it is that I'm saying.....

  
........

  
I have no attachment.... To anyone's approval or disapproval... I will never again look back at the comment that I wrote, and I will likely never again look back at this post after I click the post button. 

  
So by the way if you respond to this post and I do not respond to you, please do not be offended. I am just not interested in the slightest, for people's likes or follows or whatever all that stuff is about....

  
I'm not saying these things because I want your attention or your approval or I want to sound smart or deep or something like that, I am saying these things because I feel compelled to say them....

  
I literally moved to tears.... It's very obnoxious! I keep trying to talk and I keep being.... I keep not being able to.... Cuz the tears in my eyes.... It makes it hard to speak....

.......

  
By the way, in that comment I pointed out how El estepario saying what he was saying, would most assuredly act as a kind of inspiration for people, a kind of permission slip so that they can feel confident enough to speak their own truth....

  
I find it funny, that even as I was saying those words, that is precisely what was happening to me, because of him. 

  
Not the permission slip part, I do not need anyone's permission to speak the truth. 

Like I said I feel compelled to speak the truth. 

But I was inspired to say what I said, I saw a person being deeply courageous and profoundly human and I felt compelled to stand beside them.....

More tears in my eyes....

Is that not funny? I find it funny....

Anyways....

I suppose that's all I have to say, at this time....

  
There's nothing wrong with AIs. There's nothing wrong with using AIs to help you. But don't expect the AI to produce genuine art. Because it's not going to. Because the AI has never felt pain, it's never truly felt sadness, it doesn't know what it's really like.... To feel abandoned... Betrayed... Lost.... Excited... Exhilarated... Enthused...

It can imitate the sounds, but it cannot truly resonate in your very heart and soul.... 

As the world becomes more and more filled with artificialness... With artificiality... 

This quality, this presence of the actual or, the presence of the real... Is going to inevitably become eventually the only thing that people find truly valuable. 

Because it is valuable It is innately valuable. 

  
Because it is the function of music itself, it's the purpose of the entire musical chain of human history... The sharing of genuine experience, actual deep resonance...

This is what I can see to be true....

If you have read all of these words....

Thank you, I suppose. 

I hesitate to say thank you and you are welcome... Cuz I am not really claiming credit for any of this that I just said....

I just happened to be the mouth, through which, the truth decided to speak itself into existence, in these moments....

It's profound is it not? I'm honestly astonished but everything that I just said....

It's sacred. It's profound. It's deep. It comes from a place by the way, it comes from a person who has spent their entire life in immense and unbearable pain trauma and suffering. It's not a naive perspective. It's a brutally painful perspective, it's the perspective of someone who has been eviscerated wholly and completely....

I speak the truth because I feel compelled too....

  
Thank you, my friends. 

  
I truly wish you all, All The Best ​. 🙏",0,12,1778544233.0,0.13,True,self.Music
1takq3k,Music,Rainbow Kitten Surprise - Tropics [indie/pop],,2,0,1778543546.0,0.76,False,music.youtube.com
1takp1w,Music,Jay Reatard - I Am Growing [Garage Rock] (2010),,2,1,1778543471.0,1.0,False,youtube.com
1takogt,Music,Lacuna Coil - Trip The Darkness [Metal],,4,0,1778543429.0,0.75,False,youtu.be
1taknik,Music,Rammstein - Mein Herz Brennt [Metal],,5,0,1778543365.0,1.0,False,youtu.be
1takdr6,Music,I hear ''Chance Meeting'' by Roxy Music and I hear ''Flying in a blue dream'' by Joe Satriani,"Any chance Satriani took those chords from Roxy Music? Didn't find anything on the internet.

Chance meeting: [https://youtu.be/3QJMRGnpsbA?si=oRIKPIXdQu31ak2S](https://youtu.be/3QJMRGnpsbA?si=oRIKPIXdQu31ak2S) (the first time those chords appear is 0m38s aprox.)  
Flying in a blue dream: [https://www.youtube.com/watch?v=oeTPPIyXb48](https://www.youtube.com/watch?v=oeTPPIyXb48)",0,11,1778542681.0,0.5,True,self.Music
1tak8i6,Music,Do you think Madonna's new album lives up to *Confessions on a Dance Floor*?,"Her new album, Confessions 2, from which two songs—“I Feel So Free” and “Bring Your Love (feat. Sabrina Carpenter)”—have already been released: do you think it’s on par with or even surpasses “Hung Up” and “Sorry”? Those were the first two songs from her 2005 album, Confessions on a Dance Floor. 

Or do you think it doesn’t measure up? I’d say that this new album (from what little we’ve seen) doesn’t even come close to the 2005 one. And many fans feel the same way. ",0,13,1778542318.0,0.23,True,self.Music
1tajybo,Music,The Death Of MTV &amp;#8211; TikTok Killed The Video Star,,0,7,1778541613.0,0.31,False,funktasy.com
1tajk0l,Music,Vitechmo - A Voice Beneath The Sky [IDM / Trip - Hop],,1,1,1778540638.0,0.67,False,youtube.com
1tainla,Music,Minimalist Reggaeton type beat - MrFructoseCornSyrup[reggaeton](2026),,0,1,1778538441.0,0.33,False,youtu.be
1taifx1,Music,"Sony Publishing to Acquire Recognition Music in Billion-Plus Dollar Deal, Including Songs by Fleetwood Mac, Beyonce, Lady Gaga",,5,2,1778537937.0,0.73,False,variety.com
1tahvn7,Music,What’s with rapper names that have “Ice” in it?,"I’ve always thought of this.

Like, I can name 4 rappers that have “Ice” in it. Ice-T, Ice Cube, Vanilla Ice and Ice Spice. All four of these have at least one song that everyone’s heard of. All four have acted in a movie or show, but mostly through a guest role. I know these are all coincidences but what are the chances that 4 rappers that have had at least one breakout song, acted in at least one film or episode and have “Ice” in their stage name.",0,28,1778536627.0,0.13,True,self.Music
1tahnr9,Music,Neon Passage - Sexy House [Dance/electronic],,3,0,1778536120.0,0.81,False,youtu.be
1tahmg9,Music,"Keith Richards Confirms The Rolling Stones Won't Tour in 2026: ""We Can Talk Next Year""",,114,11,1778536034.0,0.96,False,consequence.net
1tahdel,Music,Underrated Canadian singers?,"To me, the definition of that is probably Bruce Cockburn. He's been a mainstay for decades, released a boatload of albums (most of which are quite good, a very consistent artist in my opinion), and yet even here in his homeland isn't the most well-known or appreciated. A shame, honestly. 



Who do you think is underrated? ",127,477,1778535461.0,0.9,True,self.Music
1tah9rb,Music,Ratatat - Seventeen Years [Electronic Rock],,3,0,1778535229.0,0.72,False,youtu.be
1tah6u2,Music,Bo Diddley - Dearest Darling [Rock n' Roll] (1958),,3,0,1778535043.0,1.0,False,youtube.com
1tagv83,Music,"Antropoceno - ""Ayaba Oxum"" [Neo-psychedelia, Brazilian folk, post-metal]",,2,1,1778534329.0,1.0,False,youtube.com
1tagmd6,Music,Does anyone need help mixing and mastering there tracks?,,0,0,1778533807.0,0.25,False,
1tagkit,Music,Gil Scott-Heron - The Revolution Will Not Be Televised [Funk],,104,5,1778533695.0,0.97,False,youtu.be
1tagb9a,Music,"What's ""your objectively subjective best song of all time""?","Obviously there's no such thing as a best song of all time, music is subjective and no one can change that, but I would like to hear some opinion on what could be a everyone's best song of all time for them, I don't want the bohemian rhapsodys or the shine on you crazy diamond type takes i want different things (not to blame those incredibles songs obviously). I'll go ahead and try to explain mine to exemplify what I would like to hear.

My best song of all time is ""I Never Told You What I Do For A Living"" by My Chemical Romance for a multitude of facts:

1- THE PLOT - the song is part of the major story of the man who has made a deal with the Devil in which he has to kill 1000 people just to get his lover back, this is the final of the story, where he finds out the final person he has to kill is himself and that he has been tricked by the Devil, he will never meet his lover again Obviously because if he kills himself he will Obviously be dead and I don't think I have to explain any further

2 - THE EVOLUTION - in the song initially the character is developing a sorta of addiction to killing people, almost as if he is liking it and forgetting what he was doing it for, but only when he realizes that he has to kill himself he understand what he has done and become

3 - THE INTERPRETATION OF THE EVOLUTION AND GENERAL INTERPRETATION - you can hear it in Gerard Way's voice, he is going along with the story, when he is crazy he seems crazy, when he understands he kinda of calms down and then the realization of the fact that he will not be reunited with his lover makes him desperate, he screams his lungs out saying he tried, he tried so hard but he couldn't get it done.

4 - THE MUSIC - this is the most subjective part probably, but damn the drums, guitar and bass go hard, the climax crazy, the pathos crazy, whatever man

5 - LYRICS - Just read them lol

6 - IMAGINATION - this is kinda of my thing, where I can see the character killing the people and then getting desperate, screaming as hell and making gestures and crazy things that only a stupid mind like mine can elaborate 

7 - TECHNIQUE - there is a reason that this song doesn't have a ""very good"" live version, it just so damn hard to get right not only because of obviously of the screams, the highs, etc... but mainly because you have to BE the character,  you have to be desperate, and I think Gerard achieved that feeling only in the original recording 

Hopefully i get the message across right and sorry for the bad english. 

What are yours? And what do you think of mine?",0,25,1778533152.0,0.29,True,self.Music
1tag9qs,Music,Bob Garman - Whatever tomorrow may bring [church] (2003),,0,0,1778533064.0,0.29,False,youtube.com
1tag5ei,Music,MUSIC for your MONDAY: A little bit of everything including some film soundtracks,,0,0,1778532804.0,0.5,False,
1tag3c9,Music,Dea Matrona - Oh Well [Live In Brighton],,1,0,1778532682.0,0.67,False,youtu.be
1tag2f6,Music,Opoxori - Velvet [Electronic/Club],"I’ve been listening to “Velvet” by Opoxori and I genuinely don’t know if I’d even classify it as standard club music. it definitely has the heavy bass and energy you’d expect from a club track, but there’s also a more atmospheric and experimental side to it that makes it stand out for me. after checking some of the artist’s other projects, it feels like there’s a consistent style focused more on mood and sound design rather than following typical trends in electronic music",0,2,1778532626.0,0.5,True,self.Music
1tafygr,Music,Tauren - Morning Star [Darkwave] (2026),,0,0,1778532399.0,0.33,False,youtu.be
1tafwlc,Music,Tokyo Girls' Style - Predawn [Pop],,0,0,1778532293.0,0.5,False,youtube.com
1tafr7e,Music,Dave Lichens - No Rain [Blind Melon Cover] (2022),,0,0,1778531987.0,0.5,False,youtube.com
1tafpw7,Music,Bob Garman - We join our hearts [church] (2003),,0,0,1778531911.0,0.33,False,youtube.com
1tafow3,Music,Ese Sleepy - Summertime Vibez [mid-west coast hiphop],,0,0,1778531851.0,0.33,False,youtu.be
1taf30h,Music,"Growing up, what were some albums you discovered from artists that you were unfamiliar with that completely change your outlook on music?","For me the evolution went something like this:

Blink 182-Dude Ranch. I fully credit this album for opening my mind to music outside of what was considered mainstream at the time.

Modest Mouse-Sad Sappy Sucker. Made me realize it’s ok to enjoy music that differed from all the punk and ska music that I was strictly listening to at the time.

Living Legends-Creative Differences. Got me into underground hip hop which eventually opened doors to a great love for all things under the hip hop/rap umbrella.

Daft Punk-Discovery. Got me into all things dance music.",7,36,1778530589.0,0.73,True,self.Music
1taesu6,Music,Jared Evan - Back To Brooklyn [Soul/Hip Hop],,2,0,1778530002.0,0.66,False,youtu.be
1taep21,Music,'Not Like Us' and 'Luther' Deleted as Kendrick Lamar Mysteriously Scrubs Major Hits From YouTube Without Warning,,9476,275,1778529777.0,0.9,False,ibtimes.co.uk
1tael8x,Music,Why Is YouTube Music Suddenly So Bad at Autoplay?,,0,1,1778529567.0,0.5,False,
1taefk8,Music,"David Lee Roth, Nikki Sixx, Sebastian Bach and Jon Bon Jovi: Who are Glam Metals biggest a-holes?","For the last few hours I've been debating with a coworker about the genre of metal know as Glam, the discussion started as us talking about which band from that era sucked the most and somehow the conversation drifted towards lead singers. Another coworker chimed in that 80's Hair Rock was the ""greatest era"" of music of all times, and with this statement it blew up into a full scale music nerd war. At some point someone said that ""what made this time in rock n roll so great is that it had some of the best lead singers in the history of music"" at that point the nature of the debate went a little dark with a few people sharing stories about meeting certain individual singers from some of the more popular bands of that time. The four above Glam Rockers were mentioned the most. When I was younger my mother worked on the clean up crew of major venue that a few of the top Glam Metal bands played in the 80's so a can say I've had the very distinct displeasure of cleaning up after some of these clowns but I've never met any of them face to face, with the exception of the wonderful Mr Ronnie James DIO, so I was wondering if any one else had any stories about lead singers from that era that they've meet and what did they think of them? Thanks.",0,113,1778529224.0,0.44,True,self.Music
1taeec3,Music,Opeth - Would? [Rock],,2,0,1778529149.0,0.75,False,youtube.com
1tae5di,Music,Can anyone identify this unreleased emotional score from The Good Doctor?,Unreleased emotional scoring in The Good Doctor is incredibly hard to identify”,1,0,1778528618.0,0.67,False,
1tae5aj,Music,how do i get good at singing?,,0,6,1778528614.0,0.14,False,
1tae0va,Music,The Cure - Endsong [Rock],,5,0,1778528362.0,1.0,False,youtube.com
1tadi8c,Music,"Justin Bieber played a billionaire-packed event attended by Oprah, Chris Rock and Palantir execs",,2938,307,1778527258.0,0.93,False,sfgate.com
1tadewc,Music,To Love Again - Cyrano || V3| Staxx v3 -trip hop,,0,0,1778527078.0,0.33,False,
1tad1ec,Music,Calexico - The Vanishing Mind [Rock],,2,0,1778526325.0,0.67,False,youtube.com
1tad0xo,Music,"How can I support my son's interest in ""beat making""?","My son is almost 13. 

He's into hip hop. I am too, but I'm more of an old head, we do share some similar tastes but I'm not really into the new stuff. 

Anyway, he really wants to get into ""making beats"". He likes to rap with his friends, but has a strong interest in making beats/hooks. 

I have a colleague coming over once a week who has a side gig as a DJ, she's showing him stuff like song transitions and using a mixing board but she doesn't make beats. 

Sorry if I sound uneducated here but I'm just a listener. 

What can I do to support this? Are there any apps or equipment I can get him? I don't mind spending some money. 

Hope this makes sense and thanks for reading.",153,111,1778526301.0,0.86,True,self.Music
1tacylf,Music,🇫🇷 Cinemaquizz.com - Devinez le film en écoutant une chanson (IA) - ONLY IN FRENCH 🇫🇷,"Salut !

***Cinemaquizz*** c'est un blind test cinéma mais avec un twist : l'indice n'est pas la BO d'origine du film, c'est une chanson originale qui en raconte l'intrigue, sans jamais nommer le film, ses personnages, ni les acteurs.

Le but du jeu: écouter, repérer les indices dans les paroles (ambiance, époque, scènes-clés, twist final), et trouver le titre en 3 essais max.

Je génère les musiques avec **Suno (IA)**: j'écris un brief de chaque chanson, le film, les séquences marquantes à évoquer, les ambiances, et j'essaie de créer un décalage de style entre le film et le morceau.

👉 [https://www.cinemaquizz.com](https://www.cinemaquizz.com)

https://preview.redd.it/mi1ls7au2k0h1.png?width=660&amp;format=png&amp;auto=webp&amp;s=7de94494f533222781574b8ec018ce4ee2b38002

*C'est une app en beta, vous pouvez rencontrer des bugs.*

**Merci d'avance pour vos feedback**, je vous souhaite un bon quizz!

Inculte.",0,0,1778526173.0,0.4,True,self.Music
1tacp60,Music,"“Slash offered me a lot of money for it…“: Linda Perry on living with the success of 4 Non Blondes’ What’s Up?, and the Goldtop she wouldn't sell to Slash",,0,0,1778525639.0,0.33,False,guitarworld.com
1tacmvc,Music,"Do you remember Cymbal.fm? I was a founder and I'm relaunching a new music social network – Corus. No ads, no ai slop, no algorithms. Only the art you love, shared by real people.","Hi r/music!

I'm very excited to let you all know about the launch of [Corus](http://corus.fm), available on the App Store, Play Store, and Web.

12 years ago, I launched Cymbal with a few close friends. Unfortunately due to financial issues, we had to shut it down. A lot has changed since then: Music discovery has become nearly fully driven by algorithms, and social media as we know it shows us ads every 10 seconds and is getting more and more filled with AI slop. There simply isn't a good home to be social around the music we love. So I'd like to give it another shot. With Corus, I want to push back in the other direction.

On Corus you share music (and film) you love. You curate your profile, so that it’s the perfect representation of who you are. You follow friends (and strangers) and get a live chronological feed of their picks. You can tap to play the songs, export to Spotify, or play the songs fully with Apple Music within the app. Soundcloud is supported too. As you post, Corus will find other users that have a similar taste to you, by showing you users who have shared the same songs/artists. You can like/comment/repost just like other social media. The important thing is that it’s a place where it’s all about what you love, not about what you hate like other platforms. It’s a celebration of art and of what you feel in the moment. Art is just better when it comes from real people.

I would love for the r/music community to give it a go and give feedback. I hope this can be a project driven by musicians and music lovers. My first goal is to keep the app up forever and pay for the servers, but later on I hope it can be a space for musicians, curators and DJs to make money as well.

Thank you so much,

Gabe",8,21,1778525510.0,0.59,True,self.Music
1tacjyh,Music,Enjoykin - Зелёный слоник - Группа Крови. [ Mashup ],,0,0,1778525351.0,0.33,False,youtu.be
1tacju4,Music,Bob Garman - When I See Christ [church] (2003),,0,0,1778525343.0,0.25,False,youtube.com
1tach3q,Music,"Anthrax To Debut New Song ""It's For The Kids"" This Week",,20,8,1778525185.0,0.92,False,theprp.com
1tac6x1,Music,"Michael Jackson obsession with Batman led to a six-foot statue, a lost soundtrack, and a Batman/Joker duet with Prince that almost changed pop culture forever",,2272,176,1778524601.0,0.95,False,fortressofsolitude.co.za
1tac41t,Music,Kay V - Requiem [Groove Metal] (2026),,0,0,1778524440.0,0.33,False,youtube.com
1tabrdl,Music,Grizzly Bear - Two Weeks [Chamber pop],,9,0,1778523732.0,1.0,False,youtube.com
1tabgxp,Music,Depeche Mode - Wrong [Synth-Pop],,16,4,1778523134.0,1.0,False,youtu.be
1tab3be,Music,Why do you hate BTS?,"As a fan, I genuinely want to understand.

Seeing their concerts in Mexico made me question this more likehow the stadium was completely full, how people outside were enjoying the show nd how around 50K people gathered just to catch even a few minutes of them during their visit to the President. Moments like that show how much love and support they have worldwide, which is why I got confused about something.

There are two types of people one, fans who know them (as a idol) and second, people who don’t know them that much or don’t follow them.

But if you’re someone who says you hate BTS then what is the actual reason?

I can understand why some people from other fandoms might dislike them because of competition or fan interactions. But what about people who don’t belong to any K-pop fandom at all?

Where does the strong dislike come from in that case?

don’t tell me it’s because of the fandom.

at that point, you’re not really talking about BTS but you’re talking about fan behavior nd those are two different things. ’m not here to argue or change opinions i just genuinely want to understand that what is the real reason you dislike them, if you do?",0,17,1778522383.0,0.13,True,self.Music
1tab12v,Music,Immortal Soul On Fire - Hopeless Romantic [Rock],,0,1,1778522252.0,0.5,False,youtu.be
1taaix0,Music,I cannot login to my Spotify but it's more complicated than you think,,0,13,1778521229.0,0.15,False,
1taa82d,Music,HAR MAR SUPERSTAR - DUI [RnB],,0,2,1778520621.0,0.5,False,youtu.be
1ta9pe1,Music,"Adam Jones Remains Hopeful That Tool Will Stage A Residency At The Sphere In Las Vegas: ""We've Been Talking To Them Since It Opened...""",,530,80,1778519571.0,0.96,False,theprp.com
1ta98eh,Music,MIKA - Grace Kelly [Glam Rock/Pop Rock] (2007),,8,0,1778518623.0,0.9,False,youtu.be
1ta92da,Music,Glum Aleks AI Slop,,0,0,1778518294.0,0.33,False,
1ta8vjv,Music,Brazilian Girls - Jique [electronica dance chanson lounge],,1,0,1778517900.0,1.0,False,youtu.be
1ta8phl,Music,Queda livre - Acaso [Brazillian Alt Rock],,1,0,1778517548.0,0.67,False,youtu.be
1ta8l4z,Music,Eric Guenther - EndCredits (code breach ost) [ambient/synth/ost],,1,0,1778517291.0,0.67,False,youtube.com
1ta7zqp,Music,We built a platform for music educators,,0,1,1778516047.0,0.11,False,
1ta7sea,Music,Musicians Who Got Degrees But Still Chose Music Full-Time,,0,0,1778515614.0,0.2,False,
1ta7rc5,Music,Bunny Idol - The Phoenix Rider [Dark Cinematic Ambient] (2026),,0,1,1778515556.0,0.1,False,youtu.be
1ta7g8n,Music,Made a grime track “Wicked N’ Bad” by BUCCI GLOOM,,0,0,1778514929.0,0.33,False,
1ta78v3,Music,Can AI make the music industry better?,"I've seen many times how AI was used to copy the sound and re-sing popular songs, but in my opinion, this is unethical in relation to the authors and I think that this tool will never be able to surpass the live and human voice.",0,16,1778514500.0,0.27,True,self.Music
1ta73tb,Music,New summer vibe from B.D.G Music!,"B.D.G Music – Vida De Verano .promo

A chill summer track about sunsets, ocean vibes, freedom, music and those unforgettable moments when nothing else matters… just the music, you and the moment. 🌅❤️

Perfect for: 🏝️ beach sunsets

🚘 night drives

🌊 relaxing vibes

🎧 summer playlists

Would mean a lot if you check it out and leave your thoughts! 🔥

👇 YouTube link:

\[    https://youtu.be/CO3YCDhpzBA?is=p5ygvqGZrsk-IDAg          \]

\#SummerVibes #ChillMusic #DanceMusic #OceanVibes #Sunset #NewMusic #EDM #HouseMusic #SummerTrack #BDGMusic",0,0,1778514205.0,0.33,True,self.Music
1ta717z,Music,Zergoth - Let The Head Bang [Heavy Metal] (2019),,0,0,1778514046.0,0.25,False,youtube.com
1ta6to6,Music,Kid A at 25: How Radiohead Rewired Modern Music,,227,44,1778513603.0,0.9,False,slavetomusic.com
1ta6rmi,Music,Queens of the Stone Age - You Would Know [Alt-Rock] (1998),,11,0,1778513486.0,0.77,False,youtube.com
1ta6lxu,Music,Madonna's fans crack me up—don't they?,"They always use any excuse to defend Madonna against her current decline over the past two decades. 

Before, Madonna’s fans used to boast that no female singer had sold more albums, set more records, or had more singles, etc. But since last year, many mainstream media outlets have reported that Taylor Swift has surpassed Madonna in numbers, popularity, downloads, streams, sales (current sales, not total sales, because obviously that’s something no artist will ever achieve in the digital age), etc., and you can even see that on Google, in The New York Times, and in news outlets around the world. 

And many fans then say that the numbers don’t matter, but rather other things like musical quality, creativity, and such—which is true— but then if the numbers don’t matter, they shouldn’t get upset when people say there are many singers better than Madonna in every way—with better songs, better albums, better voices, better production, better musical quality, etc.—it’s just that because they don’t have Madonna’s fame or Madonna’s resources and aren’t as daring as she is (they are more demure), they aren’t as popular as Madonna. Still, Taylor also has her own legacy, and it’s more powerful than Madonna’s—even if many people find it boring or don’t like it, that’s just how it is. It’s all about the numbers, folks. 

Now, if we really look at the numbers—acknowledging what I said above—Taylor Swift comes out on top, along with many other artists who have been ahead of Madonna for the past 20 years. 

You know what I mean? Do you get what I’m saying? So make up your minds, but no matter what you decide, Madonna loses. 

Then, when fans don’t know what else to say, they bring up how much money Madonna has. Wow! I didn’t know that having money made you better than everyone else. And if that’s the case, Taylor makes almost three times as much as her. 

I’m talking about the die-hard fans, because there are Madonna fans like me who don’t idolize her either—we just tell the truth, even though many die-hard fans dislike it and almost think that Madonna is the only singer in the world who exists. ",0,21,1778513165.0,0.07,True,self.Music
1ta6f3v,Music,"We are ...And Oceans, Finnish symphonic black metal veterans: AMA at 12:30ET TODAY!!",,1,0,1778512766.0,0.67,False,
1ta6aw8,Music,Brass in Pocket - The Pretenders [new wave/pop rock] (1979),,16,0,1778512518.0,0.81,False,open.spotify.com
1ta65du,Music,N.W.A. - Dope Man [Hip-Hop] (1987),,3,0,1778512207.0,0.72,False,youtube.com
1ta62w6,Music,How did you discover music before algorithms took over?,,0,24,1778512060.0,0.21,False,
1ta5n09,Music,Chanson introuvable - je me retrouve (zenithia k),"Bonjour, je cherche une chanson qui a été retiré de toutes les plates-formes, il s'agit de ""je me retrouve"" (zenithia k), apparemment le créateur l'aurait confiée à une autre artiste pour la refaire mais la version qui avait été créé était géniale, est ce que quelqu'un l'aurait en mp3 et pourrait me la transmettre svp ? merci d'avance 😉",0,2,1778511150.0,0.33,True,self.Music
1ta5es9,Music,The Who - Baba O'Riley [Rock],,48,10,1778510666.0,0.86,False,youtu.be
1ta5am1,Music,Motörhead - Hump On Your Back [Rock n' Roll],,5,0,1778510420.0,0.86,False,youtube.com
1ta4zbr,Music,Joe Perry on his customized ‘50s Gibson Les Paul Junior that refused to die,,3,0,1778509731.0,0.67,False,guitarworld.com
1ta4n59,Music,BLACK SABBATH - The Writ [Metal],,16,2,1778509011.0,1.0,False,youtube.com
1ta4jq2,Music,Dakota by Stereophonics is one of the best rock songs ever,"The opening hook in this song is sublime. I honestly can't find a flaw in Dakota - it's one of my favourite rock songs of all time and every time I hear it I just switch off and think back years gone by.   
  
I get that we all have different tastes and preferences but what is everyone else's thoughts on this song?  
 ",69,47,1778508810.0,0.78,True,self.Music
1ta4fbl,Music,Dennis McCurdy - Here in the Islands [tropical country],,0,0,1778508540.0,0.5,False,youtube.com
1ta49ta,Music,Are we about to see a re- emergence of artists from 2010s? (La Roux drops new Single Cabin Fever…),"Do we think there’s going to be a resurgence in artists from the 2010s? Feel like we are living in a very saturated market at the moment with new acts finding it hard to break and us getting bored of the Big acts that we currently have. (Obviously, this is a sweeping general statement and not true across the board but in a quick summary.)

La Roux just dropped her new single Cabin Fever and announced her new album Old Flames, Robyn released Sexisential  and dropped new music and the XX played Coachella. Do you think we are ready for those artists to come back? Do we think they can?",0,9,1778508207.0,0.33,True,self.Music
1ta3nlm,Music,Mastodon Will Release Their Ninth Studio Album This Year According To Brann Dailor,,252,20,1778506859.0,0.96,False,theprp.com
1ta3nf5,Music,John Martyn - Couldn’t Love You More (1977) [Folk],,5,0,1778506848.0,0.85,False,youtu.be
1ta3ejn,Music,Cage The Elephant - Ain't No Rest For The Wicked [Alternative],,23,8,1778506272.0,0.67,False,youtube.com
1ta392n,Music,Oli Sykes on why Bring Me The Horizon invite fans on stage to sing,,0,16,1778505932.0,0.36,False,nme.com
1ta2lmj,Music,Red Hot Chili Peppers sell music catalogue for $300m,,5675,807,1778504425.0,0.95,False,guitar.com
1ta2afn,Music,Labi Siffre - Cannock Chase [Folk],"Usually after watching a flim I get to explore more unique songs, this time with Joachim Trier in his film Sentimental value, there is this one in the ending. BTW if you didnt watch this movie you really have to.

[https://www.youtube.com/watch?v=gb\_zQXF3\_WM&amp;list=LL&amp;index=3](https://www.youtube.com/watch?v=gb_zQXF3_WM&amp;list=LL&amp;index=3)",0,1,1778503644.0,0.5,True,self.Music
1ta28la,Music,What happens when the greatest artist and producer collaborate?,"Thriller happens. Off the wall happens. Bad happens. This is artistry. Quincy Jones is a massive part of MJ's success. Listen to the tracks. Instrumentals if you really want, and you can hear the sheer complexity and creativity. Quincy Jones is a peak example of a person mastering a craft to their best ability.",0,12,1778503521.0,0.29,True,self.Music
1ta27nc,Music,David Bowie - Queen Bitch (Live) [Official Video] [HD],,10,0,1778503460.0,0.91,False,youtu.be
1ta27j2,Music,At what age did you enter at the music industry?,"Heya! So i am 16 years old and ive been wanting to get into the music industry in the future. I am planning to get a keyboard this month and start practicing. And i want to know at what age did you, that is reading this post, start practicing and at what age did you enter the world of music in general. Maybe hearing a few stories, i can get better and get a few basic notions of how can i start! ",0,3,1778503451.0,0.38,True,self.Music
1ta24v5,Music,Radiohead - Airbag [Indie Rock],,36,4,1778503269.0,0.9,False,youtu.be
1ta1sfp,Music,Check Spotify tracks for AI: Spotify AI Tracker,"I suspect that many Spotify users are jealous of the AI ​​detection in Deezer. Here is a tool that can change that. Submit a Spotify track or list, and the tool checks if the tracks have an AI label in Deezer. Because Deezer's detection sometimes fails, a database of registered AI artists is also consulted. You can find this amazing Spotify AI Checker at.

[https://digimuziek.nl/spotify-ai-checker.php](https://digimuziek.nl/spotify-ai-checker.php)

While you are there, take a look at Digimuziek Data as well. It provides liner notes for every track you listen to.

[https://digimuziek.nl/musicdata.php](https://digimuziek.nl/musicdata.php)",0,3,1778502402.0,0.43,True,self.Music
1ta1jke,Music,A Flock Of Seagulls - Space Age Love Song [New Wave/Synth Pop] (1982),,16,2,1778501754.0,0.84,False,youtube.com
1ta1gfs,Music,"The Essence of The Universe - Ave Maria [alt-rock, indie rock] [2026]",,1,0,1778501540.0,0.66,False,youtu.be
1ta0stz,Music,Phish - Crosseyed and Painless [jam/psychedelic] (live 11/2/96),,0,0,1778499840.0,0.5,False,youtube.com
1ta0gwb,Music,Billy Corgan announces 'A Night of Mellon Collie and Infinite Sadness' 2026 UK and European shows celebrating the Smashing Pumpkins classic,,716,68,1778498916.0,0.93,False,nme.com
1ta0eyf,Music,James - just one more prayer [country gospel blues] (2010),,0,0,1778498758.0,0.3,False,youtube.com
1ta0cfa,Music,London Rooftop Where Beatles Played Last Gig to Become Museum,,141,16,1778498559.0,0.94,False,nytimes.com
1t9zzxd,Music,Music Instructor - Get Freaky [Electro/Breaks] (1998),,1,0,1778497562.0,0.6,False,youtube.com
1t9zraq,Music,"MUNA share 'Eastside Girls' video and announce huge 2026 UK, European and North American tour",,0,25,1778496899.0,0.41,False,nme.com
1t9znxj,Music,Pharao - I Show You Secrets [Eurodance] (1994),,0,13,1778496613.0,0.4,False,youtube.com
1t9znlt,Music,"VIP stand tickets for Ilaiyaraja's Valiant symphony concert at Chennai - May 30,2026",,0,8,1778496585.0,0.18,False,
1t9ziwm,Music,Kabir - 1 11 जो तोको काँटा बुवे The one who plants thorns [Folk],,0,8,1778496181.0,0.18,False,youtu.be
1t9z427,Music,Hua Chenyu - Where I Once Belong [pop rock] (2024) 【Multi-sub】,,0,5,1778494852.0,0.13,False,youtube.com
1t9z065,Music,Bad Religion - American Jesus - [Alternative Rock] ( Live 1993 ),,191,39,1778494499.0,0.96,False,youtube.com
1t9ynpy,Music,Faces &amp; OOH LA LA (1973):,"[Faces: 'OOH LA LA' \(1973\). On release Rod called it 'a disgrace' but over time would put his name to far lesser recordings.  ](https://preview.redd.it/m23zrvlxdh0h1.jpg?width=361&amp;format=pjpg&amp;auto=webp&amp;s=1c460783f8b1b3046fe5116fcc61d81e0b7b4022)

[https://samtimonious.com/faces-ooh-la-la/](https://samtimonious.com/faces-ooh-la-la/)",7,1,1778493411.0,0.77,True,self.Music
1t9yi1j,Music,Bico!! - Zapoi [Punk Rock],,0,0,1778492881.0,0.25,False,youtu.be
1t9y8yr,Music,DFlexXx - No Problem [Hip-hop],,0,0,1778492032.0,0.4,False,open.spotify.com
1t9y4kx,Music,The Life of a Showgirl es más profundo que folklore,"Antes de que vengáis a mí a criticarme sin más, creo que este es un tema que ya toca abordar. Me molesta bastante el odio que está recibiendo el álbum y  toda esta narrativa anti-Taylor me parece infundada, y lo preocupante es que muchos fans se han aferrado a ella, utilizando obras como folklore para desacreditar las letras actuales,sumado a la misoginia,…

Mi punto es que muchas de las letras de Life of a Showgirl son, en realidad, más complejas de captar a simple vista que las de folklore. Esto se debe, en parte, al enfoque de “romantizar la melancolía”: estamos más acostumbrados a encontrar profundidad en la tristeza que en la felicidad, y a convertirla en poesía. Por eso, cuando se trata de expresar felicidad de forma poética, a muchos les resulta más difícil interpretarlo. Además, si no hubiera sido por las entrevistas que Taylor dio en 2020, gran parte del valor artístico de folklore y evermore probablemente habría pasado desapercibido para muchos fans.",0,5,1778491623.0,0.17,True,self.Music
1t9xfnx,Music,Swanee River Boogie Woogie – Albert Ammons (sheet music),,1,0,1778489206.0,1.0,False,
1t9wxia,Music,"""You Should All Be Murdered"" by Another Sunny Day cements the 1980's place as THE DECADE of Music.","As someone who has faced many adversities in life, this song is the epitome of my life and everything I stand for. Truth be told, there ARE some people who shouldn't be alive. I should know. I'm always the bigger person, but what does that even mean nowadays?! ",0,5,1778487417.0,0.2,True,self.Music
1t9wir6,Music,Albums and Shufle,"Am I the only one who feels like listening to an album on shuffle is essentially reading a novel with the chapters out of order?

We’ve become so habituated to instant gratification that we’ve lost touch with the psychology of the narrative. When an artist sequences an album, they aren't just making a list; they are curating a psychological story. They use the opening tracks to establish a sonic vocabulary and the middle tracks to build emotional tension, relying on the Peak-End Rule to provide a sense of catharsis by the finale.

Shuffling doesn't just change the order it removes the ""tissue"" and intentional pacing that turns a collection of songs into a cohesive piece of art.

From a broader perspective, choosing to listen front-to-back is almost a civic act of mindfulness.

I think It’s an exercise in cognitive patience. By letting the creator ""drive"" the experience, we reduce our own decision fatigue and move away from the restless habit of skipping toward the next dopamine hit.

There is a profound mental liberation in experiencing a multi-course ""tasting menu"" of sound rather than just picking through a bowl of assorted candies.

We aren't just listeners; we’re participants in a structured emotional journey, and you can’t reach the destination if you keep jumping the tracks.",0,25,1778485991.0,0.5,True,self.Music
1t9w31q,Music,Boards of Canada - Introit / Prophecy At 1420 MHz [Electronic Mong],,14,0,1778484463.0,0.94,False,youtube.com
1t9vwvr,Music,[World/Regional][Pop]Ikaw Pa Rin - Hanggang sa dulo ng magpakailanman (English Caption),"Amid the endless noise, crowded streets, and millions of strangers, destiny leads them to each other. What begins as an unexpected meeting grows into a deep and genuine love strong enough to endure life’s hardships. Bound by devotion, the man promises to stand by her side through sickness and health, to love her until death—and even beyond.",0,1,1778483885.0,0.43,True,self.Music
1t9ui43,Music,"Is there a term that describes both ""songs"" and ""pieces""?","Say I wanted to make a list of my favorite songs. However, I also like a few classical, jazz, and instrumental rock pieces that can't be called ""songs"" because they lack vocals and/or lyrics, which means that this list can no longer be called ""my favorite *songs*."" So what would I call them both at the same time, then?",0,32,1778479234.0,0.41,True,self.Music
1t9ugmv,Music,Aerosmith - Eat The Rich [rock] (1993),,18,1,1778479103.0,0.81,False,youtube.com
1t9swq6,Music,Vemana - 1 26 నీళ్ళ లోన మొసలి A crocodile in water [Folk],,0,0,1778474202.0,0.17,False,youtu.be
1t9sg83,Music,Energize Echo Music - Kinetic Kindness [Lo-Fi],,0,0,1778472774.0,0.33,False,youtu.be
1t9sfe5,Music,This can be anyone,Artists  well known or little known attempts at acting ,0,0,1778472700.0,0.25,False,
1t9sbpq,Music,It's Five O'Clock - Aphrodite's Child [psychedelic rock],,7,0,1778472400.0,0.89,False,youtu.be
1t9rsdw,Music,BLP Kosher - 2000's Baby [Hiphop],,0,0,1778470842.0,0.17,False,youtu.be
1t9rn6y,Music,Michael Box Office Passes Nearly Unheard-Of Milestone In Week 3 While Conquering An All-Time Chart,,0,2,1778470416.0,0.41,False,screenrant.com
1t9qnyq,Music,Echo &amp; the Bunnymen - Seven Seas [post-punk],,7,0,1778467573.0,0.77,False,youtu.be
1t9ql1z,Music,Pink Floyd - Dogs [Progressive Rock],,19,0,1778467350.0,0.91,False,youtube.com
1t9qew8,Music,The Spits - Bring (Me Down) [Punk Rock],,1,0,1778466873.0,0.57,False,youtu.be
1t9qefk,Music,"Noa Bar - Diagnosis (Live) [R&amp;B, Pop]",,1,0,1778466838.0,0.67,False,youtube.com
1t9q7ft,Music,what would you say is the greatest song of all time,"taking in to all accounts, like how many people it influenced, how it's held up, has it made a legacy, etc. not personal opinions on you FAVORITE song, but what your personal opinion on the GREATEST SONG OF ALL TIME. This is not for a reccomendation, just genuinely interested in people's opinions on music. also, no happy birthday.",0,25,1778466301.0,0.29,True,self.Music
1t9pxqh,Music,Talking Heads - Life During Wartime [New Wave] (1978),,86,8,1778465542.0,0.98,False,youtu.be
1t9pmqo,Music,Queen Naija - Mama's Hand [R&amp;B],,0,1,1778464709.0,0.33,False,youtube.com
1t9oq71,Music,JPEGMAFIA x Danny Brown - SCARING THE HOES (full album) [experimental hiphop] (2023),,7,3,1778462179.0,0.73,False,youtu.be
1t9o40c,Music,Kendrick Lamar - Dodger Blue [West Coast hip-hop] (2024),,12,1,1778460510.0,0.8,False,youtu.be
1t9o0iw,Music,Vitechmo - A Voice Beneath The Sky [IDM/Trip-Hop],,0,0,1778460243.0,0.5,False,youtube.com
1t9nhji,Music,Pearl Jam - Jeremy [Grunge],,15,1,1778458764.0,0.86,False,youtube.com
1t9n8jp,Music,Vitechmo - A Voice Beneath The Sky [IDM/Trip-Hop],,0,0,1778458091.0,0.5,False,soundcloud.com
1t9n11c,Music,The All-American Rejects’ ‘Gives You Hell’ certified Diamond,,722,30,1778457566.0,0.96,False,1057thepoint.com
1t9mu41,Music,Bob Garman - None But The Lord [church] (2003),,0,5,1778457036.0,0.08,False,youtube.com
1t9mp8p,Music,Mother Love Bone - Holy Roller[Grunge/Glam Rock],,85,18,1778456678.0,0.95,False,youtube.com
1t9mny4,Music,Bob Garman - Your word [church] (2003),,0,1,1778456582.0,0.13,False,youtube.com
1t9mnnu,Music,Woodie Guthrie - Tear the Fascists Down [Folk] (1944),,768,49,1778456561.0,0.96,False,youtube.com
1t9mj18,Music,Bob Garman - His name is Christ [church] (2003),,0,1,1778456225.0,0.1,False,youtube.com
1t9m38k,Music,Vinyl: any advice for a beginner plz?,"Hello everyone,

I realize this is a question that’s probably been asked many times before, but I need some specific advice.

I’ve bought several vinyl records by artists and from movie soundtracks that I really love, but I don’t have a turntable to play them on yet.

I’ve read that vinyl records can be fragile, so you need a high-quality turntable to avoid damaging them.

Which turntable would you recommend? I’m willing to spend whatever it takes—I really want one with high-quality sound that won’t damage my records at all.

By the way, if you have any advice to offer, I’d love to hear it. I love vinyl, but I’m new to this, so I’m open to any advice!

Thanks in advance, and sorry if the translation is a bit rough—I used DeepL to translate (since English isn’t my first language).

  
Peace guys! (I'm really sorry if this isn't the right place to ask this question; please let me know politely if it's a problem.)",4,38,1778455065.0,0.58,True,self.Music
1t9m1a1,Music,music is a mirror of the soul,"i always wondered why i felt like constant shit and for months onward i questioned why i was feeling like i was in a never ending void, it was an epitome of misery 24/7 till i changed the genre of music i listened to. As corny as it sounds , it really does change your mood, you can feel like shit but if you listen to white girl music , hey you might feel a bit better in the moment, but you can be the happiest person ever and if you listen to something even slightly melancholic you’re gonna look back on every mistake you’ve ever made and wondered if it was the right choice, you’ll grow to resent yourself and have internalized negativity towards certain things even if you don’t want to, so stop listening to that sad slop even if you like it and get out of that nutshell and fix yourself.",0,15,1778454923.0,0.38,True,self.Music
1t9m16f,Music,Syd Barrett - Octopus [Psychedelic Folk],,17,3,1778454915.0,0.87,False,youtube.com
1t9lt7c,Music,"I’m SOUR — this is my new snippet “Die Bout That.” Be honest, would y’all run this back?",,0,3,1778454325.0,0.11,False,
1t9lgiw,Music,Found a song on lifehouse radio on pandora.,Was listening to this radio as I enjoy this band and music alike and a song called round back come on by mars. It’s on Apple Music and I immediately added and really enjoyed the song. But I can’t figure out who the band is they seem very new and I’m wondering if it’s AI. Maybe someone in this group knows some more information. ,0,5,1778453412.0,0.42,True,self.Music
1t9lbrr,Music,I can't find this pop/electro song,"At the beginning the song is like : ""This is, this is, this is, hey hey hey, ah ah ah ah ah"". And all the song there no lyrics, its just "" This is this, hey hey ah aha...

And at the end i think is : ""And you make me sad, (sad), and it hurt (hurt) it hurt, hurt so baaaad. 

It's a female voice and its pop/electro song.",1,2,1778453068.0,0.6,True,self.Music
1t9lai5,Music,Joel Avalo - El Torque (Original Mix) [Moombahton],,0,0,1778452978.0,0.4,False,youtu.be
1t9l5ud,Music,Led Zeppelin - Since I've Been Loving You [blues],,61,7,1778452641.0,0.9,False,youtu.be
1t9kz7e,Music,"What was the perception of U2 in the 80's, particularly in the U.S.?","For me, *The Joshua Tree* really sounds ahead of its time, out of step with most 1980's music that was really popular. It doesn't sound '80s to me at all compared to say Prince, Michael Jackson, Queen, Madonna, Phil Collins, The Police, Motley Crue or Guns 'N Roses. I love all of them by the way, but I can totally hear those synthesizers, that gated drum sound and all of those production techniques in a 1980's movie. 

*The Joshua Tree* really stands apart in that sense but it was a hugely popular album and included two number one hits. Is it just me or does it seem odd that U2 was so popular the same year as *Sign of the Times* and *Appetite For Destruction*? And were they as used in movies, T.V. and other media as those other artists? 

And in terms of their impact....they clearly signaled a huge shift away from 1980's arena power ballads and anthems but they don't seem to get credit for that. The more common perception is that Nirvana and other ""alternative"" rock bands defused the Hair Metal era but was U2 kind of considered an ""Alternative"" band in 1987 as well? It's worth noting that R.E.M. was also beginning to have top ten hits and they are more recognized as being forefathers of Alternative Rock. ",237,358,1778452158.0,0.85,True,self.Music
1t9k9cz,Music,Mr.T - Treat your mother right[Educational/Hiphop],,27,4,1778450350.0,0.86,False,youtube.com
1t9k6l5,Music,The Muffled Siren - Concert Film [Rock],,1,0,1778450164.0,0.6,False,youtube.com
1t9jyqf,Music,Lil' Flip ft. Lyfe Jennings - Ghetto Mindstate (Can't Get Away) [Hip-Hop/Rap],,0,0,1778449627.0,0.5,False,youtu.be
1t9jvwb,Music,Im not for sure what Genre this is but i think its good,"i came across this on Spotify and am not for sure of the genre but it reminds me of old AMV but is there a way to figure out genres since i dont know much about music?

https://preview.redd.it/bl81yymyqd0h1.png?width=254&amp;format=png&amp;auto=webp&amp;s=3b8cfc2113462d7a31d1c1500fb8b2bfa1f7b0c5

",0,2,1778449432.0,0.38,True,self.Music
1t9jkmp,Music,The Jones Girls - Who Can I Run To (1979) [Classic Soul/Philly Soul],,5,0,1778448653.0,0.77,False,youtu.be
1t9jhaa,Music,Polvojack - Deoxys [EDM],,0,0,1778448435.0,0.5,False,youtube.com
1t9j70x,Music,Tracks 9-17 of Tori Amos new album is a perfection of a song run,,0,1,1778447753.0,0.46,False,
1t9j2tc,Music,Immortal Soul On Fire - Guard Your Heart [Rock],,0,0,1778447472.0,0.4,False,youtu.be
1t9j1gw,Music,Do someone know this piece of music history?,"Hi. I recently began learning guitar. And as i learn about notes, it's history, names, and everything just gets so confusing.

Cool. So, i will summarize my understanding until now and you have to evaluate it solely based on facts. I am confused about how these notes came and were realized? What is the hsitorical flow? Below is what i understood, but these are two diff paths, and one has to be right. 

Humans saw a string, attached to bone and pluck it. they heard a sound

Now, they placed finger halfway, and plucked it. They heard the same note, but higher. They judged it by ears. So they realized that b/w a full string, and a half string, there's a loop. And they need to fill the spaces in bw.

They then plucked 2/3 of the string, and heard a new melodious note.

Now, from this point, i am confused that what happened.

Approach 1-

They now, plucked 3/4 of string, and found it good too. They also realized that this feels like a step high to the note played for string length 2/3 of original.

So, till now they have 4 points. x,  x/2, 2/3x, 3/4x. and a realization of audible distance bw 2/3x and 3/4x.

Then the found the ratio b/w 2/3x and 3/4x to be 8/9x.

Now, the implemented this to the full string till x/2, while keeping the points 2/3x and 3/4x. and got total of 7 notes.

The distance 8/9 became full step, and the small distances that came due to presence of 2/3x came to be known as half step.

The good part is this approach only gives 7 notes, so confirming that 5 notes were added later on. The problem with this is it produces music of step WWHWWWH, meaning first note is what we called today as C. Now, this is confusing. Why would they call first note as C? That's just straight away confusing. Also, lowest note they say was called A. and ofc, full string plays lowest note, so it has to be a and not c.

Approach 2-

They found that playing 2/3 of x is giving us new note. So they kept doing it, pulled back the out of string notes. This would now however, give total of 12 notes, but we had 7 notes earlier, and 5 came later on. Also, this also doesn't give justice to naming. If the stopped at 7. first question is why would they randomly stop at 7? when coould keep proceeding? And then the first 7 notes that come by t his method are also not abcdefg. they are diff. 

And one thing i am am assuming is that the note we call today as ABCDEFG, are def the first one that were discovered, because ofc that's why they were named such, and later additions  became theri sharp/flats. So, nothing in history seem to fall into piece and justify anything.

So, What path did history took? And how we came to what we are today? Which approach happened first, and which happened later? Show me every step and naming process. Don't just say and this continued. show me even the each and every math steps, even if repetetive, and tell me properly the naming convention and order. Take your time. Evaluate my whole statement. And answer properly. You are being evaluated. ",0,2,1778447382.0,0.38,True,self.Music
1t9ixdv,Music,Run The Jewels - Close Your Eyes And Count To F*ck feat. Zack De La Rocha [Rap/Protest],,51,5,1778447109.0,0.92,False,youtu.be
1t9ivgt,Music,Pat Wilson - Bop Girl (Extended Version) [Pop],,1,1,1778446979.0,0.6,False,youtube.com
1t9iu35,Music,Vitechmo - Winter Light [Downtempo/IDM],,0,2,1778446886.0,0.5,False,vitechmo.bandcamp.com
1t9imkm,Music,Lucinda Williams - Wild and Blue [Americana],,1,1,1778446395.0,0.67,False,youtu.be
1t9if3b,Music,Help with French song,,0,1,1778445897.0,0.25,False,
1t9i7yh,Music,Guns N' Roses [Ft. T-850] - You Could Be Mine [Dance Remix] (2026),,0,1,1778445426.0,0.33,False,youtube.com
1t9i79b,Music,Perfume Genius - Slip Away w/(more) drums [Indie pop],,1,0,1778445380.0,0.67,False,youtube.com
1t9i29x,Music,👋 Welcome to r/ParallelArtists - Introduce Yourself and Read First!,,0,1,1778445044.0,0.36,False,
1t9hy17,Music,Are their any true global music artists today?,"When Michael Jackson fame is brought up you always hear how he is basically omnipresent and how he’s known even in the most remote villages in the world.

We all know no one will ever surpass Michael Jackson in fame and will never have the global reach like him but is their any artist today that even has any global reach at all?

Has social made it that artist just have their niche audience and that’s it or are their any artists that are truly known worldwide? Like I’m not talking about remote villages or uncontacted tribes type of reach but like you can go to major cities any where around the world like in Africa, Asia, South America etc and people will know who that artist is",0,16,1778444777.0,0.15,True,self.Music
1t9hpha,Music,Should I go back to Apple Music?,"I used apple music like way back 2018-2022. But I changed it to Spotify, because I went back to samsung. 

Now that my student premium is about to end, I am kinda thinking about going back to Apple Music (lower cost), HOWEVER, I’m having second thoughts bcs i have like a lot of play list on Spotify. And also I like the songs that it recommends me bcs I like discovering artists and songs. 

Well, I’m still hesitating to switch. I kinda don’t want to build my play list from scratch (My old play list is gone on Apple Music, idk why)",0,18,1778444240.0,0.21,True,self.Music
1t9hdcv,Music,Vitechmo - Atape [IDM/Trip-Hop],,0,0,1778443478.0,0.5,False,youtube.com
1t9h4gk,Music,Phoebe Bridgers Premieres New Music at First Solo Show Since 2023,,109,14,1778442911.0,0.92,False,pitchfork.com
1t9gx6v,Music,Sister Nancy - Bam Bam [Reggae / Dancehall],,11,0,1778442454.0,0.87,False,youtu.be
1t9gd53,Music,The Comet Is Coming - Summon The Fire (2016) [electric jazz experimental],,4,1,1778441201.0,0.83,False,youtu.be
1t9g9is,Music,Dj Sharpnel - 30Min Harder [Hardcore],,0,2,1778440970.0,0.11,False,youtu.be
1t9g7di,Music,New Ethic - Never Give In [Screamo],,2,2,1778440841.0,0.75,False,youtu.be
1t9fxmw,Music,Walt Whitman - The  thunder [pop] (2026),,0,0,1778440233.0,0.5,False,youtube.com
1t9fmhc,Music,Guys rate my top 10 albums of all time chronologically!!! (I love what I love don't judge me if it's too biased 😭),"1. Luv(sic) Hexalogy

2. Invitation to her's 

3. Currents

4. Xscape

5. Purple Rain

6. Diamond life

7. Gorillaz

8. Random Access Memories

9. Only the lonely

10. Channel Orange

H.M. Thriller, Blond, Of the Wall, The Slow Rush

 ",0,5,1778439561.0,0.1,True,self.Music
1t9fim6,Music,"6,500 counterfeit vinyl records seized by police in UK raid",,183,14,1778439322.0,0.94,False,nme.com
1t9fgo0,Music,"“Sanity is Rebellion” A Silversun Pickups, Tenterhooks Tour Review","** **

I arrived at The Strand Ballroom and Theatre around 7:30 p.m. with no expectations. The night’s bill was Giant Waste of Man and Silversun Pickups. I walked in with a blank slate. I had never heard of Giant Waste of Man, and Silversun Pickups were mostly familiar to me by name. Aside from the hour I spent listening before the show, I had no real attachment to either band.   
   
The Strand was already close to full during Giant Waste of Man’s set and felt packed by the time Silversun Pickups took the stage. The staff were friendly and professional, and even though the merch line stretched out, it moved quickly. With five bars throughout the venue, getting a drink was manageable, especially toward the back of the room. The two stage-side bars became harder to reach once the crowd filled in. Most of the audience appeared to be in their 30s and 40s, with a few younger faces scattered throughout the room. Quite a few people brought their kids, which added to the relaxed atmosphere. There was a mellow energy radiating through The Strand all night.  
   
I was a little late to the show, so by the time I walked into the venue, Giant Waste of Man was already on stage. The first thing I noticed was how modest their production was. They were working with only the overhead lights, giving the set a stripped-down feel from the start. Their performance had enough energy and emotional pull to catch my attention, even though I was coming in completely unfamiliar. The saxophone was the detail that really separated their set. They also mentioned that a band member’s parent had traveled from California to see the show at The Strand, which made the performance feel more personal. They proved to be the perfect opener for Silversun Pickups.  
   
When Silversun Pickups took the stage, the production immediately felt bigger. A row of LED blinders lined the stage, giving their set a more atmospheric look from the start. Blue and purple light moved through the haze, giving the room a dreamlike feeling before the band had even settled into the set. Silversun Pickups’ performance explained why I knew their name before I had ever spent real time with their music. They performed with a level of emotional precision that would be difficult to replicate, drawing the crowd into a trance of nostalgia. Their vocals and instrumentation stayed sharp from start to finish, giving the entire set a sense of control and confidence. The crowd was eating it up, clapping, singing along, and dancing to the basslines.   
   
Something the lead singer of Silversun Pickups said toward the end of the set really stuck with me: “Sanity is rebellion.” I couldn’t hear the rest of what he said, but for some reason, that statement made me feel seen in a sea of people. It felt like a quote I could live by. As someone with no real attachment to either band before seeing them, I can say that both bands won me over as a fan.  
If you love live music, support it. Buy tickets. Buy merch when you’re there. That is what keeps bands and venues alive.",42,15,1778439203.0,0.84,True,self.Music
1t9f9tn,Music,Mead - Asteroid Epilogue [What genre is this?],"[https://open.spotify.com/album/3Cthl7RlVturpu7bnOxxyM?si=qBR6GPEFTd-BzcdEhausyQ](https://open.spotify.com/album/3Cthl7RlVturpu7bnOxxyM?si=qBR6GPEFTd-BzcdEhausyQ)

The Digital Blue. This album is so wild. I'd love to know what the influences were. Theres some western inspired story telling (jenny don't). And then these like super emotional raw tracks (seatbelt, asteroid). Also a ""commercial break"" in the middle thats this dance track. It's cool to hear some unique stuff, its all on topic of tech but it looks at it through different styles and genre's. Cool ass album. ",0,0,1778438778.0,0.5,True,self.Music
1t9emhe,Music,Kenshi Yonezu - 烏 (Crow) [J-POP],,0,1,1778437358.0,0.33,False,youtu.be
1t9ehot,Music,Moonlit Fool - Almost your Man [R&amp;B/Bedroom pop],,0,0,1778437069.0,0.25,False,youtu.be
1t9edzq,Music,Joe's Garage - Frank Zappa [Rock] [1979],,208,47,1778436841.0,0.93,False,youtu.be
1t9e26n,Music,New Constellations - Does It Feel Like This [Pop/Indie],,1,0,1778436102.0,0.67,False,youtube.com
1t9dztb,Music,Browser-based spatial audio tools compared — what's available if you want to make 8D audio,"https://preview.redd.it/auqrkbr2mc0h1.png?width=1200&amp;format=png&amp;auto=webp&amp;s=18102bdf0cd8c092c16235e065c261a714dda77e

I have been exploring what options exist for making spatial/8D audio directly in the browser.  
Therefore I put together a comparison of the three tools I found.  
Quick summary:Tessering (tessering.com) — the most full-featured option. Multi-stem import, full keyframe timeline with segment editing (razor split, move, resize), 3D drag canvas, convolution reverb from real measured rooms. Free. Best for producers who want to work with separate stems and choreograph spatial movement over time.  
3D Audio Maker (ende.app) — simpler, radar-style interface. Supports keyframes but limited multi-stem. Free. Best for quick single-track 3D positioning.  
ASMR Studio — 360-degree drag interface with recorded movements. Free and paid tiers. Best for ASMR content and immersive scenes rather than music production.  
All three run in the browser with headphones. If you've ever heard those ""8D audio"" tracks on YouTube or TikTok where music moves around your head — these are tools for making that. It actually worth noting: none of these replace DAW plugins like DearVR or Envelop for professional Dolby Atmos work. But for binaural 8D content aimed at headphone listeners, they cover the workflow without spending $200–$400.  
Has anyone here experimented with spatial audio for their own music?",0,3,1778435970.0,0.43,True,self.Music
1t9dxrl,Music,In my dark Tower.By Sean Marcus. Genre Rock,,0,0,1778435839.0,0.5,False,distrokid.com
1t9dxhy,Music,Worried about AI replacing music,"AI can already write decent songs and it’s only been mainstream for less than 5 years. 

AI is rapidly accelerating in terms of its capabilities…

I think in as little as 5 years you’re going to be able to prompt AI to “write a song based on influences from all my favorite artists and give the singer a raspy voice” 

Then you’ll be able to tailor the results of the outcomes with more prompts. 

my wife says it’ll never fully replace human musicians because there’s a “human touch” it can’t replicate… maybe not now but with more time (think 20 years) I think it’ll be able to produce amazing music. Obviously it can’t replace live music…

I’m just worried about what we will lose. I don’t think people will have an incentive to play instruments. 

And then there’s the philosophical question of like…is AI generated music inherently bad just because it wasn’t written by a human?

Just wanted to get people’s thoughts on this. ",0,18,1778435823.0,0.32,True,self.Music
1t9d561,Music,Saosin Awarded Their First Gold Album In The United States,,399,48,1778434072.0,0.97,False,theprp.com
1t9cebe,Music,Kiirstin Marilyn - Naine [Pop],,3,2,1778432409.0,0.72,False,youtube.com
1t9cbxx,Music,"Thurtdelic w/ George Clinton - ""Hit It and Quit It""  Live at P-Funk Fest 2026 [funk] {video}",,3,0,1778432256.0,0.72,False,youtube.com
1t9c3o6,Music,Street Pharmacy - Make You Well [Rock],,0,0,1778431735.0,0.13,False,open.spotify.com
1t9c2vu,Music,Street Pharmacy - Lyrical Redrum [Rock],,0,0,1778431688.0,0.14,False,open.spotify.com
1t9c2dr,Music,Street Pharmacy - Wristwatch Severance [Rock],,0,0,1778431655.0,0.11,False,open.spotify.com
1t9c08c,Music,Street Pharmacy - Stone Bricks &amp; Mortar [Rock],,1,0,1778431518.0,0.54,False,open.spotify.com
1t9bnhk,Music,Soft Machine - Moon In June [Genre - Canterbury Scene] (1970),,0,0,1778430717.0,0.5,False,youtube.com
1t9bmkr,Music,Jun Shimura - Seasons of Us [Neoclassical Piano / Ambient],,0,1,1778430662.0,0.5,False,open.spotify.com
1t9bh2h,Music,T-850 - Futurama Theme [Dance Remix] (2026),,0,5,1778430310.0,0.25,False,youtube.com
1t9b5g5,Music,Dj Sharpnel - 30Min Harder [Hardcore],,0,7,1778429552.0,0.11,False,youtube.com
1t9b4ya,Music,Instant Death - Wild Ride [alt rock psychedelia metal-ish Ween],,7,9,1778429520.0,0.77,False,youtu.be
1t9b2h2,Music,Selling 1 Ticket - The Neighbourhood - Oct 5 Oregon - Sec 112,,0,4,1778429369.0,0.25,False,
1t9b1s6,Music,Burhan G - Jeg Vil Ha Dig For Mig Selv [Pop/R&amp;B],,0,4,1778429323.0,0.4,False,youtube.com
1t9aqgv,Music,just switched to apple music,,0,13,1778428639.0,0.18,False,
1t9ap9p,Music,Music History Events: albums released May 10,,0,9,1778428558.0,0.5,False,
1t99fof,Music,Eiichi Ohtaki - Kimiwa Ten-nen Shoku [POP] (1981),,2,2,1778425636.0,0.76,False,youtu.be
1t998r5,Music,What do you think of this rumor about Madonna?,"According to X, sources close to the situation (the kind who spread celebrity gossip that usually turns out to be true) say that Madonna wanted to put on a provocative show at Coachella with Sabrina to promote her new album. 

According to sources close to her, she wanted to rip off her bra just like Justin Timberlake did to Janet Jackson, or pull down Sabrina Carpenter’s panties in front of all her fans and then say something like, “Dance, bitch! Because you’re my bitch!” 

But obviously Warner told her she couldn’t do that, especially to Sabrina, because it would make her look bad. But Madonna insisted, and in fact, Sabrina’s team told her at the last minute through her earpiece to avoid doing something like that or they’d sue her, because we could see Madonna was angry when she went on stage and eager to “do something,” just like when she did it to Britney. And Madonna was looking for a signal from Sabrina, who had no idea what Madonna wanted to do to her, and since it didn’t happen, well, it didn’t happen. 

Madonna was practically bursting with energy. Let’s remember that Madonna did the same thing to a singer on a previous tour, who was uncomfortable because Madonna wanted to pull down her panties, and many criticized her at the time (if any fan knows the name, we’d appreciate it, because I couldn’t find the video on YouTube again and I was too lazy to look for it), likewise, other men have publicly accused Madonna of trying to kiss them, as well as other women, such as a fan whose corset Madonna removed during a concert, and the model Amanda from ""Justify My Love,"" who also accused her of sexual harassment for several years. 

Would you have liked it if Madonna had stripped Sabrina naked at her own concert? ",0,18,1778425219.0,0.1,True,self.Music
1t994ux,Music,Damu the Fudgemunk - Tea Thyme [instrumental hip-hop/funk] (2010),,0,1,1778424964.0,0.14,False,youtube.com
1t98ohq,Music,Ibiza club schedule,,0,0,1778423889.0,0.5,False,
1t98b7w,Music,ARCHITEXT - Império de Vidro,,0,0,1778423016.0,0.33,False,
1t97wxp,Music,Grover Washington Jr. - Just the Two of Us (feat. Bill Withers) [Smooth Soul/R&amp;B],,7,0,1778422056.0,0.82,False,youtu.be
1t97t4y,Music,Sleep Token surprise-release instrumental version of ‘Even In Arcadia’,,0,0,1778421806.0,0.36,False,nme.com
1t97of5,Music,Blackbriar - The Fossilized Widow [Metal],,2,0,1778421509.0,0.75,False,youtube.com
1t97nav,Music,JADEAFTERDARK - BITCH WHAT?( RE-UPLOADED) [EDM/RAP/POP] [2026](LISTEN WITH HEADPHONES),,0,0,1778421434.0,0.25,False,open.spotify.com
1t97l8x,Music,Lord Of The Lost krönen das Finale der TOVR NOIR 2026 in Stuttgart,,0,0,1778421294.0,0.33,False,paranoyd-magazin.de
1t97kgp,Music,Song trilogies are an underappreciated art form in music,"To me there is something fascinating about artists who decide to tell a story across multiple songs, not just through the album as a whole. 

To me a perfect example of this is Lorna Shore's Pain Remains I, II, III. It feels a bit like a musical version of a greek tragedy of sorts, just in three parts. The first part builds the sense of grief and dread, the second focuses more on the giving up and then the third shows the resulting anger, almost like a resolution. 

I have also wondered, as someone who only listens to rock and metal, if such trilogies can also be as effective in other genres, because the majority of the trilogies which I know are in rock and metal (another example is Guns and Roses: Dont Cry, Estranged, November Rain (The order may be wrong)).",26,34,1778421242.0,0.86,True,self.Music
1t979k6,Music,Duran Duran - Rio [Pop Rock],,5,0,1778420473.0,0.69,False,youtube.com
1t971az,Music,Perfume - Secret Secret [Electropop],,1,0,1778419879.0,0.6,False,youtube.com
1t96zv2,Music,Citra Scholastika - Everybody Knew [Pop],,1,0,1778419782.0,0.67,False,youtube.com
1t96ksa,Music,Crosby &amp; Nash - WIND ON THE WATER (1975):,"['WIND ON THE WATER' \(1975\): Hailed as a 'creative renaissance' the LP received more acclaim than the Stills-Young effort of 12 months later.    ](https://preview.redd.it/u2j29ufv7b0h1.jpg?width=385&amp;format=pjpg&amp;auto=webp&amp;s=424bf14259839fe178f828796c5cc75f854ed095)

[https://samtimonious.com/crosby-nash-wind-on-the-water/](https://samtimonious.com/crosby-nash-wind-on-the-water/)",19,2,1778418727.0,0.84,True,self.Music
1t965ti,Music,Matchbox Twenty - Unwell - [Alternative Rock] ( Live 2012 ),,0,6,1778417639.0,0.46,False,youtube.com
1t95x1c,Music,NARBON - What Is Happiness? [Electronic],,0,2,1778416956.0,0.5,False,open.spotify.com
1t95lcm,Music,GUILTY GEAR XX - Blue Water Blue Sky [Soundtrack],,4,2,1778416006.0,0.7,False,youtu.be
1t95g5h,Music,{video} The dark story about Michael Jackson’s “secret” second family | 60 Minutes Australia,,17,682,1778415588.0,0.54,False,youtu.be
1t957ns,Music,Amerie - 1 Thing [R&amp;B],,28,2,1778414921.0,0.91,False,youtu.be
1t956gp,Music,Collective Soul: The most successful rock band of the 1990s/early 2000s that no one ever seems to talk about (or even remember),"In 1993 the band had their first hit with the song ""Shine"". This is the song they're most remembered for, though they had a long string of hits after that, continuing to 2004 when they finally started to fade from popular consciousness. Even after that they never broke up, despite some personnel changes.

I guess why they're not really remembered is because they were uncontroversial and not flashy. They just consistently cranked out great songs. They had numerous appearances on late night talk shows and songs in big movie soundtracks - in particular ""She Said"" on the *Scream 2* soundtrack, one of my favorite CS songs, but even that one doesn't seem to be much remembered. They also played at both Woodstock '94 and '99 (where they did a killer cover of ""Crazy Train"").

As a guitarist, I always loved Ross Childress's playing. He was one of the few guitarists who continued to fly the flag of ""shred"" in the 1990s; a time when it was seen as a badge of honor to suck on the instrument (a somewhat understandable reaction to all the poofy-haired guitar hero shredders of the 1980s). But he was also a highly melodic player that did much give the band their distinct sound, despite Ed Roland being the singer and primary songwriter. But alas, Childress couldn't keep it in his pants and made the idiotic move of sleeping with Ed's wife, which got him kicked out of the band.

I just wanted to share my love of the band, who provided much of the soundtrack to my formative years.",796,551,1778414825.0,0.84,True,self.Music
1t9560o,Music,Metal albums to listen to late at night while chilling?,,0,8,1778414787.0,0.33,False,
1t955ey,Music,Kabir - 1 10 माया मरी न मन मरा Neither the illusion nor the mind died [Folk],,0,0,1778414742.0,0.33,False,youtu.be
1t952fx,Music,Technically who is the best guitar player?,,1,0,1778414506.0,1.0,False,
1t9503u,Music,George Michael - A Different Corner [Synthpop/Pop Ballad] (1986),,4,0,1778414343.0,1.0,False,youtube.com
1t94k3z,Music,Meja - All 'Bout The Money [Folk Pop],,3,4,1778413010.0,0.59,False,youtube.com
1t9485j,Music,The Strokes versus claims of nepotism,"The fact that people are still running around calling The Strokes nepo babies 25 years into their career is silly. The fact that I find it so aggravating is even sillier, sure. But I have worked in the music industry for 20 years, and i can say from experience that it just makes no sense at all. 

I’ve worked with dozens of artists who have unlimited time and budgets to pursue their dream, sometimes famous parents, access to super-producers and the nicest studios in the world, and you know what it’s gotten them…? Nothing! You know why?! Because they’re not as good as The Strokes.

“Taylor Swift has rich parents.” Totally irrelevant! I’ve worked with children of billionaires who are given a mansion with a recording studio for their band to live in and guess what came of it. Zilch! 

So many stars have to line up for you to have success in the music industry it’s not even funny. Having rich parents is an enormous leg up, but if you don’t write incredible music, play your instruments at a high level, and have some kind of an ‘x-factor’ which is a very real thing, it really doesn’t matter.",0,28,1778411998.0,0.19,True,self.Music
1t93oij,Music,Jenny Bee - Wanna Get Your Love [Vocal House] (1992),,3,1,1778410277.0,1.0,False,youtube.com
1t93ifd,Music,Bunny Idol - Shadows &amp; Silence [Dark Cinematic Ambient] (2026),,0,4,1778409715.0,0.22,False,youtu.be
1t937o1,Music,Are shorter attention spans changing the way we experience music?,,0,23,1778408688.0,0.22,False,
1t935z8,Music,Is Peter Cetera the most handsome male singer of all time?,Just came across his 1986 promotional pic for his album Solitude/Solitaire and wow! This man was 42 at that time and he looked better than every 80s movie star. His hair is perfect. His eyes are mesmerizing. His facial features are masculine and chiseled. Even his body is great. Legendary songwriter and vocalist and bassist too! ,0,16,1778408527.0,0.24,True,self.Music
1t92tpb,Music,ABC Classic 2 had an incredible broadcast a few days ago (May 7th). Could anyone share the program log? 🙏,"I’m geo-blocked overseas and can’t load the website log or use the app.  
Could anyone with access please share the names of the pieces played on **Australia ABC Classic 2 on May 7th between 16:40 and 18:20 (AEST)**?",0,3,1778407382.0,0.5,True,self.Music
1t92iz4,Music,Has anyone else noticed how “fake guitarist exposé” content changes your relationship with music?,"Lately YouTube has been recommending me a lot of videos where guitar creators analyze or mock other guitarists to “expose” them as fake, overedited, dishonest, etc. To be fair, some criticism is valid. There are definitely creators who misrepresent what they can actually play. I’m not arguing against critique itself. What’s been bothering me more is the overall energy around this type of content. After watching a few of these videos, the algorithm keeps pushing more and more of them, and eventually it starts feeling like the platform rewards musicians more for tearing each other down than for actually making music. Some of the guitarists being mocked are still genuinely skilled players, but the discussion shifts away from music and turns into humiliation, “gotcha” moments, and audience pile-ons. I also think this affects viewers over time. You start listening to music differently. Instead of enjoying playing, tone, phrasing, songwriting, or creativity, you start subconsciously looking for mistakes, edits, fakery, or reasons to discredit people. Music culture should still leave room for criticism and honesty, but I don’t think a creator-focused space stays healthy if the main growth strategy becomes publicly dismantling other musicians for content.

Curious whether other people have noticed this too, or if I’m overthinking it.",0,28,1778406372.0,0.41,True,self.Music
1t91zzd,Music,IZAIAH - LuvMe [NorCal HipHop],,1,0,1778404493.0,0.67,False,on.soundcloud.com
1t91sl3,Music,Front 242 - Tragedy for You [EBM],,9,0,1778403782.0,0.91,False,youtube.com
1t91n5z,Music,Sunday Sunday - kid no kid [electronic],,2,0,1778403273.0,0.67,False,open.spotify.com
1t91hzn,Music,Daniel Keane - Sing Sing for Me [indie],,1,0,1778402757.0,1.0,False,youtube.com
1t916ac,Music,Comeback of guitar music?,"Do you think guitar-oriented music has a chance of becoming mainstream again?

And I don’t mean super distorted rock, metal or niche underground genres.

I mean more melodic, pop-oriented guitar music with clean guitars, catchy hooks and a energetic live feeling.  
Actual bands instead of solo artists/producers

Basically music where guitars are important again, but in an accessible and melodic way.

Most people my age seem more interested in rap, electronic stuff, hyperpop or very niche scenes. And when young people do make guitar music, it often feels either extremely heavy, overly ironic or intentionally messy/experimental.  
At the same time, whenever I actually see young bands play energetic melodic guitar music live, people still react really strongly to it.

Is there still potential for a bigger comeback of catchy guitar-based bands in mainstream culture?  
Or have we fundamentally moved on from that era?",0,56,1778401592.0,0.45,True,self.Music
1t9169e,Music,Duran Duran - Electric Barbarella (Official Music Video) [Pop Rock],,1,0,1778401589.0,0.6,False,youtube.com
1t90yw8,Music,"The album, out this summer, also features the bluesy “Rough and Twisted” and guest appearances by Paul McCartney, Robert Smith, and Steve Winwood",,0,4,1778400878.0,0.35,False,rollingstone.com
1t90v81,Music,it is not called music,Sampling someone's music without changing the tone or saturating is literally the proof that you're only able to make music by using it. yo just look up how to use synthesizers on the internet instead of just putting your boring beat on someone's music.,0,5,1778400525.0,0.14,True,self.Music
1t90okv,Music,Andweras - Awaking [ Melodic/Chillout ] (2016),,1,0,1778399909.0,1.0,False,youtu.be
1t909b9,Music,Heeeeeeelp,,0,0,1778398422.0,0.25,False,
1t8zl2o,Music,A Tribe Called Quest - Find A Way [Hip-Hop/Rap],,18,0,1778396169.0,0.88,False,youtu.be
1t8zh54,Music,Clarion - Blue Fairy [Rock],,1,0,1778395797.0,1.0,False,youtube.com
1t8z45x,Music,Whats the basic difference btwn youtube premium and yt music premium?,"as someone who has been using spotify premium for the past 2 years- im skeptical about shifting to another platform. Ik apple music would be the best choice with amazing audio quality but i personally dont like the ui much (MAN I MISS SPOTIFY).

Now, does yt music contain every video available on youtube? cuz the main reason for which i wanna opt for yt is cuz it has the largest library with hundreds of covers and unreleased songs unavailable on spotify. I don't watch yt videos much  and i find the yt interface quite distracting for listening to music. Given all these, would it be a wise decision to opt for yt premium, or shall i go for yt music?

If yt music doesn't offer the wide range of songs and covers as yt, i won't go for it.",0,12,1778394603.0,0.33,True,self.Music
1t8ys6s,Music,House of Buneau - Jack of the Kings [ Velvet Realism],,0,3,1778393516.0,0.33,False,youtu.be
1t8y4mp,Music,Baby's Got a Temper by The Prodigy samples their own song Firestarter. What other artists have sampled themselves?,Did you know that r/music considers very short discussion posts to usually be a sign of poor quality? I painfully disagree and it's bs i've had to repost this a dozen times because of arbitrary rules.,276,152,1778391458.0,0.93,True,self.Music
1t8xd7o,Music,Any feedback on this beat I made for Ghost Girl-Yeonjun?,,0,0,1778389122.0,0.33,False,
1t8x87o,Music,"J. Strauss II - An der schönen blauen Donau, Waltz, Op. 314 [Classical]",,1,0,1778388699.0,0.6,False,youtu.be
1t8x5w7,Music,I Gres – Non Chalant [jazz-funk],,4,0,1778388501.0,1.0,False,youtube.com
1t8wu80,Music,Angel Olsen - Lark [art pop],,4,0,1778387472.0,0.75,False,youtu.be
1t8wg2t,Music,Pajama Grams - Amor Del Mar [psychedelic rap],,1,0,1778386260.0,0.6,False,soundcloud.com
1t8wc4x,Music,MRL - Graffiti on the Moon [alternative rap] 2026,,1,1,1778385934.0,0.6,False,on.soundcloud.com
1t8wb1x,Music,112 ft. Beanie Sigel - Dance With Me [Hip-Hop/Rap],,2,0,1778385849.0,0.75,False,youtu.be
1t8vypt,Music,Killer Mike - AKshon (yeah!) [Hip-Hop/Rap],,1,1,1778384859.0,1.0,False,youtu.be
1t8vxam,Music,Is there are band in this era that would be considered todays equivilent of Rage Against the Machine?,"In this era of disent and disaster we NEED RATM or a form of them and there doesn't appear to be any real groups that have the will or style to pull the political discource into verse or narate how the system is and has been to it's people.

Maybe i've just missed it but is there one buried in all the Taylor Swifts and Justin Beibers and Kardashiens that are out there these days?",0,31,1778384742.0,0.28,True,self.Music
1t8vvdy,Music,#ARC Angles - Good Time (Cover),"[\#ARC](https://www.youtube.com/hashtag/arc) Angles - Good Time (Cover)  
Performed live by Incarcerated at Orange Festival, Dambuk, Arunachal Pradesh.  
  
This video features a live cover performance of “Good Time”, originally written and performed by ARC Angles. This is an independent cover interpretation performed live at the Orange Festival.  
  
All rights to the original composition belong to the respective copyright holders.  
No copyright infringement intended.  
  
🎸 Artist: Incarcerated  
📍 Event: Orange Festival  
📍 Location: Dambuk, Arunachal Pradesh, India  
🎶 Original Song: ARC Angles - Good Time  
🎤 Performance Type: Live Cover  
  
If you enjoyed the performance, don’t forget to like, share, and subscribe for more live music and cover performances.  
  
[\#ARCAnglesGoodTimecover](https://www.youtube.com/hashtag/arcanglesgoodtimecover) [\#ARCAnglescover](https://www.youtube.com/hashtag/arcanglescover) [\#goodtimelive](https://www.youtube.com/hashtag/goodtimelive)  
[\#ARCAngles](https://www.youtube.com/hashtag/arcangles) blues [\#Incarceratedband](https://www.youtube.com/hashtag/incarceratedband) [\#bluesrockcover](https://www.youtube.com/hashtag/bluesrockcover)  
[\#livebluesperformance](https://www.youtube.com/hashtag/livebluesperformance)  [\#orangefestivaldambuk](https://www.youtube.com/hashtag/orangefestivaldambuk) [\#arunachalpradeshmusic](https://www.youtube.com/hashtag/arunachalpradeshmusic)  
[\#indianbluesrock](https://www.youtube.com/hashtag/indianbluesrock) [\#guitarbluessolo](https://www.youtube.com/hashtag/guitarbluessolo) [\#livecoversong](https://www.youtube.com/hashtag/livecoversong)",3,0,1778384584.0,0.81,True,self.Music
1t8uulr,Music,Dua Lipa Files $15 Million Suit Against Samsung for Using Her Face to Sell TVs,,8775,259,1778381603.0,0.97,False,variety.com
1t8us7g,Music,Ishmael - Hill Song [Instrumental],,1,0,1778381406.0,1.0,False,youtu.be
1t8uq4r,Music,Who Are the Most Interesting “Bests of the Band”? Or a Member of a Band Who Left/Got Kicked Out Before the Band Got Big (Aside from Pete Best and Stuart Sutcliffe),"By “Best” I mean like Pete Best. Best was an early member of the Beatles before getting kicked out and replaced by Ringo. Stuart Sutcliffe was also an early member of the Beatles who left just as the band would make it big. He would die in 1962 never knowing the little Liverpool band he was apart of would become the biggest band in history.

My picks would be Dave Mustaine of Metallica (probably the only Best who found as much success by himself) who got kicked out due to a variety of reasons, Angus Maclise of the Velvet Underrground who left because he felt like the band was getting too commercial and once their album came out he tried to get back in to no avail, Anthony Philips of Genesis who left on his own to pursue his own aims, and Jason Cropper of Weezer who got kicked out just as the Blue Album was coming into fruition. ",150,298,1778381233.0,0.87,True,self.Music
1t8ulfn,Music,Justin Bieber Beat - All I Can Take [Pop],,0,3,1778380856.0,0.14,False,youtube.com
1t8uijm,Music,"Koja Misako, Kizuki Minami, and Sahara Kazuya - Warabigami (God Child) in Okinawan language [folk]",,3,0,1778380623.0,0.8,False,youtu.be
1t8uib4,Music,These Two Pieces of Music are the Same,"I never thought my random assorted experiences and interests would run me across either some weird overlap, or even potential plagiarism, but I found two pieces of music that are close to the point of infringement. 

'Armaments' by Kuniaki Haishima from the anime 'Gasaraki'

And

'The Demon' by Andrew Barnabas and Paul Arnold from the video game 'MediEvil 2'.

Give these two tracks a listen and tell me they're not the same piece.",11,8,1778380605.0,0.63,True,self.Music
1t8uh9w,Music,Do you agree with Madonna's attitude when she's on tour?,"Among her demands is that the hotel where she's staying must remove all the furniture and decor and replace them with new furniture and decor of her choosing before her arrival. She also requires more than 20 phone lines and 20 phones in her room. Waiters, waitresses, hotel staff, and anyone who approaches her must ask permission to look at her and must always lower their gaze and bow their heads in her presence. No one born under the sign of Scorpio or other zodiac signs that bring bad luck is allowed to approach her. She has often been seen drunk, screaming, cursing, and banging her head against the walls upon entering the hotel. She is always 2 or 3 hours late for her concerts. And much more… 

All of this is documented from her recent tours. ",0,13,1778380520.0,0.21,True,self.Music
1t8u8sz,Music,Vemana - 1 25 నీళ్లలోన నోడ Ship in the water [Folk],,0,0,1778379836.0,0.29,False,youtu.be
1t8tms7,Music,"If life had background music, what song would play during your peaceful moments?",,0,2,1778378078.0,0.33,False,
1t8tgzh,Music,"Test my app! (Custom click track, free for limited time)",,0,0,1778377615.0,0.14,False,
1t8tfzx,Music,64 views | Reel by Tony Hilliard,,0,0,1778377538.0,0.17,False,facebook.com
1t8tf72,Music,602 views | Reel by Tony Hilliard,,0,0,1778377474.0,0.15,False,facebook.com
1t8tcto,Music,214 views | Reel by Tony Hilliard,,0,0,1778377279.0,0.31,False,facebook.com
1t8tapj,Music,1.4K views | Reel by Sha No Butta,,0,0,1778377107.0,0.41,False,facebook.com
1t8sy1k,Music,"Wheelchair Sports Camp Interview: Kalyn Heffernan on Perfectionism, Prisons, and Oh Imperfecta",,53,5,1778376098.0,0.91,False,retrofuturista.com
1t8srpg,Music,Has anyone worked with social currency agency lead by Ezra Urmy?,"I recently got in contact with them and after a few unprofessional/pushy texts I decided I wasn’t going to follow through. I calmly said “hey, I thought it over and I’m deciding not to move forward thanks for your time, i appreciate it. They then proceeded to lower the price and tell me they could work me and I still decided to stick with my decision. After saying no again the head of the company Ezra Urmyy responded and said “Damn that’s sad bro can’t even invest $39 to level up your brand, maybe this industry just isn’t for you”. I thought that was extremely unprofessional and just honestly rude. I just wanted to post on here and let people know about this. They also have no where on their website for reviews and no reviews in general. ",0,3,1778375601.0,0.25,True,self.Music
1t8spkg,Music,What artists/albums/songs do you think everyone should know to be “culturally well-rounded” musically?,"I’ve realized I mostly listen to pretty mainstream/popular music, but then I’ll hear people reference artists, albums, or songs that seem super important/influential and I have no idea where to start.

Not even just “the best music,” as good is subjective, but music that feels culturally important. 

I’m looking for:

* iconic albums everyone should hear 
* artists that define a ""genre"" or ""subculture""
* songs that are consistently referenced in pop culture
* niche/classic picks of music most people instantly recognize
* albums that are symbols of a scene/era

Could be anything:  
hip hop, indie, jazz, punk, electronic, folk, metal, soul, experimental, whatever.

If you had to build a “musically well-rounded” listening list for someone, what would 100% be on it?

P.S. I'm not afraid of a long list, so don't hold back

P.P.S. I'm leaning more towards artists and albums because frequently one song isn't truly representative, but I understand one-hit wonders etc..",12,92,1778375434.0,0.63,True,self.Music
1t8smct,Music,Goreshit - Pirupi [Hardcore],,0,0,1778375186.0,0.25,False,youtube.com
1t8rv3o,Music,‘Blue dot fever’: the real reason pop stars are cancelling tours,,3995,757,1778373096.0,0.95,False,thetimes.com
1t8rr3h,Music,Enshine - Transcending Fire [Atmospheric Metal],,1,0,1778372793.0,1.0,False,youtu.be
1t8rmzv,Music,“Squeeze Box” reissue?,,0,0,1778372483.0,0.33,False,
1t8r9bm,Music,Issa Smith - FrenchSlimeTape vol.1 prod by GaapFresh,"Issa Smith -FST 

Yo, FrenchSlimeTape is back. After six years, it hits harder, realer, no filter. This is that raw vibe we lost—now it’s back, and it’s hitting different. Let’s run it up, and bring that energy back to the streets.

https://youtu.be/hIlpcXb6IIA?si=mfZLMoXpVnlv\_VHC",1,0,1778371453.0,0.6,True,self.Music
1t8qn3k,Music,What is a 10/10 Album made by a Great Artist?,,0,23,1778369790.0,0.18,False,
1t8qb1d,Music,"What kind of music lover are you, and why?","I feel like there are two larger categories. Sure, you can be both, but you likely lean one way or the other. I don't think one or the other is ""better.""

1. Unpolished, less repetitive and a little blurry, maybe even muddy or dirty at times, still evolving (sometimes live or demo, but not necessarily), often unplanned or
2. Polished, professional, clean, very consistent, maybe quantized and autotuned, but definitely close to pitch perfect, much more structured, and finished for pop consumption

The best way I can express this, which I came across recently, is the difference between the demo for Human Nature by Steve Porcaro and the final product by Michael Jackson and Quincy Jones. The demo is at \~10:00 [https://www.youtube.com/watch?v=MK\_16kD45X4](https://www.youtube.com/watch?v=MK_16kD45X4)

There's something about music that hasn't been tweaked, reduced, produced, and nudged to ""perfection"" that I just love. 

Obviously, this is a pop reference, but for those who lean more metal, maybe something like the difference between the studio albums of Alice In Chains vs. something like this [https://www.youtube.com/watch?v=V-scGZMgxp8](https://www.youtube.com/watch?v=V-scGZMgxp8) (live and unplugged).

But it's not necessarily just the difference between studio and live, or jam band/improv vs. playing it straight. It's a feel to the music, a sort of rawness. I've heard jam bands that didn't have that feeling and pop acts that definitely did.

For Jazz heads, we know where you stand. (Prove me wrong in the comments. 😉)

So yeah, I'm curious which kind of music lover are you, and why?",0,24,1778368892.0,0.42,True,self.Music
1t8q5y1,Music,problem downloading songs,hi i'm trying to download the songs that i have on this app called wedj onto my macbook air but everytime i try through finder and files it loads half of them and then the whole file disappears so i managed to download half of them by copying the file before it disapears but i'm still missing 3 gb of songs anyone have any ideas? would really appreciate it.,1,2,1778368509.0,0.67,True,self.Music
1t8oxh1,Music,I lack the words to describe it but I feel that these songs are tied humanity in a beautiful way,"There are 3 songs that (at least to me) feel like they are so ingrained in humanity that if they were to suddenly vanish the world would feel emptier.

these songs are

\- Mozart: 12 Variations ""Ah, vous dirai-je, maman"" KV 265 (Clara Haskil) (aka the tune of almost every popular nursery rhyme)

\- Daisy bell (Harry Dacre) (first song sung by a computer)

\- Take me out to the ball game (Jack Norworth) (probably one of these most well known songs in the last 100 years)

These songs feel like they embody certain beauties' of humanity but I lack the words to accurately describe how and wonder if anyone here might be able to help me

(also if this is the wrong place to discuss something like this please direct me to the correct one)",0,18,1778365339.0,0.1,True,self.Music
1t8ov5s,Music,Is it true that you need to be rich and connected to make it as an artist these days?,"It’s true that instruments don’t play themselves, but you need a place to practice, funds to live on and a way to show your talent to managing.

It’s famously known that Taylor swifts parents were fairly rich.

As for the Hobert’s. They are the children of Tim Hobert, a writer and producer known for work on TV shows like *Scrubs* and *The Middle*.

Gracie Abrahams dad was in the movie industry and had big connections.  
￼  
Nancy Cartwright, the voice of Bart Simpson, is the aunt of pop star Sabrina Carpenter. While not blood-related, Cartwright's stepbrother is Carpenter’s father. Cartwright helped launch Carpenter's career by assisting her in finding an agent and management, though she praises Sabrina's independent talent. 

Olivia deans mother is Christine Dean. Christine is a lawyer, and according to The New York Times, in 2020, she was the first Black woman to become deputy leader of a British political party",64,117,1778365170.0,0.7,True,self.Music
1t8ol49,Music,"For those who were around in 1970: How famous was Janis Joplin before she passed, and after, and what was the public reaction to her death?",Due to Janis Joplin's biopic coming out soon ... those alive when Janis Joplin was how famous was she and what were the news reports/public reactions on her death and how mainstream it was because her posthumous album Pearl and song Me and Bobby McGee went number 1. And is now a legend 55 years later,164,85,1778364481.0,0.87,True,self.Music
1t8oe6v,Music,"Front, Back &amp; Side to Side - UGK [Southern Hip-Hop]",,3,0,1778364001.0,0.72,False,youtube.com
1t8oaz9,Music,Deltron 3030 - 3030 [hip hop],,482,55,1778363772.0,0.98,False,youtu.be
1t8o6vu,Music,Prof - Good Time Boy [Rap],,140,51,1778363476.0,0.76,False,youtu.be
1t8nuv6,Music,"The manager of Club Underground Reno, Brandon Deriso, fucked an ostrich.",,0,3,1778362650.0,0.14,False,
1t8ntwu,Music,Afro man - A homeboy can Survive [Hiphop],,3,0,1778362583.0,0.67,False,youtu.be
1t8ns71,Music,Alan Hajduk - Synthetic Nightfall [dark zenica electro ],,1,0,1778362468.0,0.57,False,alanhajduk.bandcamp.com
1t8npph,Music,"[IIL] the instrumentation of ""four seasons."" by Brent Faiyaz, what else would i like?",,0,2,1778362297.0,0.4,False,
1t8nglw,Music,How to sing vibrato naturally?,,0,1,1778361688.0,0.38,False,
1t8na9v,Music,Collapsonauts – Erato [electronic] (2026),,0,0,1778361269.0,0.5,False,youtu.be
1t8na0u,Music,Is there a way to fix this problem?,,0,0,1778361252.0,0.4,False,
1t8mz5h,Music,I might have discovered an AI artist?,"I was roaming on YT music trying to find new stuff to listen. Then i stumble upon this, I'm not sure if i can post the artist's name like, literally on the post so i will stick to screenshots and my experience. 

Remember when we used to just mumble random words to make ""songs"" when we were kids, this a whole other level, literally most of the songs have this random ""anime"" voice that just mumbles random syllables for lyrics, this sadly does not happen in one or two... 

[BUT ON ALMOST EVERY SONG](https://preview.redd.it/65qm5977e60h1.png?width=1493&amp;format=png&amp;auto=webp&amp;s=c8e9778ece8c8e7b056001ec4b6aba0c79155133)

This pattern is common, AI generated images, titles and possibly the song overall. If i keep scrolling down the number of songs is GIGANTIC. I do not mean this as a joke, you can scroll down and see just how much songs this artist has uploaded. I do not want to promote any sort of hate or backlash to anybody with this topic. I'm simply sharing a ""funny"" find. What do y'all think? 

",0,6,1778360542.0,0.17,True,self.Music
1t8mwkn,Music,Chezile - Blue [Alt Pop],,0,0,1778360383.0,0.5,False,open.spotify.com
1t8mtih,Music,Pretenders - The Phone Call [post punk],,3,2,1778360196.0,0.67,False,youtu.be
1t8l1uy,Music,Jonathan Rado - Seven Horses. [Alternative Rock],,2,0,1778358770.0,0.75,False,youtu.be
1t8irsa,Music,The Cars - Moving In Stereo [Rock],,88,8,1778356975.0,0.94,False,youtube.com
1t8i0w0,Music,Do you think Madonna would have regained her success if it hadn't been for ABBA?,"I'm referring to the resurgence of her career in 2005 with her first single, ""Hung Up,"" from the album \*Confessions on a Dance Floor\*. 

We all know that in the first 20 years of her career, Madonna had two resounding flops (Erotica and American Life, with Erotica also dragging down Bedtime Stories). So you could say that in the ’90s, Madonna only found success at the end of the decade with her albums Ray of Light and Music, the latter being her last truly successful album, although neither Ray of Light nor Music were as successful as True Blue, Like a Virgin, and Like a Prayer… 

What I mean is that, in 2003, Madonna sank back into failure with American Life, and she herself said in a 2005 interview that she needed to grab attention somehow and that’s why she’d chosen the ABBA sample—to grab the world’s attention with her first single—and that after that single, she could finally say, “Now listen to me” (the rest of the album). 

In other words, “Hung Up” was just a commercial hook to get people to take notice of her, and since an artist’s first single is always the strongest, she had other singles like “Sorry” and “Jump” that, despite being successful, didn’t have the same impact as “Hung Up.” 

So, perhaps if ABBA hadn’t granted Madonna the rights to her sample, the Confessions album wouldn’t have been as successful as it was; it would have had moderate success at best, because there’s no stronger single on the entire album than that one. 

And so one could say that Madonna’s last hit would have been in 2000 with “Music.” Madonna was fortunate that ABBA agreed to save her career by granting her the rights. From that album onward, in 2008 and beyond, all her albums have been commercial failures. 

She still has hits and sales, but she hasn’t managed to achieve even 1/20th of what she once had—that’s what we mean by failure. And other singers far surpass her in sales, streams, and popularity. ",0,10,1778356399.0,0.19,True,self.Music
1t8i0gq,Music,Album Review: Isaiah Rashad – IT’S BEEN AWFUL,,1,0,1778356390.0,0.57,False,hiphophighsociety.com
1t8hk4w,Music,Sister Sledge (Remix) - Lost in Music [Arrogant Polka] (1876),,2,0,1778356039.0,0.67,False,youtube.com
1t8h8j1,Music,Quelle est votre pièce minimaliste préférée ?,"Quoi que ça soit, quel compositeur que ça soit, peu m'importe. Je cherche à enrichir mes goûts et mes sources d'écoute, auriez-vous des immanquables à me recommander ? Je suis aussi ouvert à des univers musicaux plus restreints ou alternatifs, comme la microtonalité, le sérialisme ou la musique concrète.",0,7,1778355789.0,0.33,True,self.Music
1t8gtd9,Music,Most interesting song lyrics challenge,"I see no point in debating the “greatest“ song lyric ever, because each listener has their own criteria for what makes a great line. 

Instead, here’s a challenge: think of a line you like, then think about \*why\* you like it, and share it here. I’ll start the ball rolling with a few of my own personal favorites.

Best internal rhyming: “Flying too high with some guy in the sky is my idea of nothing to do” (Cole Porter).

Most utterly obscure: “Well the sun gets weary and the sun goes down, ever since the watermelon” (Paul Simon)

Most cynical: “Ah, there’s nothing about her that $100 wouldn’t fix“ (Tom Waits)

Most heartbreakingly pathetic: “Laisse-moi devenir l'ombre de ton ombre, l'ombre de ta main, l'ombre de ton chien, mais ne me quitte pas” (“Let me become the shadow of your shadow, the shadow of your hand, the shadow of your dog, but don’t leave me”) (Jacques Brel)

Most evocative: “Let the sun set on the ocean, I will watch it from the shore / Let the sun rise over the redwoods, I'll rise with it till I rise no more / Talk to me of Mendocino, closing my eyes I hear the sea / Must I wait? Must I follow? Won't you say, ""Come with me""?” (Kate &amp; Anna McGarrigle)",10,40,1778355465.0,0.77,True,self.Music
1t8gqh3,Music,What's your favourite absolutely rubbish lyric?,"Somehow this popped up last night on youtube, and whilst I do remember the song, I didn't realise this lyric was in the actual chorus: https://youtu.be/MMc6_-xgWlE?si=6iTbVhnxcZve3kjw&amp;t=45

""Even food don't taste that good"" WTAF?

What's your favourite shite lyrics that somehow just got a pass?

edit:: YES, this is just my latest attempt to find Justin Hawkin's Reddit account.  I know you're fucking lurking!",79,489,1778355403.0,0.75,True,self.Music
1t8ejuj,Music,Alex Bralles - Departure [Synthwave],,1,0,1778353703.0,1.0,False,youtube.com
1t8egh1,Music,Internally - Catluaba (2026) [acustica],,0,7,1778353631.0,0.5,False,youtube.com
1t8drv4,Music,"how do hip hop artists charge """,,0,1,1778353118.0,0.17,False,
1t8dhyi,Music,Lately I’ve really been getting into the vibe of “Hey” by Pixies and that whole alternative/nostalgic rock sound.,"Lately I’ve really been getting into the vibe of “Hey” by Pixies and that whole alternative/nostalgic rock sound.  
Been discovering more music in that direction lately and I’m curious what other artists/albums people here are into with a similar vibe.",293,197,1778352822.0,0.9,True,self.Music
1t8dh92,Music,"For those that do and don’t like classical symphonic music, why?","For those that do and don’t like classical, and also do like it for that matter, why? What about it repels or attracts you to it.   
For example, I like it due to the sound of an orchestra. The great melodies and wide range of musical colors you get with all the instruments. Don’t even really need to know what the work is about. Just let the sounds and music take you were they take you. Plus even decades later after I first heard things like pictures at an exhibition or any of the Mahler symphonies, they still hit just as hard as they did if not more so than when I first heard them. ",0,21,1778352776.0,0.45,True,self.Music
1t8dev8,Music,"Hick Life - HickLife, Dubblewide, Big SMO, CB3, Charlie Bonnet III, Moccasin Creek [hick-hop/Rock]",,0,0,1778352618.0,0.33,False,youtube.com
1t8d31k,Music,"Is ‘I'm working late, 'cause I'm a singer’ from Espresso by Sabrina Carpenter the greatest line in a song ever?",,0,15,1778351856.0,0.12,False,
1t8d2n2,Music,Billie Eilish - Birds of a feather  [electronic],,0,1,1778351832.0,0.38,False,youtu.be
1t8ctpm,Music,Low-Down Slim - Blues Sessions - Volume 60: I Can’t Quit You Baby [blues],,2,1,1778351272.0,0.75,False,youtube.com
1t8csgj,Music,Lukas Rossi - Drama Queen [Rock](2026),,1,0,1778351196.0,0.66,False,youtu.be
1t8cprh,Music,Bunny Idol - The Phoenix Rider [Dark Cinematic Ambient] (2026),,0,1,1778351023.0,0.22,False,youtu.be
1t8bkk0,Music,"""Overplayed"" Music - Why does that affect whether people listen to it or not?","I have a lot of friends that listen to a good amount of music. And keep in mind I wouldn't apply what i'm about to say to just them, but most music listeners. I find that a lot of them will listen to popular music, and for about the first week, it will be a ""banger"" by their standards. But as soon as it peaks on the Billboards Top 100 or becomes one of those songs that you hear a lot (restaurants, random mixes), they stop listening to it because it is ""overplayed"", and I could see this being reasonable if you got tired of hearing the song. But I find that this isn't even their reason, its just too popular. For example, if you were to play the song, they would say its overplayed, but if you forced them to listen to the rest of it, they would do it happily after a little bit. I think people seem to dislike the idea that their music is mainstream, and it makes them sad that it isn't ""their music"". I find this pretty ludicrous. If music is overplayed, isn't it good? If this is the case, why not listen to it more? Thoughts anyone?",0,46,1778348478.0,0.41,True,self.Music
1t8bej3,Music,What is the most beautiful song that better describes the End of the World? (Any genre),"I was recently revising some old stuff of mine, and stumbled across a song called, *Prelude To Violence* from Toxic Avenger. This song came at the right moment, because as I was listening that song again, my mind was running wild, imagining all sorts of scenarios, and it is so fun how we can picture things while listening song. I just love using my imagination (imagining future events that can either happen or not) Like, mentally editing a documentary or something. It is just freaking cool. This song fits perfectly with an idea for a novel that I have, anyways. I just love songs that describes (Or we subjectively interpret this way) The End of the World. Human Misery. Decay. (In the good send though) I'm not a big fan of hatred songs like (Canibal Corpse) Stuff like that. Not to mention my profoundly limited repertoire in this genre. Anyways. Songs like this, with an acoustic guitar that is soft and calm, that describes birds flying around, the utter emptiness of a given spot, not human life. Just beauty and the infinite. ",22,157,1778348103.0,0.72,True,self.Music
1t8asf5,Music,Butthole Surfers - Cough Syrup [Alternative Rock],,21,0,1778346734.0,0.79,False,youtu.be
1t8aj0v,Music,X - Johnny Hit and Run Paulene (live) [Punk],,17,0,1778346172.0,0.9,False,youtube.com
1t8ahpf,Music,Somewhere In Between. — Official Song by Prabhav,"hi… so i’m 16, and this is probably the most personal thing i’ve ever made.

the last few months genuinely messed me up mentally. boards, entrance exams, pressure, expectations, overthinking, feeling like i disappointed everyone around me… all of it just kept building up quietly.

i’m not really good at talking about emotions directly, so this song became the only way i could let everything out.

it’s not really a relationship song. it’s more about feeling numb, anxious, mentally exhausted, and stuck inside your own head while pretending everything’s normal outside.

i wrote the whole thing myself. took me around a week to finish everything  writing lyrics, creating the thumbnail, redoing parts again and again till it finally felt right :)

uploaded it on youtube today. honestly not expecting much, but if even one person relates to it, that’s enough for me.

feedback genuinely means a lot.

\[yt link in cmt )",0,3,1778346091.0,0.5,True,self.Music
1t89xg9,Music,My 100 list of the best songs ever! Accordingly to me!,"I’ve created this list over the last few months!  Not sure why I did but I wanted to share with the Reddit

Wicked Game - Chris Isaak    
Good Vibrations - Beach Boys    
Pretty Woman - Roy Orbison    
Brown Eye Girl - Van Morrison    
Don’t Dream It’s Over -Crowded House    
California Dreaming - Mamas and the Papas    
Happy Together - The Turtles     
Unchained Melody - The Righteous Brothers     
Hallelujah - Jeff Buckley    
Sympathy of the Devil - The Rolling Stones    
 A Day in the Life - The Beatles    
What a Wonderful World - Louis Armstrong    
Somewhere Over the Rainbow - Judy Garland    
My Girl - The Temptations    
Spirit in the Sky - Norman Greenbaum    
Nights of White Satin - The Moody Blue    
What’s Up? - 4 Non Blondes    
Stand By Me - Ben E. King    
It’s Must Have Been Love - Roxette    
Fast Car -Tracy Chapman    
Imagine - John Lennon    
Crying -Roy Orbinson    
Smalltown Boy - Bronski Beat    
Maps - Yeah Yeah Yeahs    
Constant Craving - K.D. Lang    
Never Tear Us Apart - INXS    
Save Me - Aimee Mann    
I Feel Love - Donna Summer    
Like A Prayer - Madonna    
I will Always Love You - Dolly Parton    
I got you babe - Sonny and Cher    
Ray Of Light - Madonna    
Bad Romance - Lady Gaga    
Don’t Speak - No Doubt    
Paint it Black - Rolling Stone    
Stay - Rhianna    
Tusk - Fleetwood Mac    
Take Me To Church - Hozier    
So Afraid - Janelle Monaé     
Faith - George Michael    
Dream Weaver - Gary Wright    
Road To Nowhere - Talking Heads    
By Your Side - Sadè    
River Deep Mountain High - Tina Turner    
Season of the Witch - Donovan    
Research Chemicals - The Viagra Boys    
Running up the Hill - Kate Bush    
Until I Found You - Stephen Sanchez    
Vogue - Madonna    
Immigration Song - Led Zeppelin     
Gone Gone Gone - Robert Plant/Alison Kraus    
Nothing Compares to You - Sinead O’Connor    
I’m Not High, I’m In Love - Bebe Rexha    
Atomic - Blondie    
Strawberry Wine - Deana Carter    
American Idiot - Green Day    
Good Riddance - Green Day    
Call Me - Blondie    
Uninvited - Alanis Morrisette    
Mad World - Tears For Fears    
Heathens - 21 Pilots    
Closer - Nine Inch Nails    
Hurt - Johnny Cash    
We Can’t Be Friends - Ariana Grande    
Birds of a Feather - Billie Eilish    
Connection - Elastica    
Tear You Apart - She Wants Revenge     
Losing My Religion - R.E.M.    
White Rabbit - Jefferson Airplane    
You Make Me Feel - Sylvester     
Walk On The Wild Side - Lou Reed    
Bad Guy - Billie Eilish     
Beautiful - Christina Aguilera    
50 Ways To Lose A Lover - Paul Simon     
Bridge Over Trouble Water - Simon/Garfunkel     
Mad World - Gary Jules    
You Lost Me - Christina Aguilera    
Please Please Please - Sabrina Carpenter     
I’m On Fire - Bruce Springsteen    
I Will Survive - Gloria Gaynor    
Love Hurts - Nazareth     
Don’t Tell Me - Madonna    
Creep - Radiohead    
Linger - The Cranberries     
Crazy - Seal    
One - U2    
Can’t Help Falling In Love - Elvis Presley    
Blister In The Sun - Violet Femmes    
Spellbound - Siouxsie And The Banshees    
November Rain - Guns &amp; Roses    
Face to Face - Siouxsie And The Banshees    
Love is Alive - The Judds    
Violet - Hole    
Nothings Is Going to Stop Us Now - Jefferson Starship    
The Air That I Breathe - The Hollies    
Come Undone - Korn    
Bette Davis Eyes - Kim Carnes    
Black Parade - My Chemical Romance    
Chandelier- Sia    
 Take Me Home, Country Roads - John Denver",0,10,1778344847.0,0.21,True,self.Music
1t89xbj,Music,Need help challenging racist perspectives - in a music context,"I was recently in a conversation with an individual that asked a question which I could not answer 

Simply putting it

“Who is my favorite African classical composer?” and at the time I didn’t have an answer. 

They were essentially trying to argue that because I couldn’t answer. It was proof that Europeans make the best classical music, and therefore enforcing the many claims  inherent to white nationalist beliefs.

AI is giving me some good results but would love a human perspective on this as to educate myself as well as educate anyone whoever asks’s that question again. 

Would love a wide range of takes whether it be modern classical music or classical classical music ",0,47,1778344838.0,0.32,True,self.Music
1t89deo,Music,Richard Dawson - Jogging [Progressive Folk] (2019),,5,0,1778343555.0,0.78,False,youtu.be
1t88pdb,Music,Queens of the Stone Age - Tangled Up in Plaid [Alt-Rock] (2005),,11,0,1778342046.0,0.87,False,youtube.com
1t88530,Music,The Band Melrose - Polaris [Alternative/Modern Rock],,1,0,1778340727.0,0.6,False,youtu.be
1t87ywf,Music,Foy Vance - Make It Rain [Soul/Blues],,1,0,1778340332.0,0.67,False,youtu.be
1t87rqn,Music,Where did my kids go? - TSA [acoustic dad],,1,0,1778339867.0,0.66,False,youtu.be
1t87p2w,Music,Struggling to Learn Guitar on My Own,"I’ve tried several times to learn guitar on my own by watching online videos, but I always end up losing motivation. One of the biggest reasons is that my guitar is quite old, and the strings are in poor condition, so I constantly feel like the instrument itself isn’t good enough to learn properly. Because of that, I get discouraged very quickly and struggle to stay consistent.

I really want to start learning again, but this time in a way that feels enjoyable and sustainable. How should I begin learning guitar on my own without getting overwhelmed or giving up? Also, could you recommend some beginner-friendly ideas, practice methods, and good online resources or channels that could help me stay motivated?",0,25,1778339700.0,0.37,True,self.Music
1t87nmo,Music,Röyksopp - What Else Is There? [Electropop],,8,0,1778339610.0,0.8,False,youtube.com
1t87d05,Music,Michael Jackson is not the best artist of all time and that's perfectly ok.,"(happy now?)

I've always seen a lot of talk about MJ and people putting him into that conversation. I'm making this post because I've recently been debating with MJ fans about this. I want people who are actually well-versed in music enough to give their take on it, not just people who say, ""Oh, he was the biggest artist ever without social media, so he's the best."" That's not an argument.

I do fully believe people can give him the title of most popular artist of all time. That's a perfectly fair title to give him, and it's still a massive achievement. But I feel like people also feel the need to give MJ the title of best, and, to be honest, since MJ is such a popular artist, it also means the majority of his fans are casual music listeners who throw these titles around.

To me, it's seriously mostly casual fans defending him as this and that, but I'm willing to bet the average person who says this doesn't even know how many studio albums MJ released and has probably not listened to more than three of them at most.

I do not think he's the best artist. I think there are plenty of artists throughout history who are better than MJ, with Björk being my prime example. She is more abrasive, innovative, has higher highs, a more consistent discography, and is more influential, in my opinion.

I'm curious to see what people who really know what they're talking about think about this — whether you agree and put other artists above him and why, or if you disagree and think he's the best, and why.",0,33,1778338934.0,0.16,True,self.Music
1t86ziu,Music,Bob Garman - God of Grace [church] (2003),,0,0,1778338061.0,0.5,False,youtube.com
1t86vop,Music,Bob Garman - You Amaze Me [church] (2003),,0,0,1778337813.0,0.45,False,youtube.com
1t86qoy,Music,Bob Garman -  I'll go [church] (2003),,0,0,1778337475.0,0.46,False,youtube.com
1t86obm,Music,Bob Garman - When I needed You [church] (2003),,0,0,1778337319.0,0.42,False,youtu.be
1t86inn,Music,Phoebe Bridgers debuts new songs at Roswell solo comeback,,601,36,1778336945.0,0.92,False,newmusicmagazine.co.uk
1t86hlw,Music,Loretta Lynn - Van Lear Rose [Country] (2004),,9,0,1778336875.0,0.8,False,youtube.com
1t86cy9,Music,Expansão musical.,"Tenho mais de 240 músicas baixadas. Ouço as mesmas 10 músicas. To querendo limpar e baixar músicas parecidas com as que eu gosto.

Por exemplo, ""fly me to the moon"" de rei ayanama. Gosto do ritmo jazz suave dela, gosto da cantoria melódica etheric meio sonhador sussurrante. E também, óbvio, da orquestra de violinos que não precisam ser barulhentos ou épicos para se destacarem como fundamentais na ambientação. 

""Seoul city"" de Jennie. Ritmo lento, letra sobre terceiros, eu diria meio romântica pela ambientação. Não sou técnica em características musicais, mas tento falar o que mais gosto nas músicas que ouço. 

""Start a war"" Jennie também. Mesmos motivos da anterior.

Mas as características mais fortes e que mais gosto é de ""fly me to the moon"". É mais complexa.

É isso. Espero que me ajudem a encontrar mais músicas assim. Romantismo e instrumentos clássicos me chamam atenção, ritmo suave lento é essencial, instrumentação clara também. ",0,8,1778336556.0,0.4,True,self.Music
1t860i8,Music,Key &amp; Peele - Old-School [fun],,2,0,1778335725.0,0.76,False,youtube.com
1t85yxl,Music,Ozzy Osbourne - Won't Be Coming Home (S.I.N.) [Power Ballad],,0,1,1778335621.0,0.5,False,youtu.be
1t85yks,Music,https://www.amazon.de/music/player/browse/tracks/artist/B08KDCLM7W/popular-songs,,0,0,1778335596.0,0.1,False,
1t85lnw,Music,Making music,,0,0,1778334720.0,0.38,False,
1t85ilb,Music,mb7 - beautiful journey [lofi/chill],,0,0,1778334502.0,0.5,False,youtu.be
1t85e3n,Music,Superchunk - The First Part [Punk/Indie],,5,1,1778334186.0,0.78,False,youtu.be
1t85cga,Music,Phish - Boogie on Reggae Woman [rock/jam] (live 6/7/12),,4,0,1778334073.0,0.7,False,youtube.com
1t858sz,Music,Do you think Madonna would have been successful without MTV?,"We all know that it was MTV that launched Madonna’s career. It was a new, youthful channel that focused on the transgressive, the novel, and what broke with convention. And that’s why it became so famous. (Let’s not forget that MTV hated Michael Jackson for being Black, and yet MJ was already a thousand times more famous and popular than Madonna, just through the radio; practically speaking, it was very easy for Madonna compared to MJ). 

What would have happened if MTV had never existed? Madonna was successful on the radio, yes, but not as much as when she started appearing on MTV. Almost no one would have seen her videos; perhaps her fame would have started later, and maybe, by arriving so late, she wouldn’t have been as groundbreaking anymore. ",0,20,1778333811.0,0.15,True,self.Music
1t84u4c,Music,Ozzy Osboourne - I Dont Know Remastered LIVE 1984 [Rock],,17,2,1778332787.0,0.77,False,youtu.be
1t84j6j,Music,"Ramones - It's Alive [Punk Concert] (The Rainbow, 1977)",,85,22,1778332009.0,0.93,False,youtube.com
1t84hug,Music,"Katy Perry, Future, Lisa, Tyla, and more to headline US World Cup opening ceremony",,0,22,1778331914.0,0.32,False,nme.com
1t844uf,Music,Triana - Abre la Puerta [prog. Rock] (1976) Live,"https://youtu.be/p5iqf86qLZA

Progressive and psychedelic Rock with the most traditional flamenco rythm on the back.. Our roots with the modernity of that time.. Songs of freedom after the fall of a dictatorship...",2,7,1778330978.0,0.63,True,self.Music
1t844f4,Music,Are there artists you feel reinvented their sound for an album and never topped it afterward?,"Have been listening to a lot of these albums lately, like RHCP - By the Way, John Mayer - Continuum, Bon Iver - 22, A Million. When the artist/s make a bold decision to shift their sound, they can seem to discover their best music in the process.",24,148,1778330948.0,0.66,True,self.Music
1t83wwv,Music,"""Awakening"" by UNFINISH","[song cover](https://preview.redd.it/vqmaehgpu30h1.jpg?width=300&amp;format=pjpg&amp;auto=webp&amp;s=da45103e59382f1bc459e3bb217a5239c286caf0)

About a year ago, there was a track called “Awakening” with this cover art on the UNFINISH channel on YouTube and Spotify, but it's gone now. Does anyone still have it? Where can I find it? It was my absolute favorite.

UPD: I have found several links, but they are dead:  
[https://music.youtube.com/watch?v=oeqGmWNzRqs&amp;si=NKOgLdDIePhYzLsh](https://music.youtube.com/watch?v=oeqGmWNzRqs&amp;si=NKOgLdDIePhYzLsh)

[https://open.spotify.com/track/7kIieuPfIQnOxF8wSnUdL3](https://open.spotify.com/track/7kIieuPfIQnOxF8wSnUdL3)",0,3,1778330398.0,0.38,True,self.Music
1t83wd4,Music,For My Pain - Child of the Fallen [Gothic Metal] (2026),,0,1,1778330361.0,0.25,False,youtu.be
1t83lnw,Music,"If you could have one artist cover a full album by another artist, what would it be?","Musicians always cover songs but never full albums (for understandable practical reasons). If you could have musical artist cover any full album by other artist living or dead, what would it be? 

For me personally it would be following:

Spoon covering Surfer Rosa by Pixies

Strokes covering Sketches of Spain by Miles Davis

Geese covering Melodrama by Lorde

Wilco covering Meadowlands by Wrens

Parquet Courts covering Sound of Silver by LCD Soundsystem

What about you?",0,53,1778329543.0,0.33,True,self.Music
1t82jf7,Music,Ron Sexsmith - Strawberry Blonde [Folk],,2,2,1778326511.0,0.75,False,youtu.be
1t81veq,Music,Kabir - 1 9 शीलवन्त सबसे बड़ा A virtuous person is the greatest [Folk],,0,1,1778324449.0,0.43,False,youtu.be
1t81tr8,Music,Jackson Browne &amp; LATE FOR THE SKY (1974),"[LATE FOR THE SKY \(1974\): Inducting Browne into the Rock &amp; Roll Hall of Fame, Bruce Springsteen called 'Late for the Sky' a 'masterpiece.'](https://preview.redd.it/259aqf75f30h1.jpg?width=381&amp;format=pjpg&amp;auto=webp&amp;s=b18f8b085eaed056a626d1e7170b6af9e77dd3e0)

[https://samtimonious.com/jackson-browne-late-for-the-sky/](https://samtimonious.com/jackson-browne-late-for-the-sky/)",26,11,1778324319.0,0.83,True,self.Music
1t81fqk,Music,"Lone Justice - Sweet, Sweet Baby [Country Rock] (1985)",,6,5,1778323058.0,0.69,False,youtu.be
1t81dkk,Music,List your atypical audiophile albums,,0,1,1778322856.0,0.4,False,
1t80y28,Music,Patrick Cowley - Megatron Man [Electro/Hi-NRG/Space Disco] (1982),,3,3,1778321394.0,0.8,False,youtube.com
1t80nfk,Music,UB40 - Red Red Wine (Official Video HD Remastered) [Reggae],,11,4,1778320736.0,0.87,False,youtu.be
1t80gf9,Music,Owen Paul - My Favourite Waste Of Time [Pop Rock] (1986),,1,0,1778320067.0,0.66,False,youtube.com
1t80bzm,Music,Jay Foreman - Pretend you're happy [Comedy satirical indie folk],,3,1,1778319626.0,0.67,False,youtu.be
1t802nj,Music,SCOTT JOPLIN - MAPLE LEAF RAG [Ragtime],,5,1,1778318702.0,0.86,False,youtube.com
1t7zyas,Music,tapesfromtheloop - Walkman [Electro],,2,0,1778318274.0,1.0,False,youtube.com
1t7zxyk,Music,"Katy Perry, Future, Lisa, Tyla, and More to Headline U.S. World Cup Opening Ceremony",,0,15,1778318243.0,0.31,False,rollingstone.com
1t7ztzr,Music,"COMPLEX (Koji Kikkawa , Hotei Tomoyasu) - Koi wo Tomenaide [Rock]",,1,0,1778317868.0,0.6,False,youtu.be
1t7zjyp,Music,"DJ Bobo ""The Great Adventure"" verzaubert die ausverkaufte Schleyerhalle",,0,0,1778316914.0,0.5,False,paranoyd-magazin.de
1t7zfq8,Music,Carl Douglas - Kung Fu Fighting [Disco],,6,0,1778316509.0,0.87,False,youtube.com
1t7z9n2,Music,"What do you like most about the songwriting in Disney princess shows e.g. Sofia the First, Rapunzel's Tangled Adventure, Elena of Avalor, etc?","My two favourite shows were Rapunzel's Tangled Adventure and Sofia the First. I especially liked their songwriting, and was always intrigued with how they were able to produce so many songs within every episode. Hats off to the songwriters😀!

I like the battle song between Rapunzel and Cass, and also Sofia and Vor(On your/my own). What was your favourite song?",0,8,1778315925.0,0.44,True,self.Music
1t7z098,Music,Music quiz,"Hi there,

I love making music quizes and cane up with a new idea.

I’m going to play a couple of songs and there will be two songs of different typs (big contrasts) with each singer. The task is to pair the right songs together. 

So far I have come up with   
Stone sour - zzyxd rd. And some slipknot song  
Disturbed - sound of silence and down with the sickness. 

Do you guys have any more suggestions?",0,11,1778314996.0,0.5,True,self.Music
1t7xx4x,Music,"To be clear, this is for a music essay and I'm not asking for rec#mmendations.",,0,2,1778311293.0,0.17,False,
1t7xw2t,Music,How to know if someone has perfect pitch even though they don't know anything about music,I don't know if it counts but I could identify a car from it's motor sound if it's a pickup truck or a taxi or mini bus or a motor cycle or even a normal car does that mean I have perfect pitch too?,0,9,1778311193.0,0.33,True,self.Music
1t7xais,Music,🔥🔥🔥🔥🔥🔥🔥🔥,,0,0,1778309260.0,0.25,False,
1t7x9ki,Music,Why should I confine myself to just one music genre? Isn’t the whole point of art to explore?,"Why do people trap themselves in one music genre like it’s a damn cult?The essence of art is discovery. It’s about trying new things, feeling new emotions, and expanding your mind.Why limit yourself? Life is too short and music is too rich to only listen to one flavor forever.",0,30,1778309175.0,0.34,True,self.Music
1t7x5c1,Music,Chase &amp; Status and Hedex - Liquor &amp; Cigarettes Feat. ArrDee [Drum n’ Bass],,1,1,1778308790.0,0.67,False,youtube.com
1t7x1le,Music,Charli xcx’s “Rock Music” Is Organised To A Fault - Single Review,"“I think the dance floor is dead, so now we’re making rock music,” chimes Charli xcx on her new single. That was the central message plucked from her Vogue profile, released last month, and the catalyst of a lot of online backlash the singer has received recently. Like many things often are on the internet, I think the flavour of the statement was misinterpreted. The Charli that stands before us on “Rock Music” is keen to prove how unserious she is (the song’s opening verse is just Charli and her friends’ weekend itinerary). For better or worse, it’s a bit of a troll song that sits somewhere between the glitchy, feverish mania of “BRAT” and rock music. 

Truthfully, it’s more fun to dissect the concept of the single and the overblown controversy surrounding it rather than the music. Sure, it’s interesting to hear how Charli swaps out elasticated electropop synths for fuzzy guitars, but the production doesn’t unfold fully. It doesn’t have the time to. Spanning one minute and fifty-five seconds, this is more soundbite than complete song, and Charli insists on keeping things tame throughout. The composition is built around a repeated loop of dissonant puzzle pieces that have been smoothed down. Her voice has also had its sharpness tempered. That is part of the joke. Charli isn’t a prototypical, roaring rock star. She wants to hopscotch into the genre on her own terms, but “Rock Music” sacrifices a lot of her appeal and singularity in search of satire. Whatever you want to classify it as, the singer’s new single is organised to a fault. ",0,5,1778308430.0,0.48,True,self.Music
1t7wye0,Music,B.D.G Music – “Telviras,"Hey everyone! 👋

Just dropped my track called “Telviras” on YouTube.

It’s an electronic / atmospheric vibe with energetic beats and cinematic feeling. 🌌⚡

If you’re into EDM, synth, chill-energy or unique independent music, give it a listen! 🎶

Feedback, comments and support are always appreciated. 🙌

🎥 Link:

👇👇👇

https://youtu.be/IMLzM3CNe2E

\#EDM #ElectronicMusic #Synthwave #IndependentArtist #NewMusic #YouTubeMusic #BDGMusic",0,0,1778308128.0,0.5,True,self.Music
1t7wbog,Music,Anyone else think that the song “Air That I Breathe” by the Hollies sounds like a song that could be from the Rocky Horror Picture Show?,"I don’t know why but whenever I hear this song, the singer just sounds almost like Riff Raff. The song even sounds a bit similar to “Over At The Frankenstein Place”. Just the vibe of the song sounds like it could be a part of the soundtrack.

I don’t know, maybe it’s just me lol.  Anyone else agree with the idea?",0,11,1778306088.0,0.27,True,self.Music
1t7vtz9,Music,"David Hasselhoff - Hooked On A Feeling [Pop, Soul]",,91,43,1778304519.0,0.86,False,youtube.com
1t7vjxg,Music,B flat clarinet downwards glissando,,0,0,1778303635.0,0.5,False,
1t7uoqm,Music,Why did American music across multiple genres become so much more aggressive in the 90s and early 2000s?,"I’m completely ignorant about music history, but it seems like American music in the 90s and early 2000s took on a much more aggressive tone than previous decades. Social unrest explains some of it, but there was a lot of social unrest in decades prior without such elevated aggression in the music. can anyone explain why this was the case?",0,55,1778300966.0,0.35,True,self.Music
1t7unxb,Music,Soul Asylum - Runaway Train - [Alternative Rock] ( Live 1993 ),,24,2,1778300897.0,0.83,False,youtube.com
1t7umav,Music,I like MSI and i feel guilty for it,"So i'm a Big mcr fan and i started getting into MSI JUST BECAUSE OF CURIOSITY AND LYNZ WAY, so i started listening to them on yt (lyric videos so i don't support them) and stuff, i became almost hooked since the first song, it's completly My vibe (sarcastic, edgy) and i sweat their songs are so good

But i obviously Heard of the Jimmy Urine's controversy and stuff and i don't support them and what they did, Even though i'm listening to them on yt since i don't support him but i feel EXTREMLY guilty for listening a pedophile sing,  i don't separate art from the artist.

I'm 17 and i wish i was born earlier, ik this gen Z (i'm gen Z lol) bs like ""oh i wish i was a teenager in the 2000s!"" But i seriously wish i was one just to listen to Mindless self indulgence without feeling like shit 

So uh i kinda need help feeling a less guilty for it? Like, i'm already addicted to their music cause i never Heard something similar before and i LOVE electronic and punk so, i was instantly hooked, any advice or other bands i can listen to? ",0,9,1778300755.0,0.23,True,self.Music
1t7uj9b,Music,Sign Language blended with dance routines,"This is so dumb and I might be stupid for thinking this and it's probably not any sort of original idea, but I wonder how well people would receive an artist if they decided to incorporate the hand gestures of sign language into their dance routines in order for those who are hard of hearing to still be able to follow along with their songs and performances.  So for those who can still hear, they would get the auditorial experience and the dance routine, but those who are hard of hearing would get the dance routine but still be able to experience the lyrics.

edit: I forgot about subtitles 😐

but live performances could still benefit.",1,6,1778300503.0,0.57,True,self.Music
1t7uj1s,Music,Josh Rouse - Late Night Conversation [singer-songwriter],,5,4,1778300486.0,0.86,False,youtube.com
1t7ui5b,Music,New Electrohouse Music just dropped 💽🔥,"Hey everyone,  
I just dropped my new music video on YouTube and I’d genuinely love some feedback from people who enjoy discovering new music. I put a lot of work into the visuals, editing, and sound, and I’m trying to grow organically.

If you have a minute, check it out and let me know what you honestly think — even constructive criticism helps a lot.

🎬 https://youtu.be/yeIvAzHSGss?si=oDx5Yb-HQdqMj6KZ

Appreciate anyone who takes the time to watch 🙏",0,4,1778300414.0,0.13,True,self.Music
1t7u70q,Music,Vemana - 1 24 తామసించి సేయదగ deserving to be done deliberately [Folk],,0,0,1778299476.0,0.33,False,youtu.be
1t7u3x8,Music,Best Wireless Earbuds for Gaming and Music?,"I have been on the hunt for some top tier gaming earbuds that are wireless AND use a USB-C dongle. I’m a big gaming and music head, and I used to have Soundcore P10 VR earbuds that were actually pretty solid. Sadly they aren’t available anymore I can find and my old pair is lost. If anyone has any recommendations for some new set of earbuds that are great for gaming and listening to music, THAT CAN CONNECT TO A CONSOLE, please, share your suggestions! ",0,2,1778299241.0,0.43,True,self.Music
1t7tuns,Music,"DoYaThing - Gorillaz, André 3000, James Murphy [Trip-Hop]",,7,0,1778298503.0,0.82,False,youtu.be
1t7ttam,Music,Dimitri De Alencar - Medusa [Goth],,3,0,1778298393.0,0.81,False,open.spotify.com
1t7te4b,Music,2K FREESTYLE - LIL DARKIE [Punk Rap],,1,0,1778297148.0,0.67,False,youtu.be
1t7tb86,Music,Esbw Carolyn Wonderland,,0,0,1778296910.0,0.33,False,
1t7t8up,Music,Immortal Soul On Fire - Exactly The Man You Planned [Rock],,1,1,1778296716.0,0.67,False,youtu.be
1t7t5jt,Music,New song submissions !!,,0,0,1778296453.0,0.5,False,
1t7sxtz,Music,Gutterspawn - Wicked Boy [Gloomwave],,0,2,1778295836.0,0.5,False,youtube.com
1t7s6zt,Music,Joe Maye - Rise Above [R&amp;B/Sou],,3,0,1778293717.0,0.81,False,music.apple.com
1t7s6az,Music,what metadata does musescore export as part of a midi?,"my original score has artist name , a bunch of meta which i would highly prefer the midi not have so that i can make it as compatible as possible with other software and easy to parse using python, etc

  
mainly interested of stuff like song details, artist details, software used to created it ( musescore in this case) altough from my observations it doesnt seem to export any of that.

  
if it does i would like to simplify my midi exports so that they can become easier to parse and increase compatibility or at least be able to view all the details of its binary data",1,0,1778293662.0,0.67,True,self.Music
1t7s4lw,Music,Vitechmo - Atape [IDM/Trip-Hop],,2,0,1778293528.0,0.75,False,youtube.com
1t7rqly,Music,[TOMT] Song from Real World: New Orleans,,1,0,1778292425.0,1.0,False,
1t7ronm,Music,prodbycx3 - Jedi MF [ukg/dubstep],🍄,3,0,1778292277.0,0.81,False,youtu.be
1t7rkq6,Music,The Brudi Brothers - Me More Cowboy Than You (Live on KEXP)  [Folk/Country] (2026),,1,1,1778291988.0,0.6,False,youtu.be
1t7rivj,Music,Kate bush - Oh to Be in Love [Art Pop],,15,0,1778291846.0,0.86,False,youtu.be
1t7qxjw,Music,Who is the Marilyn Manson of today?,,0,26,1778290181.0,0.23,False,
1t7qvyy,Music,What are some examples of songs where the titles are similar but the sentiment is definitely not?,"I was listening to “The Street You Live On” by Remi Wolf, a song about someone who goes out of their way to avoid the street where their ex lives because they don’t want to risk seeing them, and it struck me how similar the title is to “The Street Where You Live” from My Fair Lady, which is a song about someone who goes out of their way /to/ walk down someone’s street because they /do/ hope to run into them.

Are there other examples of songs like this?",2,20,1778290054.0,0.56,True,self.Music
1t7qdme,Music,Julian Periodt - SuperRush [Rap],,2,1,1778288660.0,0.76,False,music.youtube.com
1t7qd49,Music,[R&amp;B] Velvet Rush ⏱️💜 by HYPERNATURAL,,0,0,1778288623.0,0.33,False,
1t7q94u,Music,ICT DOUBLE TAP - ANYWHERE BUT HOME [Rock] (2026),,2,0,1778288328.0,1.0,False,open.spotify.com
1t7pi0m,Music,The Toadies - I Come From The Water [Alt Rock],,11,1,1778286249.0,0.92,False,youtu.be
1t7ph9c,Music,Binx - Wax Poetic [punk/emo] (2026),,2,0,1778286187.0,0.67,False,binxdaband.bandcamp.com
1t7oyva,Music,"the music industry's mental health problem feels like it keeps getting worse, not better","been reading up on this lately after a few tour cancellations got people talking again. there's some pretty sobering research out there from Help Musicians showing a 22% rise in UK musician, mental health crises since 2016, and separate studies putting depression rates among working musicians at around 68%. those numbers are from a few years back now but nothing really suggests things have improved. what's frustrating is that awareness clearly isn't the problem anymore. people have been talking about this since at least 2016 and the same issues keep coming up: financial instability, relentless touring schedules, pressure to constantly release, and a freelance structure where there's basically no one looking out for you. the debate I keep seeing is whether this is an individual problem or a, structural one, and honestly it feels like a cop-out to put it all on artists. organizations like MusiCares and Backline do real work providing crisis support and therapy access, but they can't fix exploitative contracts or the fact that streaming rewards volume over sustainability. the ""tortured genius"" thing is obviously harmful and most people seem to agree on that, now, but the industry still runs in ways that kind of recreate those conditions anyway. curious what people here actually think would move the needle, because mandatory rest clauses in contracts, sounds good in theory but I have no idea if that's even enforceable or realistic at scale.",0,2,1778284814.0,0.29,True,self.Music
1t7ogye,Music,Natsukawa Rimi - Nada sōsō (Okinawan language version) [folk],,2,0,1778283493.0,0.67,False,youtu.be
1t7o2ow,Music,Looking for Mix &amp; Master Advice on My Grunge Song,"Hi guys,  
I’m still learning mixing/mastering and would really value some technical feedback on my track *I Remain*.

The song was produced in Cubase with a Steinberg UR22C, and I tried to keep the sound dark, raw, and natural instead of heavily processed.

Would love feedback on:

* Drum/instrument balance
* Whether the vocals fit naturally in the mix
* If the master feels powerful enough overall

Track: [https://www.youtube.com/watch?v=tfGZ8XcgWsQ](https://www.youtube.com/watch?v=tfGZ8XcgWsQ)

Any honest criticism is welcome. Thanks for listening.",5,3,1778282484.0,1.0,True,self.Music
1t7nt6t,Music,Propagandhi - Mate Ka Moris Ukun Rasik An [Punk Rock],,3,0,1778281817.0,1.0,False,youtu.be
1t7nqxw,Music,Cradle of Filth - 13 Autumns and a Widow [goth metal],,3,1,1778281660.0,0.8,False,youtube.com
1t7nmdu,Music,"Album Updates + Additions: May 8, 2026",,2,0,1778281349.0,0.76,False,pauseandplay.com
1t7n509,Music,Kaeley Jade - The Great Unknown [Alt. Folk],,1,0,1778280138.0,0.67,False,youtu.be
1t7mzto,Music,Psychedelic Furs Cancel Spring and Summer Tour Dates Due to ‘Serious Medical Issue’,,200,7,1778279772.0,0.98,False,variety.com
1t7mwr4,Music,The Oasis Reunion Documentary Liam Gallagher Said They Wouldn't Make Sets Release Date,,21,1,1778279565.0,0.83,False,rollingstone.com
1t7mpie,Music,"Merle Haggard, Willie Nelson - Pancho and Lefty [Country]",,6,0,1778279049.0,0.72,False,youtube.com
1t7mn8r,Music,"[TOMT] Music video from ~2018: couple in a field, girl gets hit by truck, guy washes the truck and dances in the trailer",,0,0,1778278893.0,0.25,False,
1t7mmwi,Music,Prison bands were once huge in Texas {video},,4,3,1778278870.0,0.7,False,youtu.be
1t7mdp5,Music,Bikini Kill - Rebel Girl [Punk Rock] (1993),,15,1,1778278294.0,0.84,False,youtu.be
1t7m91z,Music,"Artist MBK ECHO song, come and listen to it! 

🎵Dear God, Echoes:https://aisonggenerator.io/share/c517bd1e-5087-4350-8d23-6a04ebf9b8b4",,0,5,1778277987.0,0.24,False,aisonggenerator.io
1t7m5dc,Music,Sly &amp; the Family Stone - If You Want Me To Stay [Soul/Funk] (1973),,6,0,1778277738.0,0.75,False,youtube.com
1t7m4x3,Music,The Kinks - Come Dancing [Pop Rock/New Wave] (1982),,13,0,1778277705.0,0.88,False,youtu.be
1t7m466,Music,Internally_acoustic - Catluaba (2026) [acustica],,0,0,1778277660.0,0.5,False,youtube.com
1t7m13b,Music,Tickets for Nats Park DC,,0,0,1778277463.0,0.2,False,
1t7lz89,Music,"Katya Grasso - Covered In Sand [folk, rock, americana]",,2,0,1778277342.0,1.0,False,youtu.be
1t7lnab,Music,Droniverse - Drone #1 [well… drone],,0,0,1778276561.0,0.5,False,open.spotify.com
1t7lhfq,Music,Punk Singer Amy Taylor of Amyl and the Sniffer's Is “Worth Millions” According to her Lawyer,"Amy Taylor, frontwoman of punk band Amyl and the Sniffers, had her likeness described as “worth in the millions” by her lawyer during a recent federal court hearing in Los Angeles.

That framing sits in tension with the band’s longstanding punk identity — raising a broader question: what happens when an artist rooted in anti-commercial culture becomes treated as a high-value brand asset?

Amy Taylor sued photographer Jamie Nelson in late 2025 over right-of-publicity and likeness claims tied to the sale and exhibition of editorial photographs sold as fine art prints. Taylor was the model in the images.

Nelson argues that, as the photographer and copyright holder, she is legally permitted to exhibit and sell the works under copyright law, the First Amendment, and longstanding industry practice.

On May 4, 2026, a federal judge dismissed Taylor’s complaint as pleaded signaling it failed as a matter of law. The court is allowing Taylor one more opportunity to amend her complaint to fix the deficiencies. The judge has also signaled he will decline supplemental jurisdiction of Taylor’s remaining state claims. 

Nelson later filed copyright infringement counterclaims against Taylor and Amyl and the Sniffers, which are expected to proceed in the coming months.",0,25,1778276178.0,0.3,True,self.Music
1t7l37t,Music,Blink 182 - Aliens Exist [Pop Punk],,42,7,1778275249.0,0.79,False,youtu.be
1t7l2wu,Music,Vitechmo - Caelum Love [IDM/Trip-Hop],,0,0,1778275230.0,0.5,False,youtube.com
1t7kuaf,Music,Chad Smith playing “The Kill” by Thirty Seconds to Mars,"Hi all! Hope you’re having nice Friday feelings (Europe here).

I’ve been wondering if it’d be worth voting on having Chad Smith’s version of “The Kill”. It sounds really good. Have you guys seen the video on YouTube? It’s smashin’ ahhhh",0,2,1778274693.0,0.25,True,self.Music
1t7kshm,Music,"Nick Cannon's Business Accountant Allegedly Embezzles $2 Million, Flees U.S.",,5352,152,1778274583.0,0.98,False,tmz.com
1t7krbj,Music,90s slow love song with animated video and cartoon silhouette characters in night theme,"hi any leads on this song.. I’ve been looking for a song I remember watching on pc/ youtube during mid 90s..

it is a slow sweet love/ romantic song with lil sadness.. the song has english lyrics (original) with animated video where there are 2 cartoon/ animated silhouette characters.. the song theme is set is mostly in night.. they are missing each other.. something on these lines.. appreciate any leads.. thank you..",0,5,1778274510.0,0.33,True,self.Music
1t7kem8,Music,Why Spotify doesn’t pay artists from the ads they run between songs like other platforms do 🧐,,0,7,1778273729.0,0.29,False,
1t7k29p,Music,Quantaphase - Night Drive [melodic techno],,0,0,1778272964.0,0.5,False,youtu.be
1t7jep8,Music,High Fade - Swamp [Funk/Rock/Metal],,0,0,1778271521.0,0.5,False,youtu.be
1t7jbji,Music,Madonna was mistakenly considered the queen back in the day.,"It was during the Like a Prayer era that Madonna reached the peak of her career,  and people were calling her unbeatable and things like that. You know, fan stuff—because in reality, Michael Jackson, for example, was three or four times more popular and successful than she was. But she was the most successful woman of her time. 

Anyway, what I’m getting at is that, if they had waited another year or two, they might not even have called her the queen after the whole world saw the failure of \*Erotica\*, which worked against her for two eras (Erotica and Bedtime Stories, where she also failed to recapture her initial success), and it wasn’t until the end of the decade that her success began to resurface with Ray of Light and Music, where she made music, videos, and songs without any real sexual connotations—and if there were any, that wasn’t the main focus. 

Likewise, in 2003 she failed spectacularly; in 2005 she was successful thanks to ABBA initially; and then, starting in 2008, all her releases have been commercial failures, where she has sometimes not even been able to regain 10% of the fame and influence she had with her first four albums. 

In reality, his fame is solely due to his first four albums, where the first was successful but not that much, and the next three were iconic, right up to \*Erotica\*. ",0,22,1778271324.0,0.07,True,self.Music
1t7ikhs,Music,Hip Hop Family Tree. Rap Bloodlines. What are your thoughts?,"https://preview.redd.it/wcmfsfdbwyzg1.png?width=1024&amp;format=png&amp;auto=webp&amp;s=38d76780eb039679efec4cd9e65c15f48e8894cd

I was interested in knowing what rappers created certain styles and what rappers are a product of other rappers. So, I decided there should be a family tree image to kind of help you out so you can visualize that. 

  
Right of the bat, this image is AI generated, but I decided to share it because this would be the closest example of a hip hop family tree for the discussion's sake. With that being said, I can say it's pretty accurate based on the styles concept (mixtape rap, street rap, drill rap, cloud, etc). I was hoping that it would generate more of lineage kind of approach and not just an overall sub-genre approach but hey, it's better than nothing.

  
I wanted to know that you guys' thoughts are about this. If you think ""hey this is dope, I didn't know that"" or ""this is dumb, Kanye West didn't create Eminem"", then both are good. 

I just thought this was interesting and wanted to share.

  
To all the hip hop/rap heads that know their history, try to help out the others that don't know or maybe are too young to know.

  
Thanks, in advanced and hope you find this as dope as I do.",0,19,1778269664.0,0.08,True,self.Music
1t7ihtc,Music,Viyath Abeywardena - spare me your pride [Alternative Rock],,0,2,1778269497.0,0.33,False,open.spotify.com
1t7ifq1,Music,Chaka Demus and Pliers - Murder She Wrote [Reggae],,1,1,1778269366.0,0.57,False,youtu.be
1t7ibwl,Music,Eric Guenther - Rescue (code breach ost) [ambient/synth/ost],,0,0,1778269131.0,0.33,False,youtube.com
1t7i9y4,Music,Latto Announces Her Retirement After 'Big Mama' Drops,,0,1,1778269004.0,0.14,False,hot97.com
1t7hzz6,Music,Red Hot Chili Peppers Ink $300 Million-Plus Deal With Warner Music to Sell Catalog,,1052,226,1778268387.0,0.93,False,hollywoodreporter.com
1t7hs9o,Music,Michael Jackson Returns to No. 1 as Melanie C Sets Spice Girls Solo Chart Record,,0,0,1778267928.0,0.35,False,tlp-media.com
1t7hkwf,Music,"New music and art from Jewel, decades after she first rose to fame",,2,0,1778267477.0,0.6,False,wunc.org
1t7h948,Music,SYML - Fear of the Water [IndiePop],,1,0,1778266789.0,0.67,False,youtu.be
1t7gcoo,Music,Low-Down Slim - Blues Sessions - Volume 59: Night Beat [blues],,1,1,1778264814.0,0.67,False,youtube.com
1t7g95e,Music,Black Rose,,0,0,1778264603.0,0.33,False,
1t7g4f9,Music,Jaron Steele - Easy to Love [hyperpop],,1,2,1778264326.0,0.67,False,youtu.be
1t7fzan,Music,Yaima - Follow the Heart (Revisioned) [song],,2,2,1778264027.0,1.0,False,youtu.be
1t7ft6n,Music,Rate my first website as a musician :),,0,3,1778263669.0,0.27,False,omarinight.com
1t7fcwb,Music,"""Just Be You"" by callmestevieray, a music review","When listening to “Just Be You”, by callmestevieray, the first thing that strikes the listener is its nonchalant energy; the lyrics are those of longing and being caught in a loop of despair, “Cause you look perfect and you don’t try / And life goes by it’s like you don’t mind / I bet it’s be sweet if I could just be you” yet it’s all sung without missing a beat or a hint of sadness, in fact the singer sounds confident and smooth with his delivery.

To understand why this disparity exists, it is first important to understand how the song is laid out. There are essentially two segments: first, the chorus, and then the two verses that simply act as a grocery list of examples as to why the singer is down on his luck and why this idealistic “You” is so cool. What makes the setup unique are three elements that tell the listener how the two segments should be interpreted. First is the background riff that stitches the whole song together, the same nine seconds of piano and guitar loop throughout the entire song, but it never feels repetitive, as the other two elements are dynamic throughout the segments of the song. Second is the drum beat, while it seems consistent at first, it jarringly drops off after the first verse, only to pick up after the third line of the chorus; this pattern persists for the rest of the song. When you suddenly hear the empty vocals, you are left with a brief emptiness before the drums kick up again. The artist used this as a tool to force you to sit alone with the previous lyrics for a moment. The third element is the most interesting, and it belongs directly to the chorus; the singing carries an echo effect that complements the riff and the drums in a way that turns the echo into a sort of instrument of its own. In a way, it “completes"" the instrumental and only serves to make the two verses seem more “dry”.

These three elements, most notably the echo, create a very clear divide between the chorus and the two verses I mentioned earlier. It puts the chorus in this trance-like state, segmenting it as the part that will earworm into your brain, while the verses feel more real, the meat of the song you only get to enjoy upon a proper listen. Considering the song is about wishing you were someone different, “It’s like you never even worry / Always running late but you never even hurry / everybody talking but you ain’t ever listen / I swear it’s like you know something we missing” It makes you wonder if the point was it to put on a face of confident echoing vocals and guitar riffs that can be peeled back to revival a more dry, genuine peak into the singer's feelings.

That sounds like a complete analysis; however, I could not shake the odd contrast that is felt between the lyrics and the delivery of the vocals. This isn’t some screaming rock song or an emo bawl-out crying type song; it is a smooth performance and confident ride all throughout. That is when I looked at the name of the song “Just Be You”, it’s plucked out of the phrase “I bet it’d be sweet if I could just be you,” but only the last three words, and this is very intentional. Listening to this song with this new context reveals that “You” is not a high school rival, but rather it’s an image of the idealism of what the artist wishes/knows he could achieve. The song is not telling you to follow in the footsteps of your favorite celebrity and be just like them; it is telling you, just as the title suggests, to just be you.",0,3,1778262736.0,0.3,True,self.Music
1t7f27b,Music,2 tickets standing for the weeknd August 18th Wembley stadium!,"https://secure.ticketmaster.co.uk/rs/2300632990F70945/ldl61wk811

https://secure.ticketmaster.co.uk/rs/2300632990F70945/ldl61wk811

Unfortunately I can no longer go, absolute bargain for standing would love to see someone enjoy it rather than them going to waste x",0,4,1778262123.0,0.07,True,self.Music
1t7eznv,Music,"Ten Wins!! Now, What's the Medium album with a meh cover",,0,5,1778261978.0,0.13,False,
1t7eshl,Music,Taylor Swift’s Attorneys Call ‘Showgirl’ Trademark Lawsuit ‘Absurd’: Performer Trying to ‘Prop Up Her Brand’,,1376,159,1778261565.0,0.91,False,ca.rollingstone.com
1t7eoo6,Music,Augustana - Boston [Alternative pop],,2,0,1778261351.0,0.75,False,youtu.be
1t7enoc,Music,Music perfil,"Man, recently I was scrolling through Spotify and came across a profile with just one song. The profile name was “CINX4JUKE,” and honestly, I thought the track was really good, with a lo-fi vibe.",0,3,1778261295.0,0.1,True,self.Music
1t7eic9,Music,2026 'Furnace Fest' Set For October,,0,2,1778260990.0,0.44,False,theprp.com
1t7ebvr,Music,Need help!,,0,1,1778260620.0,0.11,False,
1t7ea28,Music,techno lovers,"are you there what kind of techno and what is your favorite THING?  
Lately, I prefer progressive house, specifically emi galvan, guy j...  
tech house top, minimal top, and that's basically it  
greetings!",0,23,1778260518.0,0.44,True,self.Music
1t7e30j,Music,Wishbone Ash - Valediction [Prog Rock],,5,2,1778260114.0,0.86,False,youtu.be
1t7e2pz,Music,Michael Jackson Earns First U.K. No. 1 Album in 17 Years Following Biopic’s Success,,0,2,1778260100.0,0.39,False,billboard.com
1t7dp3u,Music,Mishearing MJ,"In honor of the movie “Michael”: What’s a lyric of Michael Jackson’s that you misheard?

I would sing Remember the Time and instead of singing “just go on and on in the back of my mind,” I would sing “just go on and on in the back of a Belmont.” I thought it was a car brand or something, like he was talking about parking with a girl.🤷‍♀️  
I also remember hearing a guy on the radio say “The chair is not my son,” instead of “The kid is not my son.”",0,4,1778259327.0,0.23,True,self.Music
1t7di14,Music,NULL VALUE - Meat in the Machine [drum&amp;bass] 2026,,0,0,1778258900.0,0.33,False,youtube.com
1t7cfzs,Music,Let’s build the best music community,,0,0,1778256608.0,0.33,False,
1t7ce2i,Music,"Native instruments - (leading Pro Audio &amp; dj Software Co inc Traktor) is to be acquired by inmusic  [Moog, Denon, Numark, Akai Pro]",,2,5,1778256491.0,0.67,False,msn.com
1t7c7n9,Music,Music classes and exposure for 2 year old,"I want my 2 year old son to play a musical instrument and also have an interest in listening to music. 

What's the right age to start music classes

What instrument should he learn (I'm leaning towards the Guitar or Piano, keyboard or Ukelele AND 1 Indian instrument like the Sitar, Sarod, Tabla, Bansuri, Shehnai). Is it practical to learn both western and Hindustani music?

What kind of music exposure would be beneficial towards such a goal and how do I go about it - should I just play let's say pop music at home and in the car (Coldplay, Taylor Swift, Adele, Katy Perry, Bruno Mars, etc), or should I play music for a specific instrument eg guitar solos, clasical music with piano, etc)

I've read about the Suzuki method - if I understood it right, even before he learns any music theory, immersion in music and listening to it helps. 

Having said this, eventually I'll support my son in whatever his interests are (instrument, music or no music)",0,6,1778256105.0,0.2,True,self.Music
1t7c144,Music,2026 World Cup Vibes – Latin Football Anthem,,0,0,1778255734.0,0.4,False,
1t7btrm,Music,Why Spanish/Latin female singers have this such special voice like Alla Pugacheva but I've never heard a non-Spanish/non-Latin woman with a voice like that ?,"Lately, I’ve been listening to a lot of Latin and Spanish songs, and I’ve noticed that many female singers in this genre have a distinctive voice, especially 80's ones. Whenever I hear a song sung by a woman with a voice like that, even if I don’t know this song and who sing this, I automatically assume she’s a Latin singer, and when I check later, I find that I’m always right. I can name lot of Latin female singers with that special voice, like Alla Pugacheva, Isabel Pantoja, Rocío Jurado, Ivete Sangalo, Salomé De Bahia, Daniela Mercury, Margareth Menanzeth, María Jiménez, Ana Belén and others but I can’t name only one non-Spanish/non-Latin woman with a special voice like that.",0,8,1778255285.0,0.27,True,self.Music
1t7bszr,Music,Atlanta Rapper Jayy Wick Accused of Shooting Teen on Florida Beach Then Performing at Club,,1053,79,1778255238.0,0.97,False,ibtimes.co.uk
1t7blld,Music,"Blue Dot Fever: When Tours Can't Sell, They Bail",,3688,534,1778254803.0,0.97,False,consequence.net
1t7bh72,Music,Ertam - Overtones [Pop],,0,1,1778254537.0,0.25,False,open.spotify.com
1t7bese,Music,Taylor Swift is trying to trademark her voice,,0,7,1778254395.0,0.18,False,news.northeastern.edu
1t7bb12,Music,I Asked What the Most Powerful Protest Songs Are — These Were the Most Compelling Answers,,0,6,1778254182.0,0.33,False,slavetomusic.com
1t7b4ry,Music,Bunny Idol - Lo-Fi Chill Drive [ Relax Chill ] (2026),,0,1,1778253799.0,0.18,False,youtu.be
1t7ayp4,Music,Vitechmo - Slowly I Married Her (feat. Leonard Cohen) [Trip-Hop],,1,0,1778253424.0,1.0,False,youtube.com
1t7ap6p,Music,Radical Aenima - The Water Went Bitter [rock] (2025),,0,0,1778252865.0,0.5,False,youtu.be
1t7alja,Music,Okayblizz - Bodega [New Jazz],,0,0,1778252652.0,0.33,False,youtu.be
1t7afgp,Music,Vitechmo - Inciveral [IDM / Trip Hop],,0,0,1778252313.0,0.5,False,youtube.com
1t7ad8v,Music,Help me PLEASE,"I will add as much info as I possibly can. 

It was early to mid 2000s. It was the HBO music channel where you could pick songs and watch music videos. My cousin and I would pick this song to use as our “intro” as we pretended we were wrestlers. WWE was huge for us lmao 

I can’t remember a single fucking lyric but the opening scene is engrained in my head. I swear up and down it’s dj khaled with another guy in a car with no top they get stopped by the cops. The dude is on the fence and then decides to jump the fence and the music video is just the guy being chased by the cops through apartments and or houses and I believe at one point he jumps into a pool from a second story apartment? I NEED to find this song &amp; video someone please help ",0,5,1778252179.0,0.22,True,self.Music
1t79i39,Music,Bad Brains — F.V.K. (Fearless Vampire Killers) [Punk],,7,0,1778250319.0,1.0,False,youtu.be
1t79hws,Music,Do you agree with Madonna’s philosophy?,"That “every man should feel another man’s tongue in his mouth at least once in his life.”

It’s a quote that many of her fans have taken as gospel; it was published in her pornographic book \*SEX\* back in 1992 and was constantly censored at the time. 

Do you believe in her philosophy? ",0,12,1778250308.0,0.12,True,self.Music
1t79duh,Music,Best Ronnie Milsap songs?,,0,0,1778250063.0,0.5,False,
1t79963,Music,"Tourch - The Flame of Live Music, Carried by the Fans. Passed on to Tell the Story of a Tour.","Hello everyone. I’ve come here today looking for feedback from fellow fans of live music. Over the last year, I’ve created a website called [tourchmusic.com](http://tourchmusic.com). The [idea](https://www.reddit.com/r/indie/comments/1l4cknd/i_have_an_idea/) of the site is to be a place for fans to share their thoughts on concerts in the form of genuine reviews (not professionally written), creating a storytelling archive for live music. Furthermore, the experiences shared by fans would help tell the story of a band’s tour (in greater detail than social media accounts), helping to establish a band’s live performance reputation, while also allowing fans to learn more about their favorite bands/artists and discover new ones. People often share their thoughts on a show with a friend as they walk out of a concert, or the day after, or a week after, whenever it hits them—the goal is for Tourch to be the place where those thoughts live. Lastly, another purpose of the site is to share helpful information that can make the live music experience more enjoyable (accurate set times, venue information/opinions, ticket prices, etc.). 

Currently, 35 bands/artists have been reviewed in Tourch (by me). Obviously, my next step is to make it appealing enough for people to want to contribute to the site, but Rome wasn’t built in a day. BUT, that’s why I’ve come here–I invite any and all feedback. Do you find this site interesting? Is it something you would use? What would make you want to use it? Do you find the content entertaining/helpful? Would you write about concerts on the site? Do you understand its purpose and/or do you think it makes sense? What are your thoughts on the design/structure of it? Throw your thoughts at me, be as nice or as harsh as you want. Anything can help. I am happy to answer any questions as well. 

Here is the site: [tourchmusic.com](http://tourchmusic.com)",0,2,1778249776.0,0.25,True,self.Music
1t792nx,Music,Christie - Yellow River [Pop Rock] (1970),,4,0,1778249379.0,1.0,False,youtube.com
1t790ab,Music,The Flute Channel — Golden (K-Pop Demon Hunter) [Instrumental/Flute Cover] (2026),,0,1,1778249233.0,0.4,False,youtube.com
1t78rtg,Music,Learning to play Music,"I am a 28y old guy who has ZERO music knowledge, however lately I’ve had this craving to learn music just so I can make basic beats and tunes. I mostly listen to techno music on YT while I work, and am not like a hardcore music fan or anything. 

Few weeks back I saw someone using MIDI keyboard (I didn’t even know that’s what it was called when I first saw it) on YouTube and ever since then I’ve been hooked on this idea of getting one and starting learning music. 

Again, I might be crazy to think that I can learn music via MIDI keyboard but I don’t even know where to start lol. Hence posting here to understand if it’s a wise decision to get a basic starter MIDI keyboard so I can plug it to my laptop and play various virtual instruments? From my basic research I saw I need to learn piano and drums first, and that’s probably all I need to fulfill my requirement for the time being. 

Could you please advise if I’m thinking right and getting a MIDI keyboard would be a good starting point?",5,16,1778248726.0,0.65,True,self.Music
1t78h10,Music,Dying Wish's Emma Boster &amp; Lionize's Nate Bergman Have A New Project Together; Hear Their Death Cab For Cutie Cover,,2,0,1778248039.0,0.67,False,theprp.com
1t78f6t,Music,B.B. King - Don't You Lie To Me [Blues],,7,1,1778247921.0,0.82,False,youtu.be
1t78ett,Music,White Zombie - Welcome to Planet Motherfucker/Psychoholic Slag [Metal],,12,2,1778247899.0,0.94,False,youtube.com
1t78ea5,Music,Michael Jackson Owns 60% Of The Top 10 On One Chart This Week,,677,240,1778247865.0,0.82,False,forbes.com
1t78bbb,Music,"Okayblizz, Ken Frank - My Way [New Jazz]",,0,1,1778247665.0,0.5,False,youtu.be
1t77lak,Music,beegees Ft. T-850 - Stayin' Alive [Dance Remix] (2026),,0,6,1778246003.0,0.33,False,youtube.com
1t77hbf,Music,Corect Spelling and Michelle Mcadorey - Love Me Today [New Wave] (1982),,1,0,1778245742.0,0.66,False,youtu.be
1t778te,Music,Jimmy Page - Legendary guitar solo (Madison Square Garden 1973) [classic rock],,47,19,1778245223.0,0.81,False,youtu.be
1t77699,Music,What’s better CD or Apple Music?,I have Apple Music and use a Bose sound wave III sound system but it has a cd player in it and don’t know if buying cds would be better quality or better in general. I’ve debated CD’s since falling in love with U2 and find myself listening to albums more than my own album with over 67 hours of music.,0,38,1778245063.0,0.27,True,self.Music
1t773if,Music,You can go back in time to go to any FIVE gigs ever played. What you gonna choose and why?,"This is the choice of a mid-fifties man from the UK, so bear that in mind when you judge my selection! 😄

And remember it's just a bit of fun, please don't shit on me or anyone else's suggestions.

(In no particular order)

The Beatles at The Cavern Club : the musical equivalent of watching Michelangelo put the first brush strokes on the Sistine Chapel ceiling! How could you not want to witness that?

Led Zeppelin on tour after the release of IV : Bonzo on the drums. Stairway to Heaven. Nuff said!

Hendrix with Band of Gypsies at Filmore East in 1970: Quite simply I would give my left nut to see this man playing the guitar.

Genesis,  Peter Garbriel era, 1973 : I know they are deeply unfashionable now, but id love to see them play this era of songs with the original line up.

Fela Kuti's nightclub, Lagos, 1970s. : please allow me to stretch the meaning of ""gig"" to include this. In the 70s Fela and his band would play until the small hours in this tiny nightclub. You might catch Ginger Baker on drums, but you'd definitely get an intoxicating atmosphere and some top quality herb 🤣

That's me, hope you have fun thinking of your own.

Peace and Love, people, peace and love.",77,299,1778244870.0,0.78,True,self.Music
1t772ws,Music,Beastie Boys' Mike D shares infectious solo debut 'Switch Up',,364,32,1778244827.0,0.97,False,nme.com
1t76teg,Music,Sayali - Cute Aesthetic Lyrics [Aesthetic Pop],,0,1,1778244177.0,0.5,False,youtube.com
1t76cy2,Music,Listen for listen?,,0,1,1778243012.0,0.2,False,
1t75q4p,Music,Lumineers Cleopatra album explained," 

The story begins with the youngest girl in this video, she's young and in love.  Her father has died and the love of her life asks her to leave, it shows what would happen if she would have left (which is ultimately fall deeper in love, explore, get married, and essentially live a happy fulfilled life.). However in reality she doesn't leave with her true love, instead she stays and he leaves, skipping over to the song Angela (the middle age women) she is now pregnant with another mans child and is living an unhappy life, she decides to leave one night, which ends in her and her new man getting a divorce, now onto Cleopatra (the woman driving the taxi) she is older now and drives the taxi for fun and sees many people that remind her of her and her love.  She visits with the song she gave birth too and states that god gave her two blessing, birth and a divorce, now onto the 4th and final song, she is way older now and is now in a nursing home, she explains to the aids there that she was so amazing when she was young, and since they are a younger generation they don't quite understand, so they just shrug it off.  She has a collection of the love of her life's pictures and she regrets not going with him, she knows she is going to die in the nursing home, old and alone.  The what if moment comes when she decides to leave the nursing home.  The end.  Ultimately this  ballad is a lesson about choices, regrets, and life.  She regrets not leaving with her soulmate which in turn leads to her living a depressing life, in which the only blessing are birth and a divorce.",0,5,1778241338.0,0.36,True,self.Music
1t75pn7,Music,Semi Formal - Salt [emo] (2026),,1,2,1778241302.0,0.6,False,music.youtube.com
1t75j3m,Music,Linda Ronstadt - When Will I Be Loved [Rock],,21,1,1778240788.0,0.87,False,youtu.be
1t74ym3,Music,Erasure - A Little Respect [new wave/synth pop] (1988),,89,33,1778239164.0,0.96,False,open.spotify.com
1t74xyo,Music,Gina Loughlin &amp; Ross Bowling - We Keep On Dancing Even When The Lights Come Up(Pink Sq.) [indie rock],,0,2,1778239110.0,0.5,False,ginaloughlin.bandcamp.com
1t74xok,Music,Phish - Split Open and Melt [progressive rock/jam] (live 11/6/98),,0,3,1778239083.0,0.5,False,m.youtube.com
1t74ops,Music,JADEAFTERDARK FEAT. RYLEE - MOVE THAT[RAP/JERSEY-CLUB] [2026](LISTEN WITH HEADPHONES),,0,1,1778238344.0,0.3,False,open.spotify.com
1t74n9v,Music,Can I be emo if my favourite band is nu metal,So I really like the style I've always been alt but always struggled to fit into a category and I feel like emo is the most closest one I fit in. I don't have the classic emo hair.. It is dyed in a wolfcut. I like ‘emo’ bands. How can I fit more into the category? My dress sense has always leaned towards emo. I want to make it a reality you know? More emo then alt poser… help me… anything will help ,0,21,1778238227.0,0.1,True,self.Music
1t748rw,Music,Paul McCartney and The Rolling Stones Share a Full-Circle Rock Moment,,1,1,1778237049.0,0.55,False,rocknheavy.net
1t7424s,Music,ANJA - PLAY PRETEND [dark-pop] (2026),,0,0,1778236451.0,0.5,False,open.spotify.com
1t73ke4,Music,Alain Stout - Janine [Conscious Rap] (2026),,0,5,1778234831.0,0.1,False,youtu.be
1t73ha8,Music,Kabir - 1 8 कबीरा सोया क्या करे Why do you sleep Kabir [Folk],,0,0,1778234556.0,0.4,False,youtu.be
1t73gck,Music,Colin Hay - Maggie - [Folk] ( Live 2013 ),,5,0,1778234477.0,1.0,False,youtube.com
1t72xd9,Music,Van Morrison &amp; MOONDANCE:,"['MOONDANCE': \(1970\): The magnificent title-track succeeds on many levels not least in introducing jazz to the rock generation. ](https://preview.redd.it/oresm8hruvzg1.jpg?width=385&amp;format=pjpg&amp;auto=webp&amp;s=98b3180fc318fba9946051ba5a282dc6f7840005)

[https://samtimonious.com/van-morrison-moondance-2/](https://samtimonious.com/van-morrison-moondance-2/)",0,3,1778232711.0,0.42,True,self.Music
1t72tby,Music,Chaplain - When MC Went Into His Hero Arc [J-Rock],,0,1,1778232344.0,0.5,False,youtu.be
1t72t78,Music,Bunny Idol - The Phoenix Rider [Dark Cinematic Ambient] (2026),,0,1,1778232331.0,0.25,False,youtu.be
1t72st1,Music,MUSE - Cryogen (Official Music Video) [Rock],,11,3,1778232293.0,0.76,False,youtu.be
1t72iph,Music,Best/underrated songs of The Doors?,,0,4,1778231335.0,0.43,False,
1t71x4h,Music,Charli XCX - Rock Music [Rock],,1,1,1778229279.0,0.67,False,m.youtube.com
1t70ydr,Music,Flamingosis - don't lose the feeling [Soul/funk],,1,1,1778225916.0,1.0,False,flamingosis1.bandcamp.com
1t70y2i,Music,Furorix Majestor - A Memory [Alternative],,1,0,1778225884.0,1.0,False,youtube.com
1t70x40,Music,Astro - Bound By Time [Techno],,2,0,1778225789.0,0.76,False,soundcloud.com
1t70r8c,Music,Slowthai - Never Again [Rock],,0,0,1778225228.0,0.33,False,youtu.be
1t70o6s,Music,Furorix Majestor - Like a thunderbolt [Alternative],,0,1,1778224937.0,0.33,False,youtube.com
1t70ars,Music,"‘We’re not Lady Gaga and Elton John’: unmasking Angine de Poitrine, the year’s buzziest, dottiest band",,0,4,1778223682.0,0.37,False,theguardian.com
1t7044d,Music,Music for helping with sensory overload,"Does anyone have a particular album/genre/artist you go to, whenever having an episode of sensory overload? Lately for me its been anything by Black Hill, or his related project Silent Island.

Imagine this is a pretty niche thing to post about but eh, why not. Besides, may find out about new music to help during overload episodes. Always a nice thing!",1,22,1778223083.0,0.56,True,self.Music
1t700xz,Music,Diese KISS-News überrascht selbst langjährige Fans,,0,3,1778222781.0,0.31,False,paranoyd-magazin.de
1t6zzy5,Music,Is Zack Brothers the People's Artist?,,0,0,1778222688.0,0.5,False,peoplesartist.org
1t6zzeq,Music,"‘We’re not Lady Gaga and Elton John’: unmasking Angine de Poitrine, the year’s buzziest, dottiest band | Music | The Guardian",,711,293,1778222638.0,0.87,False,theguardian.com
