id,subreddit,title,selftext,score,num_comments,created_utc,upvote_ratio,is_self,domain
1tclobu,AskReddit,What is the worst way anyone you know has died?,,2425,4254,1778727951.0,0.86,True,self.AskReddit
1tchspm,AskReddit,"To all single guys aged 30 and up on reddit, why are you guys single?",,2875,5045,1778717854.0,0.8,True,self.AskReddit
1tcsrua,AskReddit,What's one product that used to be built like a tank but is now built like a regret?,,449,672,1778750248.0,0.87,True,self.AskReddit
1tcrl0o,AskReddit,"Drug overdose deaths in the USA dropped for a third straight year in 2025 down to 70,000. Why do you think it is declining?",,499,298,1778746233.0,0.9,True,self.AskReddit
1tc2yzc,AskReddit,What are the weirdest ways you’ve heard of someone getting caught cheating?,,5621,1873,1778686023.0,0.95,True,self.AskReddit
1tcc0sa,AskReddit,What’s the stupidest thing you’ve ever heard someone say that you still think about to this day?,,1921,2820,1778704520.0,0.96,True,self.AskReddit
1tccmvk,AskReddit,"Married people of Reddit, what’s something nobody warns you about before marriage?",,1031,565,1778705850.0,0.95,True,self.AskReddit
1tcw0iu,AskReddit,"Married people of reddit, what are the moments that make you feel like ""yeah, marriage is the best thing happened to me!""?",,62,118,1778759993.0,0.89,True,self.AskReddit
1tciscg,AskReddit,"If you were offered immortality but had to watch everyone you love age and pass away while you remained the same, would you take it? Why or why not?",,449,454,1778720448.0,0.84,True,self.AskReddit
1tcr26k,AskReddit,What’s the most unforgettable Reddit post/comment you’ve ever read?,,127,222,1778744462.0,0.88,True,self.AskReddit
1tbyvd5,AskReddit,What is the down side of never having children?,,4205,2965,1778677038.0,0.88,True,self.AskReddit
1tcwg5d,AskReddit,What is something that is widely accepted but makes no sense at all?,,47,265,1778761081.0,0.85,True,self.AskReddit
1tcrzaq,AskReddit,"Former addicts of Reddit, what finally made you quit?",,91,145,1778747595.0,0.86,True,self.AskReddit
1tc9h3a,AskReddit,What are some signs as an adult that your parents did a bad job raising you?,,1057,644,1778699185.0,0.93,True,self.AskReddit
1tcy6r6,AskReddit,What’s a small thing that instantly ruins your mood?,,35,80,1778765220.0,1.0,True,self.AskReddit
1tcga20,AskReddit,"For those who stopped smoking weed, what was the main reason?",,442,1520,1778714074.0,0.89,True,self.AskReddit
1tctzb1,AskReddit,What is the stupidest way anybody has ever bankrupted themselves?,,57,124,1778754166.0,0.89,True,self.AskReddit
1tc80s2,AskReddit,Which celebrity would be completely irrelevant if they weren’t attractive?,,1041,1617,1778696183.0,0.83,True,self.AskReddit
1tccemb,AskReddit,What is something you thought was normal that you realized a bit too late was actually a condition?,,637,637,1778705356.0,0.96,True,self.AskReddit
1tci4cg,AskReddit,What’s a popular food that you think is genuinely disgusting?,,308,2158,1778718703.0,0.84,True,self.AskReddit
1tcuqne,AskReddit,What do you enjoy most in life?,,32,137,1778756499.0,0.88,True,self.AskReddit
1tcpz91,AskReddit,"Redditors in the United States, how do you feel about their being 117 members in Congress right now who are over the age of 70 (33 Senators and 84 House Representatives)?",,67,89,1778740864.0,0.7,True,self.AskReddit
1tcvl5e,AskReddit,"What's something you did as a kid that you thought was genius, but was actually completely stupid?",,27,40,1778758859.0,0.97,True,self.AskReddit
1tcxpft,AskReddit,What is a childhood fear you secretly still have?,,19,45,1778764121.0,0.89,True,self.AskReddit
1tcbamw,AskReddit,"Redditors in the United States, how do you feel about their being 24 members in Congress right now who are over the age of 80?",,423,682,1778702966.0,0.75,True,self.AskReddit
1tcv229,AskReddit,What is the biggest lie of all time ?,,27,270,1778757396.0,0.74,True,self.AskReddit
1tbwzha,AskReddit,What's an unusual smell that you like?,,1949,4039,1778672173.0,0.95,True,self.AskReddit
1tcu12l,AskReddit,What’s the most “adult” problem nobody warned you would become a daily thing?,,27,97,1778754322.0,0.8,True,self.AskReddit
1tcsy0y,AskReddit,"People who divorced after a long marriage or relationship, what is your life like now?",,34,67,1778750833.0,0.81,True,self.AskReddit
1tc05k6,AskReddit,What do girls want when they’re on their periods?,,1167,1882,1778679973.0,0.81,True,self.AskReddit
1tck4t7,AskReddit,Do You Think That All Partisan Gerrymandering Should Be Made Illegal In All Circumstances? Why Or Why Not?,,115,340,1778723927.0,0.76,True,self.AskReddit
1tc5sh0,AskReddit,What's the worst video game you've played and why?,,596,1217,1778691728.0,0.91,True,self.AskReddit
1tccm8n,AskReddit,What's your non negotiable trait when you're choosing a right partner?,,281,570,1778705811.0,0.91,True,self.AskReddit
1tcr5b2,AskReddit,What is the most regretted decision in your life ?,,39,126,1778744753.0,0.87,True,self.AskReddit
1tcplvb,AskReddit,What addiction are you struggling to quit?,,48,376,1778739660.0,0.87,True,self.AskReddit
1tcvmx1,AskReddit,What's a job people think it's easy but actually isn't?,,16,103,1778758996.0,0.87,True,self.AskReddit
1tcc46q,AskReddit,Whats the place whose entire economy depends on tourism but its absolutely hates tourists?,,239,293,1778704721.0,0.85,True,self.AskReddit
1tcwot1,AskReddit,"Ladies, what are some traits a single, unmarried man with no kids(but who wants a wife and kids someday) can show that he can be a good husband and father?",,13,40,1778761678.0,0.88,True,self.AskReddit
1tcx7of,AskReddit,What is something that sounds fake but genuinely happened to you?,,12,31,1778762989.0,0.93,True,self.AskReddit
1tbmlkn,AskReddit,What’s a movie sex scene that genuinely mattered to the plot and couldn’t be removed from the film?,,6186,3123,1778639534.0,0.93,True,self.AskReddit
1tbvzos,AskReddit,What's something that was completely normal in your household growing up that you later found out was actually really weird?,,1197,1148,1778669324.0,0.94,True,self.AskReddit
1tcv3o8,AskReddit,What’s the creepiest true story someone told you like it was no big deal?,,13,15,1778757524.0,1.0,True,self.AskReddit
1tcxkh9,AskReddit,What has surprised you as a 30+ adult?,,9,59,1778763817.0,0.91,True,self.AskReddit
1tcv9na,AskReddit,What’s the creepiest thing that happened to you that nobody believes?,,12,58,1778757997.0,0.88,True,self.AskReddit
1tcx3wx,AskReddit,What's the most dangerous animal in the world?,,9,86,1778762733.0,0.74,True,self.AskReddit
1tcuvv5,AskReddit,What is the greatest example of wasted potential you've seen in a person?,,12,22,1778756919.0,0.94,True,self.AskReddit
1tcg5ar,AskReddit,What lie did adults tell us that turned out to be complete nonsense?,,112,396,1778713743.0,0.86,True,self.AskReddit
1tcxlbb,AskReddit,What advice would you give your past that could prevent your current regret?,,8,40,1778763868.0,1.0,True,self.AskReddit
1tco19o,AskReddit,What is your favorite episode from your favorite show?,,35,133,1778734763.0,0.84,True,self.AskReddit
1tcttba,AskReddit,What is a 'life hack' that is actually a life saver?,,11,17,1778753637.0,0.83,True,self.AskReddit
1tcv4p1,AskReddit,What is the weirdest thing happened with you while hiking?,,10,7,1778757603.0,0.92,True,self.AskReddit
1tcu0uy,AskReddit,What's the best reddit community for you?,,11,18,1778754303.0,1.0,True,self.AskReddit
1tcw5og,AskReddit,What song will describe your life?,,8,17,1778760333.0,1.0,True,self.AskReddit
1tcx4rm,AskReddit,"If you could go back 10 years and give your younger self one piece of financial advice, what would it be and why?",,7,78,1778762790.0,0.89,True,self.AskReddit
1tcwwu1,AskReddit,"People who didn't grow up poor, but dated someone who was. What's something your SO does that strikes you as unusual?",,7,34,1778762251.0,0.77,True,self.AskReddit
1tcvpth,AskReddit,"Sometimes, we laugh at things or in moments when we absolutely shouldn’t. What was the moment when you laughed, even though the situation wasn’t appropriate at all?",,8,13,1778759212.0,1.0,True,self.AskReddit
1tctibz,AskReddit,What's something that's considered 'normal' in your country that would shock the rest of the world?,,11,50,1778752678.0,1.0,True,self.AskReddit
1tc0gtf,AskReddit,What minor 'jerk' behavior in public should result in an immediate and non-negotiable $50 fine?,,438,1193,1778680686.0,0.86,True,self.AskReddit
1tcpov0,AskReddit,What’s the wildest excuse someone gave after getting caught?,,21,66,1778739919.0,0.72,True,self.AskReddit
1tcnrh7,AskReddit,What are you currently obsessed with that you'd genuinely recommend to a stranger?,,26,65,1778733951.0,0.82,True,self.AskReddit
1tcqtsf,AskReddit,What’s something you learned the hard way?,,20,31,1778743700.0,0.95,True,self.AskReddit
1tctuzm,AskReddit,What's the most unusual food you've ever tried?,,10,66,1778753776.0,0.82,True,self.AskReddit
1tcsmbm,AskReddit,What is something you wish you were told when you were younger?,,12,29,1778749753.0,0.87,True,self.AskReddit
1tcx8ay,AskReddit,What is the best joke you know?,,6,14,1778763028.0,1.0,True,self.AskReddit
1tbyfzv,AskReddit,What's something older generations did completely normally that would be considered absolutely insane today?,,512,1232,1778675982.0,0.91,True,self.AskReddit
1tcqgwn,AskReddit,What is one piece of advice you would give to a 17-year-old?,,18,131,1778742478.0,0.91,True,self.AskReddit
1tctgyz,AskReddit,What’s the creepiest shit you ever experienced ?,,10,27,1778752554.0,0.81,True,self.AskReddit
1tcujar,AskReddit,What is the weirdest dream you have had which somehow came true in reality?,,9,35,1778755905.0,1.0,True,self.AskReddit
1tcxvqv,AskReddit,"What’s something that sounds fake or exaggerated, but happened to you exactly as described?",,5,22,1778764521.0,0.86,True,self.AskReddit
1tcqmt4,AskReddit,What’s a skill everyone should learn before 25?,,16,42,1778743023.0,0.94,True,self.AskReddit
1tcw4hu,AskReddit,what is the most disgusting things you ever heard in the past?,,5,23,1778760244.0,0.78,True,self.AskReddit
1tcs7ru,AskReddit,What’s something people romanticize until they actually experience it?,,11,102,1778748395.0,0.82,True,self.AskReddit
1tcxj9x,AskReddit,What is something that screams “peaked in highscool” ?,,5,30,1778763746.0,0.78,True,self.AskReddit
1tcw2us,AskReddit,"When facing multiple completely different career paths, how do you decide which one to choose?",,7,14,1778760130.0,1.0,True,self.AskReddit
1tcw17b,AskReddit,Which perfume got you way more compliments than you ever expected?,,6,10,1778760031.0,0.8,True,self.AskReddit
1tcxbsa,AskReddit,How do you feel when people overly praise and idolize your country?,,5,16,1778763265.0,1.0,True,self.AskReddit
1tcxae5,AskReddit,What’s a weird fear you have that makes no sense?,,5,22,1778763171.0,0.86,True,self.AskReddit
1tcnwo2,AskReddit,"If you inherited 50 million dollars, what would you do with your life?",,21,135,1778734381.0,0.69,True,self.AskReddit
1tcvip4,AskReddit,What banned/removed subreddits do you miss the most and what do you think will be next?,,6,5,1778758679.0,1.0,True,self.AskReddit
1tcvgzi,AskReddit,Whats the worst thing you have designed in your entire life?,,6,8,1778758543.0,0.88,True,self.AskReddit
1tcvfsz,AskReddit,What singular food can you have as a breakfast lunch and dinner?,,6,62,1778758458.0,0.65,True,self.AskReddit
1tcssxb,AskReddit,What game got you into gaming?,,9,73,1778750344.0,0.91,True,self.AskReddit
1tcyhnd,AskReddit,What's a movie that everybody talks about but you've never seen?,,4,17,1778765909.0,1.0,True,self.AskReddit
1tcu3s8,AskReddit,What celebrity moment made you physically cringe the hardest?,,7,8,1778754554.0,1.0,True,self.AskReddit
1tcrxnr,AskReddit,What quality do you value most in a partner?,,10,42,1778747444.0,0.86,True,self.AskReddit
1tcrwun,AskReddit,whats the dumbest thing you believed as a kid?,,9,54,1778747371.0,0.81,True,self.AskReddit
1tcy78f,AskReddit,What is the most beautiful beaches in the world?,,4,15,1778765251.0,1.0,True,self.AskReddit
1tcw6xf,AskReddit,"People who had terrible relationships and are now in a good loving partnership, what’s the difference?",,5,16,1778760426.0,1.0,True,self.AskReddit
1tchgaj,AskReddit,How do feel about banning bot posts?,,45,43,1778716947.0,0.8,True,self.AskReddit
1tcxxt8,AskReddit,What's the biggest embracement of all the time?,,4,15,1778764652.0,0.75,True,self.AskReddit
1tc6m10,AskReddit,What is something you don’t say to a dying person?,,150,570,1778693370.0,0.9,True,self.AskReddit
1tc71x7,AskReddit,"What’s the adult version of ""my mom said I can’t go""?",,147,325,1778694242.0,0.89,True,self.AskReddit
1tcvvfz,AskReddit,What is the quickest way to tell if someone is toxic?,,5,10,1778759621.0,1.0,True,self.AskReddit
1tcxld3,AskReddit,What’s a normal childhood thing from the 2000s/2010s that kids today will never experience?,,4,25,1778763872.0,1.0,True,self.AskReddit
1tcxgli,AskReddit,What would be the best way to go out?,,4,22,1778763589.0,0.75,True,self.AskReddit
1tcvp4c,AskReddit,"If animals could talk, which species would be the rudest?",,6,24,1778759162.0,0.8,True,self.AskReddit
1tcxfkj,AskReddit,What's your biggest insecurity?,,4,20,1778763518.0,1.0,True,self.AskReddit
1tcxb8s,AskReddit,What’s the weirdest thing a guest has done in your house?,,4,14,1778763228.0,0.83,True,self.AskReddit
1tcq8ou,AskReddit,"Who is the most underrated character from a video game, in your opinion?",,12,34,1778741737.0,0.75,True,self.AskReddit
1tcu9fk,AskReddit,What’s something you thought adults were pretending to enjoy… until you grew up and actually loved it?,,7,38,1778755041.0,0.82,True,self.AskReddit
1tcx6ze,AskReddit,"what was the first foreign country you visited, and what's the story behind that trip?",,4,13,1778762945.0,1.0,True,self.AskReddit
1tcx6mm,AskReddit,"People 30+, what advice would you give to those in their 20s?",,4,31,1778762921.0,1.0,True,self.AskReddit
1tcvgx1,AskReddit,"People who work at restaurants/bars , whats the weirdest conversation you overheard?",,5,6,1778758539.0,0.86,True,self.AskReddit
1tcu4y2,AskReddit,What’s something people slowly realize in their late 20s/30s that nobody warns you about?,,6,20,1778754648.0,0.88,True,self.AskReddit
1tcr2s9,AskReddit,How do you tell if someone truly cares about you or just uses you?,,11,24,1778744519.0,1.0,True,self.AskReddit
1tct37l,AskReddit,Which year do you think was the happiest for you?,,7,32,1778751302.0,0.89,True,self.AskReddit
1tctt8g,AskReddit,What is the fastest way to become miserable?,,6,22,1778753630.0,0.75,True,self.AskReddit
1tcuulu,AskReddit,"what’s one thing most “regular” people have no problem with, but you just can’t seem to understand or agree with?",,5,23,1778756816.0,0.78,True,self.AskReddit
1tcjt85,AskReddit,"What’s something everyone quietly stopped doing, and nobody announced it?",,30,86,1778723105.0,0.78,True,self.AskReddit
1tcutjz,AskReddit,What artist has almost no bad songs?,,4,31,1778756734.0,0.64,True,self.AskReddit
1tco6xf,AskReddit,"How exactly do couples ""fall out of love"" with each other?",,17,60,1778735224.0,0.67,True,self.AskReddit
1tcwfp3,AskReddit,"If your life were a movie, which movie would it be?",,4,16,1778761049.0,1.0,True,self.AskReddit
1tcweym,AskReddit,what’s the worst thing you’ve said during a date ?,,3,14,1778760995.0,0.81,True,self.AskReddit
1tcrwqz,AskReddit,What's your biggest fear?,,10,24,1778747362.0,0.99,True,self.AskReddit
1tcok5q,AskReddit,What's something you doo daily and can't skip ?,,15,105,1778736365.0,0.82,True,self.AskReddit
1tcupjd,AskReddit,"If you could be reborn in any country, which would it be?",,5,13,1778756424.0,1.0,True,self.AskReddit
1tctjsm,AskReddit,What’s a food you could eat forever and never get tired of?,,6,39,1778752813.0,1.0,True,self.AskReddit
1tcunsp,AskReddit,Who is the scariest movie character you have ever seen?,,5,25,1778756286.0,0.73,True,self.AskReddit
1tcjjvs,AskReddit,What keeps you going in life?,,27,173,1778722412.0,0.94,True,self.AskReddit
1tcrr6x,AskReddit,People who take massive dumps in public bathrooms but don't flush. Why?,,7,73,1778746829.0,0.6,True,self.AskReddit
1tctfrc,AskReddit,What was your first credit cards and what cards do you have now?,,8,9,1778752450.0,0.89,True,self.AskReddit
1tcuisu,AskReddit,What’s the most unsettling subreddit you’ve ever seen or came across?,,3,43,1778755862.0,0.64,True,self.AskReddit
1tcro4z,AskReddit,What is worse than crime?,,9,66,1778746529.0,0.69,True,self.AskReddit
1tcivbh,AskReddit,What's your reason to keep trying every single day?,,29,120,1778720634.0,0.9,True,self.AskReddit
1tcufdy,AskReddit,How is your day going?,,5,18,1778755577.0,1.0,True,self.AskReddit
1tcybir,AskReddit,What is the most beautiful coastline in the world?,,3,5,1778765520.0,1.0,True,self.AskReddit
1tcvxpn,AskReddit,What’s one show you wish you could erase from your memory to watch again?,,4,14,1778759791.0,1.0,True,self.AskReddit
1tcy90o,AskReddit,How has your definition of love changed overtime?,,3,8,1778765363.0,1.0,True,self.AskReddit
1tcmj6g,AskReddit,When ppl say “ we create our own reality” why can’t they make gas prices cheaper?,,20,27,1778730342.0,0.79,True,self.AskReddit
1tcvvv3,AskReddit,What is the most disturbing book you’ve ever read?,,7,15,1778759652.0,1.0,True,self.AskReddit
1tcy6gs,AskReddit,What is the stupidest question someone has asked you?,,3,9,1778765201.0,1.0,True,self.AskReddit
1tcy6gk,AskReddit,"Physical Cheating vs Emotional Cheating, which is worse and why?",,3,14,1778765201.0,1.0,True,self.AskReddit
1tcvt6s,AskReddit,What is the most stupid thing your teacher/bosses have told you to do?,,4,16,1778759454.0,0.84,True,self.AskReddit
1tcnmta,AskReddit,What are you top three favorite fruits?,,14,88,1778733550.0,0.8,True,self.AskReddit
1tcu69y,AskReddit,What’s a belief you have that most people would think is weird if you said it out loud?,,6,21,1778754768.0,0.8,True,self.AskReddit
1tcvmp1,AskReddit,How often do you swim?,,3,19,1778758979.0,0.81,True,self.AskReddit
1tcs2mk,AskReddit,Who in your family (or past family) did you stop caring about?,,8,11,1778747920.0,0.99,True,self.AskReddit
1tcvhok,AskReddit,People who never felt secure and learned how to feel secure how did you do it?,,5,29,1778758596.0,0.86,True,self.AskReddit
1tcvclr,AskReddit,How can you tell if a guy lost interest?,,3,17,1778758224.0,0.64,True,self.AskReddit
1tcxj94,AskReddit,What happened that made you feel we are living in a simulation?,,3,8,1778763745.0,1.0,True,self.AskReddit
1tcxi0o,AskReddit,What is a piece of advice that sounds profound but is actually complete garbage?,,3,15,1778763671.0,1.0,True,self.AskReddit
1tcxgjq,AskReddit,What is the most unusual craving you’ve heard of during pregnancy?,,3,3,1778763585.0,1.0,True,self.AskReddit
1tcxgfl,AskReddit,You wake up and your memory has been erased of all political knowledge and influence. You must vote in 30 days. What would you do to determine who to vote for?,,3,11,1778763576.0,1.0,True,self.AskReddit
1tcxfna,AskReddit,What's the best way to avoid being abducted?,,3,27,1778763523.0,1.0,True,self.AskReddit
1tcxair,AskReddit,What’s the best habit have you built?,,3,8,1778763182.0,1.0,True,self.AskReddit
1tctmka,AskReddit,What's something that's changed about Reddit over the years?,,5,12,1778753040.0,1.0,True,self.AskReddit
1tcx7k5,AskReddit,"What drives a person to walk away from a relationship, knowing the other person is completely in love with them?",,3,11,1778762981.0,0.71,True,self.AskReddit
1tcv1gh,AskReddit,What is the best way to apologize to a partner so they know you actually mean it?,,3,14,1778757351.0,0.81,True,self.AskReddit
1tcx7ff,AskReddit,What’s the hardest part of adulthood nobody warned you about?,,3,6,1778762972.0,1.0,True,self.AskReddit
1tcv181,AskReddit,What’s your favourite song?,,4,14,1778757333.0,1.0,True,self.AskReddit
1tcx5zr,AskReddit,What is the most annoying repeated question asked on Reddit?,,3,14,1778762877.0,0.8,True,self.AskReddit
1tctjug,AskReddit,Which fictional character is widely accepted as a hero or good guy but is actually the most manipulative or toxic person in their story?,,5,23,1778752816.0,0.78,True,self.AskReddit
1tcx3as,AskReddit,What’s a life lesson you learned too late?,,3,18,1778762692.0,1.0,True,self.AskReddit
1tctiih,AskReddit,What’s the biggest lie you’ve ever heard or read?,,6,39,1778752695.0,0.87,True,self.AskReddit
1tcx2b0,AskReddit,What’s the biggest flex in your life?,,3,6,1778762626.0,1.0,True,self.AskReddit
1tcwznz,AskReddit,What's your biggest regret in life?,,3,45,1778762443.0,1.0,True,self.AskReddit
1tcwy9w,AskReddit,What would you be doing instead if Reddit never existed?,,3,22,1778762352.0,0.8,True,self.AskReddit
1tcteo7,AskReddit,What's a small habit that you feel like ruined your life the most?,,6,17,1778752351.0,1.0,True,self.AskReddit
1tctd7e,AskReddit,What's something you genuinely believed was true until an embarrassingly old age?,,5,5,1778752216.0,0.86,True,self.AskReddit
1tcwvrr,AskReddit,What do you think of Chinese cuisine?,,3,11,1778762174.0,1.0,True,self.AskReddit
1tcwvhm,AskReddit,What is a sentence a person could say that immediately makes them seem more attractive to you?,,3,9,1778762153.0,1.0,True,self.AskReddit
1tcwtlo,AskReddit,What is something that sounds fake but genuinely happened to you?,,3,17,1778762018.0,1.0,True,self.AskReddit
1tcumhx,AskReddit,Where do you like to go on holiday — and what do you actually enjoy doing there?,,5,16,1778756175.0,1.0,True,self.AskReddit
1tcwqcp,AskReddit,What’s something everyone should experience at least once in their life?,,3,22,1778761791.0,1.0,True,self.AskReddit
1tcwq7l,AskReddit,What’s your earliest memory?,,3,6,1778761780.0,1.0,True,self.AskReddit
1tcwplo,AskReddit,Which celebrity did you have posters of on your bedroom wall when you were a teenager ?,,3,14,1778761736.0,0.8,True,self.AskReddit
1tcwp8a,AskReddit,What’s a small piece of technology you use almost every day that you think people massively take for granted?,,3,6,1778761712.0,1.0,True,self.AskReddit
1tcwo59,AskReddit,What is something the opposite sex thinks you want when you don’t?,,3,2,1778761630.0,1.0,True,self.AskReddit
1tcuk76,AskReddit,What's the most creative excuse you've heard from an employee caught not working during paid hours?,,5,2,1778755982.0,0.86,True,self.AskReddit
1tcui0c,AskReddit,"Which country did you enjoy vacationing in the most, and why?",,4,17,1778755797.0,0.83,True,self.AskReddit
1tcs0yd,AskReddit,What is a hack you've started doing on your own that makes you feel like a genius?,,5,13,1778747757.0,0.7,True,self.AskReddit
1tct1za,AskReddit,What would your ideal first date look like?,,4,22,1778751185.0,0.84,True,self.AskReddit
1tced4a,AskReddit,What's in the trunk of your car right now?,,41,305,1778709566.0,0.82,True,self.AskReddit
1tch3io,AskReddit,What's a hygiene tip you'd like to share?,,31,109,1778716080.0,0.89,True,self.AskReddit
1tcwg35,AskReddit,"What was the moment when you realized, ""Yeah, this was a good choice"",?",,3,10,1778761076.0,1.0,True,self.AskReddit
1tcmr3n,AskReddit,"According to You,which historical event changed the course of the world?",,16,60,1778730968.0,0.9,True,self.AskReddit
1tcrvqt,AskReddit,How are your chances of having a retirement looking?,,5,34,1778747265.0,0.86,True,self.AskReddit
1tco8jx,AskReddit,What is something weird you enjoy?,,11,32,1778735362.0,0.82,True,self.AskReddit
1tcru64,AskReddit,"what's the biggest Green flag, according to you?",,7,35,1778747116.0,0.89,True,self.AskReddit
1tcu99f,AskReddit,What is less normal and common than it should be?,,4,5,1778755026.0,0.83,True,self.AskReddit
1tcw8ku,AskReddit,What's a small habit that quietly changed your life?,,3,15,1778760548.0,0.8,True,self.AskReddit
1tcu6sa,AskReddit,People who survived no contact; how do you do it?,,3,7,1778754813.0,0.81,True,self.AskReddit
1tcw635,AskReddit,What's a sound that instantly calms you?,,3,14,1778760362.0,1.0,True,self.AskReddit
1tcetpc,AskReddit,What actors movies do you refuse to watch?,,39,571,1778710598.0,0.68,True,self.AskReddit
1tcqssw,AskReddit,How do you handle or manage grief?,,6,22,1778743604.0,0.88,True,self.AskReddit
1tcqryh,AskReddit,what is an underrated solo activity/hobby more people should try at least once?,,8,28,1778743521.0,1.0,True,self.AskReddit
1tcu2bo,AskReddit,What saved your life?,,3,13,1778754427.0,0.81,True,self.AskReddit
1tc086z,AskReddit,"People who have been or are currently ""the other woman"", why did you agree to it  and do you have any regrets?",,180,205,1778680138.0,0.82,True,self.AskReddit
1tcw08i,AskReddit,"What is anyone's experience eloping in Copenhagen? Wanting restaurant, spa, general day recommendations etc?",,3,0,1778759971.0,1.0,True,self.AskReddit
1tcrmrw,AskReddit,What's it like as a woman to be in love with one of your friends while being in a relationship?,,6,14,1778746397.0,0.87,True,self.AskReddit
1tcvzuy,AskReddit,Whats one thing on your bucket list?,,3,11,1778759943.0,1.0,True,self.AskReddit
1tcrmn3,AskReddit,How common is it to be very ambitious but not very productive?,,7,20,1778746385.0,0.89,True,self.AskReddit
1tcsnvi,AskReddit,What's an argument that sounds logical at first but falls apart when you look at history?,,4,68,1778749894.0,0.75,True,self.AskReddit
1tcu09m,AskReddit,What’s something adulthood slowly steals from you?,,5,22,1778754248.0,0.77,True,self.AskReddit
1tcvxr3,AskReddit,How do you react when random people question your relationship or your partner?,,3,3,1778759793.0,1.0,True,self.AskReddit
1tctyhx,AskReddit,"What’s something that feels normal to spend money on, but actually costs way more than people realize?",,3,15,1778754096.0,0.72,True,self.AskReddit
1tcsll9,AskReddit,What are the must-watch anime?,,3,42,1778749685.0,0.72,True,self.AskReddit
1tcnvc2,AskReddit,What's the most evil opinion someone you've known have had?,,12,51,1778734265.0,0.77,True,self.AskReddit
1tcntnf,AskReddit,What's a non-negotiable for you in a relationship?,,11,38,1778734127.0,0.86,True,self.AskReddit
1tcvtxb,AskReddit,What are some of the best food recipes?,,3,7,1778759509.0,1.0,True,self.AskReddit
1tcvsfq,AskReddit,What's the biggest addiction of modern time?,,3,38,1778759400.0,0.8,True,self.AskReddit
1tctt4g,AskReddit,What is a life rule that but becomes more true the older you get?,,4,12,1778753620.0,1.0,True,self.AskReddit
1tcvpy1,AskReddit,Why cats bring therapeutic?,,3,7,1778759221.0,0.8,True,self.AskReddit
1tcvoyl,AskReddit,What's the weirdest fantasy you've ever had?,,3,3,1778759150.0,1.0,True,self.AskReddit
1tctri0,AskReddit,"What’s something people do in relationships that they think is normal, but actually isn’t?",,4,22,1778753475.0,1.0,True,self.AskReddit
1tcsb1f,AskReddit,What’s something you believed as a kid that sounds ridiculous now?,,6,4,1778748704.0,0.87,True,self.AskReddit
1tcvit9,AskReddit,What is your favourite spaceship in movies/tv?,,3,19,1778758686.0,0.8,True,self.AskReddit
1tc3o3u,AskReddit,"People who sweat a lot, how do you handle summers?",,113,263,1778687453.0,0.88,True,self.AskReddit
1tcvey9,AskReddit,What is your perfect breakfast?,,4,23,1778758397.0,0.83,True,self.AskReddit
1tcve8a,AskReddit,What’s a major experience you missed out on because of a personal emergency?,,3,1,1778758346.0,1.0,True,self.AskReddit
1tcvdnl,AskReddit,"Anime folks , who would win a battle Akatsuki vs Phantom troupe?",,4,11,1778758306.0,0.83,True,self.AskReddit
1tbn1kz,AskReddit,What is the most dangerous animal you’ve seen in real life?,,1233,3244,1778640750.0,0.95,True,self.AskReddit
1tcyi40,AskReddit,Who would you be if fear disappeared today?,,2,3,1778765938.0,1.0,True,self.AskReddit
1tcyg42,AskReddit,What ruined your attention span?,,2,11,1778765814.0,1.0,True,self.AskReddit
1tcv6h9,AskReddit,What's a mistake you made that accidentally saved your life or made everything better?,,3,3,1778757743.0,1.0,True,self.AskReddit
1tcv4b6,AskReddit,What’s the dumbest lie you committed  for way too long because it was too awkward to back out?,,3,11,1778757574.0,1.0,True,self.AskReddit
1tcyarw,AskReddit,"Everyone says to invest, but nobody tells you how unless they wanna scam you, so how do you safely invest?",,2,7,1778765473.0,1.0,True,self.AskReddit
1tcn60w,AskReddit,What is one oddly specific thing that you hate?,,13,151,1778732153.0,0.88,True,self.AskReddit
1tcqwpk,AskReddit,"What is a small, random act of kindness from a stranger that you’ll never forget?",,6,13,1778743974.0,0.88,True,self.AskReddit
1tct9or,AskReddit,"If you could automate anything, what would it be ?",,4,14,1778751893.0,0.83,True,self.AskReddit
1tcryjd,AskReddit,What’s something that’s considered normal today that future generations will probably look back at in disbelief?,,3,40,1778747524.0,0.67,True,self.AskReddit
1tcy9fp,AskReddit,How does PREEVU Plastic actually work?,,2,1,1778765390.0,1.0,True,self.AskReddit
1tcv2pl,AskReddit,What is the best beach in the world?,,4,20,1778757448.0,0.83,True,self.AskReddit
1tcy92a,AskReddit,"People with religious trauma, how did you get over it? And what helped?",,2,8,1778765366.0,0.75,True,self.AskReddit
1tcpz6w,AskReddit,Why do you want to stay single?,,7,78,1778740859.0,0.7,True,self.AskReddit
1tcy7ln,AskReddit,How hard does post nut clarity hit for you?,,2,6,1778765274.0,0.67,True,self.AskReddit
1tcv12e,AskReddit,What’s your thoughts on religion?,,3,27,1778757322.0,0.8,True,self.AskReddit
1tct7gf,AskReddit,What happens to kids who grow up with bad parents… can they still build a good life?,,5,23,1778751687.0,1.0,True,self.AskReddit
1tcrwaa,AskReddit,What's that 1 advice you would give to a 28 year old who thinks they're running behind in life?,,5,9,1778747317.0,0.78,True,self.AskReddit
1tcy56p,AskReddit,What is your go to response to an unwanted dick pic?,,2,25,1778765123.0,0.63,True,self.AskReddit
1tcy54s,AskReddit,What are your thoughts about friendship and how it should be?,,2,4,1778765120.0,1.0,True,self.AskReddit
1tcuzec,AskReddit,"Parents: do you have a favorite child? If so, why?",,3,14,1778757191.0,0.8,True,self.AskReddit
1tcuzcr,AskReddit,What’s an adult skill nobody properly taught you?,,3,26,1778757187.0,0.8,True,self.AskReddit
1tcy3vx,AskReddit,Whats the most underrated fast food chain?,,2,8,1778765044.0,0.75,True,self.AskReddit
1tcy3n5,AskReddit,What is the coolest book ever written?,,1,6,1778765029.0,0.6,True,self.AskReddit
1tcp1pp,AskReddit,"Fellow ladies of reddit, what’s a completely normal thing men often do that instantly changes how safe or comfortable you feel around them, for better or for worse?",,9,26,1778737887.0,0.73,True,self.AskReddit
1tcy2th,AskReddit,What’s something you’ve been doing wrong your whole life and only recently found out ?,,2,11,1778764976.0,1.0,True,self.AskReddit
1tcuwmk,AskReddit,What’s a realization about adulthood that hit you way harder than expected?,,3,4,1778756982.0,1.0,True,self.AskReddit
1tct2wm,AskReddit,What experiences have you had that cannot be explained by logic?,,4,12,1778751272.0,0.83,True,self.AskReddit
1tcy0cj,AskReddit,What task do you still do manually because every existing tool sucks?,,2,4,1778764816.0,1.0,True,self.AskReddit
1tct2v8,AskReddit,What's a movie or game plot hole that completely ruins it for you?,,5,6,1778751268.0,1.0,True,self.AskReddit
1tcuthx,AskReddit,What’s a habit that quietly changed your life for the better?,,3,28,1778756730.0,0.8,True,self.AskReddit
1tcut18,AskReddit,"Can AI actually improve career guidance for students, or will it make decision-making more confusing? What do you think?",,3,1,1778756691.0,0.72,True,self.AskReddit
1tcqnxa,AskReddit,What universal experience will Gen Alpha never understand?,,5,30,1778743129.0,0.78,True,self.AskReddit
1tcusud,AskReddit,What would become of society if people has access to ANY information including memories of other people?,,2,5,1778756674.0,0.67,True,self.AskReddit
1tcuss8,AskReddit,"You're given a surprise day off work, what do you do?",,3,12,1778756669.0,0.8,True,self.AskReddit
1tcm98g,AskReddit,What's one favorite video game character you like and one you dislike?,,12,11,1778729569.0,0.87,True,self.AskReddit
1tcovuk,AskReddit,What is the strangest thing you've woken up doing?,,8,26,1778737391.0,0.79,True,self.AskReddit
1tc9ux7,AskReddit,What’s something you only learned was unusual after someone else saw you do it?,,54,128,1778699967.0,0.87,True,self.AskReddit
1tcxti5,AskReddit,What’s a compliment you still remember years later?,,2,33,1778764373.0,1.0,True,self.AskReddit
1tcxt7d,AskReddit,What's something you would like to know a lot more about and why?,,2,6,1778764354.0,1.0,True,self.AskReddit
1tcqiqd,AskReddit,What's the most cutting/intelligent insult you've ever heard?,,7,21,1778742648.0,0.73,True,self.AskReddit
1tcxoh5,AskReddit,Do men really get along better and why if so?,,1,16,1778764060.0,0.67,True,self.AskReddit
1tcsuib,AskReddit,What fictional world would actually be horrible to live in?,,5,15,1778750497.0,1.0,True,self.AskReddit
1tcxnx4,AskReddit,"Using the 'Six Degrees of Separation' rule, who is the most notable person you’re connected to and how?",,2,16,1778764027.0,0.75,True,self.AskReddit
1tculjz,AskReddit,How does your skin react after sweating or exercising regularly?,,3,10,1778756097.0,0.71,True,self.AskReddit
1tcxmkj,AskReddit,"If AI completely takes over your exact job next month, what is your realistic ""Plan B""?",,2,9,1778763947.0,1.0,True,self.AskReddit
1tcuiqj,AskReddit,What's a 'fact' you believed for years until someone casually corrected you?,,3,10,1778755857.0,0.8,True,self.AskReddit
1tcqf21,AskReddit,What's an extremely underrated feeling?,,8,38,1778742306.0,0.89,True,self.AskReddit
1tcxic5,AskReddit,"What are the softwares and/or physical tools you're using for your everyday job, and what do they do?",,2,5,1778763692.0,1.0,True,self.AskReddit
1tcugr1,AskReddit,What's the most unhinged thing your brain has said to you at 3am?,,3,1,1778755699.0,1.0,True,self.AskReddit
1tcughp,AskReddit,Which animal is the scariest?,,3,4,1778755679.0,1.0,True,self.AskReddit
1tcxgh7,AskReddit,How do you deal with a friend who is knowingly hanging out with a bigot?,,2,4,1778763579.0,1.0,True,self.AskReddit
1tcsp2u,AskReddit,What’s a job that people massively underestimate the difficulty of?,,5,13,1778749999.0,0.99,True,self.AskReddit
1tcufsw,AskReddit,What’s a “gut feeling” you ignored and regretted?,,3,10,1778755614.0,0.8,True,self.AskReddit
1tcso8k,AskReddit,What is the most absurd aspect of reality that you would never think to believe or consider?,,3,22,1778749926.0,0.8,True,self.AskReddit
1tcud7a,AskReddit,"What classic book or story would hit completely differently if it were adapted with modern political figures, and why?",,3,4,1778755385.0,1.0,True,self.AskReddit
1tcnoth,AskReddit,What is the most interesting person you met once and never met again?,,9,15,1778733725.0,0.77,True,self.AskReddit
1tcpa9p,AskReddit,What’s a small thing that made you happy today?,,6,18,1778738618.0,0.72,True,self.AskReddit
1tcx6qg,AskReddit,What is the dumbest lie you believed for way too long?,,2,6,1778762928.0,1.0,True,self.AskReddit
1tcu8xj,AskReddit,What’s the worst prison you ever went to? Why?,,3,11,1778754996.0,1.0,True,self.AskReddit
1tcodk4,AskReddit,"What is the most average place you have ever visited, that left no impression on you either way?",,10,51,1778735790.0,0.77,True,self.AskReddit
1tclmm9,AskReddit,What's the least expensive but most useful thing you own?,,14,56,1778727818.0,0.84,True,self.AskReddit
1tcocjy,AskReddit,What red flag did you ignore because the person was attractive?,,8,26,1778735703.0,0.72,True,self.AskReddit
1tcu7h8,AskReddit,What's the best piece of advice that helped you at any cost in life?,,2,19,1778754865.0,0.67,True,self.AskReddit
1tcx3hw,AskReddit,What scenarios made you believe that karma (whether good or bad) is real?,,2,6,1778762705.0,1.0,True,self.AskReddit
1tcu53d,AskReddit,"What’s something you suspect is true, but can’t really prove?",,3,15,1778754662.0,0.8,True,self.AskReddit
1tcx0fn,AskReddit,What's a sign someone wants to be your friend?,,2,10,1778762497.0,1.0,True,self.AskReddit
1tcx07t,AskReddit,How do you deal with entitled people?,,2,6,1778762481.0,1.0,True,self.AskReddit
1tcx00i,AskReddit,What's your favorite under-rated song of all time?,,2,8,1778762467.0,1.0,True,self.AskReddit
1tcx008,AskReddit,How has choosing to not have children affected your life?,,2,10,1778762467.0,1.0,True,self.AskReddit
1tcu3d8,AskReddit,Who is the last person that was unreasonably attractive to you?,,4,13,1778754517.0,1.0,True,self.AskReddit
1tcwzbn,AskReddit,"if you could only use 5 total seasonings for the rest of your life, what would those be?",,3,10,1778762421.0,0.8,True,self.AskReddit
1tcsc2k,AskReddit,What’s a hobby or interest you slowly lost motivation for as adult life became busier?,,6,22,1778748806.0,0.99,True,self.AskReddit
1tb6i4i,AskReddit,"People working in ultra-wealthy households, talking $50m plus types, what is the most out-of-touch thing you've witnessed?",,8123,3037,1778602800.0,0.91,True,self.AskReddit
1tcs9uv,AskReddit,What’s the nicest thing someone has done for you when you were having a terrible day?,,6,4,1778748590.0,0.99,True,self.AskReddit
1tcwtpj,AskReddit,What's the best and worst job you've ever had?,,2,7,1778762025.0,1.0,True,self.AskReddit
1tctxqs,AskReddit,How would you personally handle the immortal snail?,,2,20,1778754026.0,0.63,True,self.AskReddit
1tcwred,AskReddit,what’s the dumbest way you’ve injured yourself?,,2,21,1778761861.0,0.75,True,self.AskReddit
1tcovi0,AskReddit,What human's body fact that sound weird but actually true?,,7,22,1778737361.0,0.77,True,self.AskReddit
1tctwbu,AskReddit,How do you know if you’re a difficult person?,,3,12,1778753901.0,0.8,True,self.AskReddit
1tco0uf,AskReddit,Who do you think is the main character of the world?,,9,32,1778734728.0,0.79,True,self.AskReddit
1tcwqp1,AskReddit,"What was your biggest ""welcome to the real world"" moment professionally and personally?",,2,5,1778761815.0,1.0,True,self.AskReddit
1tcn8s0,AskReddit,What is something you liked more the older you got?,,9,38,1778732384.0,0.74,True,self.AskReddit
1tcwpvt,AskReddit,What’s the lamest super power you could make a lot of money with?,,2,10,1778761756.0,1.0,True,self.AskReddit
1tctv5m,AskReddit,What’s your dream country to live in?,,4,26,1778753791.0,0.75,True,self.AskReddit
1tctupu,AskReddit,What's one book that you wish you had read earlier?,,3,1,1778753753.0,1.0,True,self.AskReddit
1tcwooa,AskReddit,What were your favourite cartoons as a kid?,,2,12,1778761668.0,1.0,True,self.AskReddit
1tctubo,AskReddit,What is the worst thing that ever happened to you?,,3,6,1778753721.0,1.0,True,self.AskReddit
1tcs4b2,AskReddit,"What’s a ""useless"" skill you have that you’re secretly very proud of?",,4,45,1778748072.0,0.7,True,self.AskReddit
1tcwmd7,AskReddit,Who is a TV character that pisses you off beyond words?,,2,12,1778761512.0,1.0,True,self.AskReddit
1tcs2t9,AskReddit,What is the stupidest thing you’ve done?,,6,17,1778747937.0,0.99,True,self.AskReddit
1tcwl0a,AskReddit,What beginner guitar recommendations under ₹10k would you give someone completely new to playing?,,2,6,1778761412.0,1.0,True,self.AskReddit
1tctqii,AskReddit,Who was the first person you ever lost in your life and how old were you?,,3,15,1778753388.0,0.8,True,self.AskReddit
1tctq85,AskReddit,How weird are your thoughts before sleeping?,,3,6,1778753362.0,1.0,True,self.AskReddit
1tcwi3q,AskReddit,What's something someone said to you that instantly changed your perspective on life?,,2,13,1778761210.0,1.0,True,self.AskReddit
1tcwf6k,AskReddit,"Hey, starting reading a book series called ""the hegemon's path"" by Li baoping z.z on kindle that seems to have dissappeared. Anyone know what happened to it?",,2,0,1778761012.0,1.0,True,self.AskReddit
1tctn0d,AskReddit,Would you carry a secret to your death bed if yes or no why?,,2,14,1778753080.0,0.67,True,self.AskReddit
1tcols0,AskReddit,How are you today?,,6,50,1778736506.0,0.75,True,self.AskReddit
1tcwen3,AskReddit,Redditors who used Ouija boards: what happened? Especially interested in experiences from skeptics who later believed something paranormal might actually exist after using one?,,2,0,1778760973.0,1.0,True,self.AskReddit
1tctm37,AskReddit,What’s a “green flag” or “red flag” people don’t talk about enough?,,4,2,1778752994.0,0.83,True,self.AskReddit
1tcfj04,AskReddit,Who's the greatest athlete of all time?,,27,355,1778712224.0,0.65,True,self.AskReddit
1tcwb62,AskReddit,Do yall have that one “Drunk” Friend in your group and how does it affect your group of friends?,,2,3,1778760730.0,1.0,True,self.AskReddit
1tctj8r,AskReddit,What instantly makes you feel peaceful?,,3,12,1778752764.0,1.0,True,self.AskReddit
1tcti2d,AskReddit,What was your dream job and what job do you have now?,,3,5,1778752655.0,0.8,True,self.AskReddit
1tcthrt,AskReddit,Which Episode of a TV Show Had the Best Acting?,,3,2,1778752628.0,1.0,True,self.AskReddit
1tcw80n,AskReddit,Former MUN members what are y'all up to in life and what have y'all achieved?,,2,4,1778760504.0,1.0,True,self.AskReddit
1tctguk,AskReddit,"If United States of America said no taxes at all in any way, just like Middle Eastern Countries. What would happen?",,3,17,1778752544.0,0.67,True,self.AskReddit
1tcw6m5,AskReddit,You can relive one year of your life with all your current memories. Which year are you choosing?,,2,17,1778760401.0,1.0,True,self.AskReddit
1tcrram,AskReddit,"What is your ""go-to"" poptart flavor?",,3,17,1778746840.0,0.67,True,self.AskReddit
1tcw5v1,AskReddit,What life advice sounded stupid at first but made sense later?,,2,3,1778760346.0,1.0,True,self.AskReddit
1tctdya,AskReddit,How objective is your perspective?,,3,7,1778752283.0,0.72,True,self.AskReddit
1tcrp04,AskReddit,What makes life worth living?,,4,36,1778746616.0,0.83,True,self.AskReddit
1tcw2pm,AskReddit,What are your honest thoughts on Mr.Robot series?,,2,6,1778760120.0,0.75,True,self.AskReddit
1tcw1n4,AskReddit,What’s the creepiest coincidence that’s ever happened to you?,,2,2,1778760052.0,1.0,True,self.AskReddit
1tcw10p,AskReddit,"What everyday problem do we all just accept, even though it should have been solved by now?",,2,7,1778760021.0,1.0,True,self.AskReddit
1tctbnq,AskReddit,Which is the best sit-com on Netflix?,,3,6,1778752070.0,1.0,True,self.AskReddit
1tcw0fb,AskReddit,What instantly makes you think someone is not as smart as they think they are? Not talking about education or degrees. Just little things people do that immediately give it away?,,2,10,1778759985.0,1.0,True,self.AskReddit
1tcvywa,AskReddit,If you could be the best at 1 thing what would it be?,,2,9,1778759877.0,1.0,True,self.AskReddit
1tcvye9,AskReddit,"Gym rats of Reddit, what is the best piece of advice for someone starting their fitness journey that actually makes a huge difference?",,2,12,1778759844.0,1.0,True,self.AskReddit
1tct9qs,AskReddit,"If your stomach had a group chat, which food would get removed first?",,2,5,1778751900.0,0.67,True,self.AskReddit
1tcvxjz,AskReddit,What item do you have that makes your life so much easier?,,2,5,1778759779.0,0.75,True,self.AskReddit
1tct97n,AskReddit,"Some people interpetrate, read, listen the way they want to, because they already have settled judgements in their mind. How do you even talk to these people!?",,3,7,1778751850.0,1.0,True,self.AskReddit
1tcvxb0,AskReddit,What is a minor inconvenience that can absolutely ruin a whole day?,,2,4,1778759760.0,0.75,True,self.AskReddit
1tcp65q,AskReddit,What small habit has improved your life way more than you expected?,,6,13,1778738273.0,0.8,True,self.AskReddit
1tcvx1z,AskReddit,"People who moved to Dubai, what surprised you the most?",,2,0,1778759741.0,0.75,True,self.AskReddit
1tcfrl4,AskReddit,Whats that one dream you will never forget?,,22,59,1778712822.0,1.0,True,self.AskReddit
1tcnaye,AskReddit,What was the most interesting dream you’ve ever had?,,8,23,1778732564.0,0.79,True,self.AskReddit
1tcvvsg,AskReddit,how is your day today?,,2,5,1778759647.0,1.0,True,self.AskReddit
1tct7rk,AskReddit,Do you think social media helps people more or harms people more? Why?,,3,13,1778751716.0,1.0,True,self.AskReddit
1tcvuyy,AskReddit,What is success mean in life?,,2,4,1778759586.0,0.75,True,self.AskReddit
1tco4xa,AskReddit,What’s the longest phone call you ever had?,,7,12,1778735057.0,0.99,True,self.AskReddit
1tct6gw,AskReddit,Which Chinese food hit different when you eat them in China?,,3,12,1778751600.0,0.8,True,self.AskReddit
1tcvu12,AskReddit,What do you do when your dog sits on your Yoga mat when you want to workout?,,2,12,1778759517.0,0.63,True,self.AskReddit
1tcvrpx,AskReddit,What is something you always did as a kid that you wish you could do now as an adult?,,2,5,1778759349.0,1.0,True,self.AskReddit
1tcvpc0,AskReddit,"What is a ""luxury"" that is actually a total scam once you can finally afford it?",,3,16,1778759178.0,0.71,True,self.AskReddit
1tct246,AskReddit,What fact really scares or surprises you?,,3,20,1778751200.0,1.0,True,self.AskReddit
1tcq2at,AskReddit,What's something that used to be considered a luxury that's now totally normal?,,6,22,1778741143.0,0.75,True,self.AskReddit
1tct1ch,AskReddit,Have you ever stayed in a relationship longer than you should have? What finally made you leave?,,3,6,1778751126.0,1.0,True,self.AskReddit
1tcvm6z,AskReddit,What’s your strategy for limiting visible boogers?,,2,3,1778758940.0,1.0,True,self.AskReddit
1tcrbui,AskReddit,What has got to be the most obscure cause of death of anyone in history?,,5,35,1778745386.0,0.78,True,self.AskReddit
1tcsz0l,AskReddit,Which religion do you think is the worst to belong to?,,3,18,1778750919.0,0.67,True,self.AskReddit
1tcvjrs,AskReddit,What is the way to increase our karma?,,2,11,1778758757.0,0.75,True,self.AskReddit
1tcr9u1,AskReddit,How do you tell if someone truly cares about you or just uses you?,,4,13,1778745192.0,1.0,True,self.AskReddit
1tcswj1,AskReddit,What is the worst question you have been asked during job Interview?,,3,13,1778750687.0,1.0,True,self.AskReddit
1tcsw5h,AskReddit,What are your favorite song?,,3,8,1778750652.0,1.0,True,self.AskReddit
1tcsv7d,AskReddit,What changed in you emotionally after dating someone seriously?,,3,2,1778750560.0,1.0,True,self.AskReddit
1tcsuv9,AskReddit,A worldwide battle royale ensues to determine which countries citizens start the days off with the best breakfast. Who wins?,,3,11,1778750531.0,0.8,True,self.AskReddit
1tcr6bn,AskReddit,how do you deal with long-term unemployment?,,5,13,1778744853.0,1.0,True,self.AskReddit
1tcpuzg,AskReddit,What’s one tiny habit you picked up that made a huge difference to your mental health?,,4,26,1778740469.0,0.75,True,self.AskReddit
1tcvejx,AskReddit,Whats the craziest story of you or someone u know that was on drugs?,,2,10,1778758368.0,0.75,True,self.AskReddit
1tcveca,AskReddit,What's a toxic trait you secretly have?,,2,11,1778758354.0,1.0,True,self.AskReddit
1tcvd28,AskReddit,what do u use incognito tabs for on your browser?,,2,14,1778758259.0,0.75,True,self.AskReddit
1tcoow4,AskReddit,What’s a trend that became popular overnight but already feels annoying?,,5,18,1778736780.0,0.86,True,self.AskReddit
1tcvcxj,AskReddit,What will you write on your tombstone?,,2,28,1778758249.0,0.75,True,self.AskReddit
1tcr2wt,AskReddit,what’s the most rare/unusual disease or illness that someone you know has?,,3,16,1778744530.0,0.81,True,self.AskReddit
1tcsq2y,AskReddit,What’s a piece of advice you ignored and later regretted?,,3,24,1778750087.0,0.8,True,self.AskReddit
1tcv9kr,AskReddit,What’s a movie or tv show plot twist you figured out long before it was actually revealed?,,3,12,1778757991.0,1.0,True,self.AskReddit
1tcv8ce,AskReddit,What’s a small moment that completely changed the way you see someone?,,2,5,1778757890.0,0.75,True,self.AskReddit
1tcv8ba,AskReddit,What is the root of all evil?,,2,30,1778757889.0,0.75,True,self.AskReddit
1tcv89o,AskReddit,What’s the craziest thing you’ve ever seen?,,2,5,1778757885.0,1.0,True,self.AskReddit
1tcsntq,AskReddit,What is the most valuable gift you have ever given to someone?,,3,26,1778749891.0,0.8,True,self.AskReddit
1tcv75f,AskReddit,"Adults of Reddit, what behavior from your parents impacted you more than they probably realized?",,2,19,1778757796.0,1.0,True,self.AskReddit
1tcpnyr,AskReddit,What’s something almost everyone has experienced but nobody talks about?,,4,22,1778739844.0,0.67,True,self.AskReddit
1tcv68v,AskReddit,How are people earning nowadays??,,2,27,1778757724.0,0.75,True,self.AskReddit
1tcv63m,AskReddit,What are your honest thoughts about gambling?,,2,14,1778757712.0,0.75,True,self.AskReddit
1tcv55g,AskReddit,What are you motivated by in life?,,2,11,1778757639.0,1.0,True,self.AskReddit
1tclro9,AskReddit,What’s your favourite tea?,,10,58,1778728204.0,0.81,True,self.AskReddit
1tcpleh,AskReddit,What’s something that feels illegal even though it’s completely allowed?,,6,36,1778739617.0,0.79,True,self.AskReddit
1tcskcs,AskReddit,What are your thoughts on 'The one' in love?,,3,8,1778749567.0,0.8,True,self.AskReddit
1tcsiw1,AskReddit,You get 10 minutes alone inside Area 51 with complete access. What’s the first thing you’re looking for?,,2,18,1778749423.0,0.58,True,self.AskReddit
1tcv1b8,AskReddit,"If you’ve ever been to a psychiatrist or therapist, have you ever lied to them? Do people need to lie about certain things, If yes, like what?",,2,3,1778757341.0,1.0,True,self.AskReddit
1tcqu0k,AskReddit,What’s the dumbest purchase you made that somehow changed your life for the better?,,3,4,1778743719.0,0.81,True,self.AskReddit
1tcshto,AskReddit,What’s something you learned way too late in life that should’ve been obvious?,,3,18,1778749322.0,0.8,True,self.AskReddit
1tcmgnp,AskReddit,What’s the creepiest thing a child has ever said to you?,,8,39,1778730147.0,0.83,True,self.AskReddit
1tcuz83,AskReddit,Which current global conflict do you think is most likely to trigger a 'World War' scenario?,,2,3,1778757177.0,1.0,True,self.AskReddit
1tcsgpp,AskReddit,What’s a “harmless” habit that actually ruins people’s lives over time?,,3,14,1778749228.0,0.8,True,self.AskReddit
1tcuyju,AskReddit,What does it feel like going in trance?,,2,2,1778757123.0,0.75,True,self.AskReddit
1tcuyeo,AskReddit,Which type of animal is the hardest to herd or control?,,2,5,1778757114.0,1.0,True,self.AskReddit
1tch83r,AskReddit,"For those of you who waited until later in life to have kids, what are your thoughts and experiences?",,16,50,1778716402.0,0.94,True,self.AskReddit
1tcscjw,AskReddit,"What prediction did you make that others thought was insane, but came true regardless?",,3,2,1778748851.0,0.8,True,self.AskReddit
1tcsbkv,AskReddit,What is your bare minimum in a relationship?,,3,20,1778748756.0,0.8,True,self.AskReddit
1tcusmd,AskReddit,What game/tv show/movie are you hyped for?,,2,11,1778756656.0,0.75,True,self.AskReddit
1tcurel,AskReddit,What you think about the new collab Ap x Swatch royal pop ?,,2,0,1778756565.0,1.0,True,self.AskReddit
1tcur1k,AskReddit,"How do we make the US government make due on the promises of life, liberty, and the pursuit of happiness?",,2,24,1778756534.0,0.75,True,self.AskReddit
1tcuquo,AskReddit,What do you think about following cooking recipes or using them just as a guide?,,2,8,1778756517.0,1.0,True,self.AskReddit
1tcuq1a,AskReddit,How do you learn Linux?,,2,3,1778756458.0,1.0,True,self.AskReddit
1tcs8zl,AskReddit,What's an opinion/behavior that instantly makes you think someone is teerifying?,,3,2,1778748507.0,0.8,True,self.AskReddit
1tcup0z,AskReddit,How quickly can you tell if a piece of writing is AI-generated?,,2,5,1778756388.0,1.0,True,self.AskReddit
1tcuotr,AskReddit,"What’s that one thing a date said that made you realize: ""Yeah, I’m blocking you the moment I leave""?",,2,5,1778756371.0,1.0,True,self.AskReddit
1tcs7c0,AskReddit,What do you want at the moment?,,3,15,1778748354.0,0.8,True,self.AskReddit
1tcs6yk,AskReddit,"What country would you never visit, and why?",,4,39,1778748322.0,0.66,True,self.AskReddit
1tcum47,AskReddit,What is the ratio of texts sent between you and your significant other?,,2,5,1778756143.0,1.0,True,self.AskReddit
1tcs4aj,AskReddit,Which is your favorite bollywood actor?,,3,3,1778748070.0,0.8,True,self.AskReddit
1tcqgg3,AskReddit,What was insanely popular for a while and then basically vanished?,,3,18,1778742435.0,0.64,True,self.AskReddit
1tcqf8i,AskReddit,"What’s the smallest thing that made you cry lately, but you couldn’t explain why?",,5,11,1778742322.0,0.99,True,self.AskReddit
1tbp164,AskReddit,What are you thoughts on declining alcohol consumption in the newer generation?,,542,337,1778646348.0,0.86,True,self.AskReddit
1tcuiao,AskReddit,"If you could be anywhere in the world right now, where would you be?",,2,7,1778755820.0,0.75,True,self.AskReddit
1tcuhci,AskReddit,What’s the biggest mistake students make while choosing a career?,,2,7,1778755744.0,1.0,True,self.AskReddit
1tb3qpl,AskReddit,What’s the most morally disgusting thing you’ve ever seen someone do?,,7699,3543,1778597071.0,0.94,True,self.AskReddit
1tcuff7,AskReddit,"If you were to reborn again, what would be the one piece of thought you would want in your next life?",,2,4,1778755580.0,1.0,True,self.AskReddit
1tcoyxx,AskReddit,"What's the one thing yall did in high school that still makes you cringe, even today?",,5,5,1778737657.0,0.86,True,self.AskReddit
1tcue4t,AskReddit,What is an embarrassing thing that happened to someone else that you secretly laugh about?,,2,5,1778755465.0,0.75,True,self.AskReddit
1tcoxgs,AskReddit,"If you could have any animal as a pet, what would you choose?",,3,31,1778737527.0,0.72,True,self.AskReddit
1tcudee,AskReddit,What experiences do you guys have of your uni/college that you regret to this day?,,2,11,1778755401.0,1.0,True,self.AskReddit
1tcq9o0,AskReddit,What Is The Name In Your Most Favourite Person?,,6,25,1778741834.0,0.71,True,self.AskReddit
1tcubw4,AskReddit,How girls getting more likes in dating app? Is it a 1000:10 ratio?,,2,7,1778755266.0,0.75,True,self.AskReddit
1tcubpr,AskReddit,What's the worst piece of advice someone gave you that sounded smart at the time?,,2,3,1778755249.0,1.0,True,self.AskReddit
1tcrwcj,AskReddit,"What's your ""evil scheme"" if you had to take over the world?",,3,10,1778747323.0,0.8,True,self.AskReddit
1tcub26,AskReddit,"Parents of Reddit, how do you inspire a love of learning and curiosity to your children so they grow up to be intelligent, educated, and appreciate art and culture?",,2,4,1778755192.0,1.0,True,self.AskReddit
1tcnoiw,AskReddit,What’s the loneliest feeling in the world?,,4,32,1778733698.0,0.75,True,self.AskReddit
1tcua6x,AskReddit,"People who work in ""high end"" hotels or restaurants what are some secrets the general public doesn't know?",,3,4,1778755110.0,1.0,True,self.AskReddit
1tcnmpw,AskReddit,What is it like taking acid?,,7,31,1778733542.0,0.88,True,self.AskReddit
1tcu66s,AskReddit,"Would you accept immortality if the universe never ends and you were guaranteed a life of luxury? If you would, why?",,2,9,1778754758.0,0.75,True,self.AskReddit
1tcfshu,AskReddit,Whats one of the hottest things someone has ever said to you in bed?,,18,119,1778712883.0,0.64,True,self.AskReddit
1tcrp1h,AskReddit,Okay…whether they are dead or alive who is your celebrity hall pass/ crush? Why?,,3,17,1778746620.0,0.8,True,self.AskReddit
1tcpzak,AskReddit,"If you were to live in any world from a movie, cartoon, comic etc where would you live and why?",,4,6,1778740869.0,0.99,True,self.AskReddit
1tcrnfh,AskReddit,When is the best time to wear a striped sweater?,,3,13,1778746462.0,0.67,True,self.AskReddit
1tcpyeq,AskReddit,What can you tell about the situation of our world currently?,,6,9,1778740789.0,0.99,True,self.AskReddit
1tc6o5n,AskReddit,What's the quietest way someone can break your heart?,,48,102,1778693483.0,0.89,True,self.AskReddit
1tcu07v,AskReddit,"What is something you want to say NO, but it’s so hard and you can’t do it?",,2,8,1778754246.0,1.0,True,self.AskReddit
1tcpwr6,AskReddit,What is the worst makeup product you have used on oily skin?,,4,14,1778740634.0,0.83,True,self.AskReddit
1tctyzt,AskReddit,"What’s the most specific ""vibe"" or feeling you can describe that everyone will instantly recognize, but has absolutely no name in the English language?",,2,19,1778754139.0,0.75,True,self.AskReddit
1tcm9wf,AskReddit,What experience is a lot less fun than it sounds?,,7,60,1778729622.0,0.99,True,self.AskReddit
1tcrkdo,AskReddit,What is the most insane way someone ended up dead?,,3,11,1778746175.0,0.8,True,self.AskReddit
1tcrk5w,AskReddit,What Is Your Favorite Song Right Now ?,,3,13,1778746157.0,0.8,True,self.AskReddit
1tchld2,AskReddit,What’s a movie that genuinely changed the way you think ?,,12,57,1778717311.0,0.94,True,self.AskReddit
1tctvn4,AskReddit,What's something you love but pretend to be ignorant about it in front of others (for whatever reason)?,,2,2,1778753837.0,0.75,True,self.AskReddit
1tcoer0,AskReddit,How would you say Reddit benefits you on the daily?,,5,10,1778735899.0,0.86,True,self.AskReddit
1tcpspf,AskReddit,What's a compliment you received years ago that permanently altered how you see yourself?,,6,9,1778740256.0,0.79,True,self.AskReddit
1tctux2,AskReddit,"What’s a subtle sign someone isn’t actually interested in you, but people often ignore?",,2,2,1778753770.0,0.75,True,self.AskReddit
1tcps9g,AskReddit,What’s the most visually beautiful game you’ve ever played?,,3,11,1778740216.0,0.72,True,self.AskReddit
1tcrfxc,AskReddit,What is your favorite song of Freddy Mercury?,,3,15,1778745756.0,0.71,True,self.AskReddit
1tcrepl,AskReddit,What are your thoughts on men leaving the USA to find a partner?,,3,30,1778745647.0,0.8,True,self.AskReddit
1tcreje,AskReddit,What's the most underrated and overrated job in the USA?,,3,3,1778745636.0,0.8,True,self.AskReddit
1tchgbv,AskReddit,Couple who don’t deal with infidelity or lack of trust— what do you argue about?,,13,228,1778716950.0,0.76,True,self.AskReddit
1tcrcx9,AskReddit,What’s not inherently a red flag but is a dealbreaker for you?,,3,10,1778745490.0,0.71,True,self.AskReddit
1tcn3f2,AskReddit,What song always hits?,,8,37,1778731936.0,0.82,True,self.AskReddit
1tc7cfv,AskReddit,What is something you didn't do in the past that you now regret not doing?,,44,102,1778694841.0,0.88,True,self.AskReddit
1tcpns3,AskReddit,When did you realize you were surrounding yourself with noise and distractions just to avoid sitting alone with your thoughts?,,5,12,1778739829.0,0.86,True,self.AskReddit
1tctqcn,AskReddit,In what situations do regret tipping?,,3,9,1778753373.0,1.0,True,self.AskReddit
1tctpxq,AskReddit,Trends seem forced not organic. What’s your take on them nowadays?,,2,1,1778753334.0,0.75,True,self.AskReddit
1tctp7a,AskReddit,How do you feel about where you live?,,2,7,1778753272.0,1.0,True,self.AskReddit
1tcplny,AskReddit,"Women of reddit, what's one ick you can never tolerate when dating guys and why?",,8,59,1778739642.0,0.69,True,self.AskReddit
1tclxk6,AskReddit,What is one country or city you want to visit in your life?,,6,40,1778728647.0,0.8,True,self.AskReddit
1tcr9uv,AskReddit,What is a quote that changed your life forever?,,3,32,1778745195.0,0.72,True,self.AskReddit
1tctnep,AskReddit,What’s a secret you would carry to your death bed?,,2,18,1778753115.0,0.75,True,self.AskReddit
1tctn8e,AskReddit,What’s a moment that made you actually believe that intuition/gut feeling is a real thing?,,2,3,1778753101.0,1.0,True,self.AskReddit
1tcpjkx,AskReddit,What do you regret doing?,,4,15,1778739457.0,0.7,True,self.AskReddit
1tctldr,AskReddit,What’s the dumbest thing you’ve ever done while sleep-deprived?,,2,9,1778752933.0,0.75,True,self.AskReddit
1tcmx2f,AskReddit,What do you think is the most embarrassing way someone could die?,,7,42,1778731431.0,0.99,True,self.AskReddit
1tcphd9,AskReddit,What’s an opinion you only hear in private conversations because people are afraid to say it publicly?,,5,14,1778739253.0,0.78,True,self.AskReddit
1tcyobn,AskReddit,What is your ultimate weakness?,,1,0,1778766331.0,1.0,True,self.AskReddit
1tcynnf,AskReddit,What your favorite moment with that one person before you realized you love them ?,,1,0,1778766287.0,1.0,True,self.AskReddit
1tcync3,AskReddit,"What’s a time someone was making fun of you, but the joke was actually so funny you couldn’t help but laugh?",,1,1,1778766266.0,1.0,True,self.AskReddit
1tcynaf,AskReddit,What is the single greatest sports achievement you have witnessed in person?,,1,1,1778766263.0,1.0,True,self.AskReddit
1tcymw5,AskReddit,How would you deal with this?,,1,4,1778766238.0,1.0,True,self.AskReddit
1tcymod,AskReddit,What was turning point that led you to become vegan or carnivore?,,1,1,1778766224.0,1.0,True,self.AskReddit
1tcymic,AskReddit,What’s one comment that has been said to you that still sticks with you today? Good or bad?,,1,1,1778766214.0,1.0,True,self.AskReddit
1tcymef,AskReddit,"What are some trailers (for movies, games, series) that are a masterpiece on their own?",,1,0,1778766207.0,1.0,True,self.AskReddit
1tco108,AskReddit,What’s your smartest comeback during an argument?,,4,35,1778734741.0,0.63,True,self.AskReddit
1tcpfoi,AskReddit,What instantly ruins pizza for you?,,5,35,1778739101.0,0.72,True,self.AskReddit
1tcylxq,AskReddit,Do we need more data centers? Why or why not?,,1,2,1778766179.0,1.0,True,self.AskReddit
1tcyjq5,AskReddit,What if everything went as planned?,,0,5,1778766040.0,0.5,True,self.AskReddit
1tcpdui,AskReddit,What's something you did as a kid that you only realized was dangerous years later?,,3,13,1778738939.0,0.72,True,self.AskReddit
1tctg57,AskReddit,What would you say to someone who has had been suffering crippling anxiety &amp; depression and they just went to an interview?,,2,5,1778752483.0,1.0,True,self.AskReddit
1tctg46,AskReddit,What made you finally realise your purpose in life?,,2,14,1778752480.0,1.0,True,self.AskReddit
1tcyjgq,AskReddit,What is the most unique name you’ve come across that wasn’t completely made up?,,0,3,1778766023.0,0.5,True,self.AskReddit
1tcyiri,AskReddit,"How’s handcuff can be used in an effective way in intimate situations between couple, and what can be good tips for it?",,1,7,1778765979.0,0.67,True,self.AskReddit
1tcyinh,AskReddit,How is AI disrupting your life already?,,1,10,1778765972.0,0.67,True,self.AskReddit
1tcyim4,AskReddit,"Twins of Reddit, what is the craziest “twin telepathy” experience you have had?",,0,0,1778765970.0,0.5,True,self.AskReddit
1tcyil1,AskReddit,What unique physical feature do you find attractive?,,0,6,1778765968.0,0.5,True,self.AskReddit
1tcyhl9,AskReddit,"If you were given a time machine, would you travel to the future or the past? Why?",,1,7,1778765905.0,1.0,True,self.AskReddit
1tcyg5r,AskReddit,What's a sound that instantly transports you to a specific memory or place?,,1,12,1778765817.0,1.0,True,self.AskReddit
1tctd83,AskReddit,What do y'all do when got sore throat?,,2,24,1778752217.0,0.75,True,self.AskReddit
1tctd7k,AskReddit,"Property Managers, what’s it like? Thinking about late-life career change (from office/retail management). Are the certifications helpful for getting hired?",,2,0,1778752216.0,0.75,True,self.AskReddit
1tcyf3v,AskReddit,What’s a green flag you genuinely appreciate in people?,,1,5,1778765757.0,1.0,True,self.AskReddit
1tctcob,AskReddit,"When facing 5 completely different career paths, how do you decide which one to choose? [Serious]",,2,6,1778752164.0,1.0,True,self.AskReddit
1tctcnm,AskReddit,What's a smell that instantly unlocks a memory you forgot existed?,,2,5,1778752163.0,1.0,True,self.AskReddit
1tcydxt,AskReddit,What was your most embarrassing memory?,,1,7,1778765680.0,1.0,True,self.AskReddit
1tctc3r,AskReddit,What’s something you wish you can do but can’t?,,2,16,1778752110.0,1.0,True,self.AskReddit
1tcqyy9,AskReddit,What animal is the most dangerous that you'd never think is actually very dangerous?,,3,28,1778744172.0,1.0,True,self.AskReddit
1tcycw5,AskReddit,"Adults of Reddit, What is one thing that you regret buying the most?",,0,11,1778765613.0,0.5,True,self.AskReddit
1tctbe1,AskReddit,"If you had a magic delete button for one thing on earth, what would you erase?",,2,26,1778752046.0,1.0,True,self.AskReddit
1tcyckf,AskReddit,How does CHRGD handle royalties for franchisors?,,1,1,1778765590.0,1.0,True,self.AskReddit
1tcycid,AskReddit,What would be the funniest game to have controller support?,,1,5,1778765586.0,1.0,True,self.AskReddit
1tcyc0t,AskReddit,What's the most important life lesson you've learnt yet?,,1,13,1778765553.0,0.67,True,self.AskReddit
1tcybdu,AskReddit,"What's something you witnessed that made you realize, ""this person is incredibly intelligent""?",,1,5,1778765510.0,1.0,True,self.AskReddit
1tcyb9c,AskReddit,What’s something everyone complains about but secretly contributes to?,,1,7,1778765502.0,1.0,True,self.AskReddit
1tcnskd,AskReddit,What's one incident which you consider the happiest moment of your life?,,5,9,1778734041.0,0.86,True,self.AskReddit
1tct9lw,AskReddit,If you could bring anyone back to life who would it be and why?,,2,6,1778751887.0,1.0,True,self.AskReddit
1tcy9j1,AskReddit,What made you fall out with your best friend?,,1,8,1778765395.0,0.67,True,self.AskReddit
1tcquoc,AskReddit,"What’s the worst piece of career advice you’ve ever gotten, and why was it bad?",,4,19,1778743787.0,1.0,True,self.AskReddit
1tct7f3,AskReddit,"If you could be a GoT Westeros franchise character, which timeline what you want to be in and who would you represent for what reason?",,2,2,1778751683.0,0.75,True,self.AskReddit
1tct735,AskReddit,New HP laptop hung up. Any suggestions to reboot when power button is not responding?,,2,2,1778751653.0,0.75,True,self.AskReddit
1tcqtx1,AskReddit,What’s the weirdest phobia someone around you has?,,3,7,1778743710.0,1.0,True,self.AskReddit
1tcqtw2,AskReddit,"If you don't have photos of yourself on socials, why not?",,3,29,1778743708.0,0.8,True,self.AskReddit
1tcmgr4,AskReddit,What keeps you awake at night?,,6,68,1778730154.0,0.8,True,self.AskReddit
1tcy5x1,AskReddit,What do you think about Reconstructionists slowly trying to revive Jim-Crow era laws?,,1,4,1778765168.0,0.67,True,self.AskReddit
1tcy5vx,AskReddit,How do you shave your balls?,,1,37,1778765166.0,0.6,True,self.AskReddit
1tcy5un,AskReddit,What’s the last meal you ate and do you think a Redditor can guess you’re from off last meal you ate ?,,1,0,1778765164.0,1.0,True,self.AskReddit
1tcy5la,AskReddit,If God gave you a choice: “Choose any video game. Humanity will live as long as this game lives.” Which game would you choose?,,0,4,1778765148.0,0.5,True,self.AskReddit
1tcy51y,AskReddit,What was your favorite cartoon growing up?,,1,10,1778765115.0,1.0,True,self.AskReddit
1tcy4g8,AskReddit,What is the downside of never getting married?,,1,22,1778765079.0,1.0,True,self.AskReddit
1tcy4fo,AskReddit,Why everything concerning humans relations always has caveats?,,1,0,1778765079.0,1.0,True,self.AskReddit
1tcmfd5,AskReddit,You will never forgive yourself for one thing. What is that?,,6,20,1778730043.0,1.0,True,self.AskReddit
1tcy416,AskReddit,"Have you ever won anything from a radioshow? If so, what?",,1,4,1778765053.0,1.0,True,self.AskReddit
1tcy2h7,AskReddit,Autistic person here - How do you differentiate between someone being nice or having a joke vs them flirting ?,,1,11,1778764955.0,1.0,True,self.AskReddit
1tcy25h,AskReddit,How did meeting someone randomly online eventually lead to virtual intimacy for you?,,1,5,1778764935.0,0.67,True,self.AskReddit
1tcqr7f,AskReddit,What’s worse ? sleeping while too hot or waking up cold?,,3,12,1778743448.0,1.0,True,self.AskReddit
1tcqqfc,AskReddit,What’s a lie people tell themselves that keeps them stuck for years?,,3,19,1778743370.0,1.0,True,self.AskReddit
1tcmck1,AskReddit,How do you stop overthinking?,,7,39,1778729822.0,0.99,True,self.AskReddit
1tbl6e1,AskReddit,"If money is no issue, what's a must-have for your dream home?",,736,2916,1778635802.0,0.91,True,self.AskReddit
1tcy0av,AskReddit,What is something that instantly makes you think a person is smart?,,1,16,1778764813.0,1.0,True,self.AskReddit
1tct2sy,AskReddit,What is the scariest movie you have ever watched?,,2,24,1778751264.0,0.75,True,self.AskReddit
1tcxyxs,AskReddit,What was your scariest dream??,,1,7,1778764725.0,1.0,True,self.AskReddit
1tct0x6,AskReddit,"What’s the biggest sign someone is secretly sad, in your opinion?",,2,11,1778751088.0,1.0,True,self.AskReddit
1tcxwcv,AskReddit,What's your most expensive active subscription right now?,,1,8,1778764559.0,1.0,True,self.AskReddit
1tcxw8v,AskReddit,What is the coolest experience you have ever had?,,1,4,1778764552.0,1.0,True,self.AskReddit
1tcxw8o,AskReddit,"Is it possible to grow a website with Reddit? If yes, how?",,1,2,1778764551.0,1.0,True,self.AskReddit
1tcowj0,AskReddit,What’s the weirdest thing you’ve ever witnessed?,,5,18,1778737447.0,0.85,True,self.AskReddit
1tcszr2,AskReddit,What are some of your unusual/ oddly specific pet peeves?,,2,8,1778750984.0,1.0,True,self.AskReddit
1tcqmld,AskReddit,What are you waiting for..?,,3,11,1778743005.0,1.0,True,self.AskReddit
1tcou9c,AskReddit,What’s something broke people waste the most money on?,,5,55,1778737246.0,0.85,True,self.AskReddit
1tcndwk,AskReddit,What is one of your scariest experiences you’ll never forget?,,4,9,1778732817.0,0.75,True,self.AskReddit
1tcxrk2,AskReddit,Why do you think Americans are not fully well rested after a 2-day weekend?,,0,24,1778764251.0,0.43,True,self.AskReddit
1tcswas,AskReddit,"What is something that is surprisingly ""legal"" but feels like it should be a crime?",,2,22,1778750666.0,0.75,True,self.AskReddit
1tcsvs7,AskReddit,What’s the most emotionally damaging sentence a customer service worker can say politely?,,2,5,1778750616.0,1.0,True,self.AskReddit
1tcoryh,AskReddit,What’s the most underrated thing you’ve bought online?,,6,7,1778737049.0,0.99,True,self.AskReddit
1tcm39e,AskReddit,What was the best comeback to someone who thought they had power over you?,,5,49,1778729092.0,0.67,True,self.AskReddit
1tcor25,AskReddit,Which is the best country to visit and why according to you?,,4,23,1778736969.0,0.83,True,self.AskReddit
1tcxnua,AskReddit,"(Save the paranoid comments because there’s definitely odd people who live amongst us. ) Upstairs neighbors who follow their downstairs neighbors everywhere in the apartment , why do you do it ?",,0,4,1778764021.0,0.5,True,self.AskReddit
1tcqhle,AskReddit,This question has probably already been asked but Who do you think will be the last person at your funeral?,,2,18,1778742544.0,0.63,True,self.AskReddit
1tcnau8,AskReddit,What's your reason to live?,,5,25,1778732555.0,0.99,True,self.AskReddit
1tcxn1y,AskReddit,What’s the equivalent of “Shaved Beard” for women?,,1,10,1778763974.0,1.0,True,self.AskReddit
1tcxmk7,AskReddit,What is a 'poor man’s' luxury that you will continue to buy/do regardless of how much money you make?,,1,6,1778763946.0,1.0,True,self.AskReddit
1tcqgrl,AskReddit,What is your present situation in life?,,3,12,1778742465.0,0.8,True,self.AskReddit
1tcst4l,AskReddit,"Genuine question, What if you can change your past then which moment of life would you change? And why?",,2,9,1778750365.0,0.75,True,self.AskReddit
1tcqfwe,AskReddit,What is something people secretly want in relationships but are too afraid to admit?,,3,19,1778742385.0,0.8,True,self.AskReddit
1tcssfd,AskReddit,"What is a ""poor person food"" that you will continue to eat no matter how much money you make?",,2,21,1778750299.0,0.75,True,self.AskReddit
1tcqeqb,AskReddit,"What’s something you forgave yourself for, even if no one else did?",,3,8,1778742276.0,0.8,True,self.AskReddit
1tcqd8w,AskReddit,What is your favorite song?,,3,12,1778742142.0,0.99,True,self.AskReddit
1tcn5pn,AskReddit,What do you look like you would be named based on your physical appearance (that’s not your actual name)?,,5,20,1778732129.0,0.78,True,self.AskReddit
1tc0abl,AskReddit,what song would you like to remember when you take your last breath?,,68,225,1778680275.0,0.82,True,self.AskReddit
1tcxfhg,AskReddit,What do guys look for in a girl outside of physical beauty?,,1,14,1778763513.0,1.0,True,self.AskReddit
1tcxetc,AskReddit,Do You Think That The US And China Would Actually Start World War III Over Taiwan? Yes Or No? Why Your Thoughts?,,1,4,1778763465.0,0.67,True,self.AskReddit
1tcsnsp,AskReddit,What advice would you give yourself 10 years ago?,,2,16,1778749889.0,0.75,True,self.AskReddit
1tcojcm,AskReddit,"If you were offered the chance to become a vampire to live forever in your current physical youth, but the catch is you can never step into the sunlight again to survive, would you take it? Why or why not?",,4,11,1778736296.0,0.83,True,self.AskReddit
1tcxdc2,AskReddit,"Men, what’s better than hearing ‘Hey sexy’ when you’re wife wants you?",,0,7,1778763368.0,0.5,True,self.AskReddit
1tcxd9j,AskReddit,What was the best customer support experience that you ever had?,,1,7,1778763364.0,1.0,True,self.AskReddit
1tcqaam,AskReddit,What's something you used to judge people for that you now completely understand?,,4,12,1778741892.0,0.83,True,self.AskReddit
1tcxd88,AskReddit,What’s the craziest thing you’ve done because you were horny?,,0,10,1778763361.0,0.5,True,self.AskReddit
1tcxbwe,AskReddit,Why did trump made gasoline prices go up worldwide ?,,1,48,1778763272.0,0.52,True,self.AskReddit
1tcxavs,AskReddit,How did social media ruin the dating scene?,,0,14,1778763205.0,0.33,True,self.AskReddit
1tcsl1n,AskReddit,What's the best platform to find meaningful connection based on shared interests?,,2,12,1778749634.0,0.67,True,self.AskReddit
1tcjkym,AskReddit,What’s a universally enjoyed smell that you don’t like?,,7,60,1778722495.0,0.73,True,self.AskReddit
1tcx8j1,AskReddit,Reddit or twitter (x) and why?,,1,38,1778763042.0,0.56,True,self.AskReddit
1tcoew8,AskReddit,What’s the one Reddit thread or community that made you say 'enough internet for today?,,2,9,1778735912.0,0.67,True,self.AskReddit
1tcx7fz,AskReddit,What is a 'poor man's' habit that stayed with you even after you became financially stable?,,1,16,1778762973.0,0.67,True,self.AskReddit
1tcq5q7,AskReddit,What's the best advice you ever received?,,3,11,1778741460.0,0.8,True,self.AskReddit
1tcshpg,AskReddit,"What's something you thought was totally normal growing up, only to realize later it was just your family or local area?",,2,2,1778749310.0,0.75,True,self.AskReddit
1tcq4s8,AskReddit,How do you handle the situation when you have to face the people you don't like everyday?,,3,7,1778741374.0,0.8,True,self.AskReddit
1tcq4nc,AskReddit,How can one fail a job interview within 10 seconds of starting?,,4,17,1778741363.0,0.83,True,self.AskReddit
1tcocsv,AskReddit,"Hypothetical situation: You're 40 and you lost your job, car and house because your company laid you off and the skill set you learned over 20 years is now obsolete, but you have $60,000 in savings, what do you do now?",,5,24,1778735725.0,0.85,True,self.AskReddit
1tckgt4,AskReddit,What's your favorite roadtrip memory/souvenir?,,7,14,1778724757.0,0.89,True,self.AskReddit
1tcx4o8,AskReddit,What’s a “rich person thing” that actually turns out to be a waste of money?,,1,37,1778762784.0,0.57,True,self.AskReddit
1tcsghk,AskReddit,"To guys, what is it about a woman that makes you long for her?",,2,11,1778749212.0,0.67,True,self.AskReddit
1tclkzb,AskReddit,How do you take your coffee?,,5,66,1778727701.0,0.69,True,self.AskReddit
1tbhohn,AskReddit,What's the most irresponsible thing you've ever blown money on?,,1055,1039,1778626776.0,0.95,True,self.AskReddit
1tcx37g,AskReddit,What is the most unsettling thing a child has ever said to you?,,1,12,1778762685.0,1.0,True,self.AskReddit
1tc7ee6,AskReddit,"If animals could leave Yelp reviews about humans, what species would roast us the hardest?",,32,59,1778694953.0,0.92,True,self.AskReddit
1tcii34,AskReddit,Whats the cutest thing you've seen recently?,,8,23,1778719729.0,0.84,True,self.AskReddit
1tcx2y6,AskReddit,What’s the most believable lie you’ve ever heard?,,1,6,1778762668.0,1.0,True,self.AskReddit
1tcoaj1,AskReddit,What is your go-to when you have the munchies?,,2,19,1778735531.0,0.67,True,self.AskReddit
1tcseu6,AskReddit,Why can't we just keep price of everything the same forever?,,0,24,1778749064.0,0.5,True,self.AskReddit
1tcx1x2,AskReddit,What’s the funniest/weirdest answer your parents gave when you asked where babies come from ?,,1,3,1778762599.0,1.0,True,self.AskReddit
1tcq1b6,AskReddit,What is a song you’ve heard so much to the point of being sick of it?,,3,6,1778741058.0,0.8,True,self.AskReddit
1tcwzzz,AskReddit,"What are you supposed to say when someone jokingly says ""No!"" after you ask for a simple favor?",,1,7,1778762467.0,1.0,True,self.AskReddit
1tcwzvy,AskReddit,What causes you to be rude to someone if they’re not rude to you?,,1,6,1778762459.0,1.0,True,self.AskReddit
1tcwz7r,AskReddit,What’s your Michael Beasley greatest quote?,,1,3,1778762414.0,1.0,True,self.AskReddit
1tco7r1,AskReddit,What’s a poor person habit you wouldn’t stop doing even if you won the lottery?,,2,22,1778735295.0,0.67,True,self.AskReddit
1tcwyq1,AskReddit,"People who became suddenly rich, what changed the fastest?",,1,5,1778762383.0,0.67,True,self.AskReddit
1tco6s2,AskReddit,What's the worst trend/meme to ever exist?,,3,13,1778735212.0,0.72,True,self.AskReddit
1tcwwbv,AskReddit,What the logic behind fathers that ask their wives for kids but then abandon their family and do not want to be in child’s life?,,1,8,1778762214.0,0.67,True,self.AskReddit
1tcwvxj,AskReddit,"after getting cheated on , how did you react ? if you stayed how did you forgive them or feel afterwards?",,0,13,1778762185.0,0.5,True,self.AskReddit
1tcwvx4,AskReddit,What’s the most overhyped song album in your opinion?,,1,5,1778762184.0,0.67,True,self.AskReddit
1tcmo48,AskReddit,What is your favorite excuse to stay home?,,7,24,1778730727.0,0.99,True,self.AskReddit
1tcs9zj,AskReddit,What’s the craziest business idea you have ever thought of ?,,2,9,1778748602.0,0.75,True,self.AskReddit
1tcwver,AskReddit,What is something you desperately need to tell someone?,,1,4,1778762147.0,1.0,True,self.AskReddit
1tco4us,AskReddit,What are possible explanations when you kill a gnome in your sleep?,,2,4,1778735051.0,0.67,True,self.AskReddit
1tcmn90,AskReddit,What is the most overrated movie you have ever seen?,,5,130,1778730662.0,0.62,True,self.AskReddit
1tcpwq6,AskReddit,What would your three wishes be for the genie (standard genie rules apply)?,,3,12,1778740631.0,0.8,True,self.AskReddit
1tcs9dx,AskReddit,What do you think about Flock Cameras that are all over the US. Invasion Privacy?,,2,6,1778748545.0,0.75,True,self.AskReddit
1tcwtt9,AskReddit,What does feeling like you are on the verge of a panic attack at every minor inconvenience mean?,,1,12,1778762032.0,1.0,True,self.AskReddit
1tcwrew,AskReddit,What food acts rich but is actually cheap?,,1,29,1778761862.0,0.6,True,self.AskReddit
1tcs6sz,AskReddit,What shouldn’t we not do in order to not do what we shouldn’t do?,,2,3,1778748307.0,0.75,True,self.AskReddit
1tcwr89,AskReddit,What TV show ended too soon?,,1,7,1778761849.0,1.0,True,self.AskReddit
1tcwr52,AskReddit,Whats something that feels like a game but is actually pretty serious?,,2,4,1778761843.0,1.0,True,self.AskReddit
1tco0oj,AskReddit,What’s the worst thing that’s happened to you or your partner during sex?,,5,53,1778734715.0,0.62,True,self.AskReddit
1tcfxxa,AskReddit,What’s something you became obsessed with for about two weeks and then forgot about?,,13,38,1778713244.0,0.88,True,self.AskReddit
1tcwpz6,AskReddit,"Homeowners, what's a good washer / dryer brand. Is Speed Queen worth the extra $?",,1,7,1778761763.0,0.67,True,self.AskReddit
1tcwpkn,AskReddit,"Which is the better hamburger, McDonald's or Burger King?",,2,9,1778761734.0,1.0,True,self.AskReddit
1tcs5f9,AskReddit,What is the weirdest/creepiest text you have ever gotten?,,2,9,1778748179.0,0.75,True,self.AskReddit
1tcs5c0,AskReddit,"What is a niche corner of the internet you frequent that has been unaffected by AI, and what makes it resilient?",,2,7,1778748169.0,0.75,True,self.AskReddit
1tcahaz,AskReddit,Whats your favourite activity as a couple?,,23,75,1778701261.0,0.87,True,self.AskReddit
1tcs4jl,AskReddit,What’s something people get praised for that actually shouldn’t be respected at all?,,2,11,1778748094.0,0.75,True,self.AskReddit
1tcs4g0,AskReddit,What is your favorite thing to eat late at night?,,2,13,1778748084.0,0.75,True,self.AskReddit
1tcwmg1,AskReddit,"How would you react if a close friend got his ex pregnant, the ex want to keep the baby, but your friend does not want to be involved?",,2,17,1778761519.0,1.0,True,self.AskReddit
1tcwmey,AskReddit,What is the best age to get married for men?,,0,55,1778761517.0,0.47,True,self.AskReddit
1tcwm1d,AskReddit,What did you consider to choose your car brand?,,1,14,1778761488.0,1.0,True,self.AskReddit
1tcnwsa,AskReddit,"People who have dated someone from a very different cultural or ethnic background than your own, what surprised you the most?",,3,10,1778734390.0,0.72,True,self.AskReddit
1tc73cn,AskReddit,What song would you want played at your funeral?,,29,176,1778694320.0,0.78,True,self.AskReddit
1tcpord,AskReddit,Whats people thoughts on all yhe AI music surfacing?,,1,12,1778739911.0,0.55,True,self.AskReddit
1tcs18h,AskReddit,What’s a piece of ancient history you think deserves way more attention than it gets?,,2,13,1778747785.0,0.75,True,self.AskReddit
1tcpniy,AskReddit,What tip can you give to your younger self?,,3,10,1778739809.0,0.8,True,self.AskReddit
1tcwitz,AskReddit,"People in healthcare: did any of you start out as anxious or health-anxious people? If so, how did you stop yourself from spiralling after constantly being around illness and medical issues?",,1,4,1778761259.0,1.0,True,self.AskReddit
1tcpmj1,AskReddit,How are we feeling about jorts now?,,3,14,1778739719.0,0.8,True,self.AskReddit
1tcwf4b,AskReddit,"Christians of Reddit, what is the single best evidence that Christianity is true?",,0,58,1778761007.0,0.44,True,self.AskReddit
1tcjq1n,AskReddit,What's the secret to being happy?,,8,38,1778722868.0,1.0,True,self.AskReddit
1tcpi47,AskReddit,"What is the stupidest, funniest or embarrassing thing you did?",,3,8,1778739324.0,0.8,True,self.AskReddit
1tcrvc0,AskReddit,How do you keep love fresh after being together long?,,2,23,1778747227.0,0.75,True,self.AskReddit
1tcrvb5,AskReddit,What makes a relationship feel truly comfortable?,,2,12,1778747225.0,0.75,True,self.AskReddit
1tcwbg5,AskReddit,What’s the craziest place you’ve ever flirted with someone?,,0,15,1778760750.0,0.5,True,self.AskReddit
1tcwatb,AskReddit,"If you had 1 billion dollars right now, and you had to spend it for the benefits of others, how would you use it?",,1,49,1778760703.0,0.56,True,self.AskReddit
1tcnmwh,AskReddit,What’s a completely normal thing that secretly feels like a luxury now?,,4,26,1778733558.0,0.83,True,self.AskReddit
1tcm49s,AskReddit,What is everyone’s go to fun fact about themselves when doing an icebreaker?,,5,53,1778729170.0,0.67,True,self.AskReddit
1tcw9ig,AskReddit,Friday is almost here! What’s that one thing keeping you motivated to get through the next 24 hours?,,1,19,1778760614.0,0.67,True,self.AskReddit
1tcpg4i,AskReddit,What was the moment you realized your phone was actually making you feel worse and not better?,,4,19,1778739139.0,0.83,True,self.AskReddit
1tcpeoj,AskReddit,"What is a movie/book that is a 10/10, but you will never watch/read ever again because it was too emotionally taxing?",,3,5,1778739014.0,0.8,True,self.AskReddit
1tcm2fn,AskReddit,What’s something that still haunts you to this day?,,6,29,1778729025.0,0.87,True,self.AskReddit
1tcw6hj,AskReddit,"Women of Reddit who are 30 years old or older, why are you single?",,1,28,1778760392.0,0.55,True,self.AskReddit
1tcw6em,AskReddit,How do you thinking the increased prevalence of marijuana use has impacted overall society?,,0,17,1778760386.0,0.5,True,self.AskReddit
1tcw60f,AskReddit,What's the craziest story about cheating you've ever heard?,,1,5,1778760358.0,1.0,True,self.AskReddit
1tcrqzl,AskReddit,What's something that you regret about till this point?,,2,12,1778746809.0,0.75,True,self.AskReddit
1tcw5qq,AskReddit,Where would be best to get honest opinions of music?,,0,2,1778760338.0,0.5,True,self.AskReddit
1tcpcpb,AskReddit,What is the downside of having a good heart?,,2,13,1778738840.0,0.63,True,self.AskReddit
1tcrqdj,AskReddit,What is considered fun for you?,,2,12,1778746751.0,0.67,True,self.AskReddit
1tcw51w,AskReddit,What is a show that everyone said it sucked but you actually liked?,,1,9,1778760286.0,1.0,True,self.AskReddit
1tcpc7l,AskReddit,What's a skill that seems hard but is actually easy to learn?,,3,9,1778738794.0,0.8,True,self.AskReddit
1tcw40j,AskReddit,For those who have been through it: what actually helps when supporting someone close to you who is dealing with addiction?,,1,3,1778760210.0,0.67,True,self.AskReddit
1tcpbbh,AskReddit,What is a word that feels/is exclusive to your country?,,3,7,1778738714.0,0.8,True,self.AskReddit
1tcpb8b,AskReddit,What’s the weirdest “rich person” behavior you’ve personally seen?,,3,4,1778738706.0,0.8,True,self.AskReddit
1tcw37e,AskReddit,What's the strangest thing that's ever happened to you?,,1,8,1778760155.0,1.0,True,self.AskReddit
1tcw2g6,AskReddit,What is a fact so unsettling that it actually changed the way you live your life?,,1,2,1778760101.0,1.0,True,self.AskReddit
1tcw1oh,AskReddit,"You are a mad scientist who wants to create something new the world hasn't seen before by combining bug DNA with that of an animal, what creature will you create and why?",,1,8,1778760054.0,1.0,True,self.AskReddit
1tcw10b,AskReddit,"If you could teleport to one place in the world and back for a day trip, where would you go?",,1,8,1778760020.0,1.0,True,self.AskReddit
1tcid9e,AskReddit,If crime was legal for a day what would you do?,,7,128,1778719371.0,0.69,True,self.AskReddit
1tckj8e,AskReddit,Which book left a deep impression on you? and why?,,6,24,1778724933.0,0.8,True,self.AskReddit
1tcvz7p,AskReddit,"Porn addicts, how did you overcome your addiction?",,1,6,1778759901.0,1.0,True,self.AskReddit
1tcvyth,AskReddit,"In your Opinion, what is the funniest joke/moment in any movie?",,1,7,1778759872.0,1.0,True,self.AskReddit
1tcvy9s,AskReddit,Is there a way to UBI w/o AI? Why/why not?,,0,5,1778759833.0,0.33,True,self.AskReddit
1tcvy3r,AskReddit,How excited are you for subnautica 2?,,1,3,1778759820.0,0.6,True,self.AskReddit
1tcltd6,AskReddit,What custom were you pressured to follow as a kid that you’re glad you resisted?,,6,4,1778728329.0,0.99,True,self.AskReddit
1tcvxe5,AskReddit,What are some hobbies that have been taken over by adults to the detriment of being accessible to children?,,0,4,1778759767.0,0.5,True,self.AskReddit
1tcvx5t,AskReddit,"What is the major you study/ studied, and what are the misconceptions people have about your major?",,0,2,1778759749.0,0.5,True,self.AskReddit
1tcvwzl,AskReddit,Mystery VS Point-to-Point Which Communication style Do You prefer? And What you think Mystery makes you think more?,,0,2,1778759737.0,0.5,True,self.AskReddit
1tcrkje,AskReddit,What was the small thing that made you quietly realize your relationship wasn’t the same anymore?,,2,6,1778746189.0,0.67,True,self.AskReddit
1tcrkdm,AskReddit,What is the most painful thing a child has ever said to you?,,2,3,1778746175.0,0.75,True,self.AskReddit
1tcvwlh,AskReddit,if you could have one wish fulfilled what would it be?,,0,4,1778759706.0,0.5,True,self.AskReddit
1tcvwin,AskReddit,What one piece of advice which you originally ignored turned out to be a gem later?,,0,1,1778759700.0,0.5,True,self.AskReddit
1tboqzp,AskReddit,What do you think happens when you die?,,342,1280,1778645527.0,0.81,True,self.AskReddit
1tcvw31,AskReddit,When did you last lick your elbow?,,0,3,1778759667.0,0.5,True,self.AskReddit
1tcvvb7,AskReddit,What was your most life changing experience?,,0,5,1778759611.0,0.5,True,self.AskReddit
1tcvuz3,AskReddit,Are you a cat or dog person and why?,,0,9,1778759586.0,0.5,True,self.AskReddit
1tcp4bu,AskReddit,What’s a small lie everyone tells almost daily?,,3,14,1778738110.0,0.71,True,self.AskReddit
1tcvucq,AskReddit,You don't watch documentaries? You avoid them completely? Why?,,0,7,1778759542.0,0.5,True,self.AskReddit
1tcvt6w,AskReddit,What would internet slang be like if everyone spoke only British English?,,0,6,1778759454.0,0.5,True,self.AskReddit
1tcrhce,AskReddit,What’s something most people don’t realize is extremely difficult until they try it themselves?,,2,10,1778745890.0,0.75,True,self.AskReddit
1tcn877,AskReddit,Be honest—what instantly makes you think ‘nope’ even if everything else is perfect?,,5,11,1778732334.0,0.99,True,self.AskReddit
1tcrgwq,AskReddit,What's a secret you're taking to the grave and never telling anyone?,,2,5,1778745850.0,0.75,True,self.AskReddit
1tcvrnt,AskReddit,What was your reasoning behind having a kid in this economy/presidency?,,0,10,1778759345.0,0.5,True,self.AskReddit
1tcvqpc,AskReddit,What do you do when you feel emotionally exhausted and just want peace for a while?,,1,12,1778759278.0,0.67,True,self.AskReddit
1tcrfc0,AskReddit,What’s a small daily thing your partner does that makes you feel loved?,,2,10,1778745701.0,0.75,True,self.AskReddit
1tcrf1t,AskReddit,What’s something you accidentally did as a child that you got away with?,,2,10,1778745675.0,0.75,True,self.AskReddit
1tcn5of,AskReddit,What’s your most expensive mistake?,,4,23,1778732126.0,0.99,True,self.AskReddit
1tcvpu4,AskReddit,What is a TV show intro that is impossible to skip?,,2,16,1778759213.0,0.75,True,self.AskReddit
1tcreqh,AskReddit,What happy things happened today?,,2,4,1778745648.0,0.75,True,self.AskReddit
1tcre6j,AskReddit,How do new/inexperienced redditors gain “rapport” to engage in areas of interest with so many auto-bans and comment requirements?,,2,2,1778745611.0,0.75,True,self.AskReddit
1tc5xvj,AskReddit,What's the worst task that you might have to do on any given day at your job?,,34,94,1778692023.0,0.85,True,self.AskReddit
1tcn4l6,AskReddit,What is/was your current or former nickname?,,3,12,1778732032.0,0.72,True,self.AskReddit
1tcvomh,AskReddit,What are the documented steps for having peace?,,0,8,1778759123.0,0.5,True,self.AskReddit
1tcrdgh,AskReddit,"After arguing with your friend, what do you do to make things better?",,2,4,1778745545.0,1.0,True,self.AskReddit
1tcoxe3,AskReddit,whats your best motto in life?,,3,7,1778737520.0,0.8,True,self.AskReddit
1tcrbf4,AskReddit,What hobby unexpectedly changed your life?,,2,10,1778745343.0,1.0,True,self.AskReddit
1tcvksy,AskReddit,What is the end game of what seems to be quality of life for everyone but ultra wealthy decreasing at a significant rate?,,0,13,1778758834.0,0.5,True,self.AskReddit
1tcvkiy,AskReddit,"Escorts, dancers, anyone who does type of R18+ work. Why did you it, Are you still there and Why and why not?",,0,1,1778758812.0,0.43,True,self.AskReddit
1tcvk0m,AskReddit,What Is Your Common Handwriting/grasp Grip? Standard Tripod (1 finger above pen) or Quadrupod (2 fingers above pen)?,,0,4,1778758776.0,0.5,True,self.AskReddit
1tcmygr,AskReddit,What’s something you would say to your younger self?,,5,28,1778731544.0,0.99,True,self.AskReddit
1tcot8m,AskReddit,how do you survive being alone all day?,,3,7,1778737160.0,0.8,True,self.AskReddit
1tcvi33,AskReddit,"How should ""library"" be abbreviated? It's unclear which r is omitted in lie-brie - where should the apostrophe be?",,0,5,1778758628.0,0.33,True,self.AskReddit
1tcvh4r,AskReddit,If you have avoidant attachment - how do you feel in relationships? Why do you want to destroy them so much?,,1,21,1778758554.0,0.57,True,self.AskReddit
1tcr6r7,AskReddit,What’s a quiet habit you keep hidden from most people around you?,,3,13,1778744896.0,1.0,True,self.AskReddit
1tchr96,AskReddit,What’s the secret of getting rich?,,10,115,1778717743.0,0.65,True,self.AskReddit
1tcr614,AskReddit,Which singer/actor do you still think about because they had so much potential or passed away too soon?,,2,3,1778744822.0,1.0,True,self.AskReddit
1tcvefj,AskReddit,What do you think about as you’re falling asleep?,,0,10,1778758360.0,0.5,True,self.AskReddit
1tcoq2f,AskReddit,"People who studied finance, what has your career and salary progression been like?",,3,5,1778736879.0,0.8,True,self.AskReddit
1tcvdt7,AskReddit,What is the downside of never taking risks?,,0,10,1778758318.0,0.5,True,self.AskReddit
1tcr577,AskReddit,What are your thoughts on the Fanta virus?,,2,11,1778744744.0,1.0,True,self.AskReddit
1tcmtn5,AskReddit,Married people of reddit - how did you decide whether to have or not have a kid?,,6,26,1778731177.0,0.87,True,self.AskReddit
1tcr4oo,AskReddit,whats  your greatest wisdom ?,,2,11,1778744698.0,1.0,True,self.AskReddit
1tcr4mi,AskReddit,Whats that one weird thing that you secretly love?,,2,6,1778744691.0,1.0,True,self.AskReddit
1tcvche,AskReddit,How does bans and comments being removed on Reddit work if you’re a person but in your bio you have links to social media/business?,,1,4,1778758215.0,0.67,True,self.AskReddit
1tcvbqv,AskReddit,Which is the best tennis national team?,,0,6,1778758162.0,0.43,True,self.AskReddit
1tcecff,AskReddit,What’s the funniest adult joke said at the family dinner that you couldn’t laugh at because you were too young?,,14,34,1778709520.0,0.72,True,self.AskReddit
1tcv9h1,AskReddit,What’s the worst awkward moment caused by social anxiety?,,0,5,1778757983.0,0.33,True,self.AskReddit
1tcr182,AskReddit,What difficult conversations are important to have with your kids?,,2,11,1778744377.0,1.0,True,self.AskReddit
1tcok8v,AskReddit,"If pizza could talk, what topping would complain the most?",,3,35,1778736372.0,0.6,True,self.AskReddit
1tcezd6,AskReddit,What is your favorite kind of cake?,,11,51,1778710962.0,1.0,True,self.AskReddit
1tcqzut,AskReddit,what is a popular piece of modern technology that secretly makes everyones life significantly worse?,,2,21,1778744253.0,0.75,True,self.AskReddit
1tcojos,AskReddit,Which game’s first level is burned into your memory forever?,,5,19,1778736322.0,0.85,True,self.AskReddit
1tcqzjm,AskReddit,What do you do to save money?,,2,8,1778744225.0,1.0,True,self.AskReddit
1tcoio2,AskReddit,What are the underrated tourist spots in the world?,,1,6,1778736234.0,0.57,True,self.AskReddit
1tcv5rt,AskReddit,What’s the most unprofessional thing you’ve seen at work?,,1,6,1778757687.0,1.0,True,self.AskReddit
1tcjk70,AskReddit,What’s the drug that’s saddest to do alone?,,7,59,1778722435.0,0.67,True,self.AskReddit
1tcv27t,AskReddit,How awkward was it when you slept with someone and both of you were losing your v card?,,1,4,1778757407.0,0.6,True,self.AskReddit
1tckx6j,AskReddit,What is your favourite song?,,6,23,1778725943.0,0.8,True,self.AskReddit
1tcmhhy,AskReddit,What is one career you honestly believe is completely bulletproof from AI automation ?,,2,64,1778730214.0,0.63,True,self.AskReddit
1tcv0ga,AskReddit,Have you ever found a post about you on Reddit from someone you know? What was it about?,,1,1,1778757273.0,0.67,True,self.AskReddit
1tcuzxs,AskReddit,Which artist's second album is their best/your favorite?,,1,10,1778757233.0,1.0,True,self.AskReddit
1tcod30,AskReddit,What are you sick and tired of?,,3,24,1778735748.0,0.8,True,self.AskReddit
1tcocxf,AskReddit,"Are you scared to die? If yes, why?",,3,27,1778735734.0,0.8,True,self.AskReddit
1tcuz2o,AskReddit,How do you pack your lunch for work?,,1,5,1778757164.0,1.0,True,self.AskReddit
1tcuz0m,AskReddit,What's a subtle sign your ex is still into you?,,0,4,1778757159.0,0.5,True,self.AskReddit
1tcuyly,AskReddit,What purchase under $50 dramatically improved your life?,,0,5,1778757127.0,0.33,True,self.AskReddit
1tcuxoj,AskReddit,How are Owen Gray and Rocco Siffredi different from each other?,,0,1,1778757060.0,0.33,True,self.AskReddit
1tcuwsb,AskReddit,"What hurts more, getting punched in the face or getting punched in the stomach?",,1,16,1778756995.0,0.67,True,self.AskReddit
1tcuwpf,AskReddit,What’s a small purchase under $50 that genuinely improved your daily life?,,1,2,1778756989.0,0.67,True,self.AskReddit
1tbgw50,AskReddit,What are the signs that your partner no longer loves you?,,863,420,1778624853.0,0.92,True,self.AskReddit
1tcuw2f,AskReddit,What purchase under $50 dramatically improved your life?,,1,16,1778756935.0,0.57,True,self.AskReddit
1tcqq4u,AskReddit,"What’s a social norm that you think is actually toxic, even though everyone accepts it?",,2,19,1778743341.0,1.0,True,self.AskReddit
1tcqpv9,AskReddit,"What’s a small thing your partner does that makes you feel unappreciated, even if they don’t mean it?",,2,7,1778743319.0,1.0,True,self.AskReddit
1tcqpuz,AskReddit,What helped you get more sales in your online business?,,2,1,1778743319.0,1.0,True,self.AskReddit
1tcqpoe,AskReddit,What’s the weirdest thing you believed as a kid because an adult said it?,,2,3,1778743301.0,1.0,True,self.AskReddit
1tcj9qq,AskReddit,What do you think your younger self would think of who you are today?,,6,21,1778721656.0,0.88,True,self.AskReddit
1tcqnvq,AskReddit,"Peeps of reddit, what is the reason youre single at the moment?",,2,17,1778743126.0,1.0,True,self.AskReddit
1tcqnns,AskReddit,When is lying the best option?,,2,5,1778743105.0,1.0,True,self.AskReddit
1tcusfs,AskReddit,"Do divorced people actually still love each other, and why?",,1,18,1778756641.0,0.67,True,self.AskReddit
1tcurts,AskReddit,What’s the biggest red flag that makes you avoid an online research supplier?,,1,0,1778756595.0,1.0,True,self.AskReddit
1tc7ka3,AskReddit,What’s the most aggressively useless talent you possess?,,24,125,1778695273.0,0.85,True,self.AskReddit
1tcqmhx,AskReddit,What do spiders taste like?,,2,7,1778742998.0,1.0,True,self.AskReddit
1tcqlou,AskReddit,What is the funniest way to greet another person?,,2,1,1778742926.0,1.0,True,self.AskReddit
1tco418,AskReddit,"Reddit, if you could pick one real person actor or actress to be, and assume any or all parts of any character they've ever played, who would it be?",,2,2,1778734980.0,0.63,True,self.AskReddit
1tci00y,AskReddit,Why do you miss old YouTube?,,7,27,1778718389.0,0.89,True,self.AskReddit
1tcql1k,AskReddit,What you had for breakfast?,,2,13,1778742861.0,0.75,True,self.AskReddit
1tcuozu,AskReddit,If you could redo 1 moment of your life what would it be?,,1,3,1778756386.0,1.0,True,self.AskReddit
1tcuod0,AskReddit,Which is the best AI automation tool for meta ads?,,1,4,1778756333.0,0.6,True,self.AskReddit
1tcm4zc,AskReddit,What’s something you realized later in life?,,4,36,1778729225.0,0.64,True,self.AskReddit
1tcunrw,AskReddit,What is the easiest strumming patterns in guitars for beginners?,,1,1,1778756284.0,0.67,True,self.AskReddit
1tcunoq,AskReddit,Genuine question: Do you think schools prepare students for real careers or mainly just exams? What do you think?,,1,6,1778756277.0,1.0,True,self.AskReddit
1tcums4,AskReddit,What was your “fight or flight “ moment?,,1,2,1778756199.0,1.0,True,self.AskReddit
1tcumcl,AskReddit,Why do you think humans exist?,,1,48,1778756163.0,0.56,True,self.AskReddit
1tcm1qm,AskReddit,What’s a smell that instantly brings back memories?,,2,15,1778728972.0,0.63,True,self.AskReddit
1tcul1c,AskReddit,Who is the richest women who hasn't got her money from her divorce or partner and is self made?,,0,22,1778756053.0,0.5,True,self.AskReddit
1tcukw7,AskReddit,What jobs or physical processes still have to be done almost the same way they were 100 years ago despite advances in technology?,,0,3,1778756043.0,0.5,True,self.AskReddit
1tcuko2,AskReddit,What are your opinion on Gilmore girls?,,0,4,1778756024.0,0.5,True,self.AskReddit
1tcukfz,AskReddit,"If you woke up tomorrow with the ability to read minds, but only for 24 hours, whose thoughts would you read first?",,0,8,1778756004.0,0.33,True,self.AskReddit
1tcukfx,AskReddit,"What was the Tumblr app a decade ago? Was it like Instagram is now, or what was it used for?",,0,1,1778756004.0,0.33,True,self.AskReddit
1tciz5f,AskReddit,What does it feel like to know that you spend roughly a third of your entire life asleep 8 hours a day and you’ll never really experience that time at all?,,6,25,1778720901.0,0.88,True,self.AskReddit
1tcuj5y,AskReddit,"What’s trend that you wish would come back, go away or not exist at all?",,1,3,1778755893.0,0.6,True,self.AskReddit
1tcuisn,AskReddit,What’s something that looks like discipline but is actually damages our mental health?,,1,11,1778755861.0,0.67,True,self.AskReddit
1tcuioa,AskReddit,Why’s the first movie you ever watched in the theaters?,,0,14,1778755853.0,0.5,True,self.AskReddit
1tcuiez,AskReddit,Baby reveals - who prepares the cake or the balloons etc for the couple to reveal? Or do the parents already know?,,1,1,1778755828.0,0.67,True,self.AskReddit
1tcqelv,AskReddit,What’s something people do that immediately drains your energy?,,2,10,1778742266.0,0.75,True,self.AskReddit
1tcuhyn,AskReddit,What’s the easiest way you’ve ever made money?,,0,7,1778755793.0,0.5,True,self.AskReddit
1tbusl9,AskReddit,What movie or series that you can watch over and over again?,,105,605,1778665396.0,0.81,True,self.AskReddit
1tcnvvc,AskReddit,What’s something you instantly judge people for?,,3,13,1778734312.0,0.8,True,self.AskReddit
1tcuhpg,AskReddit,What’s the product you believe is the best example of “buy it nice or buy it twice”?,,1,3,1778755772.0,0.6,True,self.AskReddit
1tcnvja,AskReddit,What are you planning for your birthday in 2026?,,3,14,1778734282.0,0.8,True,self.AskReddit
1tcugt5,AskReddit,"If you could remove ONE thing from the current education system and replace it with something more useful, what would it be?",,1,3,1778755703.0,0.66,True,self.AskReddit
1tcugpr,AskReddit,What’s something people do when no one is watching that explains their result?,,1,2,1778755695.0,1.0,True,self.AskReddit
1tcugj9,AskReddit,What’s the laziest thing you’ve ever done?,,2,5,1778755682.0,1.0,True,self.AskReddit
1tcugcl,AskReddit,What’s the most interesting way you’ve seen a computer get destroyed?,,1,0,1778755664.0,1.0,True,self.AskReddit
1tcug38,AskReddit,Whats the most borderline almost illegal thing you’ve done?,,1,4,1778755641.0,1.0,True,self.AskReddit
1tcug05,AskReddit,"What would you do if you could mind control your country's president anytime, anywhere?",,0,6,1778755633.0,0.5,True,self.AskReddit
1tclw2l,AskReddit,What are some memes to put on a projector when the teacher is late?,,4,6,1778728532.0,0.75,True,self.AskReddit
1tcufov,AskReddit,What is the beef between Lidl and Aldi?,,0,2,1778755604.0,0.5,True,self.AskReddit
1tcuf9w,AskReddit,"To those that are heavyset, what is it like navigating life as a large person?",,1,4,1778755567.0,1.0,True,self.AskReddit
1tcnt70,AskReddit,What's one thing you did on a whim that completely changed your day?,,3,9,1778734092.0,0.8,True,self.AskReddit
1tcuf3w,AskReddit,What’s the worst thing you’ve seen happen that no one else noticed?,,0,1,1778755551.0,0.5,True,self.AskReddit
1tcueun,AskReddit,"What’s one quality like discipline, focus, consistency or mindset that can never be taken away?",,1,3,1778755528.0,0.67,True,self.AskReddit
1tcuete,AskReddit,What makes Some People become Emotional during a Debate/Discussion?,,1,2,1778755526.0,0.67,True,self.AskReddit
1tcuenq,AskReddit,When did you know it was time to leave your ex-partner?,,2,8,1778755513.0,1.0,True,self.AskReddit
1tcisy1,AskReddit,"What's the biggest ""screw you"" an artist or creator has said to their fans?",,8,5,1778720476.0,1.0,True,self.AskReddit
1tcue3x,AskReddit,Where to find and watch those dumb Chinese dramas people see scrolling on Facebook/YouTube that always ends at the best part?,,1,3,1778755463.0,0.67,True,self.AskReddit
1tcudmy,AskReddit,How often do you drink coffee?,,1,32,1778755421.0,0.6,True,self.AskReddit
1tcuctu,AskReddit,What is the saddest way you've seen someone spiral before they took their own life?,,1,2,1778755351.0,1.0,True,self.AskReddit
1tcucrp,AskReddit,"Imagine your friend is smiling on the outside but inside they are slowly fading away, what do you do?",,0,1,1778755346.0,0.5,True,self.AskReddit
1tcucqt,AskReddit,What’s something people don’t realize is a privilege until they lose it?,,0,9,1778755344.0,0.5,True,self.AskReddit
1tc1o0h,AskReddit,What’s a small lie almost everyone tells regularly?,,40,179,1778683251.0,0.73,True,self.AskReddit
1tcuclh,AskReddit,How close are we (average joe's) to the breaking point?,,0,10,1778755330.0,0.4,True,self.AskReddit
1tcnq9w,AskReddit,Why did you originally go onto reddit?,,2,30,1778733845.0,0.67,True,self.AskReddit
1tchkgi,AskReddit,How does a massage make you feel?,,7,35,1778717245.0,0.82,True,self.AskReddit
1tcubjk,AskReddit,What is a basic life skill that you’ve completely forgotten how to do because an app or AI does it for you now?,,1,6,1778755233.0,1.0,True,self.AskReddit
1tcubaw,AskReddit,What was the conversation that you had with a stranger than you still think about today?,,0,2,1778755211.0,0.5,True,self.AskReddit
1tcub3g,AskReddit,What are some sledging comments people use in sport to wind up the opposition?,,0,2,1778755195.0,0.5,True,self.AskReddit
1tcq723,AskReddit,Why can't you be a first responder?,,4,26,1778741583.0,0.74,True,self.AskReddit
1tcnnbg,AskReddit,What's the most engaging conversation you've had been about?,,3,5,1778733594.0,0.8,True,self.AskReddit
1tcnn6m,AskReddit,"Redditors who found their partners through social media, what is the best way to authentically connect with someone online?",,3,3,1778733582.0,0.8,True,self.AskReddit
1tcq60b,AskReddit,What’s the dumbest lie you believed for way too long?,,3,36,1778741484.0,0.8,True,self.AskReddit
1tcu8cz,AskReddit,What is something that was normal in 2010 but feels like a luxury now?,,0,8,1778754943.0,0.5,True,self.AskReddit
1tcc5bh,AskReddit,What`s your biggest Regret in life?,,11,75,1778704789.0,0.77,True,self.AskReddit
1tcu7u6,AskReddit,How can you tell if your older classmate is flirting/attracted ? Not sure if he’s married/taken tho ?,,0,4,1778754898.0,0.5,True,self.AskReddit
1tcu79x,AskReddit,How Do you Block Chat People on Reddit Chat?,,1,2,1778754849.0,0.67,True,self.AskReddit
1tcq3ym,AskReddit,What’s a simple moment that made you realize someone is your real friend?,,2,5,1778741297.0,0.75,True,self.AskReddit
1tcllkv,AskReddit,What is the most 'expensive' lesson you’ve ever learned the hard way?,,5,14,1778727745.0,0.99,True,self.AskReddit
1tcq2ij,AskReddit,What movie you always watch when depressive ?,,2,6,1778741163.0,0.67,True,self.AskReddit
1tcu57c,AskReddit,What’s the weirdest flex you’ve ever seen?,,2,3,1778754671.0,0.75,True,self.AskReddit
1tcu503,AskReddit,Do you believe in destiny and why?,,0,13,1778754653.0,0.5,True,self.AskReddit
1tcu4zq,AskReddit,"What’s the hottest movie/TV sex scene you’ve ever seen that actually had chemistry, not just nudity?",,0,8,1778754652.0,0.33,True,self.AskReddit
1tcu4q3,AskReddit,"What will happen if someone withdraw the maintaining balance of their regular savings account? For how many weeks or months before they get penalized? In LBP, is the 200 penalty fixed?",,0,0,1778754631.0,0.33,True,self.AskReddit
1tciggb,AskReddit,“What’s something considered normal today that future generations will probably judge us for?,,6,61,1778719607.0,0.72,True,self.AskReddit
1tcq1ef,AskReddit,What's the worst thing your partner ever did to you?,,2,5,1778741066.0,0.75,True,self.AskReddit
1tcq18c,AskReddit,What's the best meal you ever made?,,2,3,1778741050.0,0.75,True,self.AskReddit
1tcq0y0,AskReddit,What’s a “childish” thing you still do as an adult that brings you so much joy?,,4,12,1778741022.0,0.83,True,self.AskReddit
1tcu3n6,AskReddit,What’s a social rule nobody understands but everyone follows?,,0,6,1778754541.0,0.5,True,self.AskReddit
1tcu3cf,AskReddit,What’s a subtle red flag people ignore in relationships?,,0,1,1778754515.0,0.5,True,self.AskReddit
1tcjrby,AskReddit,How Often do you honk your horn?,,7,55,1778722965.0,0.82,True,self.AskReddit
1tcjqz0,AskReddit,"What is a ""childish"" thing you still enjoy as an adult?",,5,42,1778722937.0,0.78,True,self.AskReddit
1tcu1kf,AskReddit,"What's something you did that you thought was totally normal, but everyone around you treated you like you were insane?",,1,12,1778754368.0,1.0,True,self.AskReddit
1tcu0sb,AskReddit,What are the weirdest ways you’ve heard of someone getting caught cheating?,,0,3,1778754296.0,0.5,True,self.AskReddit
1tcu0ph,AskReddit,"What is a ""poor person food"" that you will continue to eat no matter how much money you make?",,0,36,1778754288.0,0.45,True,self.AskReddit
1tcu06x,AskReddit,How do you tell that someone is a backstabber?,,0,8,1778754245.0,0.33,True,self.AskReddit
1tctzv5,AskReddit,What is your favorite subreddit at the moment?,,1,5,1778754219.0,0.67,True,self.AskReddit
1tctzjz,AskReddit,"What is one subtle, easy-to-adopt habit or thing that completely transformed every area of your life?",,0,5,1778754191.0,0.5,True,self.AskReddit
1tcpw4s,AskReddit,What scam trends in 2026 are getting dangerously more common right now?,,2,4,1778740577.0,0.75,True,self.AskReddit
1tcnbip,AskReddit,What would you do if you found The Excalibur today?,,3,11,1778732614.0,0.8,True,self.AskReddit
1tcpvpr,AskReddit,What makes us cry when we get hurt?,,3,6,1778740538.0,0.8,True,self.AskReddit
1tcty8j,AskReddit,What’s the best you ever received?,,1,9,1778754072.0,0.67,True,self.AskReddit
1tclaxk,AskReddit,You get 10 minutes alone inside Area 51 with complete access. What’s the first thing you’re looking for?,,5,34,1778726973.0,0.78,True,self.AskReddit
1tc97un,AskReddit,what's the worst heart break you ever had? what happened?,,17,76,1778698665.0,0.9,True,self.AskReddit
1tcg05w,AskReddit,What’s your personal comfort food/comfort recipe?,,7,31,1778713391.0,0.82,True,self.AskReddit
1tcnal5,AskReddit,"How do you embarass and expose a large corporation by showing countless bugs in their crappy software, that is considered top 3 industry standard software?",,3,8,1778732533.0,0.8,True,self.AskReddit
1tcl8mb,AskReddit,"If you had an opportunity to go back in time, what would you do different?",,4,31,1778726799.0,0.83,True,self.AskReddit
1tctvwo,AskReddit,"What is it with the concept of stereotypes that people don’t like, when they’re often accurate and can be a good indicator to how a person acts?",,0,8,1778753862.0,0.43,True,self.AskReddit
1tctuhm,AskReddit,Oh Spongebob - of Reddit - Whyyyyyyy?,,0,1,1778753734.0,0.33,True,self.AskReddit
1tctu68,AskReddit,People who are making $1M+ annually what are you doing?,,0,14,1778753709.0,0.4,True,self.AskReddit
1tcn52e,AskReddit,What’s something people overthink when planning birthdays?,,3,9,1778732074.0,0.8,True,self.AskReddit
1tcfshz,AskReddit,People driving at half the speed limit… why?,,8,66,1778712883.0,0.62,True,self.AskReddit
1tbl04c,AskReddit,How did you finally tell your spouse you wanted a divorce and how did they handle it?,,424,417,1778635336.0,0.88,True,self.AskReddit
1tctrzu,AskReddit,"What did ""the weird kid"" in your school do that you'll never forget?",,2,5,1778753518.0,1.0,True,self.AskReddit
1tcpoj6,AskReddit,What are the demos or use case of the AI technology that CEOs see make them go all in bonkers? Can we see it or try it?,,2,4,1778739893.0,0.63,True,self.AskReddit
1tctqre,AskReddit,"since justice is the idea of doing what is right, and what is right depends on an induvials beliefs, is there any real justice?",,2,13,1778753408.0,0.75,True,self.AskReddit
1tcpnk8,AskReddit,What is a fast way to receive quick access to healthcare?,,2,9,1778739811.0,0.75,True,self.AskReddit
1tcpnhg,AskReddit,What's something you can swear was a unique experience?,,2,3,1778739805.0,0.75,True,self.AskReddit
1tcl1c0,AskReddit,what's the most middle school thing you remember?,,5,38,1778726250.0,0.86,True,self.AskReddit
1tctpy5,AskReddit,"If you confirm a date with someone, but don't message them the day-of and they don't show up, who is at fault?",,1,19,1778753336.0,1.0,True,self.AskReddit
1tctpv8,AskReddit,What is the most weird name you ever heard??,,1,8,1778753328.0,1.0,True,self.AskReddit
1tctpdg,AskReddit,When was the last time you had sex?,,0,13,1778753286.0,0.5,True,self.AskReddit
1tcn1v1,AskReddit,What's your worst experience sharing a room with a snorer ?,,3,16,1778731811.0,0.8,True,self.AskReddit
1tctoqb,AskReddit,What’s something that feels normal until you realize not everyone experiences it?,,1,3,1778753230.0,1.0,True,self.AskReddit
1tchw8y,AskReddit,What is the most delicious weird smell?,,6,29,1778718110.0,0.88,True,self.AskReddit
1tcmzui,AskReddit,What’s the most human question you’ve ended up asking AI?,,3,21,1778731655.0,0.6,True,self.AskReddit
1tcpkcs,AskReddit,How do you reduce your cortisol?,,2,11,1778739525.0,0.75,True,self.AskReddit
1tcmya9,AskReddit,What would you think if you spotted a man with hot pink nails?,,5,69,1778731530.0,0.61,True,self.AskReddit
1tctm2z,AskReddit,"If tomorrow was your last day, what’s one thing you’d regret not doing, saying, or changing?",,0,7,1778752994.0,0.5,True,self.AskReddit
1tcmxmz,AskReddit,What’s the weirdest reason someone has given for breaking up that you’ve heard of?,,3,20,1778731476.0,0.67,True,self.AskReddit
1tcpijq,AskReddit,When did you realize the friendship was over?,,2,5,1778739363.0,0.75,True,self.AskReddit
1tctk37,AskReddit,Why did you fail that exam more than once?,,1,9,1778752833.0,1.0,True,self.AskReddit
1tctjnp,AskReddit,If you’ve ever tried drugs what was the first one and if you haven’t tried any why not?,,1,16,1778752803.0,1.0,True,self.AskReddit
1tcgjcd,AskReddit,What is the one thing someone did that made you think they were truly rotten/evil?,,8,26,1778714699.0,1.0,True,self.AskReddit
1tcj3v0,AskReddit,What is easier than it looks?,,4,30,1778721233.0,0.84,True,self.AskReddit
1tcpfpx,AskReddit,How did you decide whether to prioritize getting married or buying a home first?,,2,12,1778739103.0,0.67,True,self.AskReddit
1tcpfbt,AskReddit,What are your thoughts on finding a serious relationship on dating apps?,,2,11,1778739070.0,0.75,True,self.AskReddit
1tcthf3,AskReddit,"What was your first contact with technology, and how old were you?",,1,14,1778752596.0,0.67,True,self.AskReddit
1tctgxd,AskReddit,Is electric toothbrush really better rhan normal plastic ones and why?,,0,6,1778752550.0,0.5,True,self.AskReddit
1tcpe5g,AskReddit,What are you most grateful for right now?,,3,9,1778738969.0,0.8,True,self.AskReddit
1tctgia,AskReddit,When You Feel Tired What you Really Do??,,0,10,1778752513.0,0.4,True,self.AskReddit
1tctggg,AskReddit,"What’s something that may seem small to others, but means a lot to you?",,1,10,1778752508.0,1.0,True,self.AskReddit
1tctg1t,AskReddit,What has been experience living with your Stepfather or Stepmother?,,1,2,1778752474.0,1.0,True,self.AskReddit
1tcpd35,AskReddit,Who are some of your favourite youtubers in the big 2026?,,2,15,1778738875.0,0.67,True,self.AskReddit
1tcmpq5,AskReddit,Which celebrities have you met before?,,3,17,1778730856.0,0.71,True,self.AskReddit
1tcpbv9,AskReddit,What do you think about your life?,,2,18,1778738760.0,0.75,True,self.AskReddit
1tcpbsy,AskReddit,Do you know anyone named Cheryl and what are they like?,,2,6,1778738756.0,0.67,True,self.AskReddit
1tctdgu,AskReddit,How do you travel with crippling IBS Anxiety?,,1,12,1778752240.0,1.0,True,self.AskReddit
1tctcur,AskReddit,What's something you silently judge people for that you know is completely unfair and says more about you than them?,,1,6,1778752183.0,1.0,True,self.AskReddit
1tctcgv,AskReddit,What if aliens look like bananas and they see humans eating them and decide to invade us purely because of our species' banana obsession?,,0,4,1778752147.0,0.5,True,self.AskReddit
1tchi9q,AskReddit,"If you could punch a historical figure in the face, who would you punch and why?",,7,57,1778717092.0,0.82,True,self.AskReddit
1tcmmy3,AskReddit,What’s something you learned way too late in life?,,3,18,1778730638.0,0.8,True,self.AskReddit
1tcittp,AskReddit,What’s your favourite weird food combination that is a must try?,,4,22,1778720530.0,0.84,True,self.AskReddit
1tcmkzh,AskReddit,"If you were born the opposite gender, how would you look, and would you like it?",,3,31,1778730485.0,0.8,True,self.AskReddit
1tct9mm,AskReddit,"How do us humans even make glass, plastic or other materials transparent?",,1,3,1778751889.0,0.67,True,self.AskReddit
1tcp6sa,AskReddit,What are you having for breakfast today?,,2,17,1778738330.0,0.66,True,self.AskReddit
1tbwr0i,AskReddit,What thing you want to experience atleast once in your life?,,59,250,1778671521.0,0.86,True,self.AskReddit
1tcc7s5,AskReddit,What the most embarrassing moments of your life?,,9,18,1778704935.0,0.8,True,self.AskReddit
1tc62d9,AskReddit,What's the biggest scam people still fall for?,,20,363,1778692274.0,0.67,True,self.AskReddit
1tchcxl,AskReddit,What is the most overwhelming thing about being overweight or obese?,,5,47,1778716739.0,0.78,True,self.AskReddit
1tckf3l,AskReddit,What’s a completely normal thing that actually makes no sense?,,4,23,1778724636.0,0.75,True,self.AskReddit
1tcke6k,AskReddit,Any “detective” series or movies that you can spot the one who did it based on clues (not like someone just expectedly appear at the end)?,,3,3,1778724571.0,0.67,True,self.AskReddit
1tc5zkh,AskReddit,What has been your favorite piece of clothing or accessory you have ever owned?,,20,38,1778692119.0,0.84,True,self.AskReddit
1tcmfuz,AskReddit,"People on reddit who have been abducted by strange creatures or things, what happened??",,3,4,1778730083.0,0.79,True,self.AskReddit
1tcp31b,AskReddit,What’s your favorite tv show and why?,,2,17,1778737998.0,0.67,True,self.AskReddit
1tcme43,AskReddit,Plumbers of Reddit: what are your haunted pipe stories?,,1,4,1778729947.0,0.57,True,self.AskReddit
1tct37y,AskReddit,"Mrs wants a push present, any ideas on what to get ?",,0,31,1778751302.0,0.45,True,self.AskReddit
1tcmc8a,AskReddit,How do you personally cope with loneliness?,,2,35,1778729798.0,0.67,True,self.AskReddit
1tct1v9,AskReddit,Why would a newly married man text random girls?,,0,31,1778751175.0,0.4,True,self.AskReddit
1tct1fq,AskReddit,What would you do with him if your crush allowed you to do anything with him for one day?,,1,8,1778751136.0,0.67,True,self.AskReddit
1tcmaas,AskReddit,What is the most useful skill or talent you have learned thus far?,,3,21,1778729651.0,0.8,True,self.AskReddit
1tct16f,AskReddit,What is the best mandatory training you have ever done? What made it stand out?,,1,2,1778751110.0,1.0,True,self.AskReddit
1tcoxqs,AskReddit,What should be done to foster creativity?,,2,6,1778737549.0,0.67,True,self.AskReddit
1tcoxhv,AskReddit,When did you end your last Friendship? And Why?,,2,2,1778737529.0,0.75,True,self.AskReddit
1tct0lb,AskReddit,"Beside running, what basic self defense move should a person know?",,0,14,1778751058.0,0.5,True,self.AskReddit
1tcox5k,AskReddit,What would happen if all stock trading required a week long delay between selling or buying?,,2,3,1778737499.0,0.75,True,self.AskReddit
1tct04u,AskReddit,What are the best ways to be okay with being alone at all times ?,,1,10,1778751017.0,1.0,True,self.AskReddit
1tck4mw,AskReddit,Have you ever seen someone die in real life? What happened?,,5,51,1778723914.0,0.72,True,self.AskReddit
1tcovle,AskReddit,What’s something almost everyone has experienced but nobody talks about?,,2,16,1778737369.0,0.75,True,self.AskReddit
1tck2lp,AskReddit,What’s the most obvious lie you’ve ever seen someone try to defend?,,4,114,1778723775.0,0.63,True,self.AskReddit
1tcoux9,AskReddit,What is the best dish usually found on an Indian restaurant menu?,,2,2,1778737306.0,0.75,True,self.AskReddit
1tcsy83,AskReddit,What is the most important objective of the recent meeting between China and the United States?,,1,5,1778750851.0,0.67,True,self.AskReddit
1tcm6jr,AskReddit,What is your definition of Happiness?,,1,25,1778729350.0,0.57,True,self.AskReddit
1tcsxnp,AskReddit,Anybody got their hands on the google fitbit air yet? what do you think about it?,,0,2,1778750797.0,0.5,True,self.AskReddit
1tcsx81,AskReddit,How does A.i Artificial intelligence work?,,0,17,1778750756.0,0.38,True,self.AskReddit
1tcsx47,AskReddit,People what do you think? Is AI really going to replace humans?,,0,19,1778750745.0,0.45,True,self.AskReddit
1tcswr4,AskReddit,What’s your opinion on gta 6 game coming out this year?,,0,14,1778750707.0,0.4,True,self.AskReddit
1tcsvc8,AskReddit,What does being called handsome by a girl mean is it attractive or just politely saying not?,,0,4,1778750573.0,0.33,True,self.AskReddit
1tcsv73,AskReddit,Who do you hope will win the World Cup?,,1,39,1778750560.0,0.57,True,self.AskReddit
1tcsv68,AskReddit,what is a harsh reality about getting older that society and media flat out lie about?,,1,1,1778750559.0,1.0,True,self.AskReddit
1tbuhm5,AskReddit,What sounds romantic in movies but is terrible in real life?,,81,223,1778664392.0,0.9,True,self.AskReddit
1tcm2e7,AskReddit,What are some of the most disastrous weddings you have ever seen?,,3,5,1778729021.0,0.71,True,self.AskReddit
1tcstyg,AskReddit,What’s the most “main character” moment you’ve had?,,1,7,1778750441.0,1.0,True,self.AskReddit
1tcoq7m,AskReddit,What outdoor thing makes the most satisfying crunch sound when stepped on?,,2,15,1778736893.0,0.75,True,self.AskReddit
1tci7zt,AskReddit,What are your favorite accents?,,6,19,1778718976.0,1.0,True,self.AskReddit
1tcm175,AskReddit,What is your life hack for period cramps?,,3,8,1778728929.0,0.71,True,self.AskReddit
1tcm0j3,AskReddit,When was the last time you did something for the first time?,,3,17,1778728878.0,0.8,True,self.AskReddit
1tcm0ft,AskReddit,"People of Reddit who became wealthy seemingly overnight, how did it happen and what is it like now compared to your past?",,3,2,1778728870.0,0.8,True,self.AskReddit
1tci5yu,AskReddit,"""John Smith” is the most vanilla American name. People from other countries, what is your country’s ""John Smith""?",,5,38,1778718823.0,0.78,True,self.AskReddit
1tclzki,AskReddit,What’s something small that instantly makes your day better?,,3,17,1778728804.0,0.8,True,self.AskReddit
1tcju9x,AskReddit,what is going to be the breaking point with gas prices and grocery prices on the rise? What will happen when people are being priced out of commuting to work?,,4,9,1778723177.0,0.83,True,self.AskReddit
1tcoo5m,AskReddit,How do you stay sane when you happen to be the only one not charmed by the charismatic 'good guy' narcissist?,,3,8,1778736714.0,0.71,True,self.AskReddit
1tcju46,AskReddit,What is something that exists only in sitcoms do you wish also existed in real life?,,4,19,1778723166.0,1.0,True,self.AskReddit
1tcjtqw,AskReddit,What is a 'subtle' red flag in a person that most people tend to overlook?,,4,13,1778723141.0,0.83,True,self.AskReddit
1tconqb,AskReddit,What was the worst day of your life that resulted from your own mistake/bad decision making?,,2,5,1778736676.0,0.75,True,self.AskReddit
1tcjsy8,AskReddit,"What (such as a behavior or habit) seems harmless, yet it can inexplicably ignite your anger?",,4,2,1778723085.0,1.0,True,self.AskReddit
1tcjsxa,AskReddit,How would you feel if we live in a world where only good movies exist?,,4,6,1778723083.0,0.83,True,self.AskReddit
1tcsqz0,AskReddit,"What are you really good at, but don't have a formal education on?",,1,11,1778750168.0,0.66,True,self.AskReddit
1tcsq24,AskReddit,What are the most romantic love songs in 2026 for new lovers?,,1,12,1778750085.0,0.66,True,self.AskReddit
1tcxgxl,AskReddit,When did you realise making extra bucks of money is not as difficult as people make it look like?,,0,17,1778763610.0,0.33,True,self.AskReddit
1tcsnnk,AskReddit,Did any of you ever have the chance of going to Studio 54 in its prime? What did you see? And what was it like?,,1,0,1778749875.0,0.66,True,self.AskReddit
1tcsnf9,AskReddit,What’s a lesson life forced you to learn the hard way?,,1,3,1778749854.0,0.66,True,self.AskReddit
1tcsnen,AskReddit,"Was all the effort you put in worth it in the end, if so, why?",,1,4,1778749853.0,0.66,True,self.AskReddit
1tcojcz,AskReddit,What’s an everyday food that surprisingly causes a lot of debate?,,2,15,1778736296.0,0.75,True,self.AskReddit
1tcsmxd,AskReddit,What is the coolest move in any of the Dragon Ball series?,,1,3,1778749811.0,0.66,True,self.AskReddit
1tc3piu,AskReddit,What's your hiking story?,,24,20,1778687529.0,0.83,True,self.AskReddit
1tc89ul,AskReddit,Whats your favorite movie from Robert Pattinson?,,13,70,1778696695.0,0.64,True,self.AskReddit
1tcog27,AskReddit,"What is an example of the most average example of something, it being neither great or terrible?",,2,19,1778736011.0,0.75,True,self.AskReddit
1tcsjmo,AskReddit,What completely ruined a friendship instantly?,,0,17,1778749495.0,0.5,True,self.AskReddit
1tcsjj9,AskReddit,What ruined a friendship instantly?,,0,10,1778749486.0,0.5,True,self.AskReddit
1tchv0v,AskReddit,What got ruined due to getting too much attention?,,6,12,1778718020.0,1.0,True,self.AskReddit
1tcsixn,AskReddit,"What things make someone’s texting style recognizable or unique to you, and what similarities do you notice in the way most people text?",,1,4,1778749427.0,0.66,True,self.AskReddit
1tcjiiw,AskReddit,"Imagine being a billionaire and owning literally anything you wanted. Would you still be happy and fulfilled? More importantly, how would you actually spend your time then?",,4,45,1778722311.0,0.83,True,self.AskReddit
1tcsib1,AskReddit,What drives you instantly bonkers that you cannot let go of?,,0,8,1778749367.0,0.5,True,self.AskReddit
1tcodld,AskReddit,What's the most unexpectedly useful thing you learned from the internet?,,2,5,1778735794.0,0.75,True,self.AskReddit
1tcsi0k,AskReddit,What are the Best way to loose weight?,,1,23,1778749339.0,0.66,True,self.AskReddit
1tcoczb,AskReddit,What’s the dumbest reason you’ve ever lost respect for someone?,,2,9,1778735739.0,0.75,True,self.AskReddit
1tchs7o,AskReddit,What is an extinct species that you would like to revive?,,7,29,1778717816.0,0.89,True,self.AskReddit
1tcocnl,AskReddit,"so after that breakup, what happens to all the beautiful pictures and videos you took together?",,2,15,1778735712.0,0.75,True,self.AskReddit
1tcsg5p,AskReddit,what moment do you wish you could go back and redo?,,1,2,1778749187.0,0.6,True,self.AskReddit
1tcdvc9,AskReddit,What's the one thing in life that keeps you the most motivated?,,9,40,1778708484.0,0.91,True,self.AskReddit
1tcga8a,AskReddit,What color makes you irrationally uncomfortable and you can't explain why?,,6,22,1778714085.0,0.88,True,self.AskReddit
1tcsek3,AskReddit,How do you get over from a verbally and emotionally abusive relationship?,,1,3,1778749039.0,0.66,True,self.AskReddit
1tcliuv,AskReddit,What's a smell that instantly teleports you to a specific memory?,,3,9,1778727557.0,0.8,True,self.AskReddit
1tcsdyd,AskReddit,What’s something you wish more people asked you about?,,1,14,1778748984.0,0.66,True,self.AskReddit
1tcli8b,AskReddit,What’s the most believable lie society collectively agreed to keep pretending is true?,,3,16,1778727513.0,0.8,True,self.AskReddit
1tcjbqu,AskReddit,What video game has the slowest opening tutorial sections?,,3,11,1778721809.0,0.72,True,self.AskReddit
1tcscz2,AskReddit,How do you get over a relationship if it's been years since the break up?,,1,13,1778748894.0,0.6,True,self.AskReddit
1tclgzs,AskReddit,what are the most bot'd questions on this sub on constant repeat?,,3,11,1778727421.0,1.0,True,self.AskReddit
1tco83v,AskReddit,What’s something that was actually great until everyone started doing it?,,2,12,1778735325.0,0.75,True,self.AskReddit
1tcjao1,AskReddit,"What's your opinion on living in an apartment, good or Bad, and if so, why?",,3,13,1778721727.0,0.72,True,self.AskReddit
1tcsbd8,AskReddit,When did you realize hatred is dangerous?,,0,6,1778748736.0,0.5,True,self.AskReddit
1tcsbc9,AskReddit,So how come those that have cross around the neck are naughtiest one?,,0,10,1778748732.0,0.43,True,self.AskReddit
1tcsb9d,AskReddit,"What was ""the incident"" at your school?",,1,0,1778748724.0,0.66,True,self.AskReddit
1tcsb9a,AskReddit,What was your first ever privacy scare on the internet?,,1,1,1778748724.0,0.99,True,self.AskReddit
1tco68d,AskReddit,What behaviours or habits from people in your country make you cringe when you see them overseas?,,2,6,1778735168.0,0.75,True,self.AskReddit
1tco5v4,AskReddit,Whats that one scary deja vu experience youve had?,,2,2,1778735136.0,0.75,True,self.AskReddit
1tcs9mu,AskReddit,What’s the wildest secret you accidentally found out about someone?,,1,6,1778748569.0,0.66,True,self.AskReddit
1tccda3,AskReddit,What are some benefits of marriage that single people often underestimate?,,8,105,1778705272.0,0.67,True,self.AskReddit
1tcqlpi,AskReddit,"People who actually fought their dad, how did it go?",,1,4,1778742927.0,1.0,True,self.AskReddit
1tcqekv,AskReddit,What’s the most brutal truth someone ever told you?,,1,0,1778742263.0,1.0,True,self.AskReddit
1tavqic,AskReddit,What’s something that became socially unacceptable so fast that people barely noticed the change?,,4230,1403,1778575882.0,0.97,True,self.AskReddit
1tcnnh5,AskReddit,"What's the worst ""corporate slop"" phrase or sentence you've heard at work?",,0,0,1778733606.0,0.5,True,self.AskReddit
1tcndbu,AskReddit,What fact about you would make your coworkers instantly hate you?,,1,0,1778732770.0,1.0,True,self.AskReddit
1tau246,AskReddit,Who’s an actor that nailed a role so hard that nobody else will ever be able to live up to it?,,3856,5559,1778570127.0,0.92,True,self.AskReddit
1tbtbkw,AskReddit,What are the reasons that people stay in unhappy marriages?,,34,132,1778660404.0,0.82,True,self.AskReddit
1tclcky,AskReddit,What’s something people romanticize until they actually experience it?,,1,10,1778727090.0,0.67,True,self.AskReddit
1tcnpm5,AskReddit,What is the down side of having 1 child only?,,0,48,1778733792.0,0.38,True,self.AskReddit
1tcy6ah,AskReddit,What is the sexiest pic you have received?,,0,6,1778765191.0,0.12,True,self.AskReddit
1t9uyhv,AskReddit,What can a person learn in 10 minutes that will be useful for life?,,10528,3675,1778480699.0,0.96,True,self.AskReddit
1tbee3x,AskReddit,What's something middle-class people say that instantly reveals they've never truly struggled?,,3,34,1778619163.0,0.64,True,self.AskReddit
1t9ag76,AskReddit,What’s the most savage legal thing you’ve seen a coworker do?,,3880,653,1778427981.0,0.95,True,self.AskReddit
1t95osl,AskReddit,What's a slang term that everyone uses but you still don't get?,,4236,5351,1778416285.0,0.94,True,self.AskReddit
