id,subreddit,title,selftext,score,num_comments,created_utc,upvote_ratio,is_self,domain
1tcvatz,todayilearned,"TIL German Empire entered WWI without an end goal since at the outset of war, it considered the conflict a defensive war. However, early military successes on the Western Front led to the development of expansive annexationist ambitions and outling of Septemberprogramm",,2597,122,1778758090.0,0.95,False,en.wikipedia.org
1tcv3i1,todayilearned,"TIL that Norway celebrates its National Day with children’s parades, marching bands and huge amounts of ice cream rather than military displays, while the royal family traditionally waves to schoolchildren from the palace balcony in Oslo.",,1933,70,1778757510.0,0.97,False,en.wikipedia.org
1tcrmws,todayilearned,"TIL during the Boxer Rebellion (1899–1901) in China, rebels believed they could attain magical, supernatural invulnerability against foreign bullets and weapons through rituals. This belief was a core component of their ""support the Qing, destroy the foreigner"" slogan.",,1578,75,1778746408.0,0.98,False,en.wikipedia.org
1tckf6i,todayilearned,TIL Cats can’t taste sweetness because they lack a functional sweet taste receptor gene,,4914,359,1778724642.0,0.97,False,vet.cornell.edu
1tcqyt1,todayilearned,"TIL that Project Graham is a lifelike figure depicting what a human would look like if the species evolved to survive car crashes. It was made to symbolize the vulnerabilities of the human body in such accidents. It was created by the Transport Accident Commission (TAC) of Victoria, Australia.",,1293,153,1778744160.0,0.92,False,en.wikipedia.org
1tci2vz,todayilearned,TIL Cambodian Prince Norodom Chantaraingsey refused to surrender to the Khmer Rouge or flee the country and vanished while fighting them,,3599,59,1778718598.0,0.98,False,en.wikipedia.org
1tc4you,todayilearned,"TIL Ostrich farms routinely have difficulties getting male ostriches to breed, because they often find their human caretakers more attractive than female ostriches.",,24336,797,1778690037.0,0.97,False,gizmodo.com
1tch8i7,todayilearned,"TIL Judit Polgár's favorite chess opening as a child was the King’s Gambit and she became a Grandmaster with that opening. Polgár always remained an e4 player, saying it was up to my opponent to choose what happens next",,2707,142,1778716428.0,0.96,False,magazine.032c.com
1tcaunf,todayilearned,TIL two BP workers were charged with 11 counts of manslaughter after the Deepwater Horizon oil spill. The charges were later dropped.,,5498,75,1778702035.0,0.98,False,news.sky.com
1tcy0lj,todayilearned,"TIL that the existence of pornography dates back to at least 35,000 years ago, including vulvas inscribed on rocks and phalluses carved out of bison horns,, even evolving from cave paintings.",,193,18,1778764832.0,0.93,False,en.wikipedia.org
1tcku8k,todayilearned,"TIL the third largest office building in the world is in Auburn Hills, Michigan. Behind only the Pentagon and Surat Diamond Bourse in India",,1259,64,1778725726.0,0.96,False,en.wikipedia.org
1tcvdlt,todayilearned,"TIL that the largest diocese in the Church of England is the Diocese of Gibraltar in Europe — It covers Morocco, Turkey, Russia and all of Europe — roughly 1/6 of the Earth's landmass",,219,22,1778758303.0,0.94,False,europe.anglican.org
1tbzgla,todayilearned,"TIL purple is mostly non-existent in flags due to the cost of purple dyes historically. Modern purple is synthetic and cheaply produced but historical purple was sourced from sea snails in the Mediterranean. 1lb of purple dye was valued at roughly $56,000 in today's currency.",,8878,211,1778678392.0,0.97,False,flagmakers.co.uk
1tc9eg0,todayilearned,"TIL the Nooksack Giant, measured at 465 feet (142 m), was the tallest tree ever reliably recorded.",,2611,80,1778699034.0,0.99,False,en.wikipedia.org
1tc3k61,todayilearned,"TIL About Emily, a cow who escaped the slaughterhouse, evaded capture with the help of local townspeople and became a representative of animal rights and vegetarianism.",,4832,127,1778687228.0,0.95,False,en.wikipedia.org
1tcueao,todayilearned,"TIL you can live on Oklahoma Avenue, in Oklahoma City, in Oklahoma County, in the State of Oklahoma.",,129,73,1778755480.0,0.89,False,z94.com
1tcxgjg,todayilearned,"TIL after Demosthenes was publicly slapped by a wealthy Athenian at a religious festival in 348 BC, he wrote a judicial oration charging his attacker Meidias with ""hybris""—an aggravated assault regarded under Athenian law as a crime not only against the city but against society as a whole.",,83,7,1778763584.0,0.96,False,en.wikipedia.org
1tchi7f,todayilearned,"TIL that in 1968, a woman named Barbara Mackie was kidnapped and buried alive for a 500,000 dollar ransom from her wealthy father. She was ultimately found and rescued after three days of being buried, badly dehydrated but alive.",,775,82,1778717087.0,0.96,False,en.wikipedia.org
1tcllkq,todayilearned,"TIL about Alice in Wonderland Syndrome, a condition where you perceive yourself or the world as smaller or larger than they are",,435,93,1778727745.0,0.96,False,my.clevelandclinic.org
1tc8iav,todayilearned,"TIL: In 2018, Former NFL Player Rae Carruth Sent a 15-Page Letter of Intent Requesting Custody of the Son He Tried to Kill.",,1551,105,1778697169.0,0.96,False,wfae.org
1tc7x37,todayilearned,TIL of the falcon sex hat. Due to captive birds tending to imprint on their caretakers a hat that they could wear was developed to allow for easy copulation and semen collection to aid in breeding programs for birds.,,1032,71,1778695971.0,0.97,False,earthtouchnews.com
1tcu5ig,todayilearned,"TIL that some species of Caecilians (worm-shaped amphibians), such as Siphonops annulatus, produce a nutrient-rich substance akin to milk to nourish their offspring; on the other hand, species such as B. taitana practice maternal dermatophagy – feeding their nutrient-rich skin to their offspring.",,52,5,1778754700.0,0.96,False,en.wikipedia.org
1tc4zyx,todayilearned,"TIL that in 1893, President Grover Cleveland had surgery to remove a tumor from his mouth. The surgery took place in secret on a yacht so as to not cause the American people to panic and worsen an economic panic.",,1075,52,1778690114.0,0.98,False,lib.arizona.edu
1tbq42w,todayilearned,TIL Canadian PM Wilfred Laurier caught a streetcar ride to his office on Parliament Hill every day and conversed with streetcar riders to keep him in touch with everyday Canadians. Laurier was not wealthy enough to afford a home in Ottawa so his supporters pooled money to buy him a house,,9590,175,1778649664.0,0.99,False,historicalsocietyottawa.ca
1tbwsd6,todayilearned,"TIL that RTK GPS can achieve centimeter-level accuracy. It uses correction data from a nearby base station to make satellite positioning far more precise. In some cases, it can be about 100× more precise than standard GPS.",,1600,94,1778671628.0,0.97,False,en.wikipedia.org
1tbz0cb,todayilearned,"TIL painted lady butterflies make some of the longest known insect migrations, with journeys exceeding 4,000 km (2485 miles). Scientists only recently uncovered the full scale of their migration because the butterflies travel at high altitudes that were difficult to observe before radar studies",,1104,13,1778677346.0,0.98,False,en.wikipedia.org
1tbiqcy,todayilearned,"TIL in 1841, a free black New York man named Solomon Northup was kidnapped while on a trip to Washington, DC and sold into slavery in Louisiana. After proving his freedom 12 years later, his kidnapper was prosecuted but acquitted because DC law did not allow Northup to testify against a white man.",,13763,260,1778629403.0,0.96,False,en.wikipedia.org
1tbv9pj,todayilearned,TIL operation cat drop was an attempt to reintroduce cats to villages in Borneo after the population was devastated by mosquito spraying leading to a rodent infestation,,1149,39,1778667005.0,0.98,False,wikipedia.org
1tbs2pf,todayilearned,"TIL that the formation of the FAA was the result of an in-air collision between two commercial airliners over the Grand Canyon, killing all 128 passengers and crew",,1119,72,1778656078.0,0.98,False,durangoherald.com
1tba9jf,todayilearned,"TIL The youngest woman to be executed under UK law in the 20th century was 22 year old Irma Grese, ""the hyena of Auschwitz"". She first volunteered to be a concentration camp guard before she turned 18, although she initialy got rejected and told to come back when she came of age",,17611,577,1778610500.0,0.97,False,en.wikipedia.org
1tbsgb2,todayilearned,"TIL about Cryptoland, an attempt to build a haven for Cryptocurrency enthusiasts on an island in Fiji. The project was widely mocked due to it's bizarre promo video, and eventually fell apart after plans to buy the island in question fell through.",,976,88,1778657367.0,0.97,False,theguardian.com
1tbl8zi,todayilearned,"TIL the bobtail squid uses bioluminescence to minimize / cancel out the shadow it casts on the ocean floor during the moonlit night, making it harder for predators to detect",,2155,70,1778635991.0,0.99,False,en.wikipedia.org
1tb6ed5,todayilearned,"TIL about firefighter Donald Herbert. After lapsing into a coma following a firefighting accident he awoke a year later unable to recognize friends or family. He then lapsed into a minimally conscious state for over 9 years. Miraculously, he awoke again and his first question was about his wife.",,15586,112,1778602587.0,0.96,False,en.wikipedia.org
1tbe4w7,todayilearned,"TIL that Michael Jackson and Stephen King once collaborated in 1996 on a music video titled: ""Michael Jackson's Ghosts"". It was the longest music video at the time at 40 minutes and the most expensive music video ever made, at around $15 million ($31 million today), all paid for by Jackson.",,4537,246,1778618605.0,0.97,False,en.wikipedia.org
1tbhod2,todayilearned,"TIL the Trojan Horse doesn't appear in Homer's Iliad, which concludes before the fall of Troy. It is only briefly referenced the Odyssey. Virgil's Aeneid, written ~25 BC, provides a more detailed historical account, but the full original story told as part of a longer epic poem has been lost.",,2425,78,1778626769.0,0.98,False,satyori.com
1tb0y9y,todayilearned,"TIL when geologist Marie Tharp identified a giant rift valley running down the Atlantic seafloor in the 1950s—evidence for the then-controversial theory of continental drift—her male colleague dismissed her hypothesis as ""girl talk"" and made her redo all the charts.",,24639,674,1778590859.0,0.94,False,ocean.si.edu
1tbaxns,todayilearned,"TIL that in 2013, Jon Stewart founded an animal sanctuary for animals saved from slaughterhouses and live markets",,3387,157,1778611895.0,0.95,False,en.wikipedia.org
1tbale0,todayilearned,TIL Cheerios were originally called “Cheerioats” but changed because the Quaker Oats Company claimed they held the rights to the term “oats.”,,2048,90,1778611174.0,0.98,False,en.wikipedia.org
1tboblo,todayilearned,"TIL that Judy Garland was in a movie where her character worked with mentally disabled kids, with a lot of the cast being kids from a mental hospital",,357,17,1778644299.0,0.92,False,en.wikipedia.org
1tbauv4,todayilearned,"TIL that before 1966, there was no way to know for sure if a baby had Down syndrome until they were born.",,1496,119,1778611729.0,0.89,False,embryo.asu.edu
1tb2orq,todayilearned,"TIL twice a year, the sea of South Korea briefly pulls back to reveal a hidden path across the water. It only happens in spring and early summer, lasting just 40 to 60 minutes giving people a short chance to walk straight across this path which forms a natural bridge linking two islands.",,3179,37,1778594774.0,0.99,False,en.wikipedia.org
1tbn6zc,todayilearned,"TIL that Guardian Life Insurance Company was founded by a German, Hugo Wesendonck, a civil rights lawyer who helped draft the first constitution for a united Germany. The original name was Germania Life Insurance Company, it became Guardian due to anti-German sentiment in the US during WWI.",,234,4,1778641168.0,0.96,False,en.wikipedia.org
1taxv5f,todayilearned,"TIL Corinth and Thebes demanded that Athens should be destroyed and all its citizens should be enslaved after the Peloponnesian War.  However, the Spartans announced their refusal to destroy a city that had done a good service at a time of greatest danger to Greece.",,4221,31,1778582789.0,0.99,False,en.wikipedia.org
1tavyu2,todayilearned,"TIL that during the development of Arma 3, two developers on vacation were arrested, detained, and later convicted by Greek authorities after taking photos near a dual-use airport on the island of Lemnos, which the games map is based on.",,4801,149,1778576649.0,0.98,False,en.wikipedia.org
1tb1i3h,todayilearned,"TIL the Boxer crab holds a small sea anemone in each claw and threatens predators with their stinging tentacles. It cannot feed itself with its claws, instead it uses the anemones’ tentacles to collect food particles which it removes with its mouthparts",,2034,54,1778592110.0,0.98,False,en.wikipedia.org
1tanp5v,todayilearned,"TIL that Japanese meteorologist Wasaburo Oishi was the first person to discover jet streams in the atmosphere, but his discovery was largely unrecognized outside of his home country because he published it in the constructed language of Esperanto",,18761,376,1778551274.0,0.98,False,en.wikipedia.org
1tbnm1g,todayilearned,"TIL that the genus Morus consists of 19 species of trees commonly known as mulberries. The leaves of one of them, Morus Alba (commonly known as white mulberry, native to China), are the silkworm's favorite food!",,110,12,1778642290.0,0.88,False,en.wikipedia.org
1tanx2w,todayilearned,"TIL Guillermo del Toro cast Charlie Day in Pacific Rim after he saw Day's monologue about killing rats in ""Charlie Kelly: King of the Rats"". Del Toro said, ""It was very funny, but he was coming from character...he was really mourning and lamenting"". He thought Day was ""great at shading and comedy"".",,10038,166,1778551866.0,0.99,False,sea.ign.com
1tavz9z,todayilearned,"TIL about Al Bowlly,who was Britain's most popular singer for most of the 1930s. He recorded upwards of 1,000 songs that were listened to by millions in Britain. He was killed by a Luftwaffe parachute mine that detonated outside his flat during The Blitz in 1941.",,2092,38,1778576691.0,0.98,False,en.wikipedia.org
1taig7s,todayilearned,"TIL the Mona Lisa’s long-debated identity and creation date were confirmed in 2005 when a German researcher found a verified, handwritten note in the margin of a book stating that Leonardo da Vinci was painting a portrait of Lisa del Giocondo in 1503.",,31467,425,1778537956.0,0.97,False,uni-heidelberg.de
1tapku6,todayilearned,"TIL of ""meat honey,"" a substance produced by South American vulture bees (Trigona hypogea) that feed on dead, rotting animal carcasses. It is not true nectar-based honey, but is technically edible and is described as having a smoky, intense, and salty flavor.",,5765,246,1778556409.0,0.98,False,en.wikipedia.org
1tbb1wq,todayilearned,TIL that Holiday Inn was named after the 1942 musical film of the same name.,,245,30,1778612142.0,0.95,False,en.wikipedia.org
1tb3yk6,todayilearned,TIL that the name of the Teutonic Kights is The Order of Brothers of the German House of St Mary in Jerusalem and still exists as a Catholic religious order.,,451,37,1778597534.0,0.93,False,en.wikipedia.org
1tai8b3,todayilearned,"TIL three of the top five highest-grossing R-rated films of all time are the three Deadpool movies: Deadpool (5th, $782.6 million), Deadpool 2 (4th, $785.8 million), and Deadpool &amp; Wolverine (1st, $1.33 billion).",,10448,415,1778537443.0,0.96,False,en.wikipedia.org
1tathf0,todayilearned,"TIL that an outbreak of hantavirus in the USA happened before. This occurred in the Four Corners region of the Desert Southwest in 1993, which was caused by an explosion in rodent population thanks to lush conditions brought about from an abnormally warm Pacific Ocean.",,1387,92,1778568251.0,0.96,False,en.wikipedia.org
1tb4ldj,todayilearned,"TIL that Kazakhstan has allocated $1.4 million in public funds to promote and develop sport horse breeding in the country. The program helps two Kazakh-developed horse breeds, the Kustanai (Kostanay) and Aday (Adaev), used in various tournaments and races, from going extinct.",,267,13,1778598853.0,0.94,False,kz.kursiv.media
1ta9osm,todayilearned,"TIL: In 1998, elementary students in Aurora, Colorado started buying slaves in Sudan to free them, this gained global attention with schools in other countries starting slave buyback programs until it became clear that the money was just helping slavery grow",,34679,1088,1778519538.0,0.97,False,coloradohistoricnewspapers.org
1tarawo,todayilearned,TIL bone char made from animal bones are used to refine sugar.,,1504,74,1778561400.0,0.96,False,en.wikipedia.org
1tay56w,todayilearned,"TIL Though often thought to have become extinct following contact with Europeans, the Taíno in fact still inhabited Jamaica when the English took control of the island in 1655. Some fled into interior regions, merging with African Maroon communities.",,466,3,1778583619.0,0.98,False,en.wikipedia.org
1tb7y9y,todayilearned,"TIL Vanguard TV-3, the U.S.’ first satellite launch attempt in 1957, rose just 4 feet before crashing &amp; exploding on the pad. Despite the failed launch destroying the rocket &amp; pad, the Vanguard satellite itself survived &amp; is on display at the Air &amp; Space Museum in Washington, D.C.",,142,14,1778605791.0,0.94,False,en.wikipedia.org
1tai8xf,todayilearned,TIL a man named Brian MacKinnon graduated from the same high school in Scotland twice. First time was in 1980 &amp; the second time was in 1994 after he re-enrolled under a fake name in order to get a second shot at medical school. Which he had until a newspaper exposed him during his first year in 1995,,4616,143,1778537482.0,0.98,False,en.wikipedia.org
1ta9oxx,todayilearned,"TIL Homosexuality in renaissance Florence was technically illegal but so prevalent that the majority of the male population was implicated in accusations. Savonarola's regime tried to supress it, resulting in a florentine official declaring ""thank god we can sodomise again"", after the regime fell",,16644,349,1778519546.0,0.95,False,warwick.ac.uk
1tb1jk8,todayilearned,"TIL the Aztecs had different forms of currency, including cocoa beans, cotton, and copper axe heads.",,248,66,1778592205.0,0.88,False,mexicolore.co.uk
1ta7ljd,todayilearned,"TIL Wyoming entered the Union in 1890 refusing to ban women from voting, telling Congress that ""We will stay out of the Union a hundred years rather than come in without our women """,,9670,164,1778515238.0,0.98,False,en.wikipedia.org
1taj4r6,todayilearned,TIL that Barbara Blake Hannah was one of the first black people to be an on-camera reporter and interviewer on British television. She was sacked after 9 months because viewers complained about having a black woman on screen.,,2421,149,1778539598.0,0.93,False,en.wikipedia.org
1tacyiv,todayilearned,"TIL even though Daryl Hall and John Oates strongly dislike their group name ""Hall &amp; Oates"", saying ""it is not anything we've ever wanted or liked. It's a horrible name"", in 2015 they sued a granola company for naming one product ""Haulin' Oats"", claiming it was a ""well-known mark"" of the group.",,2856,391,1778526169.0,0.91,False,en.wikipedia.org
1ta71pr,todayilearned,TIL Lincoln is the only american president to have a patent . It was for an adjustable chamber to lift vessels in water .,,4222,58,1778514077.0,0.98,False,en.wikipedia.org
1taepz4,todayilearned,"TIL in 1989, 10-year old Sarah York became Manuel Noriega's pen pal and received an invitation from him to visit Panama. She did so twice, albeit the second time was as a family vacation, not on invitation. Today, she teaches Spanish in Golden Valley, Minnesota.",,1729,52,1778529835.0,0.96,False,en.wikipedia.org
1tams89,todayilearned,"TIL With the U.S. population at 134 million in 1940, Gone With the Wind sold 202 million tickets (in 1939/1940) which is the equivalent of 523 million tickets sold today (based on the current U.S. population of 342M)",,553,78,1778548876.0,0.93,False,boxofficemojo.com
1tak6cl,todayilearned,"TIL the middle finger gesture has roots in ancient Greece culture as the extended finger represented a phallus and the term was originally referred to as the ""downward buttocks"".",,777,71,1778542170.0,0.95,False,en.wikipedia.org
1tarpbz,todayilearned,TIL that Philips Electronics was founded by the first cousin of Karl Marx,,237,27,1778562612.0,0.95,False,en.wikipedia.org
1ta4qa1,todayilearned,"TIL that the first known work depicting aliens, outer space, and interplanetary warfare dates to the 2nd century AD. ""A True Story,"" written by Lucian of Samosata, is a satire of prior works that depicted fantastical or mythic stories as true",,3333,200,1778509195.0,0.98,False,en.wikipedia.org
1tankj0,todayilearned,"TIL that only a single dinosaur bone has ever been discovered in Washington State: a partial femur from a theropod, a group which includes the Tyrannosaurs",,360,39,1778550944.0,0.95,False,burkemuseum.org
1taisfy,todayilearned,"TIL that the first undisputed expedition to reach the North Pole in 1926 travelled by airship rather than sled, carrying Roald Amundsen, an Italian engineer, a US millionaire and a fox terrier, before the triumph dissolved into arguments over the Italian flag being larger than either of the others.",,529,38,1778538772.0,0.97,False,en.wikipedia.org
1t9tngw,todayilearned,"TIL Kristian Laight holds the record for most professional boxing losses, going 12-279-9 in his career.",,8375,324,1778476534.0,0.98,False,en.wikipedia.org
1ta5tyj,todayilearned,TIL bumble bee queens can breathe underwater for at least a week,,1162,42,1778511559.0,0.98,False,royalsocietypublishing.org
1tac5g7,todayilearned,"TIL from the 1990s the Magnetic North Pole has been move at speeds of 50-60km per year towards Siberia, crossing the International Dateline in 2017. In the 1800s it was in Northern Canada.",,501,51,1778524518.0,0.94,False,the-innovation.org
1tabfhj,todayilearned,"TIL that Hurricane John, a Category 5 Hurricane in 1994, was the furthest traveling tropical cyclone on record. It traveled 8,190 mi (13,180 km), approximately 33% of the Earth’s circumference.",,495,13,1778523053.0,0.97,False,en.wikipedia.org
1t9jfya,todayilearned,TIL that the oldest active organization affiliated with New Orleans Mardi Gras hasn't marched in the parade since 1991 because it refuses to let non-white people join.,,25530,902,1778448348.0,0.94,False,en.wikipedia.org
1ta21h0,todayilearned,"TIL that Peter Jackson’s Digital Visual Effects Studio Wētā FX is named after the New Zealand Wētā, a native species of giant flightless cricket. Wētā FX even created a giant Wētā, the Wētā-Rex, for Jackson’s King Kong (2005).",,655,47,1778503031.0,0.95,False,en.wikipedia.org
1tahhcq,todayilearned,"TIL that Konrad Lorenz developed the concept of the Fixed Action Pattern, an instinctive behavioural sequence which runs to completion once triggered",,124,13,1778535712.0,0.91,False,en.wikipedia.org
1t9xt6x,todayilearned,"TIL Terry Nation wanted to give the Daleks their own show apart from Doctor Who. Because of this, the 1969 serial ""Evil of the Daleks"" was written to be their ""final end"" so they could exit the show. Nation's plans eventually fell through, and the Daleks would return in 1972's ""Day of the Daleks"".",,1149,49,1778490529.0,0.97,False,en.wikipedia.org
1t9iz30,todayilearned,"TIL John F. Kennedy dealt with severe chronic back pain for years. He had four surgeries—including a discectomy, spinal fusion with instrumentation, and two smaller procedures—but his pain persisted despite the operations.",,13272,473,1778447228.0,0.97,False,thejns.org
1t9ls1y,todayilearned,"TIL that Spencer Perceval, the only British Prime Minister ever assassinated, was shot dead inside Parliament in 1812. Crowds outside reportedly cheered the murder, tried to shake the assassin’s hand, and had to be held back by troops. The killer was tried within 4 days and hanged a week later.",,7974,164,1778454239.0,0.99,False,en.wikipedia.org
1tahb6b,todayilearned,TIL That the Belarusian language was written in the Arabic script in the 1400s and 1500s by Muslim Tatars who arrived as soldiers for the Grand Duchy of Lithuania,,112,2,1778535319.0,0.98,False,en.wikipedia.org
1tacqib,todayilearned,TIL Central Asians ferment horse and camel milk to prolong dairy shelf life. Kazakhs normally use spontaneous fermentation of camel milk in spring after a long selection process for their preference of their shubat to be strongly acidic,,124,10,1778525712.0,0.91,False,pmc.ncbi.nlm.nih.gov
1t9sn27,todayilearned,"TIL despite ratifying the UN's ban on using napalm against targets in civilian areas, the US makes a reservation of the right to use incendiary weapons against military objectives located in concentrations of civilians where it is judged that such use would cause fewer casualties",,1797,186,1778473351.0,0.94,False,en.wikipedia.org
1t9nh2i,todayilearned,"TIL that for many of the water scenes in Waterworld (1995), professional surfer Laird Hamilton acted as Kevin Costner's stunt double. He commuted to the set via jet ski",,2943,86,1778458729.0,0.98,False,en.wikipedia.org
1t9xqiz,todayilearned,"TIL that alga Chlamydomonas reinhardtii can, when deprived of sulfur, stop producing oxygen and switch to hydrogen",,474,19,1778490267.0,0.97,False,en.wikipedia.org
1t9c77g,todayilearned,"TIL that there are an estimated 3 million rats in New York City, nearly a third as many as the human population.",,7736,424,1778431956.0,0.97,False,en.wikipedia.org
1t9rd3z,todayilearned,"TIL about the Penlee Lifeboat Disaster. On December 19, 1981 the cargo vessel MV Union Star suffered engine failure in heavy seas off the coast of Cornwall and the lifeboat RNLB Solomon Browne went to her rescue. All sixteen people (eight on each ship) perished.",,856,36,1778469575.0,0.95,False,en.wikipedia.org
1t9gfno,todayilearned,"TIL the 1939 Sutton Hoo excavation uncovered an Anglo-Saxon ship burial with gold coins, masterfully crafted ornaments, Byzantine silver, the iconic helmet, and both pagan and Christian symbols, overturning ideas of post-Roman Britain’s “Dark Age” and revealing a wealthy, sophisticated society.",,2384,92,1778441360.0,0.98,False,britannica.com
1t94n21,todayilearned,"TIL that the ""Dark Pheonix Saga"" was originally meant to end with Jean Grey being de-powered and released back to her normal life. However, Marvel editor-in-chief Jim Shooter disagreed with this, believing that her actions were too horrible to justify letting her return to normalcy.",,5991,215,1778413267.0,0.97,False,en.wikipedia.org
1t93e80,todayilearned,"TIL that margarine was colored yellow to improve sales in the 1880s. Margarine was originally white, resembling lard. The dairy industry lobbied to ban this practice. The W.E. Dennison Company sold margarine with a capsule of yellow dye for consumers to mix it themselves in response to bans.",,7203,433,1778409312.0,0.99,False,en.wikipedia.org
1t9j0a9,todayilearned,TIL octopuses can edit their own RNA to adapt to cold water temperatures — a rare ability among animals that lets them rapidly fine-tune how their nervous systems function without changing their DNA.,,695,3,1778447306.0,0.99,False,npr.org
1t8zucx,todayilearned,"TIL that blue whales have around 1,000 times more cells than humans do, yet they don’t appear to suffer from higher cancer rates. A mystery that scientists call Peto’s Paradox",,10820,338,1778397008.0,0.98,False,pmc.ncbi.nlm.nih.gov
1t9b4nc,todayilearned,"TIL ""Humanol"" was a real pharmaceutical product made from liquefied human fat",,1645,118,1778429500.0,0.97,False,en.wikipedia.org
1t96f7m,todayilearned,"TIL that one of the most extreme forms of parental care observed in nature is when the mother is consumed by her own offspring. Known as matriphagy, it has been documented in some species of insects, worms, arachnids, and amphibians.",,2239,140,1778418325.0,0.96,False,en.wikipedia.org
1t8w42j,todayilearned,"Today I learned the NBA shot clock was introduced in response to extremely low-scoring games, including the infamous November 22, 1950 matchup when the Fort Wayne Pistons defeated the Minneapolis Lakers by a record-low score of 19–18; the fourth quarter total was only 3–1.",,6718,214,1778385294.0,0.98,False,en.wikipedia.org
1t8uryb,todayilearned,"TIL about H. David Werder who sat on a pole for 439 days, 11 hours, and 6 minutes in the 1980s to protest the price of gasoline.",,8332,164,1778381386.0,0.98,False,en.wikipedia.org
1t8q83f,todayilearned,"TIL The ""Great Male Renunciation"" was a period in fashion in the late 18th century where men in the West ceased wearing bright colors, jewelry, and varied garments in favor of utilitarian clothes and black suits",,18047,728,1778368665.0,0.97,False,en.wikipedia.org
1t8qukc,todayilearned,"TIL reliable sources are split as to whether the title of best-selling video game ever should belong to Tetris or Minecraft. Some consider it to be Tetris by combining the sales of all of its different versions (520m), while others consider it to be Minecraft (350m), rejecting the former's reasoning",,9181,874,1778370351.0,0.95,False,en.wikipedia.org
1t8p775,todayilearned,"TIL that in Thai culture, feet are considered the dirtiest parts of the body and pointing at things or people with them is rude.",,9379,606,1778366024.0,0.97,False,en.wikipedia.org
1t8ror6,todayilearned,"TIL that the ampersand ""&amp;"" is actually a ligature of the Latin word ""et,"" meaning ""and"". Therefore, ""etc."" can also be written as ""&amp;c.""",,3704,97,1778372613.0,0.97,False,en.wikipedia.org
1t8nd57,todayilearned,"TIL Peter Benchley, the author of the book that Jaws adapted, wrote 3 versions of the script for Spielberg, which were either rejected or heavily edited. Benchley got into an argument with Spielberg about the huge explosion at the end being unrealistic. This led to Benchley being thrown off the set.",,6110,223,1778361462.0,0.98,False,faroutmagazine.co.uk
1t8wfx4,todayilearned,"TIL that yo-yos are at least 2400 years old, with ancient Greek pottery dated to 440 BCE showing a boy playing with one. However, it is unknown what the ancient Greeks called them.",,1499,89,1778386247.0,0.98,False,en.wikipedia.org
1t8zg6s,todayilearned,TIL: Plan R 4 was a British plan to invade Norway and was a competing invasion plan to the Nazi's Operation Weserübung,,807,30,1778395705.0,0.98,False,en.wikipedia.org
1t8vyph,todayilearned,"TIL Nepalese Prime Mathabarsingh was personally killed by his own nephew, Jung Bahadur, who himself became Prime Minister a year later after killing another prime minister.",,1224,75,1778384859.0,0.96,False,en.wikipedia.org
1t83id1,todayilearned,"TIL : Cold temperatures weaken nasal immunity, making us more vulnerable to viruses. A mere 5°C drop in nasal tissue temperature reduces immune response by nearly half.",,28888,774,1778329291.0,0.97,False,healthline.com
1t8dpdk,todayilearned,TIL that the myth about Goldfishes having a three second memory is fake. It can actually have memories of upto six months,,3828,72,1778353066.0,0.98,False,amnh.org
1t8aaoo,todayilearned,TIL that there are still clauses in the Magna Carta (1215) that are valid in the United Kingdom today.,,5148,294,1778345666.0,0.97,False,parliament.uk
1t8qw68,todayilearned,TIL the idea that the Illuminati runs the world was accidentally invented in the 1960’s.,,1011,133,1778370475.0,0.89,False,bbc.co.uk
1t84mht,todayilearned,"TIL that the city of Baltimore, Maryland was the second city in the U.S to reach a population of 100,000 residents &amp; was among the top 10 cities in population in the country until the 1990 census. The city's population would peak at 950,000 residents in the 1950 census.",,7662,377,1778332250.0,0.97,False,en.wikipedia.org
1t84hkn,todayilearned,"TIL when an Oregon man who stole an SUV parked outside a market noticed that a 4-year-old boy was in the backseat, he returned the boy to his mom &amp; lectured her for leaving the boy alone. He threatened to turn her in before driving off again. Though the SUV was found nearby, the man wasn't captured.",,6796,130,1778331892.0,0.97,False,people.com
1t80fzn,todayilearned,TIL that the Gallaudet Eleven were deaf men NASA recruited to study the effects of weightlessness because their deafness made them immune to motion sickness. An experiment on a boat had to be canceled because the researchers were all impaired by seasickness while the subjects were unaffected.,,8786,71,1778320023.0,0.99,False,nasa.gov
1t7wudu,todayilearned,"TIL of the “spirit effect”, whereby spirit airlines entering a new route would cause other carriers to drop prices, making prices more affordable for regular Americans",,24926,479,1778307765.0,0.97,False,cnn.com
1t88yk0,todayilearned,"TIL that Italy currently holds the world record for the largest trial in world history: the Maxi Trial lasted from 1986 to 1992, had 475 defendants and amounted a total of 2,665 years of prison in sentences (life sentences excluded). The trial was held on a bunker specifically built for the occasion",,2051,37,1778342620.0,0.98,False,en.wikipedia.org
1t835mu,todayilearned,"TIL the odor of durian fruit has been compared to rotten onions, pig excrement, and skunk, but it is called the ""King of Fruits"" due to its flavor.",,4229,693,1778328296.0,0.94,False,en.wikipedia.org
1t8sj8q,todayilearned,"TIL An early International Space Station module, ""Zarya,"" was built by Russia and funded by the United States. It was launched on November 20, 1998.",,375,13,1778374953.0,0.95,False,ieeexplore.ieee.org
1t8crjp,todayilearned,"TIL Mount Pelee killed 28,000 in 1902.  Many were rescuers who were bringing supplies to the island.",,1088,4,1778351137.0,0.98,False,en.wikipedia.org
1t84t2k,todayilearned,"TIL of Raven Rock Mountain complex, an underground US government installation designed to protect US government officials in the event of nuclear war. Nicknamed the ""Underground Pentagon,"" it was initially designed by Georg Rickhey, the Nazi engineer who designed Hitler's Berlin Bunker",,2067,95,1778332710.0,0.98,False,en.wikipedia.org
1t85vp4,todayilearned,TIL of Aili Jürgenson and Ageeda Paavel are the only two female recipients of the Estonian Order of the Cross of the Eagle medal for when they blew up a Soviet monument during the Soviet occupation of Estonia when they were teenagers.,,1696,77,1778335399.0,0.93,False,en.wikipedia.org
1t8dcho,todayilearned,"TIL: in the Japanese village of Omachi, residents capture, boil, and dry digger wasps, then add them whole to rice flour to produce special crackers called 'jibachi senbei'; these were invented by the local Digger Wasp Lovers Club to promote the insects.",,684,53,1778352466.0,0.95,False,atlasobscura.com
1t856ni,todayilearned,TIL individuals with schizophrenia are less likely to fall for certain illusions,,1761,159,1778333660.0,0.97,False,thenakedscientists.com
1t8czin,todayilearned,"TIL Saiyuud ""Poo"" Diwong, a Thai chef and author, gained international attention in 2012 for her book ""Cooking with Poo"". Her ""Poo"" nickname is actually shortened from ""Chompoo"", the Thai word for rose apple. She later cooked with Jamie Oliver, and many foreigners visited her thanks to the book.",,661,20,1778351630.0,0.95,False,en.wikipedia.org
1t8paen,todayilearned,TIL of Annie Cohen Kopchovsky. She was a Latvian immigrant to the United States who in 1894–95 became the first woman to bicycle around the world.,,243,0,1778366237.0,0.94,False,en.wikipedia.org
1t81keh,todayilearned,TIL in 2023 a cargo plane was forced to turn back after a horse managed to escape.,,481,27,1778323483.0,0.97,False,bbc.com
1t7i53e,todayilearned,"TIL Despite all of Machiavelli's efforts to regain favor with the Medici, they continued to distrust him and until the last year of his life he got no more than a book deal from them. When the Medici were outsted again, he was rejected from office for being ""too close with the Medici""",,7608,118,1778268700.0,0.98,False,en.wikipedia.org
1t79nxm,todayilearned,"TIL that since 2014, a group of activists have been slowly expanding a decentralized network of routers that allow residents of New York City to access the internet completely for free",,18867,199,1778250649.0,0.98,False,en.wikipedia.org
1t7xwij,todayilearned,"TIL In 2015, a man was arrested for burgling a car to get a Hungry Jack's Whopper burger.",,500,62,1778311237.0,0.89,False,bbc.com
1t7dn95,todayilearned,"TIL about Trimethylaminuria, or fish odor syndrome. It is a metabolic disorder where the body cannot break down trimethylamine (TMA), a compound in some foods. TMA builds up in the body and is released in sweat, urine and saliva, causing the person to smell like rotting fish.",,6285,162,1778259217.0,0.99,False,en.wikipedia.org
1t76ivc,todayilearned,TIL that Maria Antonia of Austria had the highest inbreeding coefficient (0.3053) of the House of Habsburg - higher than the child of brother and sister or the child of a parent and their own offspring,,25023,1437,1778243433.0,0.96,False,en.wikipedia.org
1t9sjt4,todayilearned,TIL SMG4 channel founder and namesake character VA Luke Lerdwichagul created the SMG4 channel at the age of 11,,0,2,1778473074.0,0.36,False,en.wikipedia.org
1t77rdn,todayilearned,"TIL when a woman preparing to move was going to throw out a painting that had hung in her kitchen for years, her family called in an expert to appraise it. This led to a specialist authenticating it as a 13th-century work by Cimabue, who had only 15 known works in the world. The work sold for $26.8m",,13894,163,1778246405.0,0.98,False,smithsonianmag.com
1t7hlxz,todayilearned,TIL that Merriam's kangaroo rats never need to drink water during their lifetimes,,3125,79,1778267539.0,0.98,False,en.wikipedia.org
1t78q0p,todayilearned,"TIL a 43-yr-old man survived despite using three suicide methods consecutively. After taking prescription pills, he tried to cut his wrist and neck. Because both methods failed, he hanged himself, but the cable broke &amp; he fell to the floor. Two days before, he ingested pesticides, but vomited after.",,7122,506,1778248614.0,0.97,False,tandfonline.com
1t7b0db,todayilearned,"TIL that three weeks after the wake of Hurricane Katrina in 2005, another storm called Hurricane Rita prompted one of largest urban evacuations in American history with around 3 million people. More people died evacuating than in the actual storm.",,4190,273,1778253532.0,0.98,False,en.wikipedia.org
1t7kh9z,todayilearned,"TIL that the 1989 music video for ""Poison"" by Alice Cooper had two versions, one for daytime and night time screenings, with the nighttime version featuring a topless model instead of a clothed one",,1203,40,1778273899.0,0.98,False,en.wikipedia.org
1t7egq2,todayilearned,TIL The only measurable health effects of the Three Mile Island Nuclear Disaster were related to the stress locals experience after the incident,,2311,144,1778260900.0,0.96,False,nei.org
1t7sxmj,todayilearned,TILJohn Wesley (of the Methodist Church) and Benjamin Franklin worked together on medical electrical devices.,,251,18,1778295819.0,0.95,False,christianhistoryinstitute.org
1t7cskq,todayilearned,"TIL that the British 1948 film adaptation of Oliver Twist was banned in both Israel and Egypt, but for opposite reasons, 
Israel banned the film because Alec Guinness’s portrayal of Fagin was considered anti-semitic, while Egypt banned it for portraying Fagin too sympathetically.",,1729,69,1778257372.0,0.97,False,en.wikipedia.org
1t6x606,todayilearned,"TIL scientists have been able to trace the start of HIV/AIDS to King Leopold’s Belgian Congo, originating as far back as 1909. The first person to be infected probably got the virus in the 1920s",,30593,1136,1778213602.0,0.96,False,ox.ac.uk
1t7d25m,todayilearned,"TIL identical twins do not have identical fingerprints, because small differences in conditions in the womb change how the skin on their fingers develops. The chances of identical fingerprints in identical twins is slim-to-none.",,1427,39,1778257938.0,0.98,False,healthline.com
1t72ksv,todayilearned,"TIL that Chile was considered the most powerful navy in the Western Hemisphere after the War Of The Pacific (1879), even surpassing the US.",,4864,200,1778231522.0,0.98,False,en.wikipedia.org
1t7c4p4,todayilearned,"TIL that in 1677, English naturalist Robert Plot published an illustration of a large bone discovered near Oxford, England, attributing it as belonging to a giant human. Later identified as a Megalosaurus femur, Its now believed that this is the first recorded instance of a dinosaur bone discovery",,1143,20,1778255945.0,0.98,False,en.wikipedia.org
1t6z435,todayilearned,"TIL the United States sought compensation from the United Kingdom after the American Civil War for damage done by Confederate warships built in British shipyards. They initially demanded $2 billion or Canada as compensation, but the case went to arbitration and was settled for $15.5 million in 1873.",,7146,325,1778219839.0,0.98,False,en.wikipedia.org
1t6xqz1,todayilearned,"TIL that the size of the hole in a CD (and DVD, Blu-Ray, etc) was determined by the lead developer putting a Dutch 10 cent coin on the table and stating that would be the size",,4569,207,1778215447.0,0.98,False,en.wikipedia.org
1t6ow6i,todayilearned,"TIL hikers in the Alps discovered Otzi in 1991, a 5,300-year-old man naturally preserved in ice. Scientists identified his last meal as ibex meat and grains, found over 60 soot tattoos around his joints and spine, and recovered his copper axe, flint knife, a fire-starting kit and grass cloak.",,32230,1093,1778191161.0,0.96,False,en.wikipedia.org
1t7cslp,todayilearned,"TIL Michigan Central Train Station in Detroit, Michigan, once a symbol of the city's decline, was restored over 6 years in a $900M project into a Ford mobility campus. The effort took 1.7M labor hours &amp; 3.1K workers to restore 8M bricks, 29K Guastavino tiles, &amp; 23K sq ft of marble flooring.",,418,11,1778257374.0,0.95,False,en.wikipedia.org
1t7j0zd,todayilearned,"TIL that Chinese Chess, or Xiangqi 象棋, was inspired by the Chu-Han Contention (206–202 BCE), a civil war in Imperial China between the fall of the Qin Dynasty and the establishment of the Han Dynasty",,211,9,1778270684.0,0.94,False,en.wikipedia.org
1t6lr0c,todayilearned,"TIL of the knight William Marshal, who rose from obscurity to win 500 tournaments, saved Eleanor of Aquitaine from capture, unhorsed Richard the Lionheart in combat, journeyed to the Holy Land, redrafted Magna Carta and saved England from a French invasion by personally leading a charge at age 70",,21222,680,1778184182.0,0.97,False,en.wikipedia.org
1t6o78h,todayilearned,"TIL: Between 1908 and 1940, Sears sold over 70,000 complete DIY house kits through their mail-order catalog. A railcar of pre-cut lumber, nails, and a 75-page instruction manual would show up at your door. Many of these “Sears Homes” are still standing today and sell for $300,000 to $500,000+.",,10935,550,1778189524.0,0.98,False,en.wikipedia.org
1t7ax9m,todayilearned,"TIL that it has been proposed that an ingressive velic trill, also known as the sound of snoring, should be represented in linguistics by the symbol ꙫ, chosen for its resemblance to a pig's snout",,311,30,1778253344.0,0.91,False,en.wikipedia.org
1t79357,todayilearned,TIL in 1963 the Ballon d'Or was awarded to a goalkeeper (hasn't happened again after that). Lev Yashin.,,358,33,1778249409.0,0.9,False,en.wikipedia.org
1t6l3hz,todayilearned,"TIL a form of penal labour in Victorian England was the ""crank machine"", consisting of a hand crank attached to a box filled with sand. When turned, it would drag two pairs of cups through the sand inside, doing absolutely nothing useful. Prisoners were forced to turn the crank for 6 hours a day.",,13723,517,1778182800.0,0.98,False,en.wikipedia.org
1t77zjc,todayilearned,"TIL the Grammy Award for Best Disco Recording was given out only once, in 1980. ""I Will Survive"" won, beating ""Boogie Wonderland"", ""Don't Stop 'Til You Get Enough"", ""Da Ya Think I'm Sexy?"" and ""Bad Girls""",,358,68,1778246922.0,0.96,False,en.wikipedia.org
1t6mxjk,todayilearned,"TIL In 1986 a sick patient needed a heart transplant. No air or road routes could travel the distance within the 4 hour window to avoid damage to the organ. It was loaded onto an F-111 Aardvark bomber, that made the 1400 miles trip in 2 hours.",,7381,246,1778186681.0,0.98,False,taskandpurpose.com
1t6xz0s,todayilearned,"TIL that in 2005, the Atlanta Braves (then owned by Time Warner) wanted to adopt Johnny Bravo as their mascot but were foiled by MLB rules.",,1480,54,1778216165.0,0.98,False,vanpartible.com
1t6tr7a,todayilearned,TIL: What looks like an Umlaut in English words such as Noël and Naïve signals that two adjacent vowels are pronounced separately. It was formerly commonly used in words like Coöperation and Reëntry as well. The New Yorker magazine still does.,,2608,201,1778203845.0,0.98,False,en.wikipedia.org
1t6splm,todayilearned,TIL that chewing gum is not biodegradable,,2226,370,1778200951.0,0.92,False,globalbioenergy.org
1t6jfzt,todayilearned,"TIL when Ninoy Aquino was assassinated in 1983, no effort was made to disguise a bullet wound that had disfigured his face nor change his bloodied clothes as he lay in state. His mother Aurora told the parlor to not embalm him or apply makeup to show the world ""what they did to [her] son"".",,6947,85,1778179289.0,0.99,False,en.wikipedia.org
1t6hr2h,todayilearned,"TIL: In the 2007 NBA Draft, Greg Oden was selected #1 and played 3 years.  The four players drafted directly after him are still active, 19 years later.",,8763,487,1778175767.0,0.96,False,basketball-reference.com
1t6bn3w,todayilearned,TIL the NYPD has stations in 11 countries outside the US,,12094,661,1778162926.0,0.96,False,nycpolicefoundation.org
1t6iz8t,todayilearned,"TIL Henrietta Wood, born enslaved, was freed in 1848 but kidnapped back into slavery in 1853. After the Civil War she sued her kidnapper and an all white jury awarded her $2500, the largest known U.S. court award for slavery. This sum helped fund her son's law degree at what became Northwestern Law",,3313,21,1778178308.0,0.99,False,smithsonianmag.com
1t6edrt,todayilearned,TIL artist Joe Coleman was once arrested for a stage performance in which he burst through a screen with fireworks strapped to his chest and then bit the heads off two live mice. He was charged with “possession of an infernal machine” and ordered not to eat anymore mice for one year.,,5571,175,1778168751.0,0.97,False,en.wikipedia.org
1t6bhy1,todayilearned,"TIL that in 2005, a film crew making a movie about 9/11 blew what they thought was scrap paper into the air to simulate the debris falling from the towers. The crew had to attempt to retrieve the papers when they realized that what they scattering around downtown Toronto were in fact medical records",,7865,92,1778162607.0,0.98,False,decisions.ipc.on.ca
1t69x98,todayilearned,"TIL California miners planted a skull to prank a geologist they disliked. In 1866, Josiah Whitney announced it as proof humans existed in North America two million years ago. Whitney never accepted the hoax, even after a fluorine analysis—the first done on human bone—showed it was of recent origin.",,9280,301,1778158973.0,0.98,False,en.wikipedia.org
1t6d6du,todayilearned,"TIL a mob of angry British women that married American soldiers ""besieged"" Eleanor Roosevelt's hotel in November 1945 because they weren't being allowed to immigrate to the USA",,4928,142,1778166203.0,0.99,False,latimes.com
1t6qrpt,todayilearned,"TIL A day on Earth, from the first sunrise to the last sunset across all timezones, lasts 50 hours.",,1040,81,1778195809.0,0.88,False,timekeep.cc
1t6lgon,todayilearned,"TIL Andrew Jackson is the only U.S. President to have sworn a formal oath of loyalty to a foreign sovereign. Despite pledging to defend the King of Spain, years later he led the military invasion of Spanish Florida which led to its annexation.",,1940,72,1778183586.0,0.98,False,firsttribenation.com
1t8r1pp,todayilearned,"TIL that the ""friendly"" football international between Scotland and Australia at Hampden Park, Glasgow on the 8th of May 1963, was abandoned after 79 minutes with Scotland leading 4-1. Referee Jim Finney walked off the pitch after already sending 2 Austrian players off for foul play.",,0,10,1778370905.0,0.4,False,heraldscotland.com
1t66ep2,todayilearned,"TIL that the Y chromosome can disappear with age. About 35% of men aged 70 years old are missing a Y chromosome in some of their cells, with the degree of loss ranging between 4% and 70%.",,9326,275,1778149433.0,0.97,False,cell.com
1t6n4af,todayilearned,"TIL that one person owns over 10% of the Victoria Crosses, the highest-ranking British decoration, that have been awarded.",,972,59,1778187092.0,0.96,False,en.wikipedia.org
1t6rl12,todayilearned,TIL there is a hybrid strawberry called a pineberry. It's a cross between the South American strawberry Fragaria chiloensis and the North American strawberry Fragaria virginiana. They say it tastes like a pineapple with the texture of a strawberry.,,555,32,1778197931.0,0.97,False,strawberryplants.org
1t6099p,todayilearned,"TIL the Lewis and Clark expedition had a medical kit that contained fifty dozen laxatives pills know as ""thunderclappers"" that contained over 50% mercury. This high mercury content was once even used by archeologists to verify a campsite of the expedition.",,13211,525,1778128570.0,0.98,False,en.wikipedia.org
1t6s583,todayilearned,"TIL a well-publicized train accident caused painter John Bauer to book his return home by boat. The ship he sailed on sank just 1,600 feet from port, killing all 24 people on board. Newspapers fed superstitions that mythical creatures, which often were the subject of Bauer's paintings, sank the ship",,254,14,1778199387.0,0.94,False,en.wikipedia.org
1t6ma1b,todayilearned,"TIL the Olympic Games were only one of four Panhellenic Games held in ancient Greece, meaning Games were in fact held annually",,495,31,1778185268.0,0.96,False,en.wikipedia.org
1t6r31l,todayilearned,"TIL William Blatty, author of The Exorcist, was the Policy Branch Chief of Psychological Warfare for the US Air Force, worked for the CIA, and once posed as a Saudi Prince on Groucho Marx’s game show.",,258,16,1778196621.0,0.98,False,en.wikipedia.org
1t6rgfl,todayilearned,"TIL of Kyŏn Hwŏn, the founding king of Later Baekje. After being overthrown by his son, he fled to a neighbouring kingdom before leading their army to invade Later Baekje, resulting in its fall and becoming the only ruler in history to have defeated the nation they founded.",,194,2,1778197589.0,0.97,False,en.wikipedia.org
1t6ebdt,todayilearned,"TIL the Tuvalu Trust Fund is an international sovereign wealth fund established by the UK, New Zealand, an Autralia to benefit Tuvalu, a small central Pacific island nation, by providing income to cover shortfalls in the national budget, and help the nation achieve financial autonomy",,767,43,1778168615.0,0.96,False,en.wikipedia.org
1t6jvz5,todayilearned,"TIL the hammer-shaped head of a hammerhead shark is called a cephalofoil. One of its functions is spreading out the Ampullae of Lorenzini — ultra-sensitive electrical sensors that detect the tiny fields produced by muscles and heartbeats, helping find prey hidden under sand in dark or murky waters.",,391,17,1778180224.0,0.98,False,en.wikipedia.org
1t6q0ce,todayilearned,"TIL that while the Algerian War was ongoing, France was hesitant in calling this a war, the war was even called ""la guerre sans nom"" or the war without a name.",,195,33,1778193882.0,0.95,False,en.wikipedia.org
1t68yti,todayilearned,"TIL the Buran 1.01, the only Russian shuttle to fly to space, was destroyed in a roof collapse in 2002",,1267,139,1778156625.0,0.96,False,buran-energia.com
1t5vn72,todayilearned,"TIL North America had native bamboo forests that stretched from New York down to Florida, and as far west as Ohio across to Texas.",,11983,322,1778115593.0,0.97,False,nps.gov
1t67efu,todayilearned,"TIL ValuJet Airlines, an ultra low cost carrier in the 1990s, was notorious for its dangerous cost-cutting measures. In a span of 2 years from 1994-1996, the airline saw 129 emergency landings &amp; an accident rate 14 times higher than legacy airlines of the era.",,1140,95,1778152424.0,0.98,False,en.wikipedia.org
1t6hzne,todayilearned,"TIL in 1981, the American Human Interference Task Force proposed creating long-term nuclear waste warning messages which are intended to protect humanity in the far future, on the order of magnitude of 10,000 years or more",,328,54,1778176248.0,0.94,False,en.wikipedia.org
1t5qcyk,todayilearned,"TIL Krakatoa's eruption was estimated to be at 310 dB, the loudest sound ever. Well above the typical max sound limit of 194 dB",,30602,1589,1778102582.0,0.94,False,audiology.org
1t6sba0,todayilearned,"TIL thatsince 1900 only three Major League Baseball pitchers have pitched more than 20 innings in a season without record­ing a strikeout: Marv Gudat (1929 Cincinatti Reds, 26 ⅔ innings), Leo Townsend (1920 Boston Braves, 24 ½ innings) and Stan Baumgartner (1926 Philadelphia Athletics, 22 ½ innings)",,86,10,1778199842.0,0.84,False,statmuse.com
1t6c9bb,todayilearned,"TIL about the National Battery Ingestion Hotline - a phone service in the US staffed 24/7 by Trained nurses, pharmacists &amp; toxicologists to provide advice in the event of ingesting a battery",,507,82,1778164266.0,0.97,False,batteryingestionhotline.com
1t5sieb,todayilearned,"TIL that in 1917, over 10,000 African Americans marched in total silence down New York’s Fifth Avenue to protest lynching. It was one of the first mass civil rights protests in U.S. history, yet it is rarely mentioned in standard textbooks.",,9434,64,1778107527.0,0.98,False,en.wikipedia.org
1t6k639,todayilearned,TIL that wolves with black fur have a genetic mutation passed on from early wolf/dog hybridization.,,166,3,1778180798.0,0.97,False,en.wikipedia.org
1t5vskz,todayilearned,"TIL that East Germany required their citizens to leave behind a close relative as ""collateral"", essentially a hostage, when traveling to West Germany to decrease the chance of defection.",,4586,349,1778115982.0,0.97,False,en.wikipedia.org
1t5p4s4,todayilearned,"TIL Michael McKean, who famously played Chuck McGill in ""Better Call Saul"" and David St. Hubbins in ""This Is Spinal Tap"", is currently one of the highest-earning game show contestants of all time, having accumulated $1,115,400 during his appearances on Celebrity Jeopardy! in 2010.",,10711,416,1778099892.0,0.97,False,en.wikipedia.org
1t5t7bs,todayilearned,TIL Humans rank above meerkats but below beavers in monogamy league table.,,4129,135,1778109214.0,0.97,False,theguardian.com
1t6cnn8,todayilearned,"TIL that after the 2011 Tohou Tsunami and the crippling of the Fukushima nuclear reactor, the Japanese government feared a worst case scenario ""Devil's chain reaction"" in which multiple nearby reactors would fail, forcing the government to evacuate the entire city of Tokyo",,153,12,1778165096.0,0.94,False,nbcnews.com
1t5hhw7,todayilearned,"TIL in 1888, German inventor Karl Benz asked the Grand Duchy of Baden for written permission to drive his ""Motorwagen"" on public roads after residents complained about the smell and noise. Grand Ducal authorities agreed and issued him the world's first driver's licence.",,9912,115,1778083973.0,0.98,False,en.wikipedia.org
1t5evwc,todayilearned,"TIL the cockpit voice recording of Delta Flight 1141 was so embarrassing it led to a law restricting the public release of CVRs. The crew discussed drink mixes &amp; dating habits during takeoff procedure, with a pilot joking that in case they crashed, ""the media would have some kind of juicy tidbit"".",,16168,632,1778078400.0,0.97,False,en.wikipedia.org
1t5mzv4,todayilearned,"TIL according to a University of Swansea study, high-pressure showers actually reduce water usage by up to 56%",,3123,165,1778095351.0,0.98,False,tabletmag.com
1t5ttvc,todayilearned,"TIL A 70-year-old retiree graduated med school. Many medical programs cap ages from 35 to 40. Average age of first-year medical students in the US is 24, and most students are 28 years old when they graduate",,1374,165,1778110809.0,0.93,False,edition.cnn.com
1t5rir7,todayilearned,"TIL about Joan Ginther, a Stanford statistician who won $21 million by winning the lottery FOUR times. Calculated to be a ""1 in 18 septillion"" event, a number with 24 zeros.",,1790,80,1778105186.0,0.96,False,en.wikipedia.org
1t5xyaw,todayilearned,"TIL Ted Turner launched a competitor to MTV called the Cable Music Channel. Lasting only one month, it is the shortest-lived cable channel.",,748,45,1778121830.0,0.96,False,en.wikipedia.org
1t5wrdx,todayilearned,TIL that The Hindenburg zeppelin was insured by Lloyd's of London for 6 million Reichsmarks and that the 10 page policy has been displayed at The New York City Fire Museum,,874,33,1778118597.0,0.97,False,insurancejournal.com
1t5bvdp,todayilearned,TIL - There are types of fungus that eat kerosene and can be a major problem in airplane fuel tanks if not carefully treated because they block fuel channels and corrode the aluminium housing.,,9519,191,1778071604.0,0.98,False,shell.com
1t5gfbl,todayilearned,TIL that in 2015 a barber attempted to murder their customer during a beard trim by slashing their throat.,,1673,212,1778081710.0,0.91,False,reuters.com
1t62bx9,todayilearned,TIL that Nina Myers and George Mason from 24 are married IRL (and have been for almost 24 years!),,101,32,1778135257.0,0.66,False,en.wikipedia.org
1t5djwz,todayilearned,"TIL that in 1979, computers at NORAD indicated a large scale Soviet nuclear attack was underway. American nuclear forces were placed on highest alert and prepared for nuclear war. It turned out to be a false alarm caused by a technician mistakenly loading a training tape into the compute",,2129,107,1778075477.0,0.97,False,ucs.org
1t5nqxu,todayilearned,"TIL the king cobra is not a true member of the genus of ""cobra""",,657,164,1778096946.0,0.94,False,en.wikipedia.org
1t5csk9,todayilearned,"TIL that Led Zeppelin took their name from a joke that the band would “go down like a lead balloon,” with “Led” chosen to avoid mispronunciation and “Zeppelin” for something heavy yet graceful. Use of the Hindenburg image prompted legal action from Countess Eva von Zeppelin, but was later dismissed.",,1901,72,1778073726.0,0.97,False,en.wikipedia.org
1t58c1o,todayilearned,"TIL about the Albigensian Crusade, a crusade in southern France from 1209-1229, against the gnostic Catharism movement. About 200k to 1 million Cathars died during the crusade. The famous quote, “Kill them all, god will know his own.”, originates from the Albigensian crusade from Arnaud Amalric.",,3224,118,1778061540.0,0.97,False,en.wikipedia.org
1t54j3o,todayilearned,"TIL that while filming the 1970 film Maidstone, Rip Torn unexpectedly attacked director and lead actor Norman Mailer with a hammer because he believed the film lacked a proper ending and decided to improvise one by assassinating Mailer's character. The fight was filmed and used in the movie.",,3768,203,1778047997.0,0.96,False,youtu.be
1t612oh,todayilearned,TIL that South Korea bans its own citizens from traveling to certain countries that are deemed too dangerous to travel to.,,52,52,1778131138.0,0.73,False,elaw.klri.re.kr
1t4uanv,todayilearned,TIL in 2007 Katherine Heigl won an Emmy for Outstanding Supporting Actress in a Drama for her role on Grey's Anatomy. But in 2008 she removed herself from Emmy consideration because she said the material she was given on Grey's that year wasn't good enough; this comment led to her leaving the show.,,31094,1850,1778019416.0,0.94,False,slashfilm.com
1t5ei19,todayilearned,"TIL that much the damage we see in the Parthenon occurred in 1687 when, during a war, the Ottomans used the temple for ammunition storage and the Venetians battling them blew it up with artillery.",,630,48,1778077549.0,0.97,False,pbs.org
1t5ncnh,todayilearned,"TIL that the Indian(Tamil ) film, Suyamvaram was completely filmed in just 23 hours and 50 minutes. The 155 minute film used the work of 14 directors,17 cinematographers and 30 high level actors to achieve this feat.",,221,13,1778096103.0,0.81,False,en.wikipedia.org
1t5hu94,todayilearned,TIL that the first state-issued car registration (license) plate was Massachusetts plate #1 to Frederick Tudor and it is still actively registered by the Tudor family.,,384,7,1778084701.0,0.96,False,archives.lib.state.ma.us
1t4w2ed,todayilearned,"TIL only one dog has been to both the North and South poles: Bothie, owned by explorers Ranulph &amp; Ginnie Fiennes. And since dogs are now banned from Antartica, it's likely the feat will never be repeated.",,6960,200,1778023805.0,0.98,False,en.wikipedia.org
1t4u7vw,todayilearned,"TIL in 1985 four cans each of Coke &amp; Pepsi were launched into space on the shuttle Challenger. Both companies had developed cans that were designed for use in microgravity. Coke's space-can technolgy used a standard 12-oz can &amp; cost $250K while Pepsi's technology also used a 12-oz can, yet cost $14m",,9671,394,1778019228.0,0.97,False,mentalfloss.com
1t4n65x,todayilearned,"TIL there were 180.000 bees kept in the spires of Notre Dame and they survived the fire. Because bees don’t have lungs they weren’t hurt by the smoke, they just fell asleep",,30172,341,1778003938.0,0.98,False,dailyobjectivist.com
1t54hn3,todayilearned,TIL Louis Pasteur the Father of Microbiology and Pasteurization worked with Carlsberg Beer to help create the first pure beer (lager) yeast,,1172,21,1778047860.0,0.99,False,en.wikipedia.org
1t4qlp9,todayilearned,TIL a teen comedy named Trojan War (1997) starring Jennifer Love Hewitt grossed just $309 at the box office despite having a $15 million budget and major studio (Warner Bros.) distribution.,,7506,480,1778011154.0,0.96,False,en.wikipedia.org
1t4mvn6,todayilearned,TIL that most male nudity in films ( other than porn ) uses prosthetic penises,,12694,1076,1778003333.0,0.96,False,theconversation.com
1t4k83g,todayilearned,"TIL in the Vietnam war in the classified Operation Popeye, the US spread lead and silver iodide by aircraft to extend the monsoon season. The increased heavy rainfall was to soften roads, cause landslides, wash out river crossings, and maintain saturated soil conditions (Kissinger was involved).",,13632,780,1777997925.0,0.97,False,en.wikipedia.org
1t5afas,todayilearned,"TIL that Senckenberg holds an International Mollusc of the Year competition, where the winner gets their genome sequenced",,223,10,1778067861.0,0.95,False,moty.senckenberg.science
1t4ggqf,todayilearned,"TIL that though Amish men grow beards after they're married, they continue to shave their upper lip so as not to grow a mustache. When the Amish community was formed in Switzerland, mustaches were associated with military service, and the Amish shave theirs to indicate their commitment to pacifism",,13259,331,1777989882.0,0.98,False,en.wikipedia.org
1t4ob69,todayilearned,"TIL: upon the death of Leslie Nielsen in 2010, ESPN published a fake obituary for his character Enrico Pallazzo from the ""Naked Gun"" movie, and included several jokes from his deadpan role in the movie ""Airplane!""",,4290,94,1778006316.0,0.98,False,espn.com
1t53y3b,todayilearned,TIL:that American black bear Yellow 2291 and her cubs are the first family of bears in decades to live in the Santa Monica Mountains,,398,10,1778046064.0,0.95,False,en.wikipedia.org
1t4z4np,todayilearned,"TIL of Julien Offray de La Mettrie, an 18th-century French hedonist who argued that sensual pleasure should be maximized. This belief was said to have killed him: at a party, eager to show off his gluttony, he devoured large amounts of truffle pâté, then fell into a severe fever and eventually died",,618,51,1778031989.0,0.97,False,en.wikipedia.org
1t4kuvr,todayilearned,"TIL about Dan Bullock, the youngest U.S serviceman to be killed in Vietnam on June 7, 1969 at the age of 15, after altering the date on his birth certificate. Killed by a People's Army of Vietnam sapper unit with a satchel charge thrown into a bunker killing three Marines, including Bullock.",,2801,90,1777999230.0,0.97,False,en.wikipedia.org
1t5arpc,todayilearned,TIL tht Majority of Asiatic lions are found outside Gir protected areas in human dominated areas,,71,5,1778068803.0,0.82,False,india.mongabay.com
1t4x8nu,todayilearned,"TIL that in 2004, Microsoft tried promoting Halo 2 using condoms",,536,91,1778026861.0,0.92,False,kotaku.com
1t4hxam,todayilearned,"TIL One of the first ever case studies for Syphilis was Cesare Borgia. His doctor, Gaspar Torella, wrote a treatise documenting the symptoms based on Borgia's case, using the pseudonym ""Niccolo the young"" for his famous patient. Syphilis is why Borgia began wearing a black mask while in public",,2856,54,1777993079.0,0.99,False,theguardian.com
1t4xre0,todayilearned,"TIL that in 1971 all four ex-members of Beatles topped Canadian charts with their own singles: Isn't It a Pity, It Don't Come Easy, Uncle Albert, and Imagine",,467,32,1778028283.0,0.93,False,en.wikipedia.org
1t4akf0,todayilearned,"TIL that in 1577 a Chinese Buddhist monk, Hanshan Deqing, decided to copy the entire Avatamsaka Sutra(the longest Buddhist sutra) using his own blood. When the Empress heard of it, she provided him with golden pages to write on. It took him 2 years to write everything.",,8143,111,1777974053.0,0.99,False,en.wikipedia.org
1t4m5b6,todayilearned,"TIL that in 2016 hackers tried to steal nearly $1 billion from Bangladesh’s central bank using the SWIFT network, but a single spelling mistake in a transfer request (“foundation” misspelled as “fandation”) triggered suspicion and helped stop most of the money from being stolen.",,1659,60,1778001855.0,0.99,False,en.wikipedia.org
1t47kep,todayilearned,"TIL that when France initially set the definition of a metre to be 1/10,000,000 the distance from the North Pole to the equator, it sent two surveyors to calculate the distance. But due to an error not discovered until decades later, the resulting metre was actually 0.2 mm too short.",,14841,551,1777963335.0,0.97,False,en.wikipedia.org
1t4mdfx,todayilearned,"TIL of Akinetopsia, a rare brain disorder where motion can't be perceived but stationary objects appear normal. In some cases, patients report that people walking around a room seem to be in one spot, then suddenly in another, with no movement seen in between",,1355,76,1778002318.0,0.99,False,en.wikipedia.org
1t4p9gd,todayilearned,"TIL that we are momentarily blind when we move our eyes. To hide this, the brain ""stretches"" the first image you see to fill the void, creating the ""Stopped-Clock Illusion"" where the first second feels noticeably long.",,951,65,1778008281.0,0.96,False,bbc.com
1t54p2j,todayilearned,TIL banded penguins live in temperate climates and can hunt in groups where they will herd schools of fish into shallow water to make hunting them easier.,,86,0,1778048559.0,0.96,False,penguin-pedia.com
1t4oap9,todayilearned,"TIL that the retail store chain operated by the US Department of Defence to provide shopping opportunities to soldiers on military bases is a multi-billion-dollar company and one of the largest retail brands in the country, with 5,500 locations.",,716,97,1778006287.0,0.94,False,en.wikipedia.org
1t4ekvg,todayilearned,TIL In 2008 a plane carrying Mexico’s minister of the interior crashed in downtown Mexico City killing all 9 people on board and 7 on the ground. The subsequent investigation would reveal that both pilots' certifications to fly the plane were fraudulent.,,2018,60,1777985560.0,0.99,False,en.wikipedia.org
1t4bo8k,todayilearned,"TIL that anyone can request a U.S. flag to be flown over the Capitol Building in Washington, D.C. for a specific date (like a birthday or anniversary) and keep it along with an official certificate.",,2995,108,1777977624.0,0.97,False,aoc.gov
1t4lshv,todayilearned,"TIL that the longstanding tradition of Popes choosing a new name started in AD 533 when the newly elected Mercurius deemed it inappropriate to be named after the pagan Roman God Mercury. Mercurius would adopt the name Pope John II after his predecessor, Saint Pope John I who was martyred.",,608,41,1778001140.0,0.97,False,en.wikipedia.org
1t4l4yl,todayilearned,TIL there's a burger joint in Tehran called Bobby Sands Burger (named after IRA-member &amp; hunger striker Bobby Sands).,,623,82,1777999825.0,0.93,False,vice.com
1t4n236,todayilearned,"TIL of Jacques Tits (pronounced [tits]), a French mathematician that introduced Tits buildings (combinatorial structures), the Tits alternative, the Tits group, and the Tits metric",,432,139,1778003701.0,0.86,False,en.wikipedia.org
1t4235d,todayilearned,TIL One Aluminium Smelter in New Zealand uses 13 percent of the entire countries energy supply,,8645,394,1777946947.0,0.98,False,en.wikipedia.org
1t4qx8c,todayilearned,"TIL about ""The Time Ships"" a 1995 sci-fi novel by Stephen Baxter. It's a canonical sequel to H.G. Wells 1895 ""The Time Machine"" which was authorized by H.G. Wells estate to mark the anniversary of the original, making it one of the longest wait times between the original and the sequel ever.",,256,36,1778011811.0,0.93,False,en.wikipedia.org
1t3w8rq,todayilearned,"TIL when Eminem's weight increased to 230lbs (100 kg) before he became sober, he was so unrecognizable due to the weight gain that Em once overheard two teenagers arguing about whether or not it was actually him that they were looking at, with one of them stating ""Eminem ain't fat.""",,42306,966,1777932171.0,0.94,False,en.wikipedia.org
1t4ui0x,todayilearned,TIL that in 1950s the Polish government encourage hitchhiking with guide books that vouchers designed for the drivers to hand in for prizes.,,154,21,1778019917.0,0.85,False,en.wikipedia.org
1t4s3qo,todayilearned,"TIL Tactile paving(Tenji blocks), sidewalk guides for the visually impaired were first developed in Japan in 1965 for pedestrian crossings. Tenji meaning braille. They quickly spread after their adoption by Japan National Railways at station platforms and now used worldwide",,200,12,1778014385.0,0.97,False,en.wikipedia.org
1t434m5,todayilearned,TIL James Hong is one of the most prolific character actors of all time; he has worked in over 600 productions in American media since the Golden Age of Hollywood in the 1950s.,,5391,269,1777949700.0,0.98,False,en.wikipedia.org
1t4nggn,todayilearned,"TIL of Count Dante, a Chicago socialite turned martial artist who opened his own Dojo focusing on brutality, that he advertised via comic books ads. He eventually attempted to blow up a rival dojo and was involved in a deadly dojo fight. He also took his pet lion cub on strolls around the city.",,293,43,1778004514.0,0.94,False,chicagoreader.com
1t3wa10,todayilearned,TIL Nicolas Cage was never paid the $100K he was promised to star in Leaving Las Vegas (1995) despite winning the Academy Award for Best Actor for his role. Director Mike Figgis was also never paid his $100K salary. The studio said the film never made a profit even though the $4m movie grossed $32m.,,13471,255,1777932247.0,0.98,False,hollywoodreporter.com
1t3xusp,todayilearned,"TIL that psychiatrist Viktor Frankl observed that the physically strongest prisoners in WWII concentration camps didn't necessarily have the highest survival rates. Rather, those who survived longest were the ones who held onto a strong sense of meaning or an unfinished purpose.",,8959,111,1777935972.0,0.98,False,en.wikipedia.org
1t4866k,todayilearned,"TIl that 1 in 3 japanese men have a closer common paternal ancestor with tibetans, Andamanese natives, Nigerians and philipines than they do with surrounding east Asians. This lineage is called haplogroup DM55 and is the most common male lineage in japan",,1227,71,1777965437.0,0.93,False,en.wikipedia.org
1t4a9o2,todayilearned,TIL:that Hungarian nobleman Gregor Baci survived with a spear in his head,,668,83,1777973036.0,0.95,False,en.wikipedia.org
1t4prd6,todayilearned,"TIL:that for several millennia, some humans buried corpses in their houses",,88,34,1778009332.0,0.89,False,en.wikipedia.org
1t4gtt8,todayilearned,"TIL the robot in the Beastie Boys' Intergalactic video is named Sweepy, which is the performer's name wearing the suit.",,210,4,1777990692.0,0.92,False,beastiemania.com
1t3ze2p,todayilearned,"TIL that the Firestone since 1926, had control over Liberia's rubber plantations, debts, and revenues with a 99-year lease. Firestone also built Monrovia Roberts Airport.",,1940,53,1777939848.0,0.96,False,en.wikipedia.org
1t3lx3o,todayilearned,"TIL about Amou Haji, the ""World's Dirtiest Man"", who was known for not bathing for more than 60 years",,10605,754,1777910398.0,0.93,False,en.wikipedia.org
1t4fnm5,todayilearned,TIL That the company that went on to make Reynolds Wrap was originally founded by the nephew of R.J. Reynolds to produce lead and tin foil wrappers for cigarettes and candy. The company started making aluminum foil a few years later.,,155,11,1777988056.0,0.92,False,en.wikipedia.org
1t3gd0h,todayilearned,"TIL Ghana is the world's largest importer of secondhand clothing. Locals refer to it as ""Obroni Wawu,"" or ""Dead White Man's Clothes,"" reflecting a belief that the items are of such high quality that their original owners must have died for them to be discarded.",,26165,787,1777897988.0,0.94,False,deadwhitemansclothes.org
1t3m7rg,todayilearned,"TIL that overheating a Teflon pan releases vapors so toxic they are instantly fatal to some birds and cause polymer fume fever AKA ""Teflon flu"" in humans, including fever, chills, and cough",,7271,563,1777910988.0,0.97,False,en.wikipedia.org
1t48ag3,todayilearned,TIL Graham's Number. An immense finite integer that once held the record as the largest number ever used in a serious mathematical proof.,,343,84,1777965883.0,0.94,False,en.wikipedia.org
1t45pec,todayilearned,"TIL SsangYong, the Korean car maker, once sold a luxury sedan, Chairman, with a Mercedes V8, Mercedes automatic gearbox, air suspension, rear entertainment screens and AWD, which Mercedes asked them to redesign it because it looked too much like an S-Class.",,537,26,1777957230.0,0.95,False,en.wikipedia.org
1t3fyo7,todayilearned,"TIL the City of London has paid the Crown rent on a parcel of land in Shropshire since 1211, but the exact location of the land has been lost to history. The annual payment is a billhook (a knife-like agricultural tool) and an axe.",,19183,482,1777896937.0,0.98,False,atlasobscura.com
1t3x2jg,todayilearned,TIL that Chad is by far the country with the highest rate of polygyny in the world. 34% of married Chad women live in a polygamous marriage(one husband-multiple wives),,1517,134,1777934112.0,0.95,False,link.springer.com
1t3skmt,todayilearned,TIL that Gourmand syndrome is a rare but benign eating disorder that causes those afflicted to want to eat gourmet food,,2527,254,1777924190.0,0.93,False,en.wikipedia.org
1t3y0ds,todayilearned,"TIL Lone Star Tick bites can cause an allergy to red meat because of their own saliva, not a disease they're carrying",,1145,197,1777936364.0,0.93,False,my.clevelandclinic.org
1t3i55e,todayilearned,"TIL the pilots of Air Florida Flight 90, unwilling to lose their takeoff spot to apply more deicing due to snowy weather, moved behind a DC-9 in the takeoff queue, thinking that the engine exhaust would melt ice on the wings. This contributed to further icing, contributing to a crash that killed 74.",,6008,179,1777902261.0,0.99,False,en.wikipedia.org
1t3qj0o,todayilearned,"TIL that 'Star Wars' creator George Lucas was originally slated to direct a film adaptation of popular book 'Dinotopia' by James Gurney in the 1990s, but it was never made. Critics allege that 'Star Wars: Episode I – The Phantom Menace' (1999) unfairly copied images from Gurney's books for Naboo.",,2065,149,1777919925.0,0.97,False,en.wikipedia.org
1t3dwn9,todayilearned,"TIL that before becoming David Attenborough the natural history legend, he actually ran BBC Two in the 60s, commissioning Monty Python’s Flying Circus, and was suggested for the top job of BBC Director-General.",,9998,134,1777891029.0,0.98,False,en.wikipedia.org
1t4153r,todayilearned,"TIL of Latah, a condition where the subject, in response to being startled, uncontrollably and suddenly obeys commands, opposes them, repeats random words,uses foul language or erratic moves. Initially thought to be specific to South-East Asian cultures, it has actually appeared among other peoples.",,377,83,1777944460.0,0.83,False,en.wikipedia.org
1t45npw,todayilearned,TIL Tetanus and Botulism are caused by bacteria that are in the same genus. Clostridium.,,148,12,1777957094.0,0.93,False,en.wikipedia.org
1t4592z,todayilearned,"TIL in 17th-century England, people hid “witch bottles” filled with pins, nails, urine, nail clippings, or thorns in hearths and floors as a prepared cure against witchcraft",,144,29,1777955835.0,0.93,False,mola.org.uk
1t44odm,todayilearned,"TIL older Neocapritermes taracua termite workers carry copper-containing blue crystals in external pouches; during aggressive encounters, their bodies rupture and the crystals mix with salivary secretions to make a toxic droplet",,125,17,1777954105.0,0.93,False,science.org
1t36mni,todayilearned,"TIL that Eminem's original recording of the third verse of ""Stan"" was lost due to a stoned engineer taping over his vocals. Eminem later expressed dismay that it was never heard, as his original take was apparently ""WAY better"" than what was released.",,13032,304,1777866474.0,0.96,False,thefader.com
1t33yj3,todayilearned,"TIL David Fincher let Meat Loaf shadow him during the directing process for Fight Club (1999). Meat Loaf ""hardly spent any time"" in his trailer because he instead would sit behind Fincher so he could see what Fincher saw. Meat Loaf even helped Fincher select which take to use for some scenes.",,19866,480,1777858912.0,0.97,False,indiewire.com
1t3bj1d,todayilearned,"TIL that in 2002, a man raided the Bohemian Grove to burn a giant owl statue, but failed because it was made of concrete; after his flashlight died, he fell asleep in a cabin and was arrested the next morning.",,3156,115,1777882878.0,0.97,False,en.wikipedia.org
1t3zta5,todayilearned,TIL that Niagara Falls State park is credited with being one of the oldest state parks within the US.,,158,21,1777940964.0,0.87,False,en.wikipedia.org
1t3qlhp,todayilearned,"TIL A Vancouver man squeezed himself into a duct about 25 centimetres or 10 inches wide, on the roof of a former hotel while cleaning debris. He was stuck in the air vent for a day and a half before being assisted through a self-rescue by the fire department to wiggle himself out , uninjured",,417,34,1777920068.0,0.84,False,globalnews.ca
1t3rwwv,todayilearned,"TIL about the Hoff crab, a species of deep-sea squat lobster that lives near Antarctica. The crustacean was given its nickname owing to the resemblance between the dense covering of setae (hair-like structures) on its ventral surface and the hairy chest of actor David Hasselhoff",,356,30,1777922799.0,0.97,False,en.wikipedia.org
1t3qras,todayilearned,"TIL most plastic products release estrogenic chemicals.  Bisphenol A (BPA) and phthalates, act as endocrine disruptors by mimicking or blocking the hormone estrogen.",,317,31,1777920412.0,0.93,False,pmc.ncbi.nlm.nih.gov
1t3eid1,todayilearned,"TIL the short story ""By the Waters of Babylon"" pioneered the modern postapocalyptic story archetype, despite being written a decade before the invention of the atomic bomb. It describes a rustic descendent venturing into a ruined New York City, now faded into myth as the, ""Place of the Gods.""",,860,45,1777892888.0,0.99,False,en.wikipedia.org
1t3iiha,todayilearned,TIL Boba Fett's first public appearance was at a parade in September 1978 in George Lucas's hometown. In the same parade an actor playing Darth Vader suffered a 'heat-related collapse' and was treated with a saline solution.,,499,23,1777903114.0,0.94,False,sfgate.com
1t3ls35,todayilearned,"TIL Family Home Entertainment — best known in the 80s and 90s as the distributor of Transformers, G.I. Joe, and Teenage Mutant Ninja Turtles on VHS — was founded as a family-oriented alternative to the owner's previous venture, porn distributor Caballero Home Video",,290,10,1777910094.0,0.97,False,en.wikipedia.org
1t395u9,todayilearned,TIL many landfills in the US have systems that capture the methane gas emitted from decomposing rubbish and then turn it into natural gas to sell or use in electricity generation.,,1733,63,1777874492.0,0.99,False,en.wikipedia.org
1t3rpwu,todayilearned,"TIL of the Lee-Peacock feud. From 1867 - 1871 in north Texas, supporters of the Lee family and supporters of the Peacock family fought each other, resulting in at least 50 deaths",,141,8,1777922396.0,0.96,False,legendsofamerica.com
1t3el4r,todayilearned,TIL - That four generations of the Cassinis worked for 100 years to create the first scientifically accurate map of France. They pioneered the use of triangulation to calculate distance across the countryside transforming map making into a modern Science.,,542,8,1777893118.0,0.97,False,thecartographicinstitute.com
1t391nq,todayilearned,TIL:In 1997 Kim Jong Il Made efforts to introduce Italian Pizza Going so far that he flew in someof the most well known Italian Chefs,,1114,52,1777874109.0,0.95,False,en.wikipedia.org
1t36o7t,todayilearned,"TIL after the break up of their music partnership in 1972, Dionne Warwick sued Burt Bacharach &amp; Hal David. She filed a $5.5 million lawsuit for breach of contract. The suit was settled out of court in 1979 for $5 million, including the rights to all Warwick recordings produced by Bacharach &amp; David.",,897,15,1777866606.0,0.96,False,en.wikipedia.org
1t2qvdb,todayilearned,"TIL of ""mewing,"" the practice of pushing one's tongue against the roof of the mouth to improve facial an jaw structure. It has no scientific evidence to support its efficacy",,7068,561,1777827442.0,0.9,False,en.wikipedia.org
1t38k96,todayilearned,"TIL that Mort Sahl helped reinvent stand-up by doing political comedy in a normal conversational voice, holding a newspaper on stage like he was just talking to friends.",,524,29,1777872514.0,0.97,False,en.wikipedia.org
1t2pcpj,todayilearned,"TIL that during a fight in an NBA game, Kermit Washington punched Rudy Tomjanovich so hard he not only fractured Tomjanovich's skull but he could taste the spinal fluid leaking from his skull.",,5721,271,1777824014.0,0.96,False,en.wikipedia.org
1t3bfgy,todayilearned,"TIL Fort Jefferson took nearly 30 years to build, but was never finished or fully armed",,230,19,1777882525.0,0.95,False,nps.gov
1t2iu7x,todayilearned,"TIL that as a research chemist at Oxford University, Margaret Thatcher co-authored a 1951 paper on the “saponification of α-monostearin”; she later said she was prouder of her science degree than becoming the first female Prime Minister.",,16978,1490,1777807506.0,0.92,False,en.wikipedia.org
1t3965u,todayilearned,"TIL that between 1934 and 1951, Alfred Hitchcock would have at least one movie come out every year, often having multiple come out in a single year. The longest gap between films released in his lifetime was four years between 1972’s Frenzy and 1976’s Family Plot.",,335,46,1777874523.0,0.97,False,en.wikipedia.org
1t2jr3s,todayilearned,"TIL In 1971, community and civil rights activist Ann Atwater was forced to work alongside KKK leader Claiborne Paul Ellis in Durham, North Carolina. By the end of their 10-day meetings, Ellis renounced the Klan, tore up his membership card, and spent the rest of his life fighting for equality.",,10275,247,1777810270.0,0.98,False,en.wikipedia.org
1t2r54x,todayilearned,"TIL that, in 2013, the city of San Francisco transformed into Gotham City for 5-year-old Leukemia survivor Miles Scott, who wanted to be Batman. Over 10,000 volunteers showed up, setting up missions for him to complete and cheering him on.",,3156,78,1777828037.0,0.97,False,en.wikipedia.org
1t2kq4g,todayilearned,"TIL popular battle rapper Daylyt was removed from the stage while attempting to defecate on it, after he told the a crowd ""if I hear two more boos, I'll boo boo right on this stage"" — and two people booed.",,7504,300,1777812934.0,0.95,False,musictimes.com
1t2rhbh,todayilearned,"TIL the first spam email was sent on May 3, 1978, by Gary Thuerk, to 400 users on ARPANET—the precursor to the modern internet. The message generated significant complaints but also brought in estimated sales of $13 million",,2670,78,1777828788.0,0.97,False,en.wikipedia.org
1t363fe,todayilearned,"TIL that in 1883, American railroads divided North America into four time zones in an event called the ""Day of Two Noons."" The federal government didn't officially ratify these zones for another 35 years.",,407,50,1777864883.0,0.97,False,guides.loc.gov
1t2wgwv,todayilearned,TIL there's a cure for HIV involving stem cell transplants. But there's a catch: The procedure has only been used for patients with life-threatening blood cancers.,,1133,66,1777839849.0,0.95,False,nature.com
1t2pxhb,todayilearned,"TIL In 2016, Los Angeles set up regulations to limit the number of costumed street performers allowed on Hollywood Boulevard. One-fifth of visitors reported ""unsatisfactory"" experiences with performers and those who distribute CDs in an ""aggressive and rude"" way",,2374,146,1777825323.0,0.97,False,nbclosangeles.com
1t39f46,todayilearned,"TIL James Braidwood founded the world’s first municipal fire brigade in Edinburgh (1824), later led London’s, and during the 1834 Palace of Westminster fire helped save St Stephen’s Hall—before dying in the line of duty in 1861",,152,8,1777875366.0,0.98,False,en.wikipedia.org
1t2u3u7,todayilearned,"TIL that nobody really knows what happened Herschel Grynszpan, whose assassination of a Nazi diplomat was used as a pretext for the 1938 German November pogroms. Some say he died in custody in 1942, while others claim that photos show him at protests in 1946, thus surviving the war",,985,31,1777834563.0,0.96,False,en.wikipedia.org
1t2wakr,todayilearned,TIL That Killer Whales (Orcas) Eat Moose.,,748,155,1777839441.0,0.94,False,explorearth.com
1t2i25l,todayilearned,"TIL that in 2025, a man named Andrew Smith was at the beach when he saw a teenage girl being dragged out to sea by a rip current. Unable to swim, Smith used his drone to deliver floatation devices to the girl, allowing her to stay afloat long enough for rescuers to arrive.",,4391,68,1777804997.0,0.98,False,theguardian.com
1t2k8f3,todayilearned,"TIL in 1946 ""Babalon Working"" was a series of sex magic rituals performed by Jet Propulsion Lab founder Jack Parsons and Scientology founder L. Ron Hubbard. The rituals were designed to manifest an individual incarnation of Babalon. The rituals drew upon writings of occultist Aleister Crowley.",,3025,298,1777811637.0,0.96,False,en.wikipedia.org
1t33pft,todayilearned,"TIL there are more mediterranean seas in the world than just the one in Europe and Africa, such as the American mediterranean sea.",,250,42,1777858226.0,0.71,False,en.wikipedia.org
1t2mkkb,todayilearned,"TIL, along Route 66, a flatbed Ford sits on a corner in Winslow, Arizona permanently as a tribute to the Eagles song, Take It Easy.",,2024,156,1777817587.0,0.96,False,worldatlas.com
1t30a1z,todayilearned,TIL that NBA head coach Doc Rivers is the only coach to have lost a best of 7 playoff series 3 separate times after being ahead 3 games to 1. The 3 teams that blew 3-1 leads with Rivers as head coach are the 2003 Orlando Magic as well as the 2015 &amp; 2020 Los Angeles Clippers.,,367,30,1777849053.0,0.93,False,en.wikipedia.org
1t2ikcl,todayilearned,TIL some fungi can generate pressure which is 80 bars (80 times greater than atmospheric pressure at sea level). This allows fungi to physically force their way into surfaces,,2918,79,1777806662.0,0.98,False,en.wikipedia.org
1t2wfhi,todayilearned,"TIL that Ohio has the highest population of Hungarians in America compared to other states . A lot of them came to Cleveland which they called the ""American Debrecen.""",,483,45,1777839757.0,0.95,False,en.wikipedia.org
1t28m8e,todayilearned,"TIL that the sitcom ALF ends with the titular character being captured by federal agents just as he’s about to return to his home planet, because the show was canceled before it could resolve that cliffhanger.",,24910,585,1777774116.0,0.97,False,syfy.com
1t2qug3,todayilearned,"TIL there is an aurora phenomenon, discovered in Canada, separate from the Northern Lights. The aurora is called STEVE (Strong Thermal Emission Velocity Enhancement)",,400,13,1777827384.0,0.98,False,en.wikipedia.org
1t2ofc7,todayilearned,"TIL in Hungary in 1945 there were first ever free elections in the country since independence. They were the only free elections before the 1990s and the communists lost them, getting 70 seats out of 409.",,459,23,1777821888.0,0.89,False,en.wikipedia.org
1t2u7ee,todayilearned,"TIL that eastern honey bees have ""social apoptosis"", like the way cells in our organisms can self-destruct, baby bees who are infected can sacrifice themselves to save the whole colony, making an ""altruistic suicide""",,170,7,1777834778.0,0.95,False,nature.com
1t2h26i,todayilearned,"TIL that Saint Drogo, a 12th-century Flemish saint, is recognized as the patron saint of coffee and coffeehouses, despite coffee not being introduced to Europe until four centuries after his death.",,722,49,1777801545.0,0.96,False,en.wikipedia.org
1t1u9lb,todayilearned,"TIL in 2008 a 33-year-old Wisconsin woman stole her daughter's identity and enrolled in high school in order to ""get her high school diploma and join the cheerleading squad."" She reportedly attended practices, received a cheerleader's locker &amp; went to a pool party at the cheerleading coach's house.",,23875,1066,1777738696.0,0.97,False,nbcnewyork.com
1t2kj0p,todayilearned,TIL that the earliest creation of steel was in Central Anatolia by the Hittites.,,267,29,1777812422.0,0.96,False,en.wikipedia.org
1t1wxvq,todayilearned,TIL Jennie Wade the only civilian casualty of the Battle of Gettysburg was baking bread when she was struck and killed by a stray bullet. In 1882 the U.S. senate granted Wade's mother a pension citing that Wade had died serving the Union cause by baking bread for the soldiers.,,9321,100,1777744795.0,0.99,False,en.wikipedia.org
1t1u6mv,todayilearned,"TIL Cheeseface, the dog on National Lampoon's infamous 1973 ""If you don't buy this magazine, we'll kill this dog"" cover, was shot and killed by an unidentified hunter on his owner's farm three years after it came out.",,14458,223,1777738505.0,0.95,False,wikipedia.org
1t1t11u,todayilearned,TIL that the Boston Marathon has a retired number. Kathrine Switzer was the first woman to run in it despite an unofficial ban on female runners. She wore bib #261.  50 years later when she ran in the marathon and they gave her the same number and then in her honor retired #261.,,16968,202,1777735828.0,0.97,False,en.wikipedia.org
1t1qrpb,todayilearned,"TIL warm-blooded mammals are naturally resistant to most fungal infections because their body heat creates a “thermal barrier” that fungi can’t survive, which suggests this evolved as protection against deadly fungi",,19082,573,1777730561.0,0.97,False,journals.plos.org
1t2gtfq,todayilearned,"TIL that due to multiple player injuries, Milwaukee Bucks assistant coach and former Bucks player Mike Dunleavy Sr suited up and played two games in 1988-89 and five games in 1989-90 on 10-day contracts, four years after he retired at the end of the 1984-85 NBA season.",,217,7,1777800689.0,0.92,False,basketballshooting.com
1t1te3e,todayilearned,"TIL diesel fuel was invented in 1892 and Rudolf Diesel, the inventor, demonstrated his engine at the 1900 Paris Exposition running on peanut oil.",,5776,218,1777736682.0,0.98,False,en.wikipedia.org
1t1rkyg,todayilearned,"TIL the farthest distance survived in a tornado is 1,307 ft by Matt Suter. He was standing on a couch struggling to close a window against 150mph winds when he was knocked unconscious by a lamp before being sucked up &amp; propelled nearly a 1/4 mile by an F2 tornado. His only injury was from the lamp.",,5865,98,1777732511.0,0.98,False,guinnessworldrecords.com
1t25b2a,todayilearned,"TIL that Palo Azul tea appears blue when exposed to light due to the Tyndall effect. When light passes through the brown tea, it scatters off the tiny particles (flavonoids and polyphenols) suspended within. The same phenomenon that makes the sky look blue is what makes the tea look like magic!",,1044,56,1777764886.0,0.94,False,elexpatinsidermexico.com
1t29v2q,todayilearned,TIL House of Payne is the longest running black show with 400 eps suceeding The Jeffersons by over 157 eps and is still an ONGOING tv show since 2006,,474,54,1777777685.0,0.82,False,en.wikipedia.org
1t27xtu,todayilearned,"TIL about Dennis Sciama, an English physicist who is considered one of the fathers of modern cosmology. Sciama played a major role in researching physics after WWII, and was the PhD supervisor to many famous physicists and astrophysicists, including Stephen Hawking.",,386,8,1777772208.0,0.96,False,en.wikipedia.org
1t2l5c5,todayilearned,TIL that Octopus have 3 hearts and a “mini brain” in each tentacle,,38,11,1777814009.0,0.86,False,nhm.ac.uk
1t21fzg,todayilearned,TIL:That in the 1952 Texas gubernatorial election Allan Shivers Ran as both Democratic and Republican Candidate,,750,6,1777755104.0,0.97,False,en.wikipedia.org
1t1su1a,todayilearned,"TIL the Parker Dam, listed at an official height of 320 feet, is the deepest dam in the world &amp; the only dam that stands more underground than above. 235 feet of the dam is below the riverbed, with only 85 feet of the dam exposed.",,1472,75,1777735385.0,0.98,False,en.wikipedia.org
1t1pih7,todayilearned,"TIL Bogart-Bacall Syndrome is a medical term for an ongoing hoarseness and vocal cord damage that often affects actors, singers or TV/radio voice workers who routinely speak in a very low pitch",,2201,57,1777727470.0,0.98,False,en.wikipedia.org
1t1sn5j,todayilearned,"TIL about Valley Fever, which is caused by the inhalation of a soil fungus endemic to the Southwestern United States. If left untreated it can cause skin ulcers, abscesses, bone lesions, swollen joints with severe pain, heart inflammation, urinary tract problems, and meningitis.",,1402,65,1777734942.0,0.98,False,en.wikipedia.org
1t1nl3m,todayilearned,"TIL that before he found commercial and literary success, John Steinbeck (“Of Mice and Men,” “The Grapes of Wrath”) wrote a Depression-era werewolf murder mystery. His estate has rejected attempts to publish, saying he didn’t think it was good enough to publish.",,2071,113,1777722115.0,0.98,False,npr.org
1t1qrlz,todayilearned,TIL thieves trying to impersonate Ricky Gervais attempted and failed to buy 27kg of gold with nearly £200K of Gervais' money. When they showed up to collect the gold their plan was to use a forged passport with a picture identical to that of Gervais posing as David Brent on the DVD of The Office.,,1019,44,1777730555.0,0.96,False,theguardian.com
1t1x6wi,todayilearned,"TIL The Great Trigonometrical Survey was a project carried out to survey across entire Indian subcontinent with scientific precision. It began in 1802 and lasted till 1918. Many accomplishments of this were the measurement of Himalayas, first measure of arc of longitude, theories of isostasy etc.",,388,10,1777745332.0,0.97,False,en.wikipedia.org
1t1gs6u,todayilearned,"TIL Robert Ripley visited 200 countries hunting for the weird and was obsessed most with China. Ripley believed he was a Chinese reincarnated as an American. Ripley adopted Chinese dress and customs, filled his homes with Chinese artworks, Chinese junk, and signed his cartoons “Rip Li” for a time",,3848,123,1777699259.0,0.97,False,nbcnews.com
1t1nrqm,todayilearned,TIL - Of the submarine Abdül Hamid it was an early steam powered submarine built in the UK in 1880. It was bought and put in service by the Ottoman Navy and it was the first submarine in the world to fire a live torpedo underwater.,,1126,11,1777722670.0,0.98,False,en.wikipedia.org
1t19l47,todayilearned,"TIL that before time zones, towns kept “local solar time,” where noon was set when the Sun was highest overhead in each place. This caused clocks to differ by minutes, forcing trains to use timetables that accounted for multiple local times and prompting railroads to push for standardized time.",,5154,72,1777678488.0,0.98,False,en.wikipedia.org
1t18442,todayilearned,"TIL that during the recording of the 1993 album “Siamese Dream,” the Smashing Pumpkins’ drummer Jimmy Chamberlin would go on extended heroin benders. After vanishing for three days, frontman Billy Corgan “put the hammer down” and made Chamberlin perform the song “Cherub Rock” until his hands bled.",,6298,444,1777674725.0,0.95,False,en.wikipedia.org
1t3p7zk,todayilearned,TIL Blue jays aren’t blue. The blue color is an optical illusion due to the structure of the feathers.,,0,43,1777917196.0,0.33,False,en.wikipedia.org
1t1demr,todayilearned,"TIL of OMP decarboxylase, an an extraordinarily efficient catalyst capable of accelerating the uncatalyzed reaction rate by a factor of 10^17. The uncatalyzed reaction which would take 78 million years to convert half the reactants into products is accelerated to 18 milliseconds.",,2157,157,1777689058.0,0.89,False,en.wikipedia.org
1t1cj5c,todayilearned,"TIL some pitcher plants evolved into shrew toilets, getting 57% to 100% of their nitrogen from tree shrew feces",,2243,52,1777686590.0,0.98,False,smithsonianmag.com
1t0xn9u,todayilearned,TIL The rise in colon cancer in adults under 50 has been strongly and directly linked to exposure to certain strains of E.Coli in the first ten years of life,,23863,906,1777651448.0,0.97,False,npr.org
1t1t7d2,todayilearned,TIL that Earthworms are hermaphrodites and come from cocoons.,,173,13,1777736241.0,0.91,False,earthwormsoc.org.uk
1t1fafh,todayilearned,"TIL the word “Mansa” was a title of the Mali Empire, akin to King or Sultan, and was not a surname or given name.",,1115,51,1777694606.0,0.96,False,wikipedia.org
1t147g5,todayilearned,"TIL of 22 year old Lieutenant Alonzo Cushing, who held back a Confederate attack with his artillery during the Battle of Gettysburg. His abdomen was ripped open by shrapnel, but he continued directing fire until he died. He was awarded the Medal of Honor 151 years later.",,4909,64,1777665617.0,0.98,False,cmohs.org
1t0yo1d,todayilearned,TIL that North Korea's biggest export is fake hair amounting to 46.5% ($188M) of all exports of North Korea,,7521,201,1777653628.0,0.98,False,oec.world
1t0pkuq,todayilearned,"TIL about ""orphaned negatives""—words like disgruntled, nonchalant, and innocent whose positive counterparts (gruntled, chalant, and nocent) have completely vanished from common usage.",,34499,1126,1777631427.0,0.98,False,en.wikipedia.org
1t0v7oz,todayilearned,"TIL an 18th century French glutton was hired as a spy to swallow and smuggle military intel in a wooden box. After being captured by the Prussians, he was forced to ""pass"" the box, only for his captors to find a useless test message inside.",,5643,103,1777646150.0,0.99,False,mentalfloss.com
1t15jxk,todayilearned,"TIL of Charles DeRudio, the son of an Italian count he went to an Austrian military academy, fought in the first Italian war of Independence, was shipwrecked, attempted the assassination of emperor Napoleon III,  escaped a prison island, joined the US Army and fought at the battle of Little Bighorn",,1023,30,1777668628.0,0.98,False,en.wikipedia.org
1t0t4uq,todayilearned,"TIL the ""Donation of Constantine""—a Roman imperial decree giving the Pope authority over the western Roman Empire—was used by medieval popes for centuries until scholars exposed it as a forgery, partly because its Latin contained ""fief,"" a term that didn't exist in Constantine's time.",,3233,51,1777641315.0,0.99,False,en.wikipedia.org
1t0ohjq,todayilearned,TIL that actor Cliff Robertson was involved in an embezzlement investigation in the 1970s when he reported the head of Columbia Pictures for forging his signature on a check payable to him for work he did not perform. Columbia then blacklisted him from working with them until 2002's Spider-Man.,,6368,216,1777627790.0,0.98,False,en.wikipedia.org
1t0iddb,todayilearned,"TIL about Nzou, a female elephant in a Zimbabwean reserve who shuns other elephants and has been the leader of a buffalo herd for decades. Along the years she has killed many male buffaloes who challenged her leadership.",,29291,557,1777607702.0,0.99,False,conservationtravelafrica.org
1t0xouy,todayilearned,"TIL that audio engineer and producer Alan Parsons, who sound engineered 1969’s “Abbey Road” and 1973’s “Dark Side of the Moon”, didn’t win a Grammy until 2019 for the 35th anniversary release of his own album “Eye in the Sky”.",,1556,137,1777651544.0,0.98,False,en.wikipedia.org
1t19dd6,todayilearned,"TIL: The longest NHL playoff game that was scoreless until the winning goal was 176 minutes and 30 seconds of playing time, ending at 16:30 of the 6th overtime period on March 24th 1936",,214,16,1777677924.0,0.93,False,records.nhl.com
1t0eieb,todayilearned,"TIL all octopuses are programmed to die after reproducing, as an optic gland hormone triggers rapid self destruction, with males declining within days to weeks after mating and females starving while guarding eggs until death, and none of the octopus live longer than 5 years even in ideal conditions",,21251,997,1777596919.0,0.99,False,uchicagomedicine.org
1t0m50d,todayilearned,"TIL It is estimated that a quarter of the population of Britain was killed around 6200 BC by tsunamis triggered by underwater landslides in Storegga, Norway.",,2876,89,1777619607.0,0.98,False,en.wikipedia.org
1t17eti,todayilearned,TIL male Australian marsupials (such as kangaroos and koalas) do not have nipples ('mammary anlagen'),,181,8,1777672996.0,0.93,False,academic.oup.com
1t18eq4,todayilearned,"TIL about Martha's rule- patient safety initiative in UK that allows patients, families, carers and staff to access a rapid review of deteriorating patient by clinical care outreach team.",,141,4,1777675470.0,0.91,False,en.wikipedia.org
1t0p2rx,todayilearned,"TIL Frank ""Tony Lip"" Vallelonga (RIP), of Sopranos, drove pianist Don Shirley in 1962 through the Deep-South, as chauffeur &amp; bodyguard. Made into the 2018 film ""Green Book"" with M.Ali &amp; V.Mortenson. 'The Negro Motorist Green Book' was a guide for African Americans to travel more safely down South.",,1292,126,1777629776.0,0.88,False,en.wikipedia.org
1t08p2r,todayilearned,TIL that many public libraries eliminated late fees after finding that fines discouraged people from returning at all - and that bringing patrons back often mattered more than enforcing penalties.,,23703,457,1777582398.0,0.98,False,kuow.org
1t1g5mb,todayilearned,"TIL that due to a shortage of props during the filming of the 1965 Doctor Who serial ""The Chase"", two Dalek props created for the Peter Cushing movies were loaned to the BBC for use during filming.",,37,0,1777697248.0,0.74,False,youtu.be
1t0kb4a,todayilearned,"TIL that Martin James Monti, an American airman, stole a plane and defected to the Nazis. He became an officer in the Wehrmacht and recorded Nazi propaganda films. After the war, he was the first US military officer to ever be convicted of treason.",,2266,87,1777613567.0,0.99,False,en.wikipedia.org
1t0el5a,todayilearned,"TIL The most successful Nazi Interrogator of allied POWS during WWII, Hanns Scharff, created the mosaics for Cinderella's Castle at Disney World",,4535,120,1777597122.0,0.98,False,en.wikipedia.org
1t0arov,todayilearned,"TIL  In 2001, Alec Baldwin called for a boycott of his directorial debut. Shot in 2001 with Anthony Hopkins and Jennifer Love Hewitt, it didn't release until 2007 because backers dropped out, and the FBI investigated the production.",,6798,202,1777587248.0,0.96,False,en.wikipedia.org
1t0e8mk,todayilearned,"TIL Hitler's birthplace, a building located at Braunau am Inn, Austria; will be transformed into a police station in order to avoid ""Hitler tourism"". A memorial stone in memory of the Holocaust victims was placed in front of the building.",,3340,152,1777596168.0,0.97,False,en.wikipedia.org
1t0585h,todayilearned,"TIL the current US nuclear stockpile consists of 3,700 warheads, with another 1,477 awaiting dismantlement. This represents a nearly 90% reduction from the peak stockpile size of 31,000 warheads the US had in 1967",,12324,738,1777574888.0,0.97,False,en.wikipedia.org
1t0q86l,todayilearned,"TIL that International Workers’ Day (1 May) traces back to the 1886 Haymarket affair in Chicago, where a bomb at a labour rally led to arrests and executions, though the person who threw it was never identified.",,398,21,1777633432.0,0.95,False,en.wikipedia.org
1t0szsf,todayilearned,"TIL - A chain boat was a type of river craft, used mid to late 19th and early 20th century on many European rivers, it made use of a steel chain laid along the riverbed for its propulsion and existed due to many European Rivers having to fast a current for traditional steam boats of the time.",,206,26,1777640969.0,0.92,False,en.wikipedia.org
1t0fyi5,todayilearned,"TIL Anne Carroll Moore was a key figure behind the New York Public Library, but she was a fierce critic of children’s literature and kept many books, such as Goodnight Moon, off its shelves for decades.",,1482,125,1777600879.0,0.97,False,en.wikipedia.org
1t0awz8,todayilearned,TIL there has been a confirmed case of a human killed by a giant anteater.,,2763,169,1777587605.0,0.98,False,sciencedirect.com
1t0pf79,todayilearned,"TIL that the DNA Doe Project, an organization that uses forensic genealogy to give names back to unidentified deceased persons (John &amp; Jane Does), is credited with identifying over 150 decedents since its founding in 2017.",,275,7,1777630912.0,0.96,False,en.wikipedia.org
1t0dvls,todayilearned,"TIL in addition to describing Steller’s sea cow, Georg Wilhelm Steller noted an ectoparasite that lived on them, something like the whale louse. The parasite is unidentified due to the host’s extinction and the loss of all Steller’s specimens.",,1450,37,1777595196.0,0.99,False,en.wikipedia.org
1t0lcvb,todayilearned,"TIL Barnacles possess the largest penis-to-body size ratio of any known animal, up to eight times their body length",,474,74,1777616991.0,0.92,False,en.wikipedia.org
1t0d1w7,todayilearned,TIL LA's landmark First National Bank building on Hollywood Blvd has been completely vacant since 2008,,1205,44,1777593051.0,0.97,False,emptylosangeles.com
1t0c41z,todayilearned,TIL about the devils footprints a 40-100 miles continuous line of cloven footprints that appeared in a single night across England,,923,56,1777590582.0,0.9,False,en.wikipedia.org
1t0f0pu,todayilearned,"TIL suicide rates have been lower on Super Bowl Sundays than other Sundays, and it is believed that the social connectedness that occurs from being a fan of a sport's team increases one's feeling of belongingness",,578,66,1777598302.0,0.93,False,latimes.com
1t0ldbf,todayilearned,"TIL that Pope Leo I was the earliest pope the be called ""the Great"", made a Doctor of the Church and buried in St. Peter's Basilica. According to legend, he also stopped Attila the Hun from attacking Rome.",,206,13,1777617029.0,0.94,False,en.wikipedia.org
1t0d43u,todayilearned,"TIL the largest nuclear stockpile in the world is located in Albuquerque, New Mexico.",,456,68,1777593218.0,0.95,False,thebulletin.org
1szsrrp,todayilearned,"TIL EPCOT was an unrealized radial city by Walt Disney with a theme park, hotels, campgrounds, convention centers, high &amp; low density housing, golf course, industrial park, airport, &amp; monorail system. Cars were to not be used; roads would be underground in urban areas to make ""The pedestrian king"".",,3931,198,1777546786.0,0.97,False,en.wikipedia.org
1t0fni9,todayilearned,"TIL of the Madras System, an Indian educational method that the British adopted to spread mass literacy during the early industrial revolution",,230,21,1777600050.0,0.91,False,joannaharma.net
1szohn3,todayilearned,"TIL until 1832, a hill in England with no residents called ""Old Sarum"" was represented by two Members of Parliament. There once was a town there, but it was abandoned. The hill's owner retained the power to appoint 2 MPs, and these two seats were openly bought and sold.",,8468,276,1777532141.0,0.98,False,en.wikipedia.org
1szl0ao,todayilearned,TIL the 1st Minnesota Infantry lost 82% of their fighting strength on July 2nd 1863 at the Battle of Gettysburg. This stands as the largest loss by any surviving US military unit in a single days engagement,,15264,543,1777521026.0,0.97,False,civilwarmed.org
1t01gam,todayilearned,TIL the UK pays significantly more in taxes for beer over 3.4% ABV. Beer between 1.3% to 3.4% is taxed £9.96 for each liter of pure alcohol in the product. Beers with 3.5% to 8.4% ABV jump to a £22.58/liter duty. Over 8.5% ABV increases again to £30.62/liter.,,997,194,1777566795.0,0.96,False,gov.uk
1t07lxz,todayilearned,TIL that cybernetics (a system's actions or outputs that are fed back into the system as inputs so constant adjustments can be made to the system) was created by Norbert Wiener after working on anti aircraft guns in WW2,,503,40,1777580035.0,0.93,False,en.wikipedia.org
1szwcxp,todayilearned,"TIL Italy built 10 armored cruisers in the 1890s, kept 3, and sold the rest to Argentina, Spain, and Japan, one was sunk without her guns ever being installed, another rammed a friendly ship on her third week of service, and two survived long enough to fight in both the Russo-Japanese War and WWI",,1087,26,1777556301.0,0.98,False,naval-encyclopedia.com
1szp13g,todayilearned,"TIL that while Liberia is the most popular flag of convenience for commercial ships today, the Liberian Shipping Registry is actually run by an US owned and operated company in Dulles, Virginia, USA.",,2719,55,1777533947.0,0.98,False,en.wikipedia.org
1szimnq,todayilearned,"TIL when the Beach Boys dismissed their father as their manager for his overbearing presence, he then produced the sound-alike group ""The Sunrays.""",,6654,266,1777514359.0,0.98,False,en.wikipedia.org
1t0e4qi,todayilearned,"TIL the term, “Pigouvian Tax” (or Subsidy) where external costs or benefits to a society from certain transactions are taxed or subsidized (like a tobacco tax or education subsidies).",,88,17,1777595868.0,0.89,False,en.wikipedia.org
1szt58n,todayilearned,"TIL that one of the earliest typewriters, built by Pellegrino Turri in 1801, didn’t use an ink ribbon at all, he invented carbon paper to transfer the text, which later gave us “cc” (carbon copy) in emails.",,979,41,1777547912.0,0.95,False,en.wikipedia.org
1t0eq5e,todayilearned,Today I learned that You're So Cool by Hans Zimmer (the main song used in the score of the Tony Scott movie True Romance) is considered an arrangement because it's based on Gassenhauer nach Hans Neusiedler (1536) by Carl Orff - the same guy that composed the Carmina Burana.,,66,11,1777597491.0,0.78,False,en.wikipedia.org
1t0csbf,todayilearned,"TIL of Forefathers' Day, a regional holiday celebrated in Plymouth, Massachusetts, every year on December 22. Established in 1769 as a day of ""filial piety"", it eventually became obscure after the emergence and popularity of Thanksgiving as a national holiday in 1863.",,78,2,1777592344.0,0.92,False,americanreformer.org
1sz8gvy,todayilearned,TIL Tim Horton died by driving at high speeds on drugs and double the legal limit for alcohol,,19534,1177,1777489798.0,0.96,False,en.wikipedia.org
1szm7ds,todayilearned,"TIL Luther Vandross was involved in a fatal car crash in 1986. Vandross was driving at 50 mph (80 km/h) in a 35 mph (56 km/h) zone when he veered off path &amp; crashed. Larry Salvemini, a passenger, was killed. Vandross pleaded no contest to reckless driving &amp; paid $630,000 to the victim’s family.",,1825,239,1777524661.0,0.94,False,en.wikipedia.org
1sz92ve,todayilearned,"TIL after actor Richard Kelton died from Carbon Monoxide poisoning while on set, Universal Studios was fined $720 for the failure to provide a proper ventilation system in his trailer.",,8171,55,1777491103.0,0.99,False,en.wikipedia.org
1sz5qql,todayilearned,TIL there are laws in many states preventing the sale of vehicles directly to consumers,,10264,698,1777484148.0,0.97,False,en.wikipedia.org
1szc1cd,todayilearned,"TIL about Sheep Worrying, the criminal offence in England and Wales of members of the public allowing dogs to chase, harass or bite sheep. In some circumstances, farmers are legally entitled to shoot dogs if they are endangering their sheep.",,4060,306,1777497618.0,0.99,False,nationalsheep.org.uk
1t0ddj1,todayilearned,"TIL Cape Coral, FL has more than 400 miles of navigable waterways, more than any other city on the earth.",,23,8,1777593866.0,0.64,False,visitflorida.com
1szq99r,todayilearned,"TIL of Art Allen, the USCG Office of Search and Rescue's Oceanographer. He spent years modelling how different items drifted in the sea, building a computer program that directed rescuers to where people and boats would be, based on actual weather conditions",,346,6,1777538292.0,0.98,False,boatus.com
1syyoc5,todayilearned,"TIL that if left unharvested, asparagus can grow up to 11ft, and will fruit red berries that are toxic to humans.",,17060,338,1777468926.0,0.99,False,en.wikipedia.org
1szg0x4,todayilearned,"TIL that the “@” symbol dates back to at least 1345, became a common trade symbol in Spain and Portugal as “arroba” for weights, and only entered the digital world in 1971 when Ray Tomlinson chose it for email.",,935,53,1777507380.0,0.97,False,en.wikipedia.org
1sytyhr,todayilearned,"TIL British TV presenter Stephen Mulhern was suspended from the Magic Circle after revealing how to do a magic trick on the kids' show Finger Tips. While the original suspension was lifted, he kept getting re-suspended each time the episode aired on repeat.",,16169,558,1777455499.0,0.97,False,femalefirst.co.uk
1sz14vk,todayilearned,"TIL about Prader-Willi syndrome, which is a genetic disorder. Among other issues, children have almost unsatiable hunger due to high levels of ghrelin (ie. the hunger hormone) and can thus become obese easily. It is not uncommon for caretakers to have to lock up food.",,3387,316,1777474425.0,0.98,False,my.clevelandclinic.org
1sz3kq5,todayilearned,"TIL that Robert Louis Stevenson (Treasure Island) is the first documented person to use rules for toys soldiers as a wargame in 1881, though he never published them. English Writer H. G. Wells (War of the Worlds) went on to publish his rules for miniature wargaming in 1913 in his book ""Little Wars""",,1638,72,1777479552.0,0.98,False,en.wikipedia.org
1sytaex,todayilearned,"TIL After serving as a Han dynasty emperor for only 27 days, Liu He was deposed for committing 1,127 acts of misconduct.",,6237,151,1777453159.0,0.98,False,en.wikipedia.org
1syux6r,todayilearned,"TIL that Lake Itasca in Minnesota, a 1200 acre glacial lake with a maximum depth of just 35 feet, is the headwater (primary source) of the Mississippi River, which flows 2340 miles to the Gulf of Mexico.",,4295,329,1777458718.0,0.97,False,en.wikipedia.org
1sz09i7,todayilearned,TIL The only personally owned watch used on the moon was Apollo 15 commander David Scott's personal watch that he used as a backup after he had his NASA issued Omega Speedmaster's crystal pop off on the lunar surface. The watch auctioned for $1.625 million in 2015.,,1970,64,1777472488.0,0.98,False,en.wikipedia.org
1szc233,todayilearned,TIL the US Food and Drug Administration classified Leech Therapy as a medical device in 2004.,,500,54,1777497666.0,0.96,False,en.wikipedia.org
1syl9xj,todayilearned,"TIL that 2.4 billion years ago, the evolution of oxygen-producing bacteria caused a mass extinction. Oxygen was toxic to the planet's existing life, and its reaction with methane triggered a ""Snowball Earth"" ice age that lasted 300 million years.",,31647,955,1777428104.0,0.97,False,asm.org
1sz4j2g,todayilearned,"TIL about Myrtle the Parachick, a chicken who was officially recognized as an allied paratrooper in WWII. She was KIA in the Battle of Arnhem.",,513,27,1777481624.0,0.97,False,en.wikipedia.org
1sz6be8,todayilearned,TIL that a person can actually have a nipple on the sole of their foot,,366,124,1777485335.0,0.83,False,escholarship.org
1syxgb5,todayilearned,"TIL Xavier Niel, one of the richest men in France, started his career in online adult service. Even after he sold most of his porn business, he owned two peepshows which delivered envelope stuffed with cash to his office.",,819,31,1777465926.0,0.95,False,theguardian.com
1sze8hf,todayilearned,"TIL Doxorubicin, a powerful but highly toxic chemotherapy drug, was first isolated as a product of a mutated version of a species of bacteria",,108,29,1777502826.0,0.91,False,en.wikipedia.org
1syhjv8,todayilearned,"TIL that Andy van den Hurk falsely confessed to the murder of his stepsister Nicole in order to convince police to exhume her body and search for more DNA evidence. Though he was arrested, he was released shortly after, and the new DNA evidence was enough to find the real killer.",,8918,167,1777418163.0,0.99,False,en.wikipedia.org
1sz73aa,todayilearned,TIL NASA has an “Exoplanet Travel Bureau” that makes free throwback posters about planets that would be cool to visit,,229,10,1777486934.0,0.98,False,science.nasa.gov
1syeouq,todayilearned,"TIL Ligers receive growth encouraging genes from their lion fathers, but because their tiger mothers lack the growth inhibiting genes female lions have it results in genetic gigantism and they can reach 1100 lbs.",,13442,303,1777411271.0,0.98,False,en.wikipedia.org
1sz5ulf,todayilearned,"TIL about the 2006 nuclear mango deal between India and the US, where US ban on import of Indian mangoes was lifted. The deal was part of a broader, tense negotiation to restart nuclear cooperation between the two nations.",,226,20,1777484373.0,0.97,False,bbc.com
1syu2u8,todayilearned,"TIL Legionnaires' disease acquired its name in July 1976, when an outbreak of pneumonia occurred among people attending a convention of the American Legion at the Bellevue-Stratford Hotel in Philadelphia",,931,23,1777455914.0,0.98,False,en.wikipedia.org
1syw0j8,todayilearned,"TIL In the late 15th century, Niccolo Machiavelli's father, Bernardo, left a diary which is still extant. Most of his entries are super short, but he devoted several pages detailing a sex scandal involving his maid and one of his cousins, a valuable record for historians researching social life",,656,12,1777462033.0,0.99,False,medievalists.net
1sz1u2d,todayilearned,"TIL that Ed Wood didn't live to witness his fame as the worst director of all time. He died of a heart attack two years before the Medved brothers named him in their book, The Golden Turkey Award.",,292,32,1777475892.0,0.94,False,en.wikipedia.org
1sz9ag0,todayilearned,"TIL since 2009, Hangul, the Korean writing system, has been used to teach the language Cia-Cia, spoken on Buton island in Indonesia",,96,9,1777491566.0,0.91,False,en.wikipedia.org
1syh5oa,todayilearned,"TIL when John F. Kennedy Airport in New York City was renamed in December 1963, the IATA code assigned to the airport was KIA. The code was changed to JFK in 1968 to avoid association with the phrase ""Killed In Action"".",,3528,135,1777417179.0,0.99,False,en.wikipedia.org
1sy7q35,todayilearned,TIL the average MPG of a semi-truck is around 6 MPG,,13615,1405,1777396495.0,0.95,False,atob.com
1symlyf,todayilearned,"TIL Before the reported extraterrestrial abduction of Betty and Barney Hill in 1961, most people reported friendly encounters with UFOs and aliens. The Hills added new details such as gray-skinned aliens with large heads and black eyes, missing periods of time, and forced medical examinations",,1442,174,1777431720.0,0.97,False,cnn.com
1syhgs3,todayilearned,"TIL the real life “Christopher Robin”, whose name the character from Winnie the Pooh was based on, eventually made peace with his father and loved Pooh in the end, despite the bullying from younger years.",,2628,78,1777417943.0,0.96,False,gylesbrandreth.net
1sy6n4s,todayilearned,"TIL that on Black Wednesday (1992), the British government raised interest rates to 15% in a single afternoon trying to defend the pound, spent £3.3 billion in reserves, and still failed — while a single hedge fund made $1.1 billion shorting the currency that same day.",,7882,358,1777394223.0,0.98,False,en.wikipedia.org
1sy0z9y,todayilearned,"TIL the Cottingley Fairies—a hoax where two young English girls faked photographs of fairies near their home—went unconfessed for over 60 years partly because the cousins were embarrassed at having fooled Sherlock Holmes creator Arthur Conan Doyle, who publicly defended the photos as real.",,22835,792,1777381752.0,0.97,False,en.wikipedia.org
1symoi4,todayilearned,"TIL the slang term ""hella,"" used as an adverb such as in ""hella bad"" or ""hella good,"" was proposed as the SI unit to measure 10^27. Google recognized it in 2010.",,850,101,1777431908.0,0.87,False,en.wikipedia.org
1sy3jhr,todayilearned,"TIL on January 23, 1856, the sidewheel steamer SS Pacific departed Liverpool to New York but vanished in the Atlantic with 186 aboard. What happened to her remained a mystery until a message in a bottle washed on the shores of Scotland in 1861.",,10331,301,1777387644.0,0.97,False,en.wikipedia.org
1syp6p4,todayilearned,"TIL NASA’s X-59 quiet supersonic aircraft has such a long nose that the pilot cannot use a normal forward-facing window. Instead, cameras show the view on a 4K cockpit monitor called the eXternal Vision System.",,578,50,1777439322.0,0.97,False,nasa.gov
1sy8utt,todayilearned,"TIL: In 2011, scientists accidentally discovered a common soil bacterium that can not only survive, but actively grow and reproduce inside a centrifuge at 403,627 times Earth's gravity; a force only found in the shockwaves of exploding stars.",,4378,131,1777398803.0,0.99,False,pnas.org
1syn50a,todayilearned,"TIL that the first novel about the Axis Powers having won World War Two was written in 1937, before World War Two even started. It was ""Swastika Night"" by Katharine Burdekin.",,705,32,1777433206.0,0.98,False,en.wikipedia.org
1sywpro,todayilearned,"TIL Lloyd Binford, long time head of Memphis Censor Board, banned every Charlie Chaplin movies from 1940s to 1956. However neighboring cities screened his movies without a single warning.",,144,12,1777464019.0,0.91,False,en.wikipedia.org
1sy1vzm,todayilearned,"TIL that for the last 30 years, archaeologists have been slowly recovering Blackbeard’s flagship, the Queen Anne’s Revenge, from the floor of the Atlantic Ocean off the coast of North Carolina.",,8664,171,1777383898.0,0.99,False,qaronline.org
1sycxwa,todayilearned,"TIL that buses in Honolulu, Hawaii will flash a shaka followed by “Mahalo"" on the LED screen on the back of the bus that normally displays the route number as a thank-you to drivers who let the bus merge into their lane.",,2191,46,1777407440.0,0.98,False,sfgate.com
1syjcyn,todayilearned,"TIL That at the 1956 Olympic Opening Ceremony, veterinary student Barry Larkin ran with a chair leg stuffed with kerosene-coated underwear and convinced 30,000 people that he was the official torch bearer",,610,13,1777422945.0,0.98,False,en.wikipedia.org
1syrml0,todayilearned,"TIL There are 20 quadrillion ants, 2.5 million for every human",,168,30,1777447299.0,0.96,False,science.org
1sys14y,todayilearned,TIL the original Mad Max owes its unique style to the leftover cameras that McQueen's movie The Getaway left in Australia and no one wanted,,135,16,1777448695.0,0.88,False,youtube.com
1sydxlp,todayilearned,"TIL guano was one of the most important resources in the world for about 40 years, causing economic upheaval and wars.",,730,72,1777409597.0,0.98,False,thebreakthrough.org
1sxsnh1,todayilearned,"TIL in 1994 a journalist found a green jacket from the Augusta National Golf Club in a thrift store in Toronto and bought it for $5. He held on to it for years before selling to a colleague. Then in 2017, it was sold at auction for $139K. It's still unclear how it ended up in a Toronto thrift store.",,18053,384,1777355550.0,0.96,False,cbc.ca
1syobcn,todayilearned,"TIL the common raccoon dog is unusual among canids (dogs, foxes etc) as they hibernate during cold winters and can climb trees. They are most closely related to foxes. They are native to parts of Asia and are considered invasive in Europe",,156,16,1777436656.0,0.96,False,en.wikipedia.org
1sylps8,todayilearned,"TIL In 1999, Big Country's single ""Fragile Thing"" was disqualified from the charts because its limited CD packaging had ""one cardboard fold too many."" The label pulled the limited CD, but some retailers pulled the single entirely, causing the song and subsequent album to fail commercially.",,220,20,1777429292.0,0.96,False,en.wikipedia.org
1synq21,todayilearned,"TIL that Pope Urban VI, elected 1378, was the last pope elected who was not a cardinal.",,154,17,1777434919.0,0.96,False,en.wikipedia.org
1sxw3b8,todayilearned,"TIL Aldous Huxley, author of ""Brave New World"", taught French to George Orwell, author of ""1984"", at Eton. Huxley wrote in a letter to Orwell that, while he respected ""1984"", he believed that his vision of dystopia in ""Brave New World"" was likelier to resemble the way things pan out in the world.",,4844,408,1777367511.0,0.98,False,news.lettersofnote.com
1sy08yn,todayilearned,"TIL of a 19th-century ""epidemic"" where people's teeth reportedly exploded in their mouths with the sound of a pistol shot. Theorized to be the result of the primitive metal fillings used created a galvanic battery effect, leading to a buildup of hydrogen gas that caused the teeth to burst.",,2327,93,1777379998.0,0.97,False,bbc.com
1syfuwy,todayilearned,"TIL NASCAR driver Bobby Allison was finally given credit for a win 19,436 days after the race took place",,329,25,1777414006.0,0.92,False,nascar.com
1sxurl2,todayilearned,"TIL in 1969, 48% of K-8th grade students in the US usually walked or bicycled to school every day, whereas, by 2009 only 13% of K-8th grade students walked or bicycled to school.",,3629,252,1777362802.0,0.98,False,pedbikeinfo.org
1sy9cd7,todayilearned,TIL the first officially recognized Shintō shrine in Europe was built in the Republic of San Marino. Weddings celebrated with Shintō rites in San Marino are legally binding worldwide,,504,13,1777399792.0,0.94,False,en.wikipedia.org
1sxv5sv,todayilearned,"TIL in 1933 the Nazis set up a fake company called MEFO to borrow money for Germany's rearmament. But when the loans were about to come due in 1939, they ended up having to raid insurance companies and the savings accounts of citizens to pay the debt.",,3135,133,1777364171.0,0.98,False,en.wikipedia.org
1sxnufs,todayilearned,"TIL that in the 2005 Papal conclave, Cardinal Giacomo Biffi consistently received one vote across each ballot. Biffi reportedly told another Cardinal that he would slap the voter if he knew who they were. That cardinal then revealed the voter was Cardinal Joseph Ratzinger, later Pope Benedict XVI.",,8280,212,1777341591.0,0.99,False,en.wikipedia.org
1sxzsct,todayilearned,"TIL that HMS Weymouth, a British cruiser built to protect merchant ships, spent WWI hunting German warships instead, including helping trap the Königsberg in a river delta in Tanzania, from which it never escaped.",,931,28,1777378836.0,0.97,False,historynet.com
1sxmlqw,todayilearned,"TIL that Chuck Berry punched Keith Richards in the face for touching his guitar. Richards would later describe the punch as ""his greatest hit""",,7784,193,1777338304.0,0.97,False,faroutmagazine.co.uk
1syfmj1,todayilearned,"TIL there are 3 basic types of tears, and that their chemical composition differs according to their type",,128,7,1777413458.0,0.93,False,smithsonianmag.com
1sy539g,todayilearned,"TIL Ebenezer Place in Wick, Scotland, is recognized by Guinness World Records as the world's shortest street at just 2.06 m (6 ft 9 in) long.",,347,15,1777390940.0,0.96,False,en.wikipedia.org
1sxzh9t,todayilearned,"TIL that the scientific consensus that humans are older than 6,000 years was only established in 1859, when British scientists visited Jacques Boucher de Perthes and validated the stone tools he had been publishing since 1847.",,635,37,1777378029.0,0.94,False,en.wikipedia.org
1sxbk1e,todayilearned,"TIL in 1963, a man renovating his home in Turkey noticed his chickens kept disappearing into a crack in his basement wall. When he dug it open, he found the ancient city of Derinkuyu, an 18 level city 85m underground that could shelter 20,000 people.",,51028,1143,1777313061.0,0.97,False,bbc.com
1sxfn65,todayilearned,"TIL that Immanuel Kant was a proponent of scientific racism, and had negative views towards other races. He once ignored the opinions of his carpenter merely because he was black.",,11870,1229,1777321604.0,0.94,False,en.wikipedia.org
1sxmm80,todayilearned,"TIL that Zhang Chongren, a Chinese artist and friend of Hergé, profoundly influenced Tintin by helping shift the comics away from racial stereotypes toward cultural accuracy, especially in The Blue Lotus.",,3173,52,1777338340.0,0.98,False,en.wikipedia.org
1sxeezs,todayilearned,"TIL a gamer from Fort Gay, WV, was banned from a Call of Duty tournament after Microsoft suspended his account, assuming the town name in his profile was fake.",,7652,209,1777319082.0,0.99,False,bbc.com
1sxyd9u,todayilearned,TIL that a church in England was built in the early 19th century by French and American POWs. The graves of many prisoners are in the churchyard. A stained glass window was added in 1910 in memory of the Americans who worked there. It is the only church in England built by POWs.,,367,29,1777374954.0,0.97,False,en.wikipedia.org
1sxpxm7,todayilearned,"TIL that the song ""The Dance of Eternity"" by progressive metal band Dream Theater has 127 time signature changes in only 6 minutes, making it one of the most musically complex songs",,1401,360,1777347241.0,0.94,False,pianote.com
1sydruv,todayilearned,TIL that the ideology of Ngo Dinh Diem and his ruling party of South Vietnam was Personalism inspired by the teachings of Emmanuel Mounier.,,56,6,1777409247.0,0.83,False,en.wikipedia.org
1sx5hi4,todayilearned,"TIL that magician Penn Jillette and singer Debbie Harry were once in a hot tub when Harry suggested that the watr jets should be angled for a woman's pleasure. This led to Jillette filing a patent for a ""hydro-therapeutic stimulator,"" which he named ""the Jill-Jet""",,27567,952,1777300405.0,0.95,False,en.wikipedia.org
1sxe73o,todayilearned,"TIL The Walt Disney company acquired one of the great private collections of African art in 1984 from the Tishmans, with the idea of creating an exhibition at Epcot. In 2005, Disney gave all 525 objects of their African art collection to the Smithsonian National Museum of African Art",,4911,99,1777318602.0,0.97,False,africa.si.edu
1sx8pbb,todayilearned,TIL that Pope John Paul I (who reigned for only 33 days in 1978) was the first pope to select a double name and the first to adopt the ordinal number of “I” to his name upon choosing it. It was reported by Catholic media that he was not aware it was unusual to do so.,,7926,207,1777307174.0,0.98,False,en.wikipedia.org
1sxippq,todayilearned,"TIL the S-rank or tier in video games and tier lists comes from Japanese education, where S is sometimes given as the highest possible grade for exceptional work",,2174,117,1777328428.0,0.95,False,en.wikipedia.org
1sxmve3,todayilearned,TIL New York Airways operated helicopter flights to the top of the Pan Am building until a 1977 accident killed five people,,1219,44,1777339025.0,0.98,False,en.wikipedia.org
1sxhggk,todayilearned,TIL Mr Peanut's full name is Bartholomew Richard Fitzgerald-Smythe,,1335,51,1777325504.0,0.97,False,en.wikipedia.org
1sx57l1,todayilearned,TIL new York used to be considered the 'oyster capital of the world ',,5144,155,1777299812.0,0.98,False,atlasobscura.com
1sxl88q,todayilearned,"TIL about For the Love of a Glove, an unauthorized Michael Jackson musical that is told from the perspective of his glove that also an happens to be an alien.",,627,40,1777334665.0,0.94,False,en.wikipedia.org
1sxnm7i,todayilearned,"TIL in 1993, the magazine Sky &amp; Telescope held a contest to replace the name of the Big Bang model. Suggestions included ""Hubble Bubble"", ""Bertha D. Universe"" and ""SAGAN"" (""Scientists Awestruck at God's Awesome Nature"".) A panel of scientists, including Carl Sagan and others, turned them down.",,445,82,1777341001.0,0.96,False,en.wikipedia.org
1sxllzu,todayilearned,"TIL that the opposite of a ""Bird's-eye view"" is a ""Worm's-eye view""",,557,15,1777335677.0,0.96,False,en.wikipedia.org
1sx556n,todayilearned,"TIL that in 1942, the British government remixed Nazi footage to make Adolf Hitler appear to dance to a humorous song, marking one of the earliest uses of comedic film editing in propaganda",,3122,58,1777299672.0,0.99,False,en.wikipedia.org
1sxohb4,todayilearned,TIL that dapping up originated from African-American soldiers during the Vietnam War to convey solidarity for each other,,290,61,1777343255.0,0.75,False,en.wikipedia.org
1swrcri,todayilearned,"TIL if under-cooked, a popular mushroom in China causes “lilliputian hallucinations,” a rare phenomenon involving miniature human or fantasy figures. The hallucinations are consistent across people and cultures: ""tiny, elflike people"" climbing under doors, scaling walls &amp; clinging to furniture",,43382,1801,1777258220.0,0.96,False,vice.com
1swz60o,todayilearned,"TIL in 1800, astronomer William Herschel discovered infrared radiation by noticing that, when he refracted sunlight with a prism, the temperature recorded on a nearby thermometer increased",,3971,69,1777283973.0,0.99,False,americanscientist.org
1sx8k9a,todayilearned,"TIL That during the Battle of York (April 27, 1813) a ceremonial mace was taken by US forces from the legislative assembly in York (now Toronto). In 1934 President Roosevelt recommended to congress that it be given back. It was.",,853,30,1777306885.0,0.98,False,presidency.ucsb.edu
1swxdcu,todayilearned,"TIL that humans have been performing dentistry since tens of thousands of years ago. The rise of agriculture has caused an increase in tooth decay, with bitumen and beeswax used to fill a tooth, although basic dentistry tools were used by the Neanderthals 130,000 years ago according to a 2017 study.",,2851,74,1777277522.0,0.98,False,en.wikipedia.org
1swq8hf,todayilearned,TIL that Mister Rogers poured the wax for the 100 billionth Crayola Crayon,,9331,120,1777255066.0,0.98,False,jennyscrayoncollection.com
1swogti,todayilearned,"TIL that it is a common misconception that astronauts in orbit are weightless because they have flown high enough to escape the Earth's gravity. In fact, at the ISS altitude of 400 kilometres (250 mi), gravity is still nearly 90% as strong as at the Earth's surface.",,13754,964,1777250080.0,0.93,False,en.wikipedia.org
1swmahb,todayilearned,TIL that suicide is most common among those over the age of 70.,,15802,1284,1777244205.0,0.96,False,en.wikipedia.org
1swkc4e,todayilearned,TIL a nuclear reactor hot water discharge saved the American Crocodile by creating a 24/7 breeding pit.,,13738,325,1777239296.0,0.98,False,smithsonianmag.com
1swmnq3,todayilearned,"TIL when a blind woman with dissociative identity disorder began to regain her sight, at first only a few personality states regained vision whereas others remained blind. EEGs confirmed brain activity in sight areas were absent in the blind personality states but were normal in the seeing states.",,7985,257,1777245161.0,0.97,False,pubmed.ncbi.nlm.nih.gov
1sx4ryo,todayilearned,"TIL Portugal tried to give Macau to China as early as 1974, but China refused, believing it would impact relations with Hong Kong. Macau would only be transferred to China in 1999, 2 years after Hong Kong.",,388,0,1777298887.0,0.97,False,en.wikipedia.org
1sx2u94,todayilearned,"TIL about Chandra Singh Garhwali. On 23 April 1930, under his leadership, the soldiers of the Royal Garhwal Rifles refused to fire on unarmed Pathans fighting for India's independence. For this he was put on trail and sentenced to 14 years of imprisonment, released after 11 years.",,492,2,1777294493.0,0.93,False,en.wikipedia.org
1swg45j,todayilearned,"TIL McDonald's Global Menu Restaurant, that's located on the first floor of the company's global headquarters in Chicago, serves an international menu that rotates items from around the world every 12 weeks.",,10344,333,1777229647.0,0.97,False,foodandwine.com
1swm1h6,todayilearned,TIL Cassini discovered Jupiter's red spot in 1666 and was able to use it to time the Jovian day to within 30 seconds of modern measurements (He was off by 0.1%),,3708,49,1777243551.0,0.99,False,en.wikipedia.org
1swtknw,todayilearned,"TIL On this same date in history, April 27, 2011, the U.S. experienced the deadliest single day of tornadoes in nearly a century—112 tornadoes in one day.",,1069,64,1777264774.0,0.98,False,weather.gov
1sx5hmj,todayilearned,TIL that Samaung and LG used to make their own video game consoles for sale in South Korea,,145,9,1777300410.0,0.85,False,en.wikipedia.org
1swl8uh,todayilearned,"TIL the Lycurgus Cup, made in the 4th century, appears red when lit from the back and green when lit from the front. This effect is due to gold and silver nanoparticles in its glass",,2151,15,1777241547.0,0.99,False,en.wikipedia.org
1swc2gk,todayilearned,"TIL Nazi Germany had an institutionalised system of bribery for senior officials to ensure loyalty. Top Wehrmacht officers and Reich officials would receive tax-free birthday cheques of 250,000 marks paid from a secret ""Konto 5"" slush fund as well as thousands of marks for ""expenses"" paid monthly.",,6258,183,1777220687.0,0.98,False,en.wikipedia.org
1sw5qv7,todayilearned,"TIL in August, 2013, thieves broke into a San Bernardino non-profit support group for victims and stole several computer towers and monitors. The next day, the items were returned along with an apology note encouraging the organization to continue making a difference in people's lives.",,25278,365,1777205064.0,0.97,False,nbcnews.com
1sw76uz,todayilearned,"TIL that Phil Collins, Neil young, Eric Clapton, and Rod Stewart are all model railway enthusiasts",,3174,378,1777209141.0,0.96,False,en.wikipedia.org
1swh88w,todayilearned,"TIL Austrian Emperor used the title ""King of Jerusalem"" up until 1918.",,940,46,1777232096.0,0.98,False,en.wikipedia.org
1swlvmm,todayilearned,TIL the brazilian state of Goiás changes its capital every year,,525,26,1777243135.0,0.97,False,en.wikipedia.org
1swgqc8,todayilearned,"TIL that the singer from Dishwalla got death threats over making God female in the song ""Counting Blue Cars (Tell Me All Your Thoughts On God)"".",,963,268,1777231007.0,0.91,False,en.wikipedia.org
1sw3n68,todayilearned,"TIL that Erwin von Witzleben, a German field marshal who took part in the failed 20 July plot to assassinate Hitler, was hanged from a meat hook with a thin hemp rope by Hitler's direct orders. Following his execution, his family was stripped of pension claims.",,5294,324,1777198298.0,0.98,False,en.wikipedia.org
1swexip,todayilearned,Today I learned George Lucas and Carrie Fisher were in the Hook Movie secretly,,981,87,1777227021.0,0.93,False,thewrap.com
1sw7fji,todayilearned,TIL German Emperor Frederick was crowned as Frederick III instead of Frederick I or  Frederick IV since no one was sure if Bismarckian entity was continuation of Holy Roman Empire or new entity. He was advised by Bismarck to keep regnal name he had as king of Prussia to avoid a clear answer.,,1770,56,1777209781.0,0.97,False,en.wikipedia.org
1svv5kv,todayilearned,"TIL: In 1872, American journalist Julius Chambers faked his way into an asylum by posing as a ""dangerous maniac."" His undercover exposé proved how easily sane people were committed, leading to the release of 12 patients and a rewrite of lunacy laws",,16655,169,1777170592.0,0.98,False,undercover.hosting.nyu.edu
1sw44nz,todayilearned,"TIL: Western Fence Lizards ""cure"" Ticks of Lyme Disease",,2257,90,1777199954.0,0.98,False,en.wikipedia.org
1swfinz,todayilearned,TIL in 2022 a feature length movie was shot on the International Space Station using professional actors and a director,,434,10,1777228299.0,0.94,False,en.wikipedia.org
1sw1ba0,todayilearned,"TIL The US Government spent more than $5 billion to equip a Boeing-747 with a giant laser gun on its nose to shoot down missiles with laser beams in the sky. The project was shut down in 2011 because it was deemed ""not operationally viable"".",,2460,106,1777190076.0,0.98,False,en.wikipedia.org
1swgnyl,todayilearned,TIL that the front of Japanese high speed trains were modelled on the beak of Kingfisher birds,,238,0,1777230851.0,0.96,False,ferrovial.com
1sw7pkp,todayilearned,"TIL that Samuel Finley Breese Morse was originally a portrait painter who painted early US presidents such as James Monroe, before later co-developing the telegraph system and Morse code in his 40s, which still bear his name.",,526,17,1777210500.0,0.98,False,en.wikipedia.org
1svt6d1,todayilearned,"TIL Mr. T is an enthusiastic supporter of curling, having supported the US Olympic team in 2018 and 2022.",,4077,59,1777164836.0,0.98,False,en.wikipedia.org
1svn5ua,todayilearned,"TIL that former Fry's Electronics vice president Ausaf Umar Siddiqui, who had a salary of $225,000, spent $162 million gambling in Las Vegas by embezzling from his employer and eventually filed bankruptcy listing $137 million in debt.",,11019,585,1777149283.0,0.97,False,en.wikipedia.org
1svu3xe,todayilearned,"TIL The largest submarine in WW2 were Japanese aircraft carrier submarines that contained 3 ""origami"" full-sized bombers. Their first mission after completion was to launch ""infected flea"" bombs on San Francisco, however the mission was aborted due to Japan surrender.",,3181,170,1777167498.0,0.98,False,en.wikipedia.org
1svindl,todayilearned,TIL black rhinos have the highest rates of mortal combat recorded for any mammal: about 50% of males and 30% of females die from combat-related injuries that were inflicted by a member of their own species.,,9192,239,1777138934.0,0.99,False,en.wikipedia.org
1svynls,todayilearned,"TIL Irish convict sent to Australia for theft of ''6 pairs of shoes"", escaped several times into the wilderness, with a confession of cannibalism that historians still debate.",,879,72,1777181284.0,0.95,False,en.wikipedia.org
1svo4te,todayilearned,"TIL Turkey declared war on Germany and Japan in February 1945 after it became obvious they would lose World War II. Their declaration began: ""Friends, in the last years of human history, some people have sprung up. They adorned their flags with nonsense like the superior race and the habitat.""",,3214,243,1777151585.0,0.96,False,en.wikipedia.org
1svef7m,todayilearned,"TIL that in 1930, the US government released 600 beavers in Oregon to combat soil erosion. On average, each beaver cost $5 but performed the equivalent of $300 in erosion control.",,9658,163,1777129082.0,0.99,False,en.wikipedia.org
1sv9b7x,todayilearned,"TIL that the Swedish Navy spent 15 years and millions of dollars tracking what they believed were Russian submarines in their waters. In 1996, civilian scientists finally investigated the acoustic signals and discovered the ""submarines"" were actually just massive schools of herring farting.",,24658,261,1777115509.0,0.97,False,theguardian.com
1svaug9,todayilearned,"TIL the Messor ibericus ant is the only organism we know which exhibits xenoparity. Messor ibericus queens can give birth to a completely different species of ant Messor structor, with no genetic relation to Messor ibericus.",,10578,246,1777120058.0,0.98,False,en.wikipedia.org
1sv99q7,todayilearned,"TIL Qin Shi Huang, the first emperor of China, sought to find elixir and live forever. He hired an alchemist named Xu Fu and gave him 3000 boys and 3000 girls to find elixir. On second voyage Xu Fu dissapeared.",,15759,707,1777115377.0,0.94,False,en.wikipedia.org
1svqkax,todayilearned,"TIL that Nicolas Jacques Pelletier, the first person executed by guillotine in 1792, left the crowd disappointed because his public execution was over too quickly, with many preferring hanging or beheading by sword, shouting “Bring back our wooden gallows!”",,1075,80,1777157721.0,0.97,False,en.wikipedia.org
1sv9xbq,todayilearned,"TIL that during the Vietnam War, the street outside the Consulate General of the United States in Kolkata, India was renamed ""Ho Chi Minh"", the leader of North Vietnam",,3584,54,1777117443.0,0.97,False,en.wikipedia.org
1svbkl8,todayilearned,"TIL King Charles II Of England had a personal laboratory where he conducted alchemy experiments. One of his projects was ""the king's drops"", an elixir made of human remains, ideally people who had died a violent death, usually sourced from Ireland",,1555,123,1777122037.0,0.98,False,retrospectjournal.com
1svo5um,todayilearned,"TIL: The UK version of G.I. Joe is Action Man and, The 'G.I. Joe: A Real American Hero' toy line was 'Action Force: International Hero.'",,337,84,1777151655.0,0.9,False,en.wikipedia.org
1sv4slx,todayilearned,"TIL that in 2015 Texas police helped a man fake his own death, complete with staged grave photos, after learning his estranged wife was trying to hire a hitman to kill him.",,4951,65,1777099855.0,0.99,False,cbsnews.com
1svkpov,todayilearned,"TIL That amongst many road names in UK that now seem comical, a small English football team in shepshed plays at a ground on ""butthole lane"".. in this case, a butt refers to a backing of an archery target - either grass mound or packed hay",,404,28,1777143645.0,0.95,False,en.wikipedia.org
1suvjfo,todayilearned,"TIL Shaggy's original voice actor, Casey Kasem, was a vegan and outspoken critic of factory farming. He quit the show in 1995 after being asked to voice Shaggy for a Burger King commercial, and came back after negotiating that Shaggy would become a vegetarian.",,42702,1345,1777072795.0,0.94,False,en.wikipedia.org
1sv2p71,todayilearned,"TIL when Nirvana's ""Smells Like Teen Spirit"" came out in 1991, MTV prepared a version of the video that included the lyrics running across the bottom of the screen, which they aired when the video was added to their heavy rotation schedule, for people who couldn't understand what Kurt was singing.",,4767,268,1777093013.0,0.97,False,en.wikipedia.org
1sx5ppi,todayilearned,TIL that the poles used in pole dancing can be static or can rotate,,0,7,1777300889.0,0.4,False,en.wikipedia.org
1svdh28,todayilearned,"TIL the TV detective Columbo existed before the Peter Falk series. He first appeared in a 1960 episode of The Chevy Mystery Show played by Bert Freed, and again in a 1962 stage production played by Thomas Mitchell.",,576,31,1777126797.0,0.97,False,wikipedia.org
1sunpfd,todayilearned,"TIL in 2006 Lydia Angyiou (who is ""5-foot nothing and 90 lbs on a wet day"") saved her two sons and their friends, who were playing street hockey, from a 700-lb polar bear by wrestling and fighting off the bear for several minutes until a local saw what was happening and returned with a rifle.",,17163,498,1777054681.0,0.96,False,espn.com
1svaq5u,todayilearned,TIL: The float glass process was invented by Alastair Pilkington in the mid 1950's and is the basis of most all sheet glass making worldwide.,,246,35,1777119713.0,0.92,False,en.wikipedia.org
1sumfrn,todayilearned,"TIL that regarding cancelled 1957 Lord of the Rings movie, Tolkien was harshly critical of script's portrayal of Nazgul, fellowship using the eagles and cutting of Galadriel's scenes. He however would have been fine with removing the battle of Helm's Deep and Saruman's death from the movie entirely.",,7708,474,1777051941.0,0.97,False,theonering.net
1suyrid,todayilearned,"TIL about the 1920 Blind March, where 250 blind people marched to London to demand rights for visually impaired persons. The march resulted in the passage of the Blind Persons Act 1920, the first disability-specific legislation anywhere in the world.",,1445,37,1777081627.0,0.99,False,en.wikipedia.org
1suj0fb,todayilearned,"TIL even though ""Madison"" was the 2nd most common girl name in 2001, it was super rare until the 1984 film Splash, where Daryl Hannah sees a Madison Ave sign and says ""I'll call myself Madison"". Tom Hanks replies ""Madison isn't a name!""",,10961,497,1777044579.0,0.97,False,en.wikipedia.org
1suv5ng,todayilearned,"TIL that after the release of The Crow (1994), original creator James O'Barr pitched a sequel: The Crow: The Bride. It would have seen a woman resurrected after being killed on her wedding day. Miramax execs rejected it, claiming ""no one is going to see an action movie with a female lead.""",,1917,156,1777071810.0,0.97,False,en.wikipedia.org
1sv949p,todayilearned,TIL ancient human viruses (HERV) can become awakened from dormant states within our DNA and can contribute to aging,,207,6,1777114880.0,0.93,False,cell.com
1sur43n,todayilearned,"TIL that San Marino is a diarchy, led by two heads of state known as the Captains Regent. They are elected and appointed every six months on 1 April and 1 October, and each pair usually come from opposite parties. After their term, both individuals cannot be Captains Regent for the next three years.",,2972,59,1777062229.0,0.99,False,en.wikipedia.org
1suxzxg,todayilearned,"TIL the annual celebration Cinco de Mayo held on 5th of May to celebrate Mexico's victory over the French at the Battle of Puebla, is actually more popular in the US than in Mexico, having become a celebration of Mexican-American culture",,1111,126,1777079484.0,0.98,False,en.wikipedia.org
1suu0qm,todayilearned,"TIL Frank Zappa (musician) named his children: Moon Unit, Dweezil, Diva and Ahmet.",,1317,347,1777068982.0,0.88,False,en.wikipedia.org
1suf699,todayilearned,TIL a 2018 study found that between 63%-72% of people wear the wrong shoe size.,,7985,867,1777035838.0,0.96,False,onlinelibrary.wiley.com
1suastm,todayilearned,TIL that the average pig with 16% body fat percentage is leaner that most people,,17149,411,1777023027.0,0.97,False,theguardian.com
1suimhr,todayilearned,"TIL the largest beaver dam on earth is located in Wood Buffalo National Park, Canada. It's 800 meters long with a perimeter of 2 kilometers",,3702,110,1777043737.0,0.99,False,parks.canada.ca
1susfvp,todayilearned,"TIL that in 2021, a British train driver got distracted after receiving 
a message about the death of a celebrity named Murray Walker. The train 
he was operating then crashed, causing ￡450000 in damage to a station.",,1191,87,1777065224.0,0.95,False,en.wikipedia.org
1susena,todayilearned,"TIL that Paul Michael Glaser (""Starsky"" from ""Starsky &amp; Hutch"") hated the Ford Gran Torino he drove in the show and purposely mistreated it when he drove it to try to ""destroy"" it",,1078,62,1777065142.0,0.97,False,en.wikipedia.org
1sv4vgm,todayilearned,TIL that Joseon dynasty scholar Kim Chŏnghŭi used 503 different art names throughout his lifetime.,,177,9,1777100129.0,0.96,False,en.wikipedia.org
1sufloy,todayilearned,"TIL that meerkats are vicious killers. The meerkat was unmasked in a scientific study as the most homicidal of over 1,000 mammals. The matriarchs kill the babies of the other females. ""As such, she monopolises 80% of the breeding, and will use extortion and murder to achieve this end.""",,4558,101,1777036866.0,0.99,False,discoverwildlife.com
1sum0j0,todayilearned,TIL: The Monkees are the first and only act to have four No. 1 albums on the Billboard 200 in a calendar year.,,1688,74,1777051034.0,0.98,False,billboard.com
1surxjj,todayilearned,TIL that Cocky Bennett was a cockatoo parrot who died in 1916 at 119 or 120 years old. This makes him one of the oldest parrots ever recorded.,,857,34,1777064073.0,0.98,False,en.wikipedia.org
1suusor,todayilearned,"TIL - In the 1930s a German Inventor Planned on Making A Land Ship for the Sahara Desert. It was also called a Wustenschiff The Desert Ship it was 40 m long and 13.5 m long, 12 m wheels. powered by two large diesel engines and capable of carrying 300 passengers.",,483,88,1777070918.0,0.89,False,cockpitdz.com
1su83zr,todayilearned,"TIL in the UK, nearly a third of students who started reception don’t know how to use books correctly, and some children even tried to swipe or tap them like a smartphone.",,12764,1236,1777013511.0,0.87,False,news.sky.com
1su82i8,todayilearned,"TIL After Spain's conquest of Americas, they developed a plan to conquer China - by turning China into a Christian country and a new race of Chinese/Hispanic people, then form a new front to fight against Ottoman Empire. The project was driven by Society of Jesus and approved by King Phillip II.",,5827,327,1777013367.0,0.98,False,en.wikipedia.org
1suvtmj,todayilearned,"TIL Eugene Brown grew up in the inner city of Washington, D.C., and was sent to prison for robbing a bank and other street crimes. While locked up, he discovered a passion for chess. Brown founded The Big Chair Chess Club to help at-risk children",,235,5,1777073535.0,0.96,False,wausaudailyherald.com
1suu0h3,todayilearned,"TIL a 1996 hoax article titled ""Transgressing the Boundaries: Towards a Transformative Hermeneutics of Quantum Gravity"" was successfully published in order to satirize the postmodern social sciences, claiming quantum gravity had ""progressive implications"".",,298,48,1777068965.0,0.85,False,en.wikipedia.org
1su81ur,todayilearned,"TIL about The Great Hedge of India, a massive, living customs barrier (a dry hedge which was 12 feet high and up to 14 feet thick, stretching roughly 2,500 miles) built by the British colonial government in the 19th century. It was designed to enforce a highly profitable but oppressive salt tax",,3001,109,1777013303.0,0.97,False,en.wikipedia.org
1su1rg2,todayilearned,"TIL that the Swedish group ABBA was comprised of two married couples that later both divorced in the midst of their careers. The song ""The Winner Takes It All"" was written after the divorce of one of the couples.",,8029,196,1776994507.0,0.97,False,en.wikipedia.org
1su05ff,todayilearned,"TIL The magazine ""Fire!!"" lasted only one issue and sold poorly as its headquarters burned to the ground in 1926. Now considered a significant publication, ""Fire!!"" explored African American issues such as homosexuality, bisexuality, interracial relationships, promiscuity, prostitution",,6423,78,1776990095.0,0.95,False,aaregistry.org
1strwsn,todayilearned,TIL sober addicts have a legally protected disability in the US.,,17085,928,1776970553.0,0.96,False,adata.org
1suhwug,todayilearned,TIL the first modern public zoo opened on 1793 in Paris during the revolution. Happened as a  result of the National Assembly demands that all privately held exotic animals be donated to the zoo or stuffed.,,246,3,1777042203.0,0.97,False,jardindesplantesdeparis.fr
1sud3t4,todayilearned,"TIL Axe Gang in Kung Fu Hustle is based on real life organisation in early 20th century Shanghai. Started as labor organisation, it had become involved in political violence and anti-Japanese resistance.",,377,26,1777030370.0,0.96,False,en.wikipedia.org
1sttxi8,todayilearned,"TIL that during the American Civil War, Ulysses S. Grant issued an order expelling Jews from areas of Tennessee, Mississippi and Kentucky because he believed there was black market of Southern cotton being run by ""mostly by Jews and other unprincipled traders.""",,5497,113,1776974984.0,0.96,False,en.wikipedia.org
1suiy6b,todayilearned,"TIL that the CCMD-3, a clinical guide used in China for the diagnosis of mental disorders, contains a diagnosis for Koro: The excessive fear of the genitals shrinking or drawing back into the body.",,152,16,1777044442.0,0.94,False,en.wikipedia.org
1stusqa,todayilearned,"TIL Costa Rica does not have street adresses, with the locals instead relying on distance relative to landmarks and famous places.",,4255,388,1776976898.0,0.97,False,crcdaily.com
1stjiqr,todayilearned,"TIL That comedian John Olvier turned down an OBE (Order of the British Empire) award because he didn't want his name associated with the words ""British Empire""",,46245,1884,1776952627.0,0.84,False,en.wikipedia.org
1sttfmz,todayilearned,"TIL that in 1931, cow udders were banned from cartoons after a Mickey Mouse short featured “unnatural” udder movements that reportedly left viewers shocked and convulsed.",,4207,227,1776973893.0,0.97,False,cbldf.org
1stmgbp,todayilearned,"TIL Alan Robinson &amp; Walter MacFarlane met in 6th grade &amp; stayed best friends for the next 60 years. Robinson was adopted &amp; Macfarlane didn't know his dad, so both men were always searching individually for info on their families. Then in 2017, they disovered they share a mother &amp; are half-brothers.",,7381,86,1776958977.0,0.98,False,usatoday.com
1stngrw,todayilearned,"TIL the state of Alaska owns most of the oil producing lands in the state, leases the land to oil companies, and pays all citizens a dividend from the revenues.",,6278,210,1776961144.0,0.98,False,en.wikipedia.org
1su24dz,todayilearned,"TIL about Lin Hei’er, a Chinese houseboat-born acrobat who became a rebel commander, recruited widows, beggars, peasants, and prostitutes into an all-female army, was captured by foreign troops, and then disappeared.",,903,37,1776995525.0,0.97,False,en.wikipedia.org
1stukro,todayilearned,"TIL of Dunbar's Number, the theory that humans can only maintain 150 meaningful relationships, defined as the people you wouldn't feel embarrassed joining uninvited at a bar. This is thought to be our cognitive limit for our neocortex size.",,2281,186,1776976394.0,0.96,False,en.wikipedia.org
1su6p3s,todayilearned,"TIL Canada's first Prime Minister John A. Macdonald is also the oldest person to have ever served in that role, reaching age 76 in 1891",,386,30,1777008747.0,0.97,False,en.wikipedia.org
1stslt1,todayilearned,TIL - The U.S. Air Force Wants The F-117 To Fly Until 2034 (It was officially retired in 2008),,2311,181,1776972063.0,0.97,False,theaviationist.com
1sthrxa,todayilearned,"TIL that Stephen King had such severe issues with alcohol and cocaine abuse in the early 1980s that he barely remembers writing several books, including the 1981 classic ""Cujo."" In his book ""On Writing,"" King reflected on this time in his life, saying: ""I don't say that with pride...only sorrow.""",,8297,361,1776948440.0,0.98,False,en.wikipedia.org
1stdj80,todayilearned,"TIL that in 2007, Thailand legally issued a compulsory license to make cheap generic versions of Abbott's HIV drug Kaletra. Abbott retaliated by withdrawing 7 medicines from Thailand. Thailand held firm, and HIV treatment coverage expanded to hundreds of thousands more patients.",,25001,523,1776935568.0,0.98,False,nature.com
1stnnmy,todayilearned,"TIL in 2016 the Italian village of Acciaroli had roughly 300 residents who were at least 100 years old, which accounted for nearly one third of the village's total population of about 1,000. This longevity occurred despite the fact that many residents of the village smoked or were overweight.",,3634,100,1776961561.0,0.97,False,10news.com
1suamkf,todayilearned,"TIL about tele-snaps: photographs of British television broadcasts, taken and sold commercially by John Cura, who took over 250,000 pictures of progammes on his TV.",,136,4,1777022396.0,0.92,False,en.wikipedia.org
1st9vnk,todayilearned,"TIL Gerald Ford's teenage son Steven once sneaked twenty friends to party at the White House and ordered food and drinks, assuming they were free. The next day, his father showed him the bill from the Oval Office and he learned it came out of his salary",,37934,1124,1776922870.0,0.96,False,mlive.com
1stk063,todayilearned,"TIL that until 2013, buildings in South Korea were often numbered by the order they were built rather than their position on a street, so neighbouring buildings could have wildly different addresses.",,2833,120,1776953695.0,0.99,False,theworld.org
1sua9gf,todayilearned,"TIL that in the 2000/2001 Senegalese First Division football championship, all clubs averaged less than one goal scored per match and all clubs averaged less than one goal conceded per match.",,89,7,1777021122.0,0.92,False,rsssf.org
1stgyot,todayilearned,"TIL horses only need about 2.5 hours of sleep per day, which they get in many short 15-minute intervals. A single sleep cycle consists of just 5 minutes of slow-wave sleep, 5 minutes of REM, and another 5 minutes of slow-wave.",,3753,107,1776946339.0,0.99,False,en.wikipedia.org
1strr4f,todayilearned,"TIL There's a secret society called ""the Sons of Lee Marvin"" - all of its members must have a passing resemblance to Lee Marvin. Members include Nick Cave, Neil Young, Jim Jarmusch, Thurston Moore, and others",,715,85,1776970210.0,0.95,False,en.wikipedia.org
1stclcg,todayilearned,"TIL about Butthole Sunning, a ""Wellness Practice"" where People Expose their Perineum to Sunlight",,4017,704,1776932191.0,0.92,False,en.wikipedia.org
1str4rw,todayilearned,"TIL that Thomas Jane (The Punisher, The Mist, The Expanse) made his debut in 1987 as the lead in the romantic comedy ""Padamati Sandya Raagam"" in Tollywood, where he was paid with the RV the film crew used for shooting because the producers ran out money",,511,37,1776968870.0,0.97,False,en.wikipedia.org
1stbvji,todayilearned,"TIL about a 400-year-old Polish ""vampire"" who was buried with a padlock on her toe and a sickle placed over her throat, designed to decapitate her if she tried to rise from the dead. In late 2024, scientists successfully reconstructed her face using DNA and 3D printing.",,3141,191,1776929623.0,0.97,False,cbsnews.com
1st1h9l,todayilearned,"TIL the ""100 people surveyed"" on Family Feud are reached via random phone surveys where they have no idea they are providing answers for a game show.",,19654,404,1776899449.0,0.97,False,mentalfloss.com
1sti6xn,todayilearned,"TIL NASA's Jet Propulsion Lab traces its origin to ""rocket boys,"" later called the ""Suicide Squad,"" testing a homemade rocket motor on Halloween 1936. They accidentally set their own oxygen line on fire, which ""whipped around shooting fire."" The botched test is considered JPL's founding moment.",,794,28,1776949464.0,0.99,False,pbssocal.org
1st5x9d,todayilearned,"TIL Supreme Court Justices don't have to be barred, have a law degree, or a license to practice law",,3238,221,1776911280.0,0.97,False,supremecourt.gov
1stc4e8,todayilearned,TIL that Dolphins are also native to the landlocked Nepal,,903,135,1776930517.0,0.93,False,en.wikipedia.org
1st95qb,todayilearned,"TIL that building hospitals, hospital furniture and medical equipment from timber could reduce hospital acquired infections due to wood being much more bacteria resistant than plastic and other common hospital materials",,1246,146,1776920571.0,0.79,False,iom3.org
1ssnwrd,todayilearned,"TIL that US student math and reading scores have dropped so sharply that they’ve erased nearly two decades of progress. In '22/23, avg math scores for 13-year-olds fell to levels not seen since the 1990s, while reading scores for high school seniors hit their lowest point since testing began in '92.",,52835,5431,1776869768.0,0.97,False,nationsreportcard.gov
1stp4gj,todayilearned,"TIL there is such a thing as a Bee Fly. Bombyliidae, are a family of flies that resemble bees and are known for their role as pollinators.",,118,6,1776964685.0,0.96,False,en.wikipedia.org
1ssumpj,todayilearned,"TIL Eli Herring, considered a top prospect in the 1995 NFL Draft, announced he would not play pro football since as a devout Mormon he would not play on Sundays. The Raiders drafted him anyway. He did not change his mind and never played",,7462,508,1776883965.0,0.97,False,en.wikipedia.org
1stq1r6,todayilearned,"TIL before the project was given to Toho, the original concept for the movie King Kong vs. Godzilla (1962) was supposed to be King Kong vs. Frankenstein’s Monster",,95,23,1776966601.0,0.94,False,en.wikipedia.org
1sthgie,todayilearned,"TIL that the first ATM, installed in 1967, used paper vouchers instead of plastic cards and allowed withdrawals of only £10 at a time.",,231,19,1776947620.0,0.95,False,en.wikipedia.org
1sswmcw,todayilearned,"TIL Benjamin Harrison, the 23rd president, was so terrified of being electrocuted when electricity was first installed in the White House that he refused to touch light switches and would go to bed with all the lights on.",,5013,155,1776888267.0,0.98,False,kqed.org
1st6uc1,todayilearned,"TIL Love Canal was a neighborhood in Niagara Falls, New York, built atop a 22,000-ton toxic chemical landfill. In the 1970s, chemical leaks caused birth defects, illnesses, and evacuations, sparking outrage and leading to the U.S. Superfund cleanup program",,1155,81,1776913772.0,0.98,False,en.wikipedia.org
1st2emq,todayilearned,"TIL in 1981 Turkish hitman Mehmet Ali Ağca tried to assassinate Pope John Paul II, but was caught and jailed for 29 years. After his release, he converted to Christianity and asked to meet Pope Francis, which was denied. He also attempted to meet Pope Leo XIV in 2025, but was removed by authorities.",,1997,85,1776901854.0,0.97,False,en.wikipedia.org
1sslt7h,todayilearned,"TIL In-N-Out Burger used to accept orders of any size by adding patties and slices of cheese at an additional cost, till someone ordered 100 patties and 100 slices of cheese",,24188,1131,1776865133.0,0.96,False,en.wikipedia.org
1st05mb,todayilearned,"TIL Wensleydale cheese production nearly shut down in the 1990s, but after a local revival and being featured in Wallace and Gromit, sales increased and it continues running today.",,2442,128,1776896267.0,0.98,False,en.wikipedia.org
1stjayr,todayilearned,"TIL Roman coins (3rd–4th century CE) were reportedly found in the Brantas River in East Java, Indonesia",,133,2,1776952117.0,0.95,False,mikoflohr.org
1stcy3o,todayilearned,"TIL Australian doctors Catherine and Reg Hamlin moved to Ethiopia in 1959 and built a care network for women with childbirth injuries called obstetric fistula. Treatment is still free of charge, and the network has helped restore the health and dignity of more than 70,000 women.",,327,12,1776933466.0,0.98,False,hamlinfistula.org
1sspui7,todayilearned,"TIL that Brian Jones, the founder of the Rolling Stones had already fathered 7 children with 7 different women by the time of his death at the age of 27 in 1969.",,7209,374,1776873900.0,0.98,False,en.wikipedia.org
1stn68m,todayilearned,TIL only female anglerfish have lures on their head. The light attracts prey.,,77,8,1776960513.0,0.79,False,nhm.ac.uk
1st10nr,todayilearned,"TIL In 2006, Herzog was shot with an air rifle in the abdomen by a crazed fan while on Skyline Drive in LA. He had been giving an interview on Grizzly Man to Mark Kermode of the BBC. Herzog continued the interview without seeking medical treatment, stating ""it's not significant"".",,1827,121,1776898314.0,0.96,False,en.wikipedia.org
1ssjqqx,todayilearned,TIL the Bernie Madoff victim compensation fund recovered almost 94% of the losses,,20166,696,1776860142.0,0.98,False,theguardian.com
1st9h16,todayilearned,"TIL Demodex are microscopic mites that live permanently on your face. Male and female mites lay eggs in follicle openings and come out at night to feast on dead skin cells. Sometimes too many mites can burrow into your skin, leading to demodicosis (skin inflammation).",,527,98,1776921554.0,0.94,False,webmd.com
1sstour,todayilearned,"TIL On average, your friends have more friends than you do. This is because popular people are more likely to be in someone's friend group, which skews the average. This phenomenon is called the Friendship paradox",,3704,160,1776881956.0,0.97,False,en.wikipedia.org
1st9myc,todayilearned,"TIL about the Cazique of Poyais, Gregor MacGregor, who ran one of the most brazen confidence tricks in history, leading to 250 investors losing everything and more than half of them dying on the Mosquito Coast.",,453,23,1776922083.0,0.97,False,britannica.com
1stfjtu,todayilearned,"TIL on April 14 1986 hailstones, measuring over 1 kg each, killed 92 people in the Gopalganj area of Bangladesh.",,138,19,1776942340.0,0.96,False,guinnessworldrecords.com
1ssjrze,todayilearned,"TIL a 29-year-old man survived sfter being seriously burned by molten steel (1,500°C), from the top of his head on down throughout his enitre body, in an accidental furnace explosion. He suffered burn wounds on 99.5% of his body (71% third degree, 23% fourth degree, and 5.5% deep second degree).",,11470,835,1776860229.0,0.97,False,pmc.ncbi.nlm.nih.gov
1stk9py,todayilearned,"TIL of Chua Peng Chye, Singapore's first Chief Planner, the Man behind the influential 1971 United Nations aided Concept Plan to rehouse the population from slums and shophouses to apartments, this plan would later form the foundations of how housing was built and managed for decades to come.",,68,14,1776954278.0,0.86,False,ura.gov.sg
1ssmvgr,todayilearned,"TIL Phil Ivey won $9.6M in baccarat at the Borgata casino in Atlantic City through “edge sorting,” exploiting tiny card-back flaws before courts ruled it a breach and ordered $10M repayment",,5505,554,1776867501.0,0.97,False,en.wikipedia.org
1ssfl4p,todayilearned,"TIL that Eleanor of Aquitaine was blamed by her husband King Louis VII for failing to produce a male heir in their fifteen years together. After the annulment of their marriage, Eleanor would go on to have five sons with her second husband Henry II including Richard the Lionheart and John Lackland",,21782,444,1776847127.0,0.98,False,en.wikipedia.org
1st8os8,todayilearned,"TIL the sound ""ki ki ki, ma ma ma"" from Friday the 13th theme was made by Harry Manfredini speaking the words ""ki"" and ""ma"" harshly into a microphone and ran them into an echo reverberation machine. He said ""Everybody thinks it's cha, cha, cha. I'm like, 'Cha, cha, cha? What are you talking about?'""",,286,52,1776919128.0,0.89,False,en.wikipedia.org
1ssgpws,todayilearned,TIL the ADSL broadband protocol is so robust it can transfer data at reasonable speed over a literal wet string,,7463,225,1776851016.0,0.98,False,revk.uk
1ssvm6i,todayilearned,"TIL that in 2012, a wave of killings in Iraq targeted teenage boys for dressing in an emo style, with reports that between 6 and 70 young men were kidnapped, tortured, and murdered in Baghdad.",,586,57,1776886072.0,0.95,False,en.wikipedia.org
1st4wos,todayilearned,TIL that the US minted 3 cent coins from 1851 to 1889,,180,34,1776908557.0,0.97,False,en.wikipedia.org
1st0w4f,todayilearned,"TIL Chinese Star Anise is non-toxic, but some related plants like the Japanese Star Anise are highly toxic. Where the Chinese Star Anise produces chemicals used to synthesize anti-influenza drugs, the Japanese Star Anise produces chemicals that can cause serious neurological disorders like seizures.",,287,19,1776898038.0,0.96,False,en.wikipedia.org
1ssm5hb,todayilearned,"TIL that Saint George, England’s dragon-slaying patron saint, was likely a Roman officer of Cappadocian Greek origin, is claimed across three continents, and only gained his dragon legend centuries after his death.",,1344,63,1776865905.0,0.98,False,en.wikipedia.org
1stcl4g,todayilearned,TIL that Chris Boardman crashed out of the 1995 Tour de France with a fractured wrist and a double fracture to the ankle after riding for approximately 4 minutes of the prologue on the rain-slicked roads in Saint-Brieuc - the shortest time in the race in Tour history.,,40,4,1776932169.0,0.81,False,youtube.com
1ss6bt2,todayilearned,"TIL a 17-year-old girl from Pennsylvania once slept for 64 days (from Thanksgiving in 2012 into January 2013). On average, the teenager slept 18-19 hours a day and would only get up to eat while in a sleepwalking state that she wouldn't remember after the fact.",,23434,815,1776819045.0,0.95,False,cbsnews.com
1ss9xzd,todayilearned,"TIL Weathermen Were Forbidden to Use the Term ""Tornado"" in Weather Forecasts until 1950",,8318,159,1776828716.0,0.99,False,atlasobscura.com
1ss6gbc,todayilearned,TIL between 18%-25% of intellectually gifted students (at least 130 IQ) in the US fail to graduate from high school.,,14876,1715,1776819376.0,0.95,False,en.wikipedia.org
1st0wmg,todayilearned,"TIL that Gary Burghoff and Lynda Carter were in the same band, and they played at the Sahara in Las Vegas",,183,21,1776898070.0,0.9,False,en.wikipedia.org
1sshyrf,todayilearned,"TIL An Indian doctor named Govindappa Venkataswamy developed severe rheumatoid arthritis at 30, and his fingers became so crippled he could not even hold a pen. He still retrained his hands to hold a scalpel, performed more than 100,000 low cost eye surgeries, and later founded Aravind Eye Hospital.",,1502,27,1776855090.0,0.97,False,en.wikipedia.org
1sslwwi,todayilearned,"TIL that in 1983, 106 rare clocks were stolen from Jerusalem’s Museum for Islamic Art, and the mystery was solved only after the thief confessed on his deathbed and left the collection to his wife.",,696,20,1776865371.0,0.97,False,islamicart.co.il
1ss7h8f,todayilearned,Today I Learned that Billy Idol had a 3 week party in Thailand that only ended when the army was called in.,,6570,159,1776822044.0,0.97,False,loudersound.com
1ssuwpl,todayilearned,"TIL that in 1076 Pope Gregory VII and Holy Roman Emperor Henry IV deposed each other of their respective positions. None abdicated, and the Pope would go on to excommunicate the Emperor a total of three times",,200,17,1776884557.0,0.98,False,en.wikipedia.org
1ss7uru,todayilearned,"TIL that during the Three Mile Island accident, two important status lights on a control panel were missed by a controller. One light was covered by a maintenance tag, while the other is theorized to have been blocked from the controller’s sight by his large belly.",,3954,157,1776823038.0,0.98,False,en.wikipedia.org
1ssw9bp,todayilearned,TIL that the first decipherment of a dead language in modern times was of Palmyrene inscriptions,,143,10,1776887478.0,0.98,False,en.wikipedia.org
1srxs33,todayilearned,"TIL that Napoleon Bonaparte preferred simple dishes like roast chicken, fried potatoes, hot soup, poached eggs/omelets and macaroni to all the complicated gourmet dishes his chefs could have prepared. He rarely spent more than fifteen minutes at the table and often used his hands instead of utensils",,18324,754,1776799118.0,0.97,False,blog.napoleon-cologne.fr
1ss96zp,todayilearned,"TIL that Death Valley was supposedly named by a large group of gold prospectors who got lost in the valley for weeks. However, they were able to find fresh water sources and only one member of their party died.",,2431,120,1776826655.0,0.99,False,en.wikipedia.org
1srv4xo,todayilearned,"TIL the founder of Gillette was a utopian socialist who believed all industry should be run by a single publicly owned corporation and that Americans ought to live in a giant city called Metropolis, powered by Niagara Falls.",,21221,1001,1776793678.0,0.97,False,en.wikipedia.org
1sstevv,todayilearned,TIL Reuter news service started with transmitting financial news from Brussels to to Aachen via pigeon,,132,8,1776881384.0,0.96,False,reuters.com
1ssd6yr,todayilearned,TIL The Seinfeld theme song was redone each episode to match the pacing of Jerry’s monologue.,,813,63,1776838778.0,0.91,False,youtu.be
1sssbad,todayilearned,"TIL a planet’s magnetic field can be a big deal for exoplanet life—not because it “creates” life, but because it can help keep a planet livable long enough for life to stick around.",,98,15,1776879097.0,0.88,False,science.nasa.gov
1ss9wgz,todayilearned,"TIL Writer Nikolai Gogol once got a job as a history professor despite having 0 qualifications. He'd miss most of the classes and when he did show up he would only ""mutter unintelligibly"". He attended the final exam in silence with a handkerchief around his face, pretending he had a toothache",,1233,33,1776828600.0,0.97,False,en.wikipedia.org
1srpid4,todayilearned,TIL that pornography addiction is not a scientifically recognized medical condition,,19627,2607,1776782144.0,0.92,False,en.wikipedia.org
1srpnj0,todayilearned,"TIL that Patti Davis, Ronald Reagan's daughter , posed for Playboy in 1994.",,13521,926,1776782471.0,0.93,False,en.wikipedia.org
1srvx0r,todayilearned,TIL France reprocess 96% of its spent nuclear fuel into new fuel and vitrifies most the rest.,,4717,148,1776795227.0,0.98,False,large.stanford.edu
1sruuxa,todayilearned,TIL that the Indian contingent was one of the only two national teams to not salute Hitler during the 1936 olympics. The Indian Hockey team then went on to defeat Germany and win gold.,,3349,161,1776793113.0,0.95,False,idrottsforum.org
1ss0oww,todayilearned,"TIL about Zipf's law: across most natural languages, the most common word appears roughly twice as often as the second most common, three times as often as the third, and so on.",,1456,96,1776805329.0,0.97,False,en.wikipedia.org
1srwpn7,todayilearned,TIL the Butterfly stroke was born from a rules technicality in Breaststroke,,1427,88,1776796882.0,0.97,False,britannica.com
1srzrzx,todayilearned,"TIL during WW1, a 27 years old three-masted steel-hulled sailing ship was captured by the Germans, outfitted with guns, and turned into a merchant ship raider. In 225 days, the seemingly unthreatening SMS Seeadler, commanded by Capt. Felix Von Luckner, captured &amp; sunk 15 allied merchant ships.",,906,21,1776803404.0,0.98,False,navymuseum.co.nz
1srj15s,todayilearned,TIL that Santa Claus has canonically trained Batman within DC Comics lore in the art of vanishing without a trace which he uses in his crimefighting career.,,6766,96,1776765155.0,0.98,False,screenrant.com
1ss46e9,todayilearned,"TIL that a man named Stubbins Firth in the early 1800's who believed that yellow fever was 'not contagious' and tested it by drinking blood, urine, and other fluids from people affected, yet did not get yellow fever himself",,509,49,1776813425.0,0.97,False,en.wikipedia.org
1ss2d0e,todayilearned,"Today I learned that ""New York City (1941),"" an unfinished painting by abstract artist Piet Mondrian, is hung upside down at the Kunstsammlung Nordrhein-Westfalen. They discovered the mistake in 2022 and did not adjust it.",,548,49,1776809088.0,0.97,False,en.wikipedia.org
1srvsnf,todayilearned,"TIL that the greater omentum, a thin apron-like sheet of fat, protects major organs, moving itself over inflamed &amp; infected areas",,693,47,1776794977.0,0.96,False,en.wikipedia.org
1srkdec,todayilearned,TIL The seventh cholera pandemic that began in 1961 is still ongoing today.,,2486,74,1776769431.0,0.98,False,en.wikipedia.org
1sr8p0k,todayilearned,"TIL Apple co-founder Steve Wozniak gave $10 million of his own stock to early Apple employees in 1980 because it was ""the right thing"" to do. Steve Jobs refused to do the same.",,45333,1348,1776732880.0,0.96,False,cnbc.com
1srzntx,todayilearned,"TIL that during the mid 1940s and 1950s, Las Vegas nicknamed itself ""the Atomic City"" in order to attract tourists for viewings of atomic bomb tests happening at the nearby Nevada Test Site",,396,26,1776803163.0,0.96,False,en.wikipedia.org
1srgdaw,todayilearned,"TIL of Blowing from a Gun, an execution method that saw the prisoner tied to the muzzle of a cannon before it was fired.",,4262,260,1776755586.0,0.97,False,en.wikipedia.org
1srdwk2,todayilearned,"TIL that Byzantine princess Maria Palaiologina was sent to marry Mongol ruler Hulagu Khan in 1265, but he died before she arrived, so she married his son Abaqa Khan instead.",,6028,135,1776747466.0,0.97,False,en.wikipedia.org
1srxayb,todayilearned,"TIL about Archie E. Mitchell, a minister and missionary who disappeared in 1962 while working at a leper colony in Vietnam. On May 5th 1945 his five-months-pregnant wife, Elsie  and five children died from Fu-Go balloon bombs in the only war-related deaths in the American continent in World War II.",,395,37,1776798110.0,0.95,False,en.wikipedia.org
1sralgz,todayilearned,"TIL Deep inside Earth are two massive structures called ‘the blobs’, each bigger than continents, and scientists still don’t fully understand what they are.",,9227,678,1776737922.0,0.91,False,en.wikipedia.org
1srpc7f,todayilearned,"TIL in the late 19th and early 20th Centuries, while relations between the Ottoman Empire and Japan were strong, Ottoman sultan and caliph Abdul Hamid II feared that Emperor Meiji of Japan would become a rival by converting to Islam and declaring himself caliph.",,790,56,1776781771.0,0.97,False,en.wikipedia.org
1ss3v1s,todayilearned,"TIL in 1978, a Disco tune by Musique titled ""In the Bush"" was banned by many radio stations, mainly for the lyrics ""Push Push in the Bush"".",,151,15,1776812665.0,0.94,False,en.wikipedia.org
1srzgv4,todayilearned,"TIL about the Disney Bomb, a weapon created by the Royal Navy. It was inspired by a fictitious weapon that officers saw in the animated propaganda film 'Victory Through Airpower' made by the Walt Disney Company.",,238,20,1776802763.0,0.97,False,en.wikipedia.org
1sr5y0s,todayilearned,"TIL that a 2-year-old boy named Awaab Ishak died in the UK in 2020 from mould in his social housing flat, despite his parents complaining for 3 years. His death led to ""Awaab's Law,"" which now legally forces landlords to fix dangerous hazards within days or face unlimited fines",,15053,194,1776725898.0,0.97,False,en.wikipedia.org
1sr9esb,todayilearned,TIL that in 2011 the Virginia DMV revoked a vanity plate because they interpeted it differently than intended:,,7761,219,1776734767.0,0.96,False,dcist.com
1sr5ats,todayilearned,"TIL about Benford’s Law: in real world data, roughly 30% of numbers start with “1”, whether it’s stock prices, city populations, or electric bills. forensic accountants use this to detect fraud, since fabricated numbers don’t follow Benford’s law",,16329,380,1776724349.0,0.98,False,caseiq.com
1sraki1,todayilearned,"TIL that a population of escaped American Minks have managed to regrow their brains by at least 20% over 40 generations to nearly match the size found in the ancestral population, a rare reversal of the domestication process.",,4698,79,1776737847.0,0.99,False,royalsocietypublishing.org
1srpqiz,todayilearned,"TIL that butterflies occasionally land on the heads of caimans to drink their tears, which apparently contains vital nutrients",,365,19,1776782656.0,0.96,False,smithsonianmag.com
1ss76nu,todayilearned,"TIL that a species of plant, Dictamnus Albus, will burst into flames if you hold a lighter near it.",,46,52,1776821297.0,0.66,False,indefenseofplants.com
1sr3475,todayilearned,"TIL aircraft designer Nicholas Comper went outside to light fireworks. A passerby asked what he was doing, as a practical joker he replied he was an IRA man blowing up the town hall. The passerby knocked him down. He hit his head on the curb, suffered a cerebral hemorrhage and died later in hospital",,9475,429,1776719348.0,0.98,False,en.wikipedia.org
1srcqk7,todayilearned,"TIL that Nintendo game designer Gunpei Yokoi conceived the idea of the Game &amp; Watch (the company’s first handheld) while watching a businessman idly press buttons on his pocket calculator while riding the train. This moment led to the invention of the D-Pad and, by proxy, the modern gaming industry.",,2008,52,1776743920.0,0.98,False,en.wikipedia.org
1ss0b9v,todayilearned,TIL that tunnels created by giant root- rats can reach up to 34 m (112 ft) in length,,79,10,1776804542.0,0.9,False,en.wikipedia.org
1ss1pro,todayilearned,"TIL that Brunswick had an uprising called the „Great Shift“ in 1374. They slayed 8 mayors, for which they were expelled from the Hanseatic League, but were allowed to join it again in 1380.",,65,8,1776807596.0,0.89,False,executedtoday.com
1sr8cqj,todayilearned,TIL that Abraham Lincoln did not grow a beard until an 11 year old girl suggested it a few weeks before the 1860 presidential election.,,2914,67,1776731970.0,0.97,False,en.wikipedia.org
1srsf2i,todayilearned,"TIL that the 1946 drama ""The Best Years of Our Lives"" nearly swept the Oscars, including Harold Russell, Best Supporting Actor and double amputee.",,162,38,1776788106.0,0.91,False,en.wikipedia.org
1srtfvq,todayilearned,"TIL that in Eastern Europe there are Eastern aka Byzantine Lutheran churches, that follow the Byzantine Rite (like the Liturgy of St. john Chrysostom and St. Basil) and construct temples in accordance with Byzantine architecture",,141,11,1776790238.0,0.91,False,en.wikipedia.org
1sqs664,todayilearned,"TIL that Val Kilmer was not initially interested in auditioning for Top Gun (1986) and only did so at the behest of his agent. He read his audition lines ""indifferently"" and was disapointed when he learned he got the part",,17467,609,1776697940.0,0.97,False,taskandpurpose.com
1srhe50,todayilearned,TIL that the upstate New York village of Croton-on-Hudson has a functioning “dummy light” - a traffic light that stands on a pedestal in the middle of an intersection.,,403,64,1776759325.0,0.94,False,crotonfriendsofhistory.org
1sr0lgh,todayilearned,"TIL about the Giant-impact hypothesis, according to which, about 4.5 billion years ago, a Mars-sized object called Theia collided with Earth. Huge amounts of debris were blasted into orbit around Earth, which formed a disk. Over time, gravity pulled that material together, thus forming the Moon.",,3811,352,1776714390.0,0.96,False,en.wikipedia.org
1sqxkq3,todayilearned,"TIL Kodokushi or ""lonely death,"" is a severe social issue in Japan where individuals primarily the elderly die alone and remain undiscovered for extended periods. Driven by an aging population, social isolation, and weakening family ties",,4487,239,1776708878.0,0.98,False,en.wikipedia.org
1sr67if,todayilearned,"TIL in 581 BC, Duke Jing of Jin was told by a shaman that the duke will die before eating the new harvest. The shaman was executed. The duke fell into his toilet and died right before eating a meal made from the new harvest.",,1684,28,1776726542.0,0.97,False,en.wikipedia.org
1sqx9lh,todayilearned,"TIL of the 1902 kosher meat boycott, when Jewish women of New York City staged a boycott of kosher butchers in 1902 in response to a coordinated increase in price of kosher meat from 12 to 18 cents a pound",,2870,176,1776708306.0,0.96,False,en.wikipedia.org
1sqqkl4,todayilearned,"TIL, the kings daughters were the approximately 800 young French women who immigrated to Quebec from 1665-1673 to marry French colonists and lead to the birth of French children in the colony. Today 10m+ French Canadians exist, most of whom are descendants of these 800 women.",,5852,290,1776694413.0,0.98,False,en.wikipedia.org
1sr3yyo,todayilearned,"TIL only two father-son combinations have been awarded the Medal of Honor since its inception in 1863: Arthur MacArthur and his son, General Douglas MacArthur, and future President Theodore Roosevelt and his son, Theodore Roosevelt, Jr.",,1392,82,1776721235.0,0.97,False,moaa.org
1sqm03a,todayilearned,"TIL in 1951 an army inductee attempted suicide by consuming rat poison, but survived after being treated with a large dose of vitamin K. This led to the discovery that the poison; warfarin, was safe to use as a treatment for blood clots.",,5119,85,1776682897.0,0.99,False,en.wikipedia.org
1sr88js,todayilearned,"TIL that there is a bust of Vladimir Lenin at the Antarctic Pole of Inaccessibility, one of the most remote places on Earth.",,374,19,1776731663.0,0.95,False,en.wikipedia.org
1sr5ae2,todayilearned,"TIL two and a half years before writing The Call of Cthulu, H.P. Lovecraft was paid $100 to ghostwrite Under the Pyramids. Set in 1910, it follows Harry Houdini, credited as the author of the story, as he recounts the allegedly true story of his escape from a deep cavern near the Sphinx.",,538,13,1776724321.0,0.98,False,en.wikipedia.org
1sqyzcy,todayilearned,TIL that brown widow spiders (L. geometricus) are much less dangerous and may actually be displacing native black widow spiders (L. hesperus) in the United States,,1027,53,1776711439.0,0.98,False,pubmed.ncbi.nlm.nih.gov
1sqg0d4,todayilearned,TIL: The British once set up a fake laundromat in Belfast to catch IRA bombmakers by testing for explosive residue on their clothes,,16615,633,1776662298.0,0.98,False,gizmodo.com
1sqkqev,todayilearned,"TIL in 1943, a bomber named the ""Lady Be Good"" became lost in a storm while coming from Italy and crashed into the Sahara desert. The surviving crew tried to walk to safety, but died during their trek. It took until 1958 for the plane to be found and until 1960 until the bodies were located.",,3885,80,1776678740.0,0.98,False,en.wikipedia.org
1sqku7x,todayilearned,"TIL German and Dutch coffee and butter traders avoiding paying taxes by storing the products in a 69km region of the Netherlands that became part of West Germany at midnight on 1st August 1963, known as ""Butter Night"". The border moved but the goods did not, avoiding import tax.",,2653,65,1776679127.0,0.98,False,en.wikipedia.org
1sr0qew,todayilearned,TIL in 1976 Bruce Springsteen broke into Graceland in an attempt to meet Elvis.,,357,28,1776714649.0,0.95,False,ultimateclassicrock.com
1sqr13l,todayilearned,TIL an Australian bouncy castle buisness owner was jailed for hiring arsonists to burn rival businesses,,832,72,1776695403.0,0.97,False,abc.net.au
1sqcda3,todayilearned,"TIL Millions of vultures in India died in the 1990s after eating livestock treated with diclofenac, a common painkiller toxic to them—causing a ~99% population crash, wherein their total population numbered only 19,000 in 2017",,7924,154,1776651578.0,0.99,False,en.wikipedia.org
1sqlmok,todayilearned,"TIL that a computer was too loud to use. The TRS-80 Model II's fan and disk drives are ""so noisy that users reported physical discomfort and reluctance to use the computer"".",,1012,109,1776681760.0,0.96,False,en.wikipedia.org
1sq3eac,todayilearned,"TIL that in spite of his hedonistic rockstar reputation, Keith Richards has been happily married to his wife Patti Hansen for over 42 years and is a devoted father to their children",,11922,325,1776628820.0,0.96,False,en.wikipedia.org
1sqfgdb,todayilearned,"TIL that in 2024, fisherman in Costa Rica discovered the first-ever orange shark.",,1735,26,1776660563.0,0.97,False,cbc.ca
1sq1mp5,todayilearned,TIL The reason why netting is mandatory at National Hockey League games is because in 2002 a 13 year old girl named Brittanie Cecil was struck in the head by a stray puck deflected into the stands and later died from her injuries. So far it is the only fan fatality in NHL history.,,15104,363,1776624833.0,0.98,False,en.wikipedia.org
1sqgtjo,todayilearned,"TIL that the ""Crazy Castle"" series of video Games for NES and GameBoy due to rights issues were re-skinned and re-released for different markets with 8 different IPs: Roger Rabbit, Mickey Mouse, Bugs Bunny, Hugo, Kid Klown, The Real Ghostbusters, Garfield and Woody Woodpecker",,868,44,1776664929.0,0.98,False,en.wikipedia.org
1sq2sj5,todayilearned,"TIL after getting diagnosed with terminal cancer in 2009, a taxi driver read an article about a science project looking for someone to agree to be mummified using ancient egyptian techniques. He volunteered for the role and the process was carried out after his death 2 years later.",,5901,60,1776627433.0,0.99,False,en.wikipedia.org
1sq2oiv,todayilearned,"TIL that in 2003 70,000 people died in Europe from a heatwave.",,4469,780,1776627176.0,0.96,False,en.wikipedia.org
1sq7l3u,todayilearned,TIL Dionne Warwick’s sister Dee Dee Warwick is regarded as one of the first openly lesbian performers within the music industry. She had some success in the 1960s but was quickly overshadowed by her label mates - Aretha Franklin and Roberta Flack.,,2098,36,1776638770.0,0.97,False,en.wikipedia.org
1sq1vo9,todayilearned,"TIL Brainerd diarrhea is a sudden-onset watery, explosive diarrhea that lasts for months and does not respond to antibiotics. Of the ten outbreaks reported since 1983, nine have been in the U.S. Its cause is currently unknown.",,3849,236,1776625370.0,0.98,False,en.wikipedia.org
1sqjgm3,todayilearned,"TIL that we have a dwarf planet candidate called Gǃkúnǁʼhòmdímà, with a moon called Gǃòʼé ǃHú. The names come from the Jul'hoan language which contains click sounds.",,278,49,1776674163.0,0.91,False,en.wikipedia.org
1spsqak,todayilearned,TIL doctors aren’t actually sure why people get a stitch in their side during exercise.,,14277,748,1776604617.0,0.93,False,en.wikipedia.org
1sq4xqz,todayilearned,"TIL that the Basenji, one among the breeds of hunting dogs, is known as the “bark-less dog” because it yodels instead of barking. The breed does not bark in the traditional manner of most dogs, rather vocalizing in an unusual, 'yodel-like talking' sound, due to its unusually-shaped larynx",,1716,109,1776632336.0,0.97,False,en.wikipedia.org
1sq3lki,todayilearned,"TIL: In 1897, an 8-year-old girl, Virginia O'Hanlon, wrote to a newspaper asking if Santa Claus was real. Editor Francis Church, a former Civil War correspondent, responded with “Yes, Virginia, there is a Santa Claus.” His reply became the most reprinted newspaper editorial in the English language.",,1484,74,1776629282.0,0.97,False,blogs.loc.gov
1sq7lq2,todayilearned,"TIL Rick James has Won Only 1 Grammy and it was for co-writing credit ""U Can't Touch This"" by MC Hammer",,624,68,1776638814.0,0.94,False,en.wikipedia.org
1sq1yqd,todayilearned,"TIL about the Grandmothers of Plaza de Mayo, an Argentine human rights organization dedicated to finding babies stolen from disappeared citizens in Argentina’s Dirty War of the 1970’s-80’s. As of 2026, they’ve reunited 140 of an estimated 500 babies with their biological families.",,1131,27,1776625558.0,0.98,False,en.wikipedia.org
1spmjjs,todayilearned,"TIL that Playboy used to publish serious journalistic pieces in its heyday, besides NSFW content. They published authors like Murakami, David Foster Wallace, Hunter Thompson, Ray Bradbury, Updike, Bellow, etc.",,11556,1038,1776584758.0,0.95,False,thehundreds.com
1sqjxhm,todayilearned,"TIL in 1985 Robotman comic strip was launched to promote Robotman character. As character's popularity declined, the focus shifted away from Robotman. Eventually he leaves Earth and the title was changed to Monty.",,76,23,1776675851.0,0.7,False,en.wikipedia.org
1sq1xgk,todayilearned,"TIL Sabato Rodia created a complex of towers almost 10 stories high entirely by hand, using scrap metal and found object without formal training as either an artist nor an engineer. The City tried to tear them down but they survived a 10,000 pound stress test and is now the Watts Towers Arts Center",,846,38,1776625480.0,0.97,False,news.artnet.com
1sqhvgd,todayilearned,TIL special wavelengths of light suppress overreactive cells,,68,12,1776668498.0,0.84,False,nationaleczema.org
1spk72o,todayilearned,"TIL in Germany there is a so-called ""year of separation"" (""Trennungsjahr"") couples need to go through before the official divorce. If your partner does not agree to a divorce and presents valid reasons why your marriage has not ultimately failed, you need to live separately for three.",,5521,660,1776576873.0,0.96,False,handbookgermany.de
1spfumk,todayilearned,"TIL Chinese warlord Zhang Zongchang was nicknamed ""Three Don't Knows"" because he didn't know how much money was in his coffers, he didn't know how many men were in his army, and he didn't know how many women were in his harem.",,13345,283,1776563589.0,0.98,False,en.wikipedia.org
1spdj9r,todayilearned,"TIL after a 5-yr-old girl on the Disney Dream cruise ship fell approximately 49 feet overboard into the ocean, her father jumped overboard to save her. The girl was posing for a photo on a porthole railing when she fell. Both were rescued although she had hypothermia and her dad fractured his spine.",,30680,1056,1776556916.0,0.95,False,cbc.ca
1spq60f,todayilearned,"TIL a team built a cofferdam around a Avro Lancaster bomber to expose it on the seabed 80 year after it sank, then carefully lifted and cleaned the wreckage in hopes of finding missing crew members. Human remains were found, and work continues to identify them and give their families closure",,1687,19,1776597339.0,0.98,False,raf.mod.uk
1sq2f94,todayilearned,"TIL about the Bekenstein Bound, which says that there’s a limit to how much information you can squeeze into a space before it’s completely full.",,268,64,1776626585.0,0.93,False,sitp.stanford.edu
1sq2xqx,todayilearned,TIL Seychelles warblers skew heavily female (about 90% female) and mallards are the avian with the highest rates of males at around 64% males,,253,11,1776627763.0,0.97,False,en.wikipedia.org
1spykpz,todayilearned,TIL There was an argument between NATO signals intelligence agencies over whether GSM should have strong or weak encryption,,347,23,1776618189.0,0.96,False,en.wikipedia.org
1spda7n,todayilearned,"TIL that when King Richard the Lionheart was imprisoned in Germany by the Holy Roman Emperor and a ransom of 150,000 silver marks was set for his release, Richard's younger brother John Lackland offered 80,000 marks to keep him imprisoned",,8391,238,1776556248.0,0.99,False,en.wikipedia.org
1spfod5,todayilearned,"TIL that cicadas wings surfaces are not only superhydrophobic, but also bacteria landing on the wing surface are not repelled; rather, their membranes are torn apart by the nanoscale-sized spikes, making the wing surface the first-known biomaterial that can kill bacteria.",,5299,60,1776563090.0,0.99,False,en.wikipedia.org
1splwmt,todayilearned,"TIL that the human brain treats social rejection the same way it processes physical pain, which is why getting left out or ignored genuinely hurts and isn't just in your head",,1857,50,1776582565.0,0.98,False,apa.org
1spam3o,todayilearned,"TIL that Mae West’s 1926 Broadway play ""Sex"" was condemned as “the cheapest most vulgar low show to have dared to open in New York”, yet still ran for 375 performances before she was jailed for obscenity and fined $500. The publicity only increased her fame.",,12085,126,1776549240.0,0.99,False,en.wikipedia.org
1sprw8o,todayilearned,TIL that North American porcupines often fall out of trees when looking for food and stick themselves with their own quills.,,584,29,1776602414.0,0.98,False,en.wikipedia.org
1sp6ua3,todayilearned,"TIL in 2005, when ""Harry Potter and the Half-Blood Prince"" just came out, a 15-year-old girl in Moldova wrote down the whole book word for word, using a copy borrowed from her friend, since the book wasn't available to buy yet in her country. It took her five notebooks and over a month to complete.",,25107,481,1776540252.0,0.93,False,news.bbc.co.uk
1spx3ls,todayilearned,"TIL that Richard Rodgers (Oklahoma, South Pacific, The King &amp; I, etc) was the first person to win the ""EGOT"" - an Emmy, Grammy, Oscar and a Tony. Barbra Streisand, Helen Hayes and Rita Moreno were the next 3. He is one of only two people to win a Pulitzer as well.",,188,29,1776614860.0,0.94,False,en.wikipedia.org
1spfnsx,todayilearned,"TIL that a moon can have its own moon, called a ""submoon' or a ""moonmoon""",,2402,185,1776563045.0,0.98,False,en.wikipedia.org
1srdcj6,todayilearned,TIL that meditating can keep monks dressed in light clothing warm in the Himalayas.,,0,13,1776745732.0,0.42,False,pmc.ncbi.nlm.nih.gov
1sph8gz,todayilearned,"TIL that in ancient Japan, condoms were made from both tortoise shells and animal horns.",,1797,125,1776567668.0,0.96,False,en.wikipedia.org
1soybk7,todayilearned,"TIL a kid watched Jaws in 1996, got obsessed with Quint's WWII monologue, interviewed 150 real survivors, and testified before Congress at 14. A wrongly disgraced Navy captain was exonerated. All because of a 2-minute scene about sharks.",,37590,738,1776520601.0,0.97,False,weartv.com
1spkjkj,todayilearned,"TIL Adipocere, also known as corpse wax, is a wax-like organic substance formed during the decomposition of fat in tissue, such as body fat in corpses.",,701,44,1776578043.0,0.95,False,en.wikipedia.org
1sp5n5e,todayilearned,"TIL that in Rome there is a staircase known as the “Scala Santa,” which, according to Christian tradition, is believed to be the steps that Jesus climbed during his trial before Pontius Pilate.",,4988,576,1776537465.0,0.95,False,en.wikipedia.org
1spvv4s,todayilearned,"TIL the drum-playing kid in Don Henley's video for ""The Boys of Summer"" was the bass player in Daughtry",,106,19,1776612068.0,0.82,False,en.wikipedia.org
1spjzpp,todayilearned,"TIL the tallest waterfall in the world, Angel Fall's name was granted by Jimmie Angel, an American aviator who first flew over the formation in 1933. Angel was on the hunt for gold and had to do an emergency landing on the top of the mountain, discovering the fall.",,435,14,1776576196.0,0.96,False,hola.com
1spb3k3,todayilearned,"TIL that the blue and red flag of Haiti - the only country country ever to be established by a slave revolt - came to be by removing the white part of the French tricolor, the flag of their former colonial rulers.",,1497,28,1776550489.0,0.96,False,en.wikipedia.org
1spgw1r,todayilearned,"TIL researchers created contact lenses that give humans limited night vision by turning near-infrared light into visible colors; test subjects could detect infrared flashes, distinguish different infrared wavelengths, and even see some signals better with their eyes closed.",,594,37,1776566664.0,0.98,False,cell.com
1sp2pk4,todayilearned,"TIL that Lysol in its early years once indirectly marketed itself as a contraceptive for women. By 1911, 193 Lysol poisonings were recorded along with five deaths from ""uterine irrigation""",,1911,70,1776530833.0,0.99,False,en.wikipedia.org
1spib7m,todayilearned,TIL that a former prisoner-of-war camp in Nazi Germany is now a summer camp for school children.,,193,31,1776570877.0,0.91,False,en.wikipedia.org
1spe71d,todayilearned,"TIL about 'wandering spleen', a condition in which someone's spleen migrates to a different location in the patient's body, usually the lower abdomen or pelvic region.",,362,55,1776558783.0,0.97,False,radiopaedia.org
1sos885,todayilearned,"TIL Utada Hikaru, the Japanese pop star mostly known in the West for providing the theme tunes for the Kingdom Hearts series, is a champion Tetris player.",,6744,176,1776501871.0,0.97,False,gamespot.com
1sp2oc6,todayilearned,TIL that thinking in a foreign language can make your decisions more rational by reducing emotional bias,,904,54,1776530758.0,0.97,False,pubmed.ncbi.nlm.nih.gov
1sotrsf,todayilearned,TIL that Bollywood movies were more popular than Hollywood movies in the Soviet Union,,2226,137,1776507290.0,0.92,False,varsity.co.uk
1sp1sz0,todayilearned,"TIL that the Norwegian version of ""Sesame Street"" was set at a train station.",,523,27,1776528718.0,0.97,False,en.wikipedia.org
1spa5np,todayilearned,"TIL the Harrison Narcotics Tax Act of 1914 was the first federal law that regulated and cracked down on drugs.  This near prohibition disguised as tax,  prohibited “any person” from distributing or dispensing coca leaves or opium except in pursuance of a ""written order” issued by a practitioner “",,159,15,1776548094.0,0.94,False,en.wikipedia.org
1spadha,todayilearned,TIL - About Atomic Annie (M65 Atomic Cannon) Designed in early 1950 to fire any atomic artillery shell out of a 280mm cannon out to range of 20 miles with blast yield of 15 Kilo Tons,,142,21,1776548638.0,0.92,False,en.wikipedia.org
1soz4d2,todayilearned,"TIL a ""ton"" is the weight of a ""tun"" of liquid volume. A tun is defined as 252 gallons / 954 liters of wine, and the long / Imperial / displacement ton is the weight of that volume, about 1016 kg / 2240 pounds. A short / American ton makes the weight exactly 2000 pounds.",,474,166,1776522534.0,0.85,False,en.wikipedia.org
1sog128,todayilearned,"TIL The Duckbill was a large rock formation at Oregon's Cape Kiwanda State Natural Area. On August 29, 2016 it was toppled by a group of teenagers who said they did it as ""a public service"" after a friend broke their leg on the rock. Despite being filmed in the act the perpetrators were never caught",,5905,295,1776465646.0,0.98,False,en.wikipedia.org
1soqruu,todayilearned,"TIL between 1979 and 1981, CBS tape-delayed nine NBA Finals games, airing them at 11:30 p.m. ET due to low ratings",,1033,44,1776496741.0,0.97,False,en.wikipedia.org
1so7ex7,todayilearned,"TIL that during his six-day stay in Malta, Napoleon Bonaparte abolished slavery and feudalism, restricted church power, created a public education system, set up a postal service, reformed national administration, framed a family code and nominated twelve judges",,20424,521,1776446412.0,0.98,False,en.wikipedia.org
1sp1xxx,todayilearned,"TIL of Myrmaplata plataleoides, a species of jumping spider which mimics weaver ants. The females particularly mimic the ants closely in size, shape, and colour. Males give the appearance of a weaver ant carrying a minor worker ant.",,176,3,1776529049.0,0.96,False,en.wikipedia.org
1soknov,todayilearned,"TIL that no original broadcast recordings of the first ever Super Bowl exists today, as the videotapes were wiped to save money. In 2016, the NFL stitched together a version of the game using recordings from various sources.",,2090,57,1776478016.0,0.98,False,en.wikipedia.org
1soknr0,todayilearned,"TIL about Basilosaurus, the ancestor to modern whales; which was the length of a bowling alley, was an apex predator, and still had remnants of arms and legs.",,1730,211,1776478020.0,0.94,False,en.wikipedia.org
1sosfws,todayilearned,"TIL the first gene therapy for Duchenne muscular dystrophy was approved in 2023, but it only works while the patient can still walk. Most boys with the condition lose that ability by age 12.",,474,22,1776502655.0,0.97,False,parentprojectmd.org
1soeeeu,todayilearned,"TIL about Lucía Zárate, the lightest adult person in history. She weighed 4.7 pounds (2.1 kg).",,3772,181,1776461732.0,0.97,False,en.wikipedia.org
1so48lw,todayilearned,"TIL why James Bonds preference of a ""shaken and not stirred"" martini is controversial. Drinks containing only alcoholic ingredients are almost always stirred to preserve clarity and to avoid over-dilution, among other things.",,19133,2441,1776439623.0,0.92,False,tommacy.com
1sokyaf,todayilearned,"TIL that according to a 2017 study, only 16% of people given CPR outside of a hospital survive long enough to be subsequently discharged from the hospital. The figure rises to 26% for people who get CPR in a hospital.",,1451,195,1776478838.0,0.96,False,en.wikipedia.org
1sobinj,todayilearned,"TIL Mae Laborde began her acting career at age 93 and appeared in prominent movies and shows like Pineapple express, the heartbreak kid and Always sunny in Philadelphia.",,3733,64,1776455276.0,0.99,False,en.wikipedia.org
1sol2dt,todayilearned,"TIL Supreme Court Justice Henry Baldwin missed the 1833 term of the Court while he was hospitalized for what was called ""incurable lunacy.""",,898,65,1776479167.0,0.98,False,supreme.justia.com
1so4unk,todayilearned,"TIL, A unknown Union soldier was discovered at the Antietam battlefield in 2009. He was between the ages of 17 and 19. His remains were returned to New York for burial 147 years after his death.",,4829,38,1776440946.0,0.99,False,keranews.org
1snyhqc,todayilearned,"TIL that Ferrari is the Italian surname equivalent of the English surname; Smith, in that they're both occupational surnames meaning blacksmith.",,13499,547,1776426051.0,0.97,False,en.wikipedia.org
1so2oql,todayilearned,"TIL When Kate Bush recorded backup vocals for Peter Gabriel's ""Games Without Frontiers"", the sound techs we're all infatuated with Kate and there was a ""huge race getting out to the control room to see who would get there first to adjust her microphones or fix her headphones.""",,4786,208,1776436262.0,0.96,False,en.wikipedia.org
1sq62gm,todayilearned,"TIL Sultan of Morocco (Ismail Ibn Sharif) had at least 888 confirmed biological children (525 sons and 343 daughters). A French diplomat recorded that the Sultan already had 1,171 children by age 57.",,0,15,1776634980.0,0.48,False,en.wikipedia.org
1sok6c6,todayilearned,TIL The Samuel L. Jackson bible-inspired quote in Pulp Fiction was from a 1973 Japanese movie - Karate Kiba (The Bodyguard),,536,83,1776476675.0,0.93,False,youtu.be
1so2d9t,todayilearned,TIL there is a purpose-bred horse meat industry in Canada for live-export to Japan,,3200,524,1776435562.0,0.96,False,inspection.canada.ca
1sospku,todayilearned,"TIL that Mario's first girlfriend, Pauline, was named after Nintendo exec Don James' girlfriend. Similar to the video game, real-life Pauline became James' ex-wife.",,78,17,1776503605.0,0.79,False,youtube.com
1so24ay,todayilearned,"TIL 3 years after a cat named Clyde disappeared from the owner's family home in Australia's island state of Tasmania, he was discovered 2,400 miles into the Australian Outback. ""No one has a clue"" how he managed the 185-mile sea journey from Tasmania to mainland Australia &amp; than over 2K miles more.",,2506,100,1776435016.0,0.98,False,cbsnews.com
1so51at,todayilearned,"TIL about Hanafuda, a type of Japanese playing cards that has 12 suits (one for each month) of four cards each. With the historical design of the cards constantly evolving to stay one step ahead of the Shoguns ban on playing cards.",,1300,94,1776441349.0,0.98,False,en.wikipedia.org
1so8age,todayilearned,"TIL about Lillian Asplund. Born in October 1906, she suffered the Titanic disaster and witnessed the loss of her Father and brothers in 1912. She went on to become the oldest living survivor with memories of the disaster before passing away in May 2006.",,664,10,1776448301.0,0.97,False,encyclopedia-titanica.org
1snr5sy,todayilearned,"TIL In 1974, R&amp;B singer Al Green's girlfriend, Mary Woodson, became upset when Green refused to marry her. She doused him with a pot of boiling grits as he was preparing for bed in the bathroom, causing second-degree burns over his body. Shortly after, Woodson fatally shot herself with his handgun.",,8235,463,1776401774.0,0.98,False,en.wikipedia.org
1so3b2s,todayilearned,"TIL that before being annexed by LA in 1910, the city of Hollywood banned not only alcohol but movie theaters as well.",,952,21,1776437622.0,0.98,False,en.wikipedia.org
1snyc7p,todayilearned,"TIL in plant biology and agriculture, Vavilovian mimicry (also crop mimicry or weed mimicry) is a form of mimicry in plants where a weed evolves to share characteristics with a crop plant through generations of involuntary artificial selection. Oats are one example, mimicking wheat",,1348,87,1776425598.0,0.98,False,en.wikipedia.org
1snhuba,todayilearned,TIL that there is a cave in Kenya that contains a virus with an 88% mortality rate. And it is currently open to the public.,,37803,1939,1776376729.0,0.94,False,explorersweb.com
1so2gk3,todayilearned,"TIL Gyanendra, who is still alive, became king of Nepal when Stalin was still alive",,572,25,1776435763.0,0.92,False,en.wikipedia.org
1sngxzm,todayilearned,"TIL that Harriet Quimby, flew the English Channel solo on 16 April 1912 using only a compass and watch - keeping warm with a hot water bottle - but the Titanic disaster the day before overshadowed her achievement, and now she's almost unknown.",,15028,322,1776374658.0,0.97,False,en.wikipedia.org
1snnx9u,todayilearned,"TIL The founding members of The Village People found the rest of the band by putting an ad in a theater trade paper that read: ""Macho Types Wanted: Must Dance And Have A Moustache.""",,3404,99,1776392473.0,0.99,False,en.wikipedia.org
1so1hr2,todayilearned,TIL that the first airplane to ever take off from a ship launched from the cruiser USS Birmingham in 1910. Eugene Ely flew a fragile curtiss biplane off a wooden platform built over the bow. The ship was only armed with two 5-inch guns but it accidentally started the aircraft carrier era,,357,48,1776433641.0,0.91,False,veteransbreakfastclub.org
1so6dxe,todayilearned,TIL Greater roadrunners are capable of flight,,192,40,1776444223.0,0.94,False,en.wikipedia.org
1sniwcz,todayilearned,"TIL that during the filming of the British film Going Somewhere in the Philippines in 2010, village watchman Eddie Cuizon jumped on actor Kirk Abella's motorcycle and fatally shot him after mistaking him for an actual masked gunman.",,4650,50,1776379254.0,0.99,False,gizmodo.com
1socqyf,todayilearned,TIL that examination assistants for the Royal Australasian College of Physicians clinical exams are called Bulldogs.,,69,2,1776457998.0,0.87,False,amsj.org
1snohk1,todayilearned,TIL that the states of Maine and Vermont each have record-high temperatures (105 F) higher than that of Puerto Rico (104 F),,1666,85,1776394013.0,0.98,False,en.wikipedia.org
1sn7bkn,todayilearned,TIL FDR served the King of England hotdogs and beer.,,6123,431,1776354269.0,0.98,False,smithsonianmag.com
1sn3bby,todayilearned,"TIL that during the American Civil War, the first major battle took place on the farm of Wilmer McLean. He moved his family miles away to Virginia to escape the war, only for the conflict to end four years later when Robert E. Lee surrendered to Ulysses S Grant.. in Wilmer McLean living room",,7881,140,1776345547.0,0.98,False,en.wikipedia.org
1snkhn7,todayilearned,"TIL that in 1854, reporter William Howard Russell used the telegraph to expose the brutal reality of war to the public, unleashing outrage that helped bring down the British government.",,760,35,1776383274.0,0.97,False,maynoothuniversity.ie
1smz1pz,todayilearned,"TIL some of the Dead Sea Scrolls are not religious texts but a metal treasure list, detailing locations where dozens of tons of gold and silver were hidden.",,11412,261,1776333559.0,0.99,False,en.wikipedia.org
1sndofk,todayilearned,"TIL that in countries that drive on the left (UK, Japan, Australia, India) they typically put a bicycle's front brake on the right and rear brake on the left. Most countries that drive on the right do the opposite.",,1572,325,1776367550.0,0.96,False,parkingday.org
1sn18oe,todayilearned,"TIL that Queen Margrethe II of Denmark illustrated The Lord of the Rings (with Tolkien’s approval), designed ballet-sets and costumes and many of her own clothes for decades, and even won a major film award in her 80s.",,5560,59,1776340309.0,0.98,False,kongehuset.dk
1smybcg,todayilearned,TIL the real Herman Boone (played by Denzel Washington in Remember the Titans) was fired for abusing players in 1979,,10468,472,1776330988.0,0.97,False,deadspin.com
1sn5whf,todayilearned,"TIL the Common Loon has feet placed so far to the back that it cannot walk on land, having to push itself forward on the belly.",,2402,71,1776351303.0,0.99,False,en.wikipedia.org
1sn9djm,todayilearned,"TIL that haboob is the name given to massive walls of dust that can reach over 1500 meters (5,000 feet) tall and can travel at speeds exceeding 80 km/h (50mph). They occur in arid regions like Arizona and Sudan.",,1558,133,1776358604.0,0.97,False,en.wikipedia.org
1sn3d06,todayilearned,"TIL that during the filming of the movie ""Roar"", the 19 year old Melanie Griffith got attacked by a lioness and needed 50 stitches and reconstructive surgery to her face.",,2825,124,1776345658.0,0.97,False,stage32.com
1sn69sg,todayilearned,"TIL when WWII started in Europe in 1939 John Templeton purchased 100 shares each of every NYSE-listed company that was selling for less than $1 a share ($23 in 2,025) at the time (104 companies, 37 in bankruptcy). When US industry picked up as a result of the war, he made many times his money back.",,1784,79,1776352036.0,0.92,False,en.wikipedia.org
1snahkh,todayilearned,"TIL that in the music video for her 1989 hit “Opposites Attract,” Paula Abdul appeared alongside an animated cat. In 1991, the cat released an album that was later called the “least essential” album of the 1990s, with one critic saying “never has a mass-produced album been demanded by so few.""",,1008,143,1776360861.0,0.96,False,en.wikipedia.org
1sn52yi,todayilearned,"TIL that New York’s Empire State Building was constructed in just one year and 45 days. Rising 102-storeys above Manhattan to quickly claim the title of world’s tallest building. 14 people lost their lives during construction, although unofficially that number is thought to be higher.",,1660,42,1776349527.0,0.99,False,theb1m.com
1sn5far,todayilearned,"TIL of Rosie Ruiz, who was declared the winner of the women's edition of the 1980 Boston Marathon and was later revealed to have cheated by jumping onto the course by only half a mile before the finish line",,1403,37,1776350285.0,0.97,False,en.wikipedia.org
1sn22kk,todayilearned,"TIL the captain of the Confederate raider CSS Alabama captured 65 Union merchant ships in 22 months, was rescued by a British yacht after his ship was sunk off France, escaped to England, and after the war became a seminary professor, newspaper editor, and was elected judge but barred from serving.",,1516,112,1776342469.0,0.95,False,en.wikipedia.org
1smod5e,todayilearned,"TIL that the crew of the Apollo 10 swore over 230 times throughout the mission. Since Apollo 11, the next mission, and the first to land on the moon, was planned to be televised, NASA had to train Apollo 11's astronauts specifically to refrain from using profanity.",,12546,281,1776300271.0,0.98,False,columbian.com
1snfp1w,todayilearned,"TIL that early 19th-century railways used paired stone blocks to support rail tracks instead of timber rail ties.  Because the blocks were laid separately, this created a clear center path for horses to walk between without tripping.",,209,5,1776371911.0,0.95,False,en.wikipedia.org
1snf9xi,todayilearned,"TIL: Rev. Al Sharpton spent seven years as the road manager for the singer James Brown, and made an appearance with Brown on the show Soul Train in 1974.",,218,1,1776371004.0,0.91,False,en.wikipedia.org
1smltkp,todayilearned,"TIL according to Tolkien's letters, 'The Lord of the Rings' is supposed to be set about 6,000 years ago, and we are now somewhere between the Fifth and the Seventh Age",,8616,478,1776293757.0,0.97,False,collider.com
1smrriv,todayilearned,"TIL in 1992 a WW2 fighter aircraft was located in Grønland buried under 268ft of ice. To recover it, a hole was melted all the way down, hot water was then used to free it before it was disassembled and brought back to the surface a piece by piece. After a 10-yrs restoration, it flew again in 2002.",,3022,93,1776309346.0,0.98,False,jetsprops.com
1smftjw,todayilearned,"TIL the ""panic bar"" on emergency doors was invented after 183 children died in the 1883 Victoria Hall disaster because a door was bolted to only open 20 inches wide.",,10254,159,1776280410.0,0.99,False,en.wikipedia.org
1smasbl,todayilearned,TIL: Sarah Culberson was born in 1976 in West Virginia and put up for adoption. As an adult she hired a private investigator to find her birth parents and discovered she is a Sierra Leonean princess,,18961,427,1776269874.0,0.95,False,en.wikipedia.org
1sm9qw8,todayilearned,"TIL In 2000, Metallica hired a consulting firm to monitor Napster for people illegally sharing their music. The firm produced a 60,000-page list of 335,435 users, which Metallica delivered to Napster's office and demanded the users be banned.",,26064,2755,1776267712.0,0.95,False,en.wikipedia.org
1sm9oti,todayilearned,"TIL that while on a diplomatic mission in 1776, Benjamin Franklin and John Adams shared a room on a cold night. Franklin insisted the window stay open, arguing ‘night air’ wasn’t dangerous. Adams disagreed but eventually fell asleep while Franklin kept explaining his theory.",,9727,265,1776267590.0,0.98,False,masshist.org
1smoasw,todayilearned,TIL: Glynn Wolfe married 31 times,,1327,103,1776300093.0,0.92,False,en.wikipedia.org
1smxcvn,todayilearned,"TIL that in Italian cinema, giallo is a genre that often contains slasher, thriller, psychological horror, psychological thriller, sexploitation, and, less frequently, supernatural horror elements. The genre peaked from the mid 60s to the late 70s.",,284,19,1776327517.0,0.91,False,en.wikipedia.org
1smcdud,todayilearned,TIL there is no algebraic formula for the circumference of an ellipse (oval). All exact equations require calculus.,,4557,402,1776273244.0,0.96,False,en.wikipedia.org
1sm3vhd,todayilearned,"TIL in the late 60s, a motel owner in Aurora, CO created an “observation deck” above several rooms so he could watch guests have sex. He did this for 29 years.",,17525,449,1776254078.0,0.96,False,vice.com
1sm72go,todayilearned,"TIL of the Galton–Watson process, the process in which family names (surnames) go extinct. In China, for example, there are about 3,100 surnames, where in the past the number exceeded 12,000.",,7277,411,1776261881.0,0.98,False,en.wikipedia.org
1smi4c6,todayilearned,"TIL that in 2014, authorities in Turkmenistan tried making residents take their air conditioner units off the outside walls to improve the city's appearance, despite temperatures as high as 40℃/104℉",,1642,49,1776285300.0,0.98,False,bbc.com
1sm7mio,todayilearned,"TIL in 1921, the casket of the Unknown Soldier couldn't fit below deck on USS Olympia, so it was lashed to the bow for the transatlantic crossing. The ship then hit a Category 4 hurricane and rolled 39 degrees, nearly capsizing with the body meant to represent every unidentified American killed",,4425,140,1776263139.0,0.98,False,militarytimes.com
1smkk3k,todayilearned,"TIL in a 1993 interview with documentary maker David Horn, Billy Joel revealed ""We Didn't Start the Fire"" originally started as a country music tune. He claimed the song to be ""terrible, like a dentist drill"" and that the song is ""a terrible piece of music"".",,1039,176,1776290706.0,0.97,False,smoothradio.com
1sm8y4l,todayilearned,"TIL that, according to bookmakers, it was more likely for the Loch Ness monster to be discovered, for Queen Elizabeth to have a Christmas number one song and for Elvis to still be alive than for Leicester City to win the Premier League in 2016. Then Leicester City won the Premier League in 2016",,3600,96,1776266013.0,0.97,False,bbc.com
1smpbwo,todayilearned,TIL NASA’s Super Guppy is 143 feet 10 inches long and has a cargo bay 111 feet long,,302,21,1776302843.0,0.92,False,en.wikipedia.org
1smdvdl,todayilearned,TIL that the last documented case of a human dying from rabies acquired from a cat in the United States was in 1975.,,1016,83,1776276312.0,0.97,False,saveacat.org
1sm15h8,todayilearned,"TIL about Condoman, a superhero created in 1987 to encourage condom use by Indigenous Australians to prevent the spread of HIV. His original motto was ""Don't be shame, be game – use frenchies!"" (slang for condom). A 2009 relaunch added new characters including the female sidekick Lubelicious.",,3687,125,1776245697.0,0.98,False,en.wikipedia.org
1sme3uf,todayilearned,"TIL Andorra is the country with the highest density of McDonald‘s, with 5 in total or 1 for every 16,751 people",,587,56,1776276795.0,0.95,False,en.wikipedia.org
1sm0qph,todayilearned,"TIL that Samuel Johnson spent 7 years almost single-handedly creating his 1755 dictionary - defining over 40,000 words with over 100k quotations, including witty definitions like “lexicographer: a harmless drudge” and “Monsieur: a term of reproach for a Frenchman.”",,2815,145,1776244239.0,0.98,False,en.wikipedia.org
1slqpfp,todayilearned,"TIL when the U.S. attacked Guam in 1898, the Spanish thought the cannon fire was a salute. They sailed out to apologize for not firing back because they had no gunpowder… and were shocked to learn they were actually at war",,25570,325,1776213268.0,0.98,False,en.wikipedia.org
1smbnsd,todayilearned,"TIL In 1499 Caterina Sforza, Countess of Forli, was accused of trying to assassinate the Pope by sending him letters laced with poison. Whether she did or not is still a matter of debate, but she did write a manual which contained recipes for cosmetics, alchemical recipes and cures for poison",,638,19,1776271731.0,0.98,False,en.wikipedia.org
1sm19l1,todayilearned,"TIL From 1784 to 1811, the British Government had a tax on men’s hats. The more hats you owned the more taxes you paid",,1659,75,1776246096.0,0.99,False,en.wikipedia.org
1slp17d,todayilearned,"TIL the Disney executives wanted Ariel from The Little Mermaid to have blonde hair, but the filmmakers gave her red hair for several reasons: it contrasted with her green tail, there was already a blonde mermaid in the recently-released film Splash, and red was easier to darken than yellow.",,11470,183,1776208938.0,0.98,False,en.wikipedia.org
1slmef0,todayilearned,"TIL There were more survivors of Japan Airlines Flight 123 but rescuers spent the night building camp 39 miles away instead, thinking there were none, leaving survivors to die from the cold and of their injuries.",,13058,206,1776202619.0,0.98,False,en.wikipedia.org
1sm74bk,todayilearned,TIL Costasiella kuroshimae - Solar powered animals that do indirect photosynthesis,,372,17,1776261997.0,0.97,False,en.wikipedia.org
1slhozd,todayilearned,"TIL that after investigative reporter Don Bolles was killed by a car bomb in 1976, 38 journalists from competing news organizations teamed up to finish his investigation",,11106,99,1776192451.0,0.99,False,ire.org
1sltaad,todayilearned,TIL that Nepal is roughly 56 years and 8 months ahead of the Gregorian calendar (It’s 2083),,1411,75,1776220227.0,0.97,False,en.wikipedia.org
1sm087j,todayilearned,"TIL George Bridgetower, a British virtuoso violinist of African descent, premiered Beethoven’s “Kreutzer Sonata” with the composer in 1803 and was its original dedicatee - until a quarrel led Beethoven to replace his name with Rodolphe Kreutzer, who never performed it.",,317,15,1776242393.0,0.95,False,en.wikipedia.org
1slax59,todayilearned,"TIL that in 1999, NASA lost the $125 million Mars Climate Orbiter because one engineering team used metric units while another used imperial units. The mismatch caused the navigation software to miscalculate the craft's altitude, causing it to disintegrate in the Martian atmosphere.",,10388,595,1776178210.0,0.97,False,science.nasa.gov
1slog5n,todayilearned,"TIL that it took Sweden 53 years to convert to the Gregorian calendar, during which at one point they had a second leap day (February 30)",,1519,52,1776207489.0,0.99,False,en.wikipedia.org
1sl7itp,todayilearned,"TIL in March 1776 American businessman Timothy Dexter was appointed “Informer of Deer,” a role where he informed townspeople when deer were in the area and enforced hunting laws, even though there were no deer in the Newburyport area",,5090,159,1776170383.0,0.97,False,en.wikipedia.org
1sllpzc,todayilearned,"TIL that the 1900 Paris Exposition featured moving sidewalks, early “talking films” synced to phonographs, escalators, and the first passenger trolleybus - giving a glimpse of modern transport and cinema decades before any of this became mainstream.",,870,8,1776201105.0,0.99,False,en.wikipedia.org
1slcg2w,todayilearned,"TIL that the famous Wall St in New York City was named after a barrier that was constructed to prevent incursions from the English, Pirates and Native Americans",,1859,88,1776181466.0,0.98,False,en.wikipedia.org
1skwgoe,todayilearned,"TIL all 12 astronauts that have stepped on the Moon have experienced ""lunar hay fever"" due to the highly abrasive moon dust, which is said to smell like burnt gunpowder",,31534,1189,1776135385.0,0.97,False,esa.int
1sl9grb,todayilearned,"TIL that the Red-billed Quelea is the most numerous undomesticated bird in the world (estimated at 1.5 billion) more than the common House Sparrow (1.4 billion) despite being restricted to only one continent and luckily never being introduced elsewhere. It's known as ""Africa's feathered locust"".",,1107,47,1776175007.0,0.98,False,en.wikipedia.org
1sktwik,todayilearned,"TIL at 11 years old, singer Tammi Terrell began experiencing migraines after being assaulted. At 17, she began dating James Brown who violently abused her. At 21, she became the mistress of David Ruffin who purportedly attacked her with a helmet and a hammer. At 24, she died of brain cancer.",,17718,413,1776128636.0,0.97,False,en.wikipedia.org
1skqjde,todayilearned,"TIL of David Wynn Miller, who invented a variation of English called a ""Quantum Language"" and claimed it was the only correct and valid language for use in court filings. His language is incomprehensible to most people and the pleadings that use it are routinely rejected by courts as gibberish.",,12849,802,1776120037.0,0.95,False,en.wikipedia.org
1skrxui,todayilearned,"TIL that snails are hermaphrodites, and when two snails mate, both try to impregnate the other because it’s less costly to be a father than a mother when passing on genetic material",,8438,227,1776123499.0,0.98,False,kqed.org
1skpk6m,todayilearned,"TIL that in 1920, the King of Greece died after a pet monkey bit him while he was defending his dog. This freak accident triggered a political collapse that lost Greece a major war and, as Churchill noted, cost a quarter of a million lives.",,7313,175,1776117691.0,0.99,False,en.wikipedia.org
1skfv82,todayilearned,TIL that dogs authentically get jealous and try to break up the connection between their owner and another dog.,,27478,874,1776097509.0,0.97,False,today.ucsd.edu
1skh645,todayilearned,"TIL that for the only time in its history, The New Yorker dedicated its entire August 1946 issue to a single article: a 30,000-word investigative report by John Hersey on the aftermath of the Hiroshima atomic bomb.",,13389,225,1776100160.0,0.99,False,nypl.org
1skspqf,todayilearned,TIL that there's a bacterium called Myxococcus llanfair­pwll­gwyn­gyll­go­gery­chwyrn­drobwll­llan­tysilio­gogo­gochensis. It was discovered in soil near a Welsh village perhaps unsurprisingly called Llanfair­pwll­gwyn­gyll­go­gery­chwyrn­drobwll­llan­tysilio­gogo­goch.,,2760,88,1776125483.0,0.98,False,en.wikipedia.org
1skb9po,todayilearned,"TIL James Cameron rejected studio notes from Fox executives about making Avatar (2009) shorter, reminding them that his previous film Titanic (1997) paid for the building they were meeting in.",,51132,1522,1776087880.0,0.96,False,variety.com
1skgy13,todayilearned,TIL that tylenol/acetaminophen is the #1 cause of acute liver failure in the US. Most cases are due to accidental overdose since it is commonly mixed in with other ingredients (eg. cold meds).,,5041,614,1776099696.0,0.98,False,ucihealth.org
1skuwdc,todayilearned,"TIL that Mary’s nose on Michelangelo’s famous sculpture The Pietà is a reconstruction, the result of a 1972 hammer attack, and the original was never recovered",,933,48,1776131241.0,0.98,False,en.wikipedia.org
1skbwod,todayilearned,TIL that Baywatch actor Michael Newman was a real lifeguard and worked as a full time firefighter while filming the show. Lead actor David Hasselhoff creditted Newman with saving his life on set at least four times,,7804,109,1776089269.0,0.99,False,bbc.com
1ska33p,todayilearned,"TIL the Stockholm Syndrome which claims that hostages tend to develop a psychological bond with their captors is considered highly dubious by psychologists, and in the initial case it was actually the captor who felt less willing to kill the hostages after spending more time with them.",,9163,175,1776085133.0,0.98,False,en.wikipedia.org
1skpifw,todayilearned,"TIL of a bronze age Persian settlement known as Shahre Sukhte (the Burnt City). Among the artifacts discovered there after it had been long abandoned was a 5200 year old vase that was decorated with images that, when spun, animated a goat jumping up and eating from a tree, like an ancient zoetrope.",,1165,17,1776117593.0,0.99,False,en.wikipedia.org
1skc18e,todayilearned,"TIL that in medieval times, a ""foreskin cruncher"" would be hired to taste alleged relics of Jesus' ""Holy Prepuce"" for the flavour of holiness to determine authenticity",,4613,598,1776089552.0,0.91,False,en.wikipedia.org
1skgsg9,todayilearned,"TIL that the earliest named author in recorded history was a woman named Enheduanna (c. 2300 BCE), a Sumerian high priestess and daughter of King Sargon of Akkad.",,2092,39,1776099397.0,0.99,False,bbc.com
1skiwah,todayilearned,"TIL that Ssm Spooky toxin is a venom component of the Chinese red-headed centipede, noted for its surprising efficacy and having no significant similarities to other known animal toxins",,1390,57,1776103680.0,0.98,False,en.wikipedia.org
1sk9l5v,todayilearned,TIL 1 in 9 (11%)Americans have acquired toxoplasma gondii (the cat lady parasite) at some point,,3720,235,1776083904.0,0.95,False,en.wikipedia.org
1sk858w,todayilearned,"TIL that haggis is banned in the USA, since it contains lung meat",,4503,609,1776080040.0,0.85,False,foodrepublic.com
1skgrj1,todayilearned,"TIL about Norway's Lærdal Tunnel, which is the longest road tunnel in the world, measuring 24.51 kilometers (15.23 miles) long.",,747,58,1776099343.0,0.98,False,en.wikipedia.org
1skkffb,todayilearned,TIL about the Moors Sundry Act of 1790 which excludes subjects of the Moroccan sultan from being slaves regardless of their skin color (Any black person at the time in SC was considered a slave by default),,364,26,1776106856.0,0.89,False,en.wikipedia.org
1sjwuml,todayilearned,"TIL that Charles Darwin would often take one or more of the new species he discovered to eat them. He began this tradition while in college, he was part of his schools “glutton club,” which sought out new exotic species to eat.",,10149,353,1776043883.0,0.98,False,npr.org
1sk9v17,todayilearned,"TIL about the ""Benefit of Clergy,"" where you could get out of being tried for a crime in civilian court by showing you could read a passage from the Latin Bible",,968,49,1776084585.0,0.97,False,en.wikipedia.org
1skbk8d,todayilearned,TIL the Florida Grasshopper Sparrow is thought to have been reduced to three locations and less than 120 individuals.,,753,17,1776088528.0,0.98,False,en.wikipedia.org
1sk4jid,todayilearned,"TIL Australian Cattle Dogs were bred by crossing British herders with wild Australian dingoes -- creating one of the toughest, smartest dogs on Earth.",,1338,86,1776068060.0,0.97,False,en.wikipedia.org
1sjoup9,todayilearned,"TIL Dandruff, a skin condition of the scalp affects roughly half of adults. It is often linked to Malassezia fungus that thrives on sebum. Dandruff shampoos often contain antifungals to manage it, however  there is no permanent cure",,18707,1084,1776023978.0,0.96,False,en.wikipedia.org
1skfqt4,todayilearned,"TIL that the only officially recorded meteorite on Greek soil fell in 1818 in Serres, is 4.56 billion years old, and now resides in the Natural History Museum of Vienna.",,260,10,1776097255.0,0.94,False,keeptalkinggreece.com
1sjv6yk,todayilearned,TIL the most expensive painting ever sold was a painting of Jesus by Leonardo da Vinci. It was bought for $450 million by the Crown Prince of Saudi Arabia.,,4495,391,1776039354.0,0.96,False,en.wikipedia.org
1sk7lgp,todayilearned,"TIL that Uranus does not have a solid, icy surface and that Uranus and Neptune are called ""Ice Giants"" not because their surfaces are icy, but because they are primarily composed of elements like water, ammonia and methane that scientists refer to as ""icy volatile"" substances.",,506,92,1776078446.0,0.93,False,science.nasa.gov
1sjqy8y,todayilearned,"TIL that Frank Sinatra's last words were ""I'm losing""",,4233,160,1776028711.0,0.97,False,pbs.org
1sk7ibl,todayilearned,"TIL Cubism helped give birth to modern camouflage. Its fragmented, abstract approach—breaking objects into planes—shaped WWI patterns that disrupted outlines instead of blending in, influencing everything from tanks and buildings to military uniforms.",,281,21,1776078189.0,0.94,False,art24.com
1sjm2z0,todayilearned,"TIL there is a political party in Switzerland called the ""Anti-PowerPoint Party"" whose single issue is ""decreasing professional use of Microsoft PowerPoint and other forms of presentation software"". They claim this type of software causes damages amounting to 2.1 billion CHF.",,5566,117,1776017843.0,0.98,False,en.wikipedia.org
1sjonqz,todayilearned,TIL that the same photographer who took a picture of Joseph Goebbels glaring at the camera (allegedly because he learned that Eisenstaedt was Jewish) also took the famous picture of a US sailor kissing a woman on Times Square on V-E-Day: Alfred Eisenstaedt,,3841,66,1776023561.0,0.98,False,en.wikipedia.org
1sjpkcn,todayilearned,"TIL about the Apollo Affair, where the US lost 200+ Pounds of highly enriched, weapons grade Uranium",,3009,144,1776025558.0,0.98,False,en.wikipedia.org
1sk5brz,todayilearned,"TIL thanks to genetic engineering on its growth hormone-regulating gene, the AquAdvantage salmon can grow year-round instead of only during spring and summer, thereby growing to market size in 16-18 months instead of three years",,255,19,1776070868.0,0.92,False,en.wikipedia.org
1sjkriy,todayilearned,TIL famed architect Frank Lloyd Wright scandalously left his first wife for the wife of a client; his mistress was subsequently murdered along with six others at an estate Wright designed for her,,4441,173,1776014900.0,0.98,False,en.wikipedia.org
1sjcsx5,todayilearned,"TIL Bill Cosby’s only son, Ennis Cosby, was murdered in an attempted robbery while changing his flat tire in 1997.",,17057,534,1775995700.0,0.97,False,en.wikipedia.org
1sk16co,todayilearned,"TIL after the top 3 best-selling music artists (The Beatles, Michal Jackson, Elvis Presley), 52 of the next 58 best-selling artists are still active.",,443,86,1776056447.0,0.91,False,en.wikipedia.org
1sja10t,todayilearned,TIL the Stone Age encompasses 99% of human history,,25855,1254,1775986604.0,0.97,False,en.wikipedia.org
1sjzt4h,todayilearned,TIL that Kid from the rap group Kid ‘n Play wrote the theme song for “Real Time with Bill Maher”.,,309,85,1776052248.0,0.83,False,vice.com
1sjiuiw,todayilearned,"TIL that in Guam, if you are trained in martial arts, you must register your hands and feet as “Deadly Weapons” or face criminal punishment.",,1942,136,1776010646.0,0.96,False,law.justia.com
1skdnfr,todayilearned,"TIL the Sultan of Brunei have a personal car collection of 7,000 cars. He have the highest number of privately owned Rolls-Royce and Ferraris in the world.",,18,39,1776092914.0,0.58,False,en.wikipedia.org
1sjbpd8,todayilearned,"TIL the song 'Take Me Out to the Ball Game' was written in 1908, and the full lyrics tell the story of a 'baseball mad' woman trying to convince her boyfriend to go to a baseball game instead of on a date.",,3022,80,1775992346.0,0.98,False,en.wikipedia.org
1sjdktl,todayilearned,"TIL Michael Jackson held 11 of the 57 known concerts to have sold at least 100,000 tickets. This is followed by 10 musical acts who are tied with 2 concerts that sold 100,000 tickets.",,2109,281,1775997919.0,0.93,False,en.wikipedia.org
1sjld8t,todayilearned,"TIL that ""Rubber Duckie"" from Sesame Street reached #16 on the Billboard Hot 100 in 1970",,787,41,1776016260.0,0.97,False,en.wikipedia.org
1sjjr2d,todayilearned,"TIL - British pediatrician, Sir Roy Meadow, credited with describing Munchausen by proxy, was considered the preeminent expert on child abuse (knighted for his service to child health). However his flawed understanding of statistics &amp; science led to the wrongful conviction of innocent mothers.",,909,34,1776012671.0,0.98,False,wikipedia.org
1sjng5r,todayilearned,"TIL there is a ""time donut hole"" in Arizona from March to November where a single drive can force your phone to change time zones multiple times—because the Navajo Nation observes Daylight Saving Time, but the Hopi Reservation, which sits entirely inside the Navajo Nation, does not.",,584,35,1776020863.0,0.93,False,en.wikipedia.org
1sjdmt0,todayilearned,"TIL in 2011, 98-year-old Keiko Fukuda at 4'10"" and 100 pounds became the first woman ever to earn a 10th-degree black belt in Judo (which is Judo's highest level).",,1739,56,1775998070.0,0.97,False,abcnews.com
1sj2oo1,todayilearned,TIL all long duration spaceflight astronauts are not allowed to drive a car for 21 days after returning to Earth because of potential muscle atrophy.,,14175,241,1775962531.0,0.98,False,en.wikipedia.org
1sjkoh4,todayilearned,"TIL researchers compared 100+ rewilded sites in Scotland to neighboring non-rewilded land. Bird species were up 261%. Breeding territories up 546%. Bumblebees and butterflies increased tenfold. One ecologist said: ""The results are astonishingly clear.""",,638,12,1776014713.0,0.98,False,scotlandbigpicture.com
1sjtbyw,todayilearned,TIL that some devices are so sensitive that they can detect 1 single photon at a time.,,228,34,1776034468.0,0.9,False,en.wikipedia.org
1sizhyw,todayilearned,"TIL the subsequent fires that broke out in San Francisco after the 1906 earthquake, destroying 80% of the city, was due not only to ruptured gas lines, but also because people were firing their own buildings after realizing insurance wouldn’t cover damages from an earthquake.",,21174,533,1775953315.0,0.97,False,en.wikipedia.org
1sj7z19,todayilearned,"TIL that Betsy Wolheim, editor of the Kingkiller Chronicle book series, claimed in 2020 that she has not read a word of the upcoming third book in the nine years since the second one's release.",,2794,648,1775979362.0,0.93,False,en.wikipedia.org
1sjdg2v,todayilearned,"TIL Roger Sherman is the only person to sign all four of the important American Revolutionary documents: the Articles of Association in 1774, the Declaration of Independence in 1776, the Articles of Confederation in 1781, and the Constitution of the United States in 1787.",,750,66,1775997554.0,0.97,False,jud.ct.gov
1sjfvoq,todayilearned,"TIL that during the penalty shootout in the 2006 FIFA World Cup quarterfinal, Jens Lehmann kept a handwritten note in his sock with Argentina players’ preferred penalty directions and it helped Germany national football team win the shootout.",,307,24,1776003771.0,0.88,False,theguardian.com
1siv1n1,todayilearned,TIL intact female cats that mate with vasectomized male cats will enter a 45-day pseudo-pregnancy period,,5887,163,1775941791.0,0.98,False,now.tufts.edu
1sipaoo,todayilearned,"TIL despite being a big critical and commercial hit, and endorsed by the Pope himself, 1977's ""Jesus of Nazareth"" was barely able to get distribution in the US, because a preacher(who hadn't seen it) declared it blasphemous. It only aired in the US after reshoots to include a resurrection scene",,11271,449,1775928649.0,0.97,False,en.wikipedia.org
1sj1eqz,todayilearned,"TIL that there were female gladiators in Ancient Rome. Often called Gladiatrix. There were very few as most Romans thought they were a novel or entertaining, even absurd. They were eventually banned from participating in 200AD as Unseemly.",,1882,61,1775958785.0,0.97,False,en.wikipedia.org
1sjn2il,todayilearned,"TIL that Mansoura, Egypt and Mansura, Avoyelles Parish, Louisiana share the same name, and share French cultural connections and are also on the same latitude (~31° N)",,80,7,1776020041.0,0.87,False,townofmansura.com
1sj88c5,todayilearned,TIL the minimalist Black Square (1915) was painted over two highly detailed works by the same artist. This was only discovered in 2015 using x-ray imaging.,,568,69,1775980272.0,0.93,False,smithsonianmag.com
1sisrj0,todayilearned,"TIL in 2014, the UK established a Video Games Tax Relief system to support its games development industry. 37% of the system's total payout has been claimed by Rockstar North.",,5775,227,1775936432.0,0.98,False,en.wikipedia.org
1siy27a,todayilearned,"TIL a French drain isn't anything to do with a design originating in France, but instead a US guy named Henry Flagg French.",,1630,76,1775949443.0,0.98,False,en.wikipedia.org
1sikd4t,todayilearned,"Today I learned about the Ig Nobel Prize, a satirical prize awarded to scientific achievements that “first make people laugh, then make them think.” The monetary award is 10 trillion Zimbabwean dollars - equivalent to $0.40.",,9797,163,1775917236.0,0.97,False,en.wikipedia.org
1sirzw7,todayilearned,"TIL Evi Nemeth, lead author of the Linux System Administration Handbook, disappeared at sea in 2013. The vintage yacht she was traveling on vanished between New Zealand and Australia during a storm with 26ft swells and 65mph winds. She and six others were never found",,2952,107,1775934667.0,0.98,False,en.wikipedia.org
1sjp9nf,todayilearned,TIL The most active volcano in the US Pacific Northwest is under the ocean.,,25,8,1776024903.0,0.71,False,youtu.be
1siv02z,todayilearned,TIL that Edmund Thomas Clint was a child prodigy who created more than 25000 paintings by the time he passed away at 6.,,1819,79,1775941680.0,0.91,False,en.wikipedia.org
1simgdc,todayilearned,"TIL that as a penalty for crewmen, or for captains at the hands of a crew in cases of mutiny, they would be abandoned on a deserted island, which came to be known as ""being made governor"" of the island.",,5137,104,1775922196.0,0.98,False,en.wikipedia.org
1siqvrq,todayilearned,"TIL about the third man factor, where a perceived unseen presence (like a spirit) gives comfort and advice during traumatic experiences",,2818,209,1775932177.0,0.98,False,en.wikipedia.org
1siew0r,todayilearned,"TIL that contrary to the popular image of short, primitive cavemen, early modern humans in Europe 40,000 years ago averaged 183 cm (6 ft) tall. After the invention of agriculture, height dropped to 162 cm (5'4""). Humanity only recovered prehistoric height levels in the 20th century.",,20889,922,1775901344.0,0.96,False,australian.museum
1sijtxo,todayilearned,"TIL after James Cameron was promoted to production designer on Battle Beyond The Stars (1980), his production manager gave him some cocaine to hand out to the crew as their pay. Considering he didn't do drugs, he gave it to his assistant art director who actually distributed it ""fairly &amp; equitably"".",,5995,217,1775915939.0,0.97,False,ew.com
1simc97,todayilearned,"TIL the ""Batman Smells"" parody of ""Jingle Bells"" originated in 1966.",,3396,236,1775921935.0,0.96,False,cbr.com
1sj596a,todayilearned,"TIL that Alexandre Villaplane, who captained the French team at the first FIFA World Cup tournament in Uruguay in 1930, became a German collaborator during WW2. He was captured by Allied troops after the liberation of Paris and was executed by firing squad on the 27th of December 1944.",,235,11,1775970293.0,0.95,False,theguardian.com
1sixj0x,todayilearned,"TIL the SS Baychimo, a steel-hulled 1,322 ton cargo steamer, was abandoned in 1931 after being trapped in pack ice but didn’t sink for decades. It was sighted many times off the Alaskan coast in the ensuing years and people even managed to board it. The final sighting was in 1969.",,682,9,1775948067.0,0.99,False,en.wikipedia.org
1sj3qqx,todayilearned,TIL that the first ever Marvel and DC collab was a comic adaptation of The Wizard of Oz (1939),,215,7,1775965620.0,0.94,False,cbr.com
1siqz5d,todayilearned,TIL Jason Voorhees' iconic hockey mask wasn't introduced in the movie series until the third installment (Friday the 13th Part III) in 1982,,1120,49,1775932394.0,0.94,False,en.wikipedia.org
1sj4ryz,todayilearned,"TIL pufferfish construct nests with detailed geometric patterns to attract mates, sometimes even adorning them with seashells. Until 2013 scientists didn't know what creature was creating these patterns on the seafloor.",,175,3,1775968788.0,0.97,False,nature.com
1sj8sba,todayilearned,"TIL when the display first began in 1879, the Blackpool Illuminations consisted of just eight carbon arc lamps",,80,12,1775982179.0,0.87,False,en.wikipedia.org
1sim2vz,todayilearned,"TIL about Sacculina, a sex changing parasitic barnacle for crabs. It will mind control the crab into caring for its egg sack as its own, just like a female crab would do for her eggs",,1095,57,1775921338.0,0.96,False,en.wikipedia.org
1sil2c5,todayilearned,"TIL Ferdinand Waldo Demara, known as “The Great Impostor,” once worked as a surgeon aboard a Canadian destroyer in the Korean War despite having no medical training, learning procedures from textbooks on the fly. He was eventually discovered, quietly released, and later impersonated monks, teachers,",,1012,43,1775918927.0,0.98,False,en.wikipedia.org
1sieus5,todayilearned,"TIL: Gao Cai, a eunuch in Ming dynasty China, was accused of consuming the brains of young boys believing that it would regrow his penis.",,2142,180,1775901219.0,0.97,False,en.wikipedia.org
1siqut5,todayilearned,"TIL that Alfred Hitchcock's entire speech when he won the Irvin G. Thalberg honorary Oscar was, ""Thank you"" (pause) ""very much indeed.""",,435,21,1775932115.0,0.97,False,aaspeechesdb.oscars.org
1si31le,todayilearned,"TIL Chuck Norris stated that he was not offended by the satirical 'Chuck Norris facts' that became extremely widespread beginning in 2005. He found some of them funny &amp; said his personal favorite was that they wanted to add his face to Mount Rushmore, but the granite is not hard enough for his beard",,27160,1018,1775864519.0,0.82,False,en.wikipedia.org
1siidq4,todayilearned,"TIL that the Memphis hip hop group Three 6 Mafia became the first one to win an Oscars award in 2006 for ""It's Hard Out Here For a Pimp""; they were also the first ever hip hop artists to perform at the ceremony itself.",,717,69,1775912204.0,0.94,False,en.wikipedia.org
1siwr76,todayilearned,TIL that Nellie Bly was the first American woman to report from the Eastern Front during World War I,,117,5,1775946081.0,0.96,False,brookekroeger.com
1siom0z,todayilearned,"TIL that ordinary matter makes up only about 5% of the universe, dark matter makes up about 27%, while the rest is thought to be dark energy. It's thought that dark matter shapes the cosmos, organizing galaxies and cosmic objects on a large scale.",,304,115,1775927106.0,0.89,False,science.nasa.gov
1sie2f7,todayilearned,"TIL ""Sobrino de Botin"", a restaurant in Spain, has a Guinness World Record for being the oldest still-operational restaurant, and has reportedly been open for 300 years as of 2025",,1198,76,1775898345.0,0.98,False,en.wikipedia.org
1sia00d,todayilearned,TIL that prior to the publication of the DSM-III in 1980 autism was often diagnosed as schizophrenia or a schizophrenia related disorder.,,2315,134,1775884268.0,0.98,False,thetransmitter.org
1si040t,todayilearned,TIL Fidel Castro used to wear two Rolexes on the same wrist,,10717,770,1775857225.0,0.94,False,telegrafi.com
1si3c2w,todayilearned,"TIL in 2013 Brandy Norwood was a surprise musical guest at the Nelson Mandela Sport and Culture Day in Johannesburg. However, the audience had trickled out by the time she took the stage, leaving no more than 40 people in the 90,000-capacity FNB stadium. After two songs, she walked off stage.",,4066,202,1775865284.0,0.96,False,theguardian.com
1shxdzk,todayilearned,"TIL that Walter Hunt invented the safety pin in 1849 to pay off a $15 debt, twisting an 8-inch piece of brass wire into a spring-loaded clasp, then sold the patent for $400; the buyer later made millions from the design.",,9026,88,1775851058.0,0.98,False,en.wikipedia.org
1shrh3n,todayilearned,TIL that American Psycho struggled to obtain luxury brand deals for the film as companies didn’t want their products associated with a psychopath killer.,,13688,663,1775838435.0,0.97,False,en.wikipedia.org
1shznto,todayilearned,TIL that mice perform instinctive first aid on unconscious cage mates including pulling their tongues out to clear their airways and that this behavior actually helps the unconscious mice regain consciousness faster.,,3708,29,1775856155.0,0.99,False,science.org
1sin2hp,todayilearned,TIL Dr. Michael Swango was a prolific serial killer in the US and Zimbabwe,,111,13,1775923595.0,0.9,False,heraldonline.co.zw
1si4z02,todayilearned,"TIL about Jack Schmitt, the most recent living person to have walked on the Moon. He is also the only scientist to have ever walked on the Moon, as Schmitt was an also professional geologist",,1169,135,1775869634.0,0.96,False,en.wikipedia.org
1shsolu,todayilearned,"TIL in 1378 a man named Ser Nuto, a Sheriff working for the government of Florence, was seized by a mob of rioters and hanged by his foot. They proceeded to literally tear him apart, so that nothing was left except the foot that was tied to the rope",,4025,119,1775840975.0,0.98,False,gutenberg.org
1shkf5f,todayilearned,"TIL Samuel L. Jackson had no idea that M. Night Shyamalan was planning on making Glass (2019), a sequel to Unbreakable (2000), until he saw Split (2016) and was just as shocked by Bruce Willis' appearance in it ""as the rest of the world."" Shyamalan had told Jackson to watch it &amp; talk with him after.",,12758,339,1775822242.0,0.96,False,indiewire.com
1si1cem,todayilearned,"TIL The composer of ""Rosemary's Baby"", Krzysztof Komeda, died in mysterious circumstances months after the release of the film after slipping into a coma, similar to the films character Hutch. He woke from the coma only once, when Rosemary's Lullaby was played to him.",,1255,10,1775860204.0,0.97,False,culture.pl
1shoygh,todayilearned,TIL that the first person to be described as a scientist was a Scottish woman who didn't attend school until she was 10. She later signed Britain's first women's suffrage petition at age 86.,,5044,40,1775833112.0,0.98,False,en.wikipedia.org
1shjdwk,todayilearned,"TIL that Gary Brooks Faulkner, a California man, repeatedly attempted to travel to Pakistan on a one-man mission to capture Osama bin Laden, carrying a katana, pistol, night vision goggles, a map and a Bible. He also tried using a paraglider during one of his attempts",,11015,374,1775819158.0,0.98,False,en.wikipedia.org
1sibqs9,todayilearned,TIL Frank Sinatra's song High Hope was used as a campaign song by JFK in 1960 election. It was from a movie called A Hole in the Head.,,198,16,1775890105.0,0.93,False,en.wikipedia.org
1shlj2q,todayilearned,"TIL that at the Battle of Bannockburn, Scottish king Robert the Bruce killed English knight Henry de Bohun with a single strike. Reportedly, King Robert's only regret was that he broke his own battle-axe in the process.",,4091,244,1775825170.0,0.98,False,en.wikipedia.org
1shkyxa,todayilearned,TIL that the law protecting the Titanic wreck only applies to the US and UK. Someone from most other countries could essentially go grab artifacts if they had the means to reach the wreck.,,3198,134,1775823721.0,0.98,False,noaa.gov
1shrjba,todayilearned,"TIL that there are also leap seconds, and 27 have been added since 1972",,734,41,1775838558.0,0.97,False,en.wikipedia.org
1shndn0,todayilearned,"TIL about the Cabbage Patch Riots, a series of violent customer outbursts at several retail stores in late 1983. Thousands of customers at retail stores such as JC Penney would wait in line for hours with unfulfilled “promise tickets,” reportedly leading to trampling and attacks with baseball bats.",,1029,156,1775829610.0,0.97,False,en.wikipedia.org
1sht0ll,todayilearned,"TIL there has been only one case in recorded medical history of an unprovoked swordfish attack on a human, and only five cases in total of swordfish-on-human attacks.",,536,59,1775841682.0,0.98,False,pmc.ncbi.nlm.nih.gov
1si3iur,todayilearned,Today I learned that Woody Allen starred in a daily newspaper comic strip from 1976 to 1984.,,107,38,1775865747.0,0.8,False,en.wikipedia.org
1sia9gr,todayilearned,"TIL the little square on your backpack is called lash tab and it's supposed to be used to attach things, the bottom ones are for things to avoid swinging",,41,45,1775885105.0,0.59,False,today.com
1sh0o0u,todayilearned,"TIL that in 1977, 2 American boys cheated an ice cream chain offering free sundaes on birthdays by making up a boy. In 1984, they received a reminder for the fake boy to register for the draft, which exposed that the government used the chain's mailing list without permission.",,50311,620,1775765059.0,0.98,False,snopes.com
1sh47kb,todayilearned,TIL putting bread in the fridge makes it go stale quicker.,,14886,1028,1775773132.0,0.92,False,seriouseats.com
1shb5nd,todayilearned,TIL the Medici line died out in 1743 with the death of Anna Maria Luisa de' Medici.,,3923,101,1775791495.0,0.97,False,en.wikipedia.org
1sh7rk3,todayilearned,TIL that there are cases of mountaineers getting sunburn on the roof of their mouths due to the reflection of the snow,,5816,122,1775782250.0,0.99,False,mountainproject.com
1sh3cay,todayilearned,"TIL that the Chernobyl accident was caused by an accident simulation test; it also set off radiation alarms in a power plant in Sweden, over 1,000 km away.",,8154,482,1775771077.0,0.94,False,en.wikipedia.org
1shkhgc,todayilearned,"TIL The final episode of the FOX reality show Joe Millionaire, attracted over 40 million viewers, competing with that year's Oscars (41.8 million) and coming in just behind the original Survivor finale (51.7 million).",,492,67,1775822418.0,0.89,False,en.wikipedia.org
1sh0iar,todayilearned,TIL that babies backwash when they're breastfeeding,,10473,897,1775764728.0,0.93,False,milkgenomics.org
1shodwb,todayilearned,"TIL of Nahwa, an enclave of the United Arab Emirates, which is surrounded by Madha, an enclave of Oman that is part of the Musandam Governate, a part of Oman that is seperated from the rest of Oman by the United Arab Emirates.",,215,8,1775831854.0,0.94,False,en.wikipedia.org
1sh8fpz,todayilearned,"TIL about the bizarre friendship between Kim Il Sung and King Norodom Sihanouk. The North Korean leader built the monarch a 60-room palace near Pyongyang, complete with its own private lake and cinema, where Sihanouk lived in luxury while the Khmer Rouge devastated his home country.",,1947,71,1775784038.0,0.98,False,nknews.org
1shcbe9,todayilearned,"TIL - That Jamy Noel, the sheriff who ran the jail in early seasons of the TV series ""60 Days In,"" was arrested for not turning over firearms he was ordered to surrender and the judge sentenced him to sixty days in jail.",,839,19,1775794977.0,0.97,False,wave3.com
1sgxdc5,todayilearned,"TIL about Hogzilla, a large male hybrid of wild hog and domestic pig that was shot and killed in the United States in 2004. It weighed 800 pounds (360 kg) and was between 6.9 feet (2.1 m) and 8.6 feet (2.6 m) long. It was originally widely considered a hoax or urban legend",,4779,328,1775758037.0,0.97,False,en.wikipedia.org
1shpql4,todayilearned,"TIL in 1987 a struggling actor lived inside a Seattle billboard for a month, promoting a nearby coffee company by drinking a new flavor each day",,63,7,1775834757.0,0.79,False,youtu.be
1sgrtne,todayilearned,"TIL that Bologna (Italy) ""was probably the first city in the world to abolish slavery""",,4416,83,1775746271.0,0.97,False,en.wikipedia.org
1sgn1i7,todayilearned,"TIL after a 6-feet sevengill shark latched onto a man's ankle and severed one of his arteries, he called out for help to some nearby fishermen, but they weren't able hear him. However, his dog in his truck heard him and sprinted to his rescue by biting the shark's tail &amp; pulling it off of his owner.",,5750,11,1775734435.0,0.96,False,people.com
1sgzbl2,todayilearned,"TIL King County, WA was renamed to King County, WA, changing it from being named after Vice President William Rufus King to being named after Martin Luther King",,847,84,1775762165.0,0.93,False,kingcounty.gov
1sgflay,todayilearned,TIL Yoko Ono's 7-year old daughter Kyoko was kidnapped by her father Tony Cox (Ono's ex-husband) in 1971. Yoko wouldn't see her daughter again until 1994 when Kyoko was 31 years old.,,16476,861,1775708942.0,0.95,False,littlevillagemag.com
1sgsut9,todayilearned,"TIL that from 1977 to 2011, the flag of Libya was just a solid green rectangle with nothing else to it",,1159,63,1775748469.0,0.96,False,en.wikipedia.org
1sgg026,todayilearned,TIL One third of American Adults have some sort of criminal record.,,6990,774,1775710210.0,0.96,False,ncsl.org
1sgtfi9,todayilearned,TIL of the The F-15 Streak Eagle a purposely prepared F15 A aircraft that broke eight time-to-altitude records in 17 days (five of them in a single day) and was a major PR Stunt by the US Airforce.,,813,107,1775749696.0,0.85,False,autoevolution.com
1sgh0wy,todayilearned,"TIL it’s been illegal in Alabama to impersonate a priest since 1965, when out of state priests and nuns joined civil rights marches that shamed Alabama segregation",,4716,105,1775713555.0,0.98,False,al.com
1sgtsbw,todayilearned,"TIL of Scolopendra cataracta, the first known amphibious centipede, discovered in 2000. They measure 20 cm/8 in in length and can swim by moving their body in a wave-like motion, akin to eels.",,683,51,1775750465.0,0.96,False,en.wikipedia.org
1sikg6b,todayilearned,TIL the SAE self driving ratings are wildly misleading. Tesla FSD is SAE 2 while Honda Lane keeping makes it also SAE 2,,0,18,1775917444.0,0.37,False,zego.com
1sgarud,todayilearned,"TIL that when Ringo Starr became ill prior to the Beatles' 1964 tour, session drummer Jimmie Nicol was quickly hired as a replacement. From getting the call to performing in front of 4500 fans it was 27 hours. He played 8 shows total and was gifted $500 ($14,638 in 2026) and an engraved gold watch.",,8146,293,1775695409.0,0.98,False,en.wikipedia.org
1sgnucl,todayilearned,"TIL of Operation Burnt Frost the Shoot Down of the Satellite USA 193 which was a mission of safeguarding human life against the uncontrolled re-entry of a 5,000-pound satellite containing over 1,000 pounds of hazardous hydrazine propellant.",,856,57,1775736697.0,0.89,False,en.wikipedia.org
1sg56n3,todayilearned,"TIL about the Sovereign Military Order of Malta. A religious order of the Catholic Church that possesses no national territory but is considered a sovereign entity under international law. It maintains diplomatic relations with 115 states, enters into treaties, and issues its own passports.",,5115,138,1775681572.0,0.98,False,en.wikipedia.org
1sfysb6,todayilearned,"TIL Although the original Order of Assassins typically used assassination as a means of political survival, they also did it for pay, using sleeper cells who could spend years undercover before the execution. They wrote down their kills in a roll of honor kept at their base in Alamut castle",,9217,174,1775667735.0,0.99,False,en.wikipedia.org
1sfy6fz,todayilearned,TIL that Lionel Messi was found guilty of defrauding Spain of €4.1m between 2007 and 2009,,10167,382,1775666467.0,0.94,False,bbc.com
1sg9gnm,todayilearned,"TIL $150,000 worth of Star Trek TNG outfits were stolen off the Paramount lot in 1990. The thief was found attempting to trade the outfits for a replica K.I.T.T car.",,1971,56,1775691930.0,0.98,False,latimes.com
1sg5xtv,todayilearned,"TIL the use of mild electric stimulation to relieve pain was first described by the Roman physician Scribonius Largus, who touted the benefits of standing on electrified fish to relieve the pain of gout",,1763,58,1775683223.0,0.99,False,en.wikipedia.org
1sfpljl,todayilearned,"TIL that in 1964, a USDA ""flatus researcher"" told NASA that astronaut flatulence could cause an explosion in sealed capsules. He found a subject who produced zero gas after eating 100g of beans, suggesting NASA recruit methane-free astronauts. They just banned beans instead.",,15087,319,1775646162.0,0.98,False,npr.org
1sgbxjf,todayilearned,"TIL that while on the Aventine Hill in Rome, one can look through a keyhole of the Magistral Villa of the Order of Malta and see St. Peter's Basilica in Vatican City. Thus through this keyhole one can see 3 sovereign territories.",,673,23,1775698539.0,0.96,False,orderofmalta.int
1sg4hs3,todayilearned,"TIL James Naismith – the INVENTOR of basketball – was the college coach of Phog Allen, who was the college coach of Dean Smith, who was the college coach of Michael Jordan and Vince Carter, who retired in 2020",,1693,107,1775680033.0,0.94,False,en.wikipedia.org
1sftxiz,todayilearned,"TIL that “Jauhar” was a practice of mass self-immolation performed by Rajput Hindu women in north India during medieval times, when defeat was imminent to avoid capture and enslavement. Many forts committed Jauhar as Muslim armies swept through most of India from the 12th century.",,4357,330,1775657349.0,0.96,False,en.wikipedia.org
1sfo22p,todayilearned,TIL Fake Shemp is the technique of using body doubles in movies when an original actor either refuses or is unable to reprise or continue their role.,,7441,302,1775640934.0,0.98,False,en.wikipedia.org
1sfubnc,todayilearned,"TIL that Brazil’s tallest mountain was only discovered in the 1950s and first climbed in 1965, due to the vastness, remoteness, and inaccessibility of the Amazon",,2024,43,1775658204.0,0.99,False,en.wikipedia.org
1sfiyte,todayilearned,"TIL Washington State was originally going to be names ""Columbia"" but it was feared it would be confused with the ""District of Columbia"", so the name was changed to ""Washington""",,17362,872,1775622830.0,0.96,False,en.wikipedia.org
1sfm2c8,todayilearned,"TIL the Milky Way has trillions of rogue planets drifting through space untethered to a star. It is estimated that for every star, there is at least 20 rogue planets",,6329,313,1775633576.0,0.99,False,nasa.gov
1sfvesa,todayilearned,"TIL that Billboard, Rolling Stone, Variety, Deadline, The Hollywood Reporter, Golden Globes and the American Music Awards are all owned by the same company: Penske Media Corporation",,1203,61,1775660567.0,0.97,False,en.wikipedia.org
1sfpao6,todayilearned,"TIL that during the 1982 FIFA World Cup, West Germany national football team and Austria national football team effectively stopped playing after an early goal so both teams could qualify, in the Disgrace of Gijón, securing a result that eliminated Algeria national football team.",,2495,175,1775645195.0,0.97,False,en.wikipedia.org
1sfr3m6,todayilearned,"TIL that Tesla, Inc. was on the verge of bankruptcy in 2008, and a last-minute $40 million investment was what kept the company alive",,1848,170,1775650480.0,0.93,False,en.wikipedia.org
1sfmtjq,todayilearned,"TIL there is a valley at the foot of a volcano on the Kamchatka Peninsula that fills with poisonous gases every spring. The so-called ""Valley of Death"" first kills birds and rodents, followed by the predators that come to feed on their carcasses.",,3383,94,1775636396.0,0.99,False,en.wikipedia.org
1sfvq9u,todayilearned,TIL that people can be allergic to cold weather.,,739,157,1775661238.0,0.95,False,medlineplus.gov
1sf9yss,todayilearned,"TIL that during Apartheid, South Africa offered ""Honorary white"" status to many East Asians in order boost trade with East Asia. However, when South Africa offered it to South Korea, Not only did South Korea reject the offer but severed diplomatic ties with South Africa in protest of Apartheid.",,19897,431,1775598814.0,0.97,False,en.wikipedia.org
1sfbbij,todayilearned,TIL a potential collaboration between Prince and the virtual band Gorillaz never happened because Damon Albarn wasn’t allowed to smoke in Prince’s studio.,,11599,638,1775602052.0,0.97,False,pitchfork.com
1sfuw2e,todayilearned,TIL that alternating current tends to flow on the outer surface of a wire due to the skin effect.,,407,46,1775659430.0,0.94,False,en.wikipedia.org
1sfknme,todayilearned,"TIL that white throated sparrows have four sexes. An inverted section of Chromosome 2 acts as a separate sex gene, carrying behavior differences that cause only pairs with a mismatch to be successful breeders.",,1975,97,1775628477.0,0.96,False,sciencehistory.org
1sfqxip,todayilearned,"TIL that the United States have an unbeaten record against England at the FIFA World Cup. They played 3 World Cup matches against each other, 2 of them ending in a draw and 1 with a US victory",,620,130,1775650017.0,0.84,False,en.wikipedia.org
1sfoodo,todayilearned,"TIL Titanis was a South American “terror bird” that reached North America before the Great American Interchange, and is the only known phorusrhacid found there. It survived in North America well into the Ice Age",,774,51,1775643112.0,0.98,False,en.wikipedia.org
1sfesdo,todayilearned,"TIL the energy necessary for the production of oil liquids (including direct and indirect energy costs) is 15.5% of the energy production. To turn 100 barrels of oil into gasoline at your local pump, the energy of 15½ barrels from the previous 100 has to be used.",,3688,334,1775610981.0,0.97,False,researchgate.net
1sf5jy8,todayilearned,"TIL that the famously wealthy King Croesus asked the Oracle at Delphi if he would win a war with Persia. The Oracle responded that if he attacked, it would mark the fall of a great empire. Croesus attacked, and the great empire that fell was his own.",,14546,269,1775588942.0,0.97,False,en.wikipedia.org
1sezf0k,todayilearned,"TIL that Michael Corke, a Chicago man with fatal insomnia, was so sleep-deprived that he was fully awake for 6 months before he passed away in 1993. He was 42 years old.",,33063,1486,1775576082.0,0.97,False,neuroscientificallychallenged.com
1sfttf1,todayilearned,"TIL that some devices, like fluorescent lamps, have a property called negative resistance. This means that increasing the voltage decreases the current.",,202,14,1775657092.0,0.95,False,en.wikipedia.org
1sfaiqb,todayilearned,"TIL The song ""Deep in the Heart of Texas"" was banned from the BBC radio show ""Music While You Work"" during WW2, because of the potential danger of production line workers taking their hands away from their work or banging their spanners on the machinery to perform the four hand-claps in the chorus",,3050,87,1775600124.0,0.98,False,en.wikipedia.org
1sf7ss4,todayilearned,"TIL of David Vernon Cox, a soldier whose trial was the basis of the play and movie 'A Few Good Men', was found not guilty, finished his service with an honourable discharged and then was murdered in an unsolved case.",,3767,85,1775593890.0,0.98,False,en.wikipedia.org
1sflzy7,todayilearned,TIL the Isle of Dogs in London once tried to secede from the UK,,316,17,1775633313.0,0.96,False,mylondon.news
1sf8bux,todayilearned,"TIL that two months before the Wright brothers' first flight, the NYT reported that powered flight was ""one to ten million years away""",,1924,192,1775595096.0,0.96,False,en.wikipedia.org
1sfc4ge,todayilearned,"TIL Johnny Appleseed was an actual person who existed, and his real name was John Chapman.",,778,126,1775604018.0,0.93,False,en.wikipedia.org
1sfo3cz,todayilearned,"TIL there’s a species of bat called the large eared horseshoe bat, which uses echolocation emitted through its nose to detect prey",,110,13,1775641061.0,0.94,False,en.wikipedia.org
1sffcjh,todayilearned,"Today I learned Hawai'is royal necklace ""lei Niho Palaoa"" were made using a whale tooth and braided human hair. These lei were responsible for representing Hawaiian Royalty and politics. Lei were made from hair braids that were sometimes 1700 ft in length",,442,8,1775612474.0,0.96,False,tuwharetoabone.com
1sf8yav,todayilearned,TIL that the lifetime of an incandescent light bulb is inversely proportional to the voltage raised to as high as the 16th power. This means that increasing the voltage by a factor of 2 can decrease the lifetime by as much as ~65536 times,,983,120,1775596468.0,0.94,False,en.wikipedia.org
1sfbcf0,todayilearned,"TIL there is an enzyme in tears, saliva, human milk, and mucus which is antimicrobial and works by digesting the cell wall of certain bacteria",,673,48,1775602114.0,0.98,False,en.wikipedia.org
1seyfrw,todayilearned,"TIL that despite overwhelming odds, a lack of any support, and generous terms offered, Pope Pius IX insisted on fighting the Italian army when they came to capture Rome, resulting in several dozen deaths.",,2556,186,1775573972.0,0.94,False,en.wikipedia.org
1set2fp,todayilearned,"TIL that Harvey Hubbell who designed the US electrical mains plug/socket in 1904, also made a completely different design which was later adopted by Australia, Argentina, New Zealand and China.",,4507,409,1775560727.0,0.98,False,en.wikipedia.org
1sh43yt,todayilearned,TIL that ice is a rock,,0,23,1775772904.0,0.39,False,whoi.edu
1serurl,todayilearned,TIL Boston still has functional fire alarm boxes. One was used to report a fire in 2018 when a phone service outage prevented calling 911,,4591,62,1775556829.0,0.99,False,wbur.org
1sendc2,todayilearned,TIL The song In-A-Gadda-Da-Vida was recorded on a whim during a sound check while the singer was drunk/high and slurred his words. The song ended up lasting 17 minutes and it was decided it was good to go in that one take,,14007,355,1775540744.0,0.96,False,thisdayinmusic.com
1pk19lg,todayilearned,TIL that Kailia Posey aka the “grinning girl” meme from Toddlers &amp; Tiaras died when she was just 16 by suicide,,12159,687,1765469140.0,0.95,False,nbcnews.com
