id,subreddit,title,selftext,score,num_comments,created_utc,upvote_ratio,is_self,domain
1tcyxlv,worldnews,Cruise ship lockdown ends as type of outbreak confirmed,,3,0,1778766894.0,1.0,False,ctvnews.ca
1tcyvqy,worldnews,"India asks US for Russian oil waiver extension as Iran war drags on, Bloomberg News reports",,5,0,1778766777.0,1.0,False,reuters.com
1tcym7m,worldnews,Trump’s talk of 51st US state met with near-silence in Venezuela,,14,8,1778766196.0,0.79,False,apnews.com
1tcygko,worldnews,Poland scrambles jets to intercept Russian spy plane in Baltic Sea 'provocation',,40,2,1778765844.0,0.92,False,kyivindependent.com
1tcyfr1,worldnews,China's Xi warns Trump that differences over Taiwan could lead to conflict,,13,0,1778765793.0,0.85,False,ctvnews.ca
1tcxwbs,worldnews,"Lithuania under pressure from US to renew Belarusian fertiliser transit, says FM",,11,5,1778764557.0,0.82,False,lrt.lt
1tcxa6f,worldnews,Wes Streeting quits cabinet and calls on Starmer to resign,,32,24,1778763156.0,0.75,False,theguardian.com
1tcx2zz,worldnews,India says attack that sank Indian-flagged ship off Oman's coast 'unacceptable'.,,66,2,1778762671.0,0.9,False,reuters.com
1tcwzvt,worldnews,"Vessel seized off UAE's Fujairah and heading toward Iranian waters, UKMTO says",,11,0,1778762459.0,0.87,False,reuters.com
1tcwvck,worldnews,Former Nigerian power minister sentenced to 75 years for corruption,,25,5,1778762142.0,0.91,False,bbc.co.uk
1tcw85f,worldnews,NATO Chief Urges Allies to Spend 0.25% of GDP Each Year on Military Aid to Ukraine,,236,34,1778760514.0,0.93,False,militarnyi.com
1tcvwyz,worldnews,Pope Leo decries European military spending as 'betrayal' of diplomacy,,0,44,1778759736.0,0.43,False,reuters.com
1tcvsub,worldnews,"Malaysia to seek legal action, compensation in row with Norway over scrapped defence deal",,20,0,1778759428.0,0.89,False,reuters.com
1tcvoqz,worldnews,Iran and UAE clash at BRICS foreign ministers' meeting,,25,7,1778759133.0,0.94,False,reuters.com
1tcvnt7,worldnews,New attacks reported on ships near Hormuz as Trump discusses Iran with Xi,,35,4,1778759066.0,0.93,False,reuters.com
1tcvetk,worldnews,Japan warns nationals not to engage in child exploitation in Indonesia,,142,19,1778758387.0,0.94,False,english.kyodonews.net
1tcupmz,worldnews,India seeks US approval to keep purchasing Russian oil,,10,5,1778756431.0,0.59,False,newsukraine.rbc.ua
1tcuedj,worldnews,Beirut accuses Tehran of violating Vienna Convention in complaint to UN,,59,3,1778755487.0,0.84,False,jpost.com
1tctpol,worldnews,Brazil markets rattled by report linking Flavio Bolsonaro to disgraced banker,,37,1,1778753312.0,0.85,False,reuters.com
1tctioa,worldnews,Over 100 killed as storm hits India's Uttar Pradesh state,,59,13,1778752709.0,0.86,False,news.sky.com
1tctg0c,worldnews,Rescuers pull dead from rubble of Kyiv flats after massive Russian strikes,,659,37,1778752470.0,0.97,False,bbc.co.uk
1tcsxcz,worldnews,Ship is reported seized off the coast of the UAE and is heading toward Iran,,66,5,1778750768.0,0.96,False,yahoo.com
1tcsr1z,worldnews,"Explosive drone hits Rosh Hanikra, leaving two seriously injured | The Jerusalem Post",,25,1,1778750177.0,0.85,False,jpost.com
1tcsmcv,worldnews,China urges caution over British Steel nationalisation plan,,33,14,1778749756.0,0.8,False,reuters.com
1tcslml,worldnews,"US Army abruptly cancels deployment of 4,000 soldiers to Poland",,976,157,1778749688.0,0.97,False,defensenews.com
1tcsi8j,worldnews,Russia says it's establishing full partnership with Afghan Taliban,,1017,146,1778749360.0,0.96,False,reuters.com
1tcsggl,worldnews,"Russia Bombards Ukraine With 1,600+ Drones and Missiles for 30 Hours Straight",,1679,84,1778749210.0,0.97,False,united24media.com
1tcs05i,worldnews,Latvian Prime Minister Silina resigns over handling of Ukraine drone incidents,,111,33,1778747679.0,0.86,False,reuters.com
1tcrvba,worldnews,Lithuania Says US Paused Rotation of Troops to Europe,,94,36,1778747225.0,0.93,False,bloomberg.com
1tcrg0a,worldnews,"Seoul official points to Iran in Korean ship attack, vows 'diplomatic offensive'",,28,1,1778745763.0,0.85,False,koreatimes.co.kr
1tcrdq5,worldnews,Magyar set to outline EU funding red lines in a letter,,21,0,1778745570.0,0.92,False,euronews.com
1tcrdj3,worldnews,Malaysia says Iranian oil transfers near its waters exploit a maritime loophole,,14,0,1778745553.0,0.9,False,english.kyodonews.net
1tcqoii,worldnews,Swiss man convicted of supplying 'mass destruction' goods to Russia,,207,17,1778743187.0,0.94,False,swissinfo.ch
1tcpvos,worldnews,Xi asks Trump if U.S. and China can avoid 'Thucydides Trap' at high-stakes summit,,6129,1165,1778740534.0,0.96,False,cnbc.com
1tcpax7,worldnews,Australians from hantavirus cruise ship to fly out of Netherlands in full PPE after plane and crew secured | Hantavirus,,29,3,1778738677.0,0.86,False,theguardian.com
1tcoiu2,worldnews,Drug gang attacks ‘force hundreds of Indigenous families to flee’ in Mexico,,79,13,1778736249.0,0.94,False,theguardian.com
1tcnyqr,worldnews,Trump offers platitudes while Xi warns of possible confrontation during China summit,,1629,132,1778734554.0,0.96,False,apnews.com
1tcntq7,worldnews,Xi warns Trump Taiwan issue could lead to 'conflict' as US-China summit starts,,520,150,1778734134.0,0.93,False,yahoo.com
1tcncg9,worldnews,"Netanyahu’s secret visit to UAE during the Iran war leads to a breakthrough, his office says",,27,11,1778732696.0,0.7,False,apnews.com
1tcmw1f,worldnews,"/r/WorldNews Live Thread: Russian Invasion of Ukraine Day 1540, Part 1 (Thread #1687)",,331,33,1778731352.0,0.96,False,reddit.com
1tcmu2w,worldnews,Germany’s Merz booed at major trade union congress,,278,34,1778731210.0,0.94,False,politico.eu
1tcmraz,worldnews,UK's Starmer faces biggest challenge yet as resignation threat overshadows King's Speech,,0,2,1778730983.0,0.48,False,reuters.com
1tclwgn,worldnews,Cuba has run out of diesel and fuel oil amid US oil blockade,,2488,312,1778728560.0,0.96,False,reuters.com
1tck944,worldnews,US to impose visa curbs on 13 people linked to Indian firm over fent,,39,15,1778724212.0,0.73,False,reuters.com
1tck8ni,worldnews,Australia’s Trump Tower plans scrapped as developer says brand has become ‘toxic’,,10350,253,1778724180.0,0.97,False,edition.cnn.com
1tcjhoy,worldnews,Trump arrives in Bejing for summit with Xi,,6,38,1778722251.0,0.53,False,euronews.com
1tch4fs,worldnews,Canadian astronaut Jeremy Hansen says lessons learned in space are useful on Earth,,79,9,1778716144.0,0.83,False,thestar.com
1tcgxcj,worldnews,Canadian government signals it's open to selling ports,,851,342,1778715668.0,0.85,False,thestar.com
1tcgdat,worldnews,UAE denies Netanyahu held secret meeting with Emirati president in the UAE during Iran war,,50,7,1778714296.0,0.81,False,reuters.com
1tcg4t4,worldnews,Gunshots heard at Philippine Senate as ICC arrest expected,,95,5,1778713710.0,0.88,False,dw.com
1tcfvv0,worldnews,CA area mayor to plead guilty to acting as Chinese propaganda agent directed by the CCP,,156,18,1778713114.0,0.82,False,reuters.com
1tcfqjy,worldnews,"Greece, Israel highlight ""potential"" of India-Europe trade route",,25,2,1778712749.0,0.64,False,ekathimerini.com
1tcepd5,worldnews,Iran demands Pride flags be banned from World Cup stadiums,,6362,991,1778710322.0,0.91,False,outsports.com
1tcdxvf,worldnews,"Iran executes protester detained during January unrest, rights group says",,374,35,1778708635.0,0.89,False,iranintl.com
1tcdapv,worldnews,Carney government expected to significantly reduce future carbon price in Alberta,,106,55,1778707247.0,0.84,False,thestar.com
1tccrrw,worldnews,Israel Prepares to Prosecute First Suspects in Oct. 7 Attack Led by Hamas [Gift Article],,321,172,1778706130.0,0.77,False,nytimes.com
1tcbjrq,worldnews,Poland says it intercepts Russian aircraft over Baltic Sea,,315,9,1778703504.0,0.96,False,reuters.com
1tc96se,worldnews,Ukraine and Russia cool on US-led peace talks - FT,,126,23,1778698602.0,0.91,False,unn.ua
1tc8m6w,worldnews,Hungarian Foreign Minister summons Russian ambassador over drone attack on Transcarpathia,,551,15,1778697395.0,0.97,False,telex.hu
1tc6x2x,worldnews,Russian parliament passes bill allowing Putin to invade foreign countries,,14616,703,1778693971.0,0.96,False,politico.eu
1tc6btk,worldnews,Mexico keeps school calendar unchanged after backlash over World Cup plan,,78,2,1778692810.0,0.9,False,reuters.com
1tc67kx,worldnews,Netanyahu made secret visit to UAE to meet with country's president,,659,36,1778692571.0,0.92,False,cbsnews.com
1tc5rf1,worldnews,Zelenskyy States Russia’s 800-Drone Barrage Was No Coincidence During Trump China Visit,,1647,18,1778691668.0,0.97,False,united24media.com
1tc5c01,worldnews,Athens protests over explosive Ukrainian sea drone found in cave on tourist island,,27,0,1778690805.0,0.66,False,politico.eu
1tc48uv,worldnews,Japan orders army of robot wolves to tackle bear crisis,,262,63,1778688590.0,0.92,False,telegraph.co.uk
1tc3i10,worldnews,Trump posts graphic of Venezuela as 51st U.S. state,,7356,980,1778687107.0,0.94,False,ctvnews.ca
1tc2sph,worldnews,"Drone threat forces schools, colleges in Russian region to go remote",,52,14,1778685665.0,0.78,False,caliber.az
1tc1s0i,worldnews,Chinese supertanker breaks through US-Iran war blockade in Hormuz,,1503,132,1778683495.0,0.84,False,jpost.com
1tc185q,worldnews,India's Tata Motors warns of costs from Iran war after profit surge,,27,1,1778682304.0,0.71,False,reuters.com
1tc0vl5,worldnews,"Carney’s Pivot From US Is Dependent on High Gold, Oil Prices",,45,26,1778681562.0,0.73,False,bloomberg.com
1tc0ktf,worldnews,"Russian airspace breaches show need to boost NATO eastern flank air defence, say leaders",,81,1,1778680898.0,0.94,False,reuters.com
1tc0c8a,worldnews,Mount Dukono tragedy: Guide denies ignoring restrictions,,17,0,1778680392.0,0.74,False,straitstimes.com
1tbzun7,worldnews,Israeli defense-tech company secures $10.7 million contract with US to supply AI-powered system,,41,26,1778679277.0,0.67,False,jpost.com
1tbzts3,worldnews,Russia targets Ukraine with more than 200 drones in daytime assault,,97,11,1778679224.0,0.92,False,theguardian.com
1tbztan,worldnews,Trump lands in China for Xi summit with Nvidia CEO in tow,,184,104,1778679193.0,0.84,False,reuters.com
1tbz4qi,worldnews,Thief flees with medieval saint’s skull taken from Czech church,,72,40,1778677628.0,0.86,False,cnn.com
1tbynhy,worldnews,"More than 1,000 passengers held on cruise in France after gastroenteritis outbreak",,3238,379,1778676488.0,0.94,False,bbc.co.uk
1tbyhap,worldnews,Scientists race to develop hantavirus vaccine for new strain,,318,184,1778676071.0,0.9,False,euronews.com
1tbyg3a,worldnews,"Israel steps up attacks on Gaza since Iran truce, as military says Hamas rearming",,38,8,1778675989.0,0.64,False,reuters.com
1tby03o,worldnews,Record CHF33m bid for rare watches in Geneva,,0,2,1778674856.0,0.41,False,swissinfo.ch
1tbxyn6,worldnews,Europe set for easier train journeys as EU unveils single-ticket plan,,131,7,1778674752.0,0.95,False,reuters.com
1tbxyet,worldnews,Shootout inside Philippine Senate building in attempt to arrest senator wanted for crimes against humanity,,5507,109,1778674736.0,0.98,False,cebudailynews.inquirer.net
1tbxqs8,worldnews,"One journey, one ticket, full rights: Commission simplifies Europe-wide travel booking and train travel",,40,0,1778674200.0,0.82,False,ec.europa.eu
1tbxm2x,worldnews,Burhan and Sisi stick to hardline pact in face of refugee crisis,,11,0,1778673856.0,0.69,False,africaintelligence.com
1tbxg73,worldnews,Operator of hantavirus-hit ship is awaiting more information before deciding on vessel’s cruises,,22,7,1778673451.0,0.73,False,apnews.com
1tbxc83,worldnews,Patriot missile costs ‘could double’ for Switzerland,,39,11,1778673150.0,0.81,False,swissinfo.ch
1tbx6fp,worldnews,"France confines more than 1,700 people to cruise ship after suspected norovirus death",,10400,957,1778672712.0,0.96,False,theguardian.com
1tbwyr0,worldnews,Ghana to evacuate 300 citizens from South Africa over anti-immigrant protests,,95,11,1778672118.0,0.92,False,bbc.com
1tbwpih,worldnews,"Linguistic workaround allows Marco Rubio, sanctioned by Beijing, to travel to China for the first time",,304,47,1778671408.0,0.89,False,theguardian.com
1tbwi16,worldnews,"Brazil's Lula, Flavio Bolsonaro deadlocked in presidential runoff poll",,63,24,1778670812.0,0.83,False,reuters.com
1tbvx67,worldnews,Pacific nation Nauru to change name in break from colonial past,,1055,190,1778669098.0,0.93,False,ctvnews.ca
1tbvupo,worldnews,Russian drone attacks kill nine in Ukraine after ceasefire expires,,102,7,1778668875.0,0.86,False,bbc.com
1tbvryp,worldnews,Ukraine hits Russia's energy targets after US-brokered ceasefire ends,,1031,38,1778668631.0,0.97,False,yahoo.com
1tbvm1x,worldnews,Suspected IRGC agent offered Briton money to target journalist,,38,3,1778668113.0,0.78,False,iranintl.com
1tbvb9v,worldnews,"Russian Nuclear Submarines, Thousands of Miles From Ukraine, Get Anti-Drone Defenses",,64,7,1778667144.0,0.85,False,navalnews.com
1tbulmb,worldnews,Putin’s Generals Promise Full Donbas Capture by Fall as Peace Talks Stall,,1480,176,1778664756.0,0.95,False,united24media.com
1tbu93i,worldnews,German defence minister sees signs of turning point in Russia's war against Ukraine,,502,40,1778663635.0,0.94,False,pravda.com.ua
1tbu6zp,worldnews,China Draws Four Red Lines In Ties With US Ahead Of Trump-Xi Summit,,390,151,1778663440.0,0.88,False,ndtv.com
1tbtzgl,worldnews,E.U. puts sanctions on Israeli settlers after Hungary drops Orban’s veto,,3667,86,1778662716.0,0.97,False,washingtonpost.com
1tbtoh1,worldnews,Germany Fiscal Watchdog Warns Spending Risks EU Debt Breach,,20,2,1778661668.0,0.75,False,bloomberg.com
1tbtktu,worldnews,"Microsoft's massive Kenya AI data center would require switching off 'half the country' to meet power requirements, government says &amp;mdash; $1 billion project stalls over capacity disagreements and lack of infrastructure",,1347,115,1778661299.0,0.92,False,tomshardware.com
1tbthd6,worldnews,Foreign investors pull out of India at record pace,,11980,928,1778660961.0,0.96,False,yahoo.com
1tbtc7t,worldnews,King Charles III will lay out UK government agenda as Starmer's job hangs in the balance | WBEN,,9,13,1778660465.0,0.6,False,audacy.com
1tbtbjo,worldnews,New gang violence in Haiti displaces hundreds of people,,56,5,1778660401.0,0.86,False,apnews.com
1tbt98t,worldnews,UK's Starmer defiant as calls for his resignation grow and several ministers quit,,70,58,1778660177.0,0.77,False,apnews.com
1tbt7fo,worldnews,PST warns Ukrainian refugees of Russian spy recruiters in Norway | Norway's News in English,,48,0,1778660002.0,0.87,False,newsinenglish.no
1tbt4sl,worldnews,Plaid Cymru leader Rhun ap Iorwerth named first minister of Wales after Labour humbled,,12,2,1778659749.0,0.71,False,news.sky.com
1tbssqg,worldnews,Iran executes man over accusations of spying,,40,2,1778658603.0,0.77,False,iranintl.com
1tbr0rc,worldnews,Color crunch: Japan’s Calbee chip bags go monochrome as Iran war bites,,25,7,1778652550.0,0.7,False,edition.cnn.com
1tbq5kb,worldnews,"Canada Eyes Free Trade Pacts With Philippines, Asean This Year",,63,1,1778649800.0,0.9,False,bloomberg.com
1tbpoj1,worldnews,Putin hails Russia’s test launch of ‘most powerful missile in the world’,,0,18,1778648346.0,0.32,False,aljazeera.com
1tbp6yc,worldnews,"Europe's reliance on US gas set to rise, research report says",,72,22,1778646829.0,0.82,False,reuters.com
1tbow0z,worldnews,"More hantavirus cases are expected, WHO chief says",,11986,1274,1778645934.0,0.93,False,usatoday.com
1tbokgc,worldnews,"/r/WorldNews Live Thread: Russian Invasion of Ukraine Day 1539, Part 1 (Thread #1686)",,470,169,1778644989.0,0.96,False,reddit.com
1tbne0r,worldnews,"UK promises jets, drones and warship for Strait of Hormuz defence mission",,44,17,1778641680.0,0.74,False,bbc.com
1tbmcnv,worldnews,"Nauru parliament signs off on country's name change, referendum to come",,113,36,1778638875.0,0.84,False,rnz.co.nz
1tbkr0z,worldnews,"At least 100 killed in Nigerian airstrike on Zamfara market, Amnesty says",,232,7,1778634678.0,0.93,False,reuters.com
1tbkd7f,worldnews,Hamas prevents Gazan contractors from crossing Yellow Line to rebuild Rafah,,968,138,1778633640.0,0.78,False,jpost.com
1tbk5u1,worldnews,"A 4,000-year-old object stored in Denmark may preserve one of humanity’s earliest written traces of everyday administration, and its silence lasted millennia",,962,51,1778633093.0,0.96,False,ecoticias.com
1tbjb57,worldnews,Hantavirus 'contact' case quarantined in Pitcairn after short transit in Tahiti,,335,66,1778630855.0,0.9,False,rnz.co.nz
1tbirje,worldnews,Zelenskyy says Ukraine has a 'drone deal' with Canada in the works,,5115,181,1778629485.0,0.97,False,globalnews.ca
1tbih76,worldnews,Putin says Russia will deploy new Sarmat nuclear missile this year,,280,90,1778628756.0,0.82,False,m.economictimes.com
1tbhu6p,worldnews,UAE adds 21 people and companies to terrorist list over Hezbollah links,,253,4,1778627161.0,0.92,False,thenationalnews.com
1tbhiyu,worldnews,U.S. Intelligence Shows Iran Retains Substantial Missile Capabilities,,4726,256,1778626386.0,0.97,False,nytimes.com
1tbfkr5,worldnews,"Students march for justice, peace in Indonesia’s West Papua",,75,3,1778621784.0,0.91,False,heraldmalaysia.com
1tbeu9b,worldnews,"Putin hails Russia's test launch of new ICMB known as Satan II, calls it ""most powerful missile in the world""",,1962,395,1778620132.0,0.91,False,cbsnews.com
1tbenb1,worldnews,"Israel sent military personnel and key defense system to UAE, U.S. envoy says",,311,16,1778619723.0,0.88,False,nbcnews.com
1tbe37q,worldnews,Brazil's Lula launches $2 billion anti-organized crime project ahead of elections,,143,2,1778618508.0,0.91,False,apnews.com
1tbdawg,worldnews,Saudi Arabia launched covert attacks on Iran as regional war widened,,1372,109,1778616820.0,0.96,False,reuters.com
1tbd226,worldnews,"China and US agree on opposing Hormuz tolls, State Department says",,605,170,1778616297.0,0.93,False,reuters.com
1tbcgxa,worldnews,Britain to deploy drones in Strait of Hormuz,,104,34,1778615066.0,0.73,False,telegraph.co.uk
1tbc8mg,worldnews,Pashinyan says Karabakh 'was not ours' as Armenia and Azerbaijan look to future,,61,14,1778614588.0,0.84,False,euronews.com
1tbc8i9,worldnews,Putin Promises Nuclear-Capable “Sarmat” Deployment for Seventh Time After Latest Test,,14,3,1778614581.0,0.6,False,united24media.com
1tbavhg,worldnews,Pahlavi criticizes Trump for sending mixed signals on Iran,,94,30,1778611765.0,0.77,False,politico.com
1tbaigh,worldnews,"Nigeria airstrike kills 100 at market: Amnesty International is calling for an investigation, saying the strike was the latest deadly attack to kill civilians. The military denies that civilians were harmed",,90,1,1778610998.0,0.9,False,dw.com
1tb97se,worldnews,"Stung by Iran war, Trump heads to China in need of wins",,173,69,1778608386.0,0.75,False,reuters.com
1tb8y3d,worldnews,EU's Kallas says weakened Putin gives 'opportunity' to end Ukraine war,,826,51,1778607842.0,0.96,False,english.ahram.org.eg
1tb8q0m,worldnews,"UK to send warship, jets to join Hormuz defense mission",,68,47,1778607377.0,0.74,False,iranintl.com
1tb6ktu,worldnews,"Korea’s Massive AI Boom Triggers Call for Tech Tax, Roiling Market",,145,16,1778602950.0,0.93,False,bloomberg.com
1tb6cza,worldnews,Four ministers resign as pressure rises on Starmer to quit,,1209,154,1778602506.0,0.93,False,theguardian.com
1tb6cgv,worldnews,UK PM Starmer battles for political survival amid leadership challenge as gilt yields rise,,33,4,1778602478.0,0.74,False,cnbc.com
1tb5ydg,worldnews,"Greece says attack sea drone found on island is Ukrainian, calls incident 'extremely serious'",,1252,157,1778601668.0,0.9,False,apnews.com
1tb4p3n,worldnews,"Lukashenko Says Belarus Is Preparing for War, Plans to “Mobilize Units”",,14252,2235,1778599069.0,0.95,False,united24media.com
1tb4lku,worldnews,Kuwait says Iran attacked an island where China is helping to build a port,,214,14,1778598864.0,0.91,False,apnews.com
1tb48bx,worldnews,"UAE sees rapidly growing trade with Syria, as ties warm",,52,0,1778598090.0,0.86,False,reuters.com
1tb464f,worldnews,"Iran now defines Strait of Hormuz as far larger zone, IRGC officer says",,347,57,1778597977.0,0.89,False,reuters.com
1tb446a,worldnews,WP: European allies concerned about future of US weapons supplies to Ukraine,,54,2,1778597861.0,0.86,False,pravda.com.ua
1tb3vca,worldnews,South Korea floats ‘citizen dividend’ using AI profits,,122,28,1778597344.0,0.91,False,straitstimes.com
1tb3fpp,worldnews,"Iran could enrich uranium to weapons grade (90%) if attacked, lawmaker warns",,78,127,1778596406.0,0.63,False,reuters.com
1tb3984,worldnews,Chaos in Philippines as Duterte ally wanted by ICC takes refuge in senate to avoid arrest,,57,5,1778596006.0,0.89,False,theguardian.com
1tb34we,worldnews,"Israel sent Iron Dome air defense systems to UAE, US envoy says",,168,42,1778595746.0,0.86,False,reuters.com
1tb2s2s,worldnews,Last passengers leave virus-hit cruise ship as three more test positive,,12683,1607,1778594977.0,0.96,False,bbc.com
1tb2j0a,worldnews,"India's Modi to begin five-nation tour, including UAE, amid Middle East crisis",,43,38,1778594442.0,0.66,False,reuters.com
1tb2hf4,worldnews,"India, Russia in advanced talks on critical minerals pact, sources say",,46,1,1778594349.0,0.75,False,reuters.com
1tb2d90,worldnews,"Ten killed in blast in northwest Pakistan market, police say",,57,3,1778594089.0,0.82,False,reuters.com
1tb264c,worldnews,Human rights advocates sound alarm as court documents reveal extent Chinese police harassed Canadian residents,,644,66,1778593651.0,0.91,False,ctvnews.ca
1tb1ztq,worldnews,‘Total lack of respect’: French President Macron hushes crowd at Africa summit,,630,38,1778593246.0,0.79,False,ctvnews.ca
1tb1nj9,worldnews,"WHO chief says ""work not over"" after evacuation of hantavirus-stricken cruise ship",,35,2,1778592463.0,0.77,False,cbsnews.com
1tb1jx7,worldnews,Ex-Zelensky Spokeswoman Claims Kyiv Was Ready to ‘Give Up Donbas’ in 2022 Talks,,0,27,1778592228.0,0.23,False,kyivpost.com
1tb0xa1,worldnews,"Ukraine and U.S. move toward landmark drone defense deal as Iran war highlights capabilities, and necessities",,159,49,1778590810.0,0.91,False,cbsnews.com
1tb0mia,worldnews,"UK's Starmer defies calls to quit, says he's getting on with governing",,86,11,1778590101.0,0.86,False,reuters.com
1tb08c6,worldnews,Oil price predicted to remain above $100 for rest of year,,4839,403,1778589137.0,0.97,False,bbc.com
1tb07jg,worldnews,Europe moves to replace Trump-backed missiles with new EU project,,10674,349,1778589077.0,0.97,False,newsukraine.rbc.ua
1tb03zr,worldnews,Spain reports new hantavirus case in passenger evacuated from cruise ship as outbreak grows to 11,,2086,308,1778588841.0,0.95,False,apnews.com
1tb01q1,worldnews,Xi Is Poised to Press Trump on Arms Sales to Taiwan,,53,19,1778588688.0,0.79,False,nytimes.com
1tazxjg,worldnews,Hopes fade for Iran peace deal as Trump says ceasefire on 'life support',,104,38,1778588398.0,0.86,False,reuters.com
1taznv8,worldnews,"Stung By Iran War, Trump Heads To China In Need Of Wins",,0,25,1778587710.0,0.39,False,huffpost.com
1taza38,worldnews,"UK households cut back spending at fastest rate in 16 months, Barclays says",,62,5,1778586733.0,0.89,False,theguardian.com
1taz1ew,worldnews,"Hezbollah leader vows to never surrender, calls for Lebanon to withdraw from negotiations",,1601,221,1778586079.0,0.91,False,jpost.com
1tayh3g,worldnews,France’s Macron announces $27bn investment in Africa at Kenya summit,,177,23,1778584555.0,0.85,False,aljazeera.com
1tay4z8,worldnews,Switzerland joins coalition to repatriate Ukrainian children,,200,1,1778583606.0,0.95,False,swissinfo.ch
1taxy9y,worldnews,"No sign of larger hantavirus outbreak, says UN health agency",,115,67,1778583050.0,0.79,False,bbc.co.uk
1taxl6e,worldnews,Duterte's drug war enforcer escapes ICC arrest after fleeing into Philippine Senate,,254,24,1778581931.0,0.93,False,bbc.com
1tax1n3,worldnews,"Palestinians face ‘systematic’ torture, sexual violence in Israeli prisons",,0,34,1778580237.0,0.48,False,aljazeera.com
1tawsmc,worldnews,Starmer says he won’t quit,,3165,759,1778579437.0,0.95,False,bbc.co.uk
1tawqol,worldnews,Zelensky meets Palantir CEO in Kyiv to ‘deepen Ukraine’s AI defence push’,,1676,145,1778579264.0,0.93,False,brusselssignal.eu
1tawh5r,worldnews,Snack giant Calbee switches to black and white packaging as Iran war hits ink supplies,,517,37,1778578364.0,0.93,False,bbc.com
1tavqv0,worldnews,Pakistan strike on Kabul drug rehabilitation centre: Families want answers,,122,11,1778575912.0,0.91,False,bbc.com
1taveji,worldnews,"EU targets social media to protect children, von der Leyen says",,64,40,1778574745.0,0.79,False,reuters.com
1tava7n,worldnews,Macron Announces €23 Billion Investment Deals at Africa Summit,,29,2,1778574313.0,0.74,False,bloomberg.com
1tav9ht,worldnews,12 hospital workers quarantined after faulty procedure treating hantavirus patient,,1699,184,1778574243.0,0.96,False,euronews.com
1tav22x,worldnews,"Oct. 7 sexual violence was patterned, documented, prosecutable, new report argues",,4420,1222,1778573541.0,0.8,False,jpost.com
1tav15i,worldnews,Norway’s pro-EU voices sense their moment,,140,66,1778573452.0,0.75,False,politico.eu
1tav03c,worldnews,Pakistan Let Iran Park Jets At Nur Khan Airbase To Shield From US Strike: Report,,8330,305,1778573351.0,0.96,False,ndtv.com
1tau1ig,worldnews,"Drone strikes in Sudan killed around 880 civilians this year, UN says",,181,4,1778570073.0,0.94,False,euronews.com
1taspl0,worldnews,"A massive 11,000-carat ruby has been unearthed in Myanmar’s war-scarred gemstone heartland",,590,48,1778565753.0,0.95,False,apnews.com
1taqheq,worldnews,UK's Starmer under renewed pressure as lawmakers urge him to quit,,95,54,1778558970.0,0.79,False,reuters.com
1taqctp,worldnews,"/r/WorldNews Live Thread: Russian Invasion of Ukraine Day 1538, Part 1 (Thread #1685)",,507,108,1778558607.0,0.95,False,reddit.com
1talxc4,worldnews,US in closely-guarded talks to open new bases in Greenland,,321,233,1778546657.0,0.85,False,bbc.com
1talfek,worldnews,EU agrees sanctions on Israeli settlers over West Bank violence,,991,57,1778545338.0,0.89,False,bbc.com
1takk8l,worldnews,"Canada sees record military recruitment boom over Trump, Ukraine and China fears",,1914,97,1778543133.0,0.94,False,firstpost.com
1tak5gp,worldnews,"Elon Musk, Apple's Cook and Boeing CEO going to China with Trump, official says",,4046,376,1778542107.0,0.95,False,reuters.com
1tajjcc,worldnews,India refuses Russian LNG: Reuters reveals reason,,229,28,1778540595.0,0.81,False,newsukraine.rbc.ua
1tajj1w,worldnews,EU greenlights sanctions on Israeli West Bank settlers,,295,11,1778540576.0,0.88,False,dw.com
1tahtya,worldnews,South African president says he will not step down after impeachment call,,188,23,1778536517.0,0.91,False,bbc.com
1tagzmg,worldnews,"UAE has been secretly carrying out attacks on Iran, WSJ reports",,14176,2438,1778534593.0,0.97,False,reuters.com
1tafuxy,worldnews,US issues new sanctions over Iran's oil shipments to China,,135,26,1778532195.0,0.88,False,reuters.com
1tafrfl,worldnews,EU agrees to restore full trade ties with Syria,,173,18,1778532000.0,0.92,False,aljazeera.com
1taf1t2,worldnews,12 Employees in Quarantine After Incorrect Handling of a Person Infected With Hantavirus,,27204,1641,1778530520.0,0.97,False,nltimes.nl
1taeo5b,worldnews,Sharp drop in ‘forever chemicals’ in seabird eggs hailed as win for regulation,,1743,30,1778529724.0,0.98,False,theguardian.com
1taeaop,worldnews,"Europe is moving to block Microsoft, Amazon, and Google from handling government health, financial, and legal data",,8430,177,1778528934.0,0.98,False,techspot.com
1taeabs,worldnews,Modi Urges Indians to Buy Less Gold and Skip Foreign Trips as Iran War Strains Economy,,338,104,1778528913.0,0.9,False,nytimes.com
1tadhuj,worldnews,Pakistan allowed Iran to park military aircraft on its airfields despite mediator role in conflict with U.S.,,726,54,1778527236.0,0.92,False,cbsnews.com
1tadajc,worldnews,Ukraine's Zelenskiy: Russia has no intention of ending this war,,3804,117,1778526829.0,0.98,False,reuters.com
1tac8cs,worldnews,UN criticizes Cyprus over treatment of Turkish Cypriots,,18,0,1778524687.0,0.6,False,knews.kathimerini.com.cy
1tab9rs,worldnews,UK is granting Palantir ‘unlimited access’ to NHS patient data,,21984,1139,1778522732.0,0.96,False,digitalhealth.net
1taaxar,worldnews,Philippines' Duterte ally in standoff with law enforcers after ICC arrest warrant,,69,6,1778522039.0,0.88,False,reuters.com
1taae9s,worldnews,"Iran says it will ‘never bow’ as Trump rejects peace counteroffer, prolonging Middle East conflict",,693,103,1778520966.0,0.93,False,cnbc.com
1ta9izp,worldnews,Starmer's Vow to Prove Doubters 'Wrong' Fails to Stop Calls for His Resignation,,48,4,1778519210.0,0.79,False,time.com
1ta8vap,worldnews,Ukraine fears US will again push a deal giving Russia 'a lot' and Kyiv nothing,,3288,146,1778517885.0,0.97,False,kyivindependent.com
1ta7ssi,worldnews,Magyar's foreign minister says that Russia will stay Hungary's partner despite the threat it poses,,135,36,1778515638.0,0.85,False,eurointegration.com.ua
1ta7gtc,worldnews,Trump says Iran ceasefire is 'on life support' after rejecting Tehran's counter proposal,,501,141,1778514961.0,0.89,False,cnbc.com
1ta730j,worldnews,Nigerian fishermen feared dead after Chad air strikes on Boko Haram,,104,8,1778514157.0,0.89,False,bbc.co.uk
1ta6x0g,worldnews,Turkish Airlines Incident: Turkish Airlines plane catches fire while landing in Kathmandu; 278 passengers on board,,108,6,1778513796.0,0.82,False,timesofindia.indiatimes.com
1ta5np3,worldnews,Pashinyan Skips Russia-Led Summit After Putin Threatens Armenia With “Ukrainian Scenario”,,502,32,1778511191.0,0.97,False,united24media.com
1ta4pk3,worldnews,‘We Pushed Him a Little’: Zelensky Says Putin Shows Readiness for Negotiations,,7153,176,1778509153.0,0.98,False,kyivpost.com
1ta48zh,worldnews,German defence minister dismisses Putin's claims that war will end soon as yet another deception,,435,12,1778508157.0,0.95,False,pravda.com.ua
1ta447r,worldnews,Leaked Russian document outlines planned ‘anti-Pashinyan’ campaign ahead of Armenia elections,,264,11,1778507895.0,0.95,False,oc-media.org
1ta41g0,worldnews,Zelenskiy says some 20 countries interested in drone deals with Ukraine,,1464,23,1778507724.0,0.96,False,reuters.com
1ta3ytk,worldnews,Lebanon urges US to put pressure on Israel to stop attacks and demolitions,,122,23,1778507565.0,0.76,False,reuters.com
1ta3kk6,worldnews,"Netanyahu says that before Oct. 7, he was seen as ‘perhaps the most restrained PM in Israel’s history’",,0,23,1778506662.0,0.28,False,timesofisrael.com
1ta385c,worldnews,EU imposes sanctions over helping Russia abduct thousands of Ukrainian children,,423,3,1778505874.0,0.95,False,apnews.com
1ta35vb,worldnews,Taiwan to deploy Himars to islands facing China,,693,63,1778505727.0,0.95,False,telegraph.co.uk
1ta2otz,worldnews,"Trump dismisses Iran's offer, oil rises as Hormuz closure persists",,1297,98,1778504622.0,0.95,False,reuters.com
1ta1ab9,worldnews,Netanyahu announced intention to phase out US military aid,,19636,1241,1778501111.0,0.93,False,unn.ua
1ta0oz9,worldnews,Philippines Senate was placed under lock down after the National Bureau of Investigation (NBI) allegedly attempted to arrest Senator Ronald “Bato” Dela Rosa.,,76,7,1778499546.0,0.91,False,newsinfo.inquirer.net
1ta0hqe,worldnews,Hungary’s new PM apologises to those wronged under Orbán,,2596,52,1778498980.0,0.98,False,theguardian.com
1t9z7i0,worldnews,Sara Duterte: Philippines house impeaches VP for a second time,,493,12,1778495161.0,0.95,False,bbc.com
1t9yluz,worldnews,Starmer pledges to bring Britain closer to the EU as he fights calls for his ouster,,684,134,1778493241.0,0.92,False,apnews.com
1t9yh7e,worldnews,Iran executes alleged Mossad spy Erfan Shakourzadeh amid Israel-US tensions,,3035,570,1778492802.0,0.95,False,news9live.com
1t9y9li,worldnews,Spain calls for an EU army,,6452,501,1778492092.0,0.96,False,politico.eu
1t9xz8r,worldnews,North Korea earned half of its GDP from supporting Russia's war against Ukraine,,4379,69,1778491118.0,0.98,False,pravda.com.ua
1t9xxez,worldnews,"Netanyahu says Iran regime change ‘possible, not guaranteed’",,37,62,1778490943.0,0.64,False,iranintl.com
1t9xqdo,worldnews,"US disappointed in Taiwan's smaller defense budget, official says",,295,90,1778490253.0,0.83,False,reuters.com
1t9xlb0,worldnews,"Trump to Visit China From May 13-15, First Time Since 2017",,1845,216,1778489769.0,0.94,False,timesnownews.com
1t9wnnz,worldnews,"Iran war: PM Modi urges Indians to work from home, limit foreign travel",,1755,88,1778486465.0,0.95,False,bbc.com
1t9wlrz,worldnews,"India, Peru likely to hold talks on free trade pact in June, diplomat says",,79,3,1778486294.0,0.87,False,reuters.com
1t9wi6l,worldnews,EU’s Kallas rejects Gerhard Schröder as Russia-Ukraine negotiator,,1949,176,1778485936.0,0.95,False,politico.eu
1t9u89q,worldnews,South Korea Exploring Using Hyundai Robots as Army Numbers Fall,,374,67,1778478351.0,0.93,False,bloomberg.com
1t9u66a,worldnews,Hanwha Aerospace to supply additional Chunmoo rocket launchers to Estonia,,68,0,1778478161.0,0.85,False,newsarticleinsiders.com
1t9s8p6,worldnews,"/r/WorldNews Live Thread: Russian Invasion of Ukraine Day 1537, Part 1 (Thread #1684)",,532,127,1778472158.0,0.96,False,reddit.com
1t9r4nc,worldnews,"From Singapore to Brussels, world leaders eye Trump-Xi summit from afar",,105,21,1778468895.0,0.84,False,cnbc.com
1t9qvfo,worldnews,Japan's Ibaraki launches reward program for tips on illegal foreign workers,,436,117,1778468172.0,0.94,False,english.kyodonews.net
1t9quyl,worldnews,Former Thai PM Thaksin Shinawatra released from prison on parole,,51,0,1778468134.0,0.83,False,france24.com
1t9qb11,worldnews,Israeli settlers force Palestinian family to exhume and rebury their father,,242,12,1778466577.0,0.69,False,npr.org
1t9q1uc,worldnews,Nuclear reactor in central Japan halted after steam leak near turbine,,191,57,1778465868.0,0.81,False,japantoday.com
1t9ptrz,worldnews,Japan and Philippines agree to weapons pact talks as China’s ‘coercive activities’ cause alarm,,291,10,1778465234.0,0.91,False,apnews.com
1t9pj6n,worldnews,Vatican recognises the 'pain' experienced by LGBTQ+ Catholics in landmark report,,17469,585,1778464433.0,0.94,False,attitude.co.uk
1t9og22,worldnews,Christian Schmidt soon resigns from the post of High Representative in BiH,,23,2,1778461423.0,0.71,False,sarajevotimes.com
1t9oflw,worldnews,Syria: Court charges Bashar Assad's cousin with war crimes,,130,7,1778461390.0,0.92,False,dw.com
1t9o88h,worldnews,"Past top Israeli, US officials reveal new vision for ties rooted in tech partnership",,15,8,1778460837.0,0.57,False,timesofisrael.com
1t9mmkk,worldnews,IDF chief warns lawmakers that army 'will fall apart' without additional soldiers,,3826,345,1778456484.0,0.93,False,ynetnews.com
1t9lobp,worldnews,"Trump's visit to China will focus on Iran issue, demand more pressure on Tehran, US officials say",,642,173,1778453979.0,0.9,False,jpost.com
1t9lg3w,worldnews,"International operation disrupts ""cocaine highway"" across the Atlantic Ocean",,124,16,1778453380.0,0.86,False,cbsnews.com
1t9l1oq,worldnews,Starmer to promise bolder action as leadership threats mount,,59,114,1778452339.0,0.7,False,bbc.com
1t9jh09,worldnews,Ukraine expects American guarantees for prisoner exchange with Russia,,441,55,1778448418.0,0.92,False,english.nv.ua
1t9hz8n,worldnews,Iran responds to US ceasefire proposal but Trump rejects it as 'unacceptable',,4911,390,1778444851.0,0.96,False,apnews.com
1t9fkyh,worldnews,"Donald Trump warns Iran will 'be laughing no longer', condemns regime's behavior | The Jerusalem Post",,794,190,1778439466.0,0.81,False,jpost.com
1t9f4h0,worldnews,"Nobel laureate Narges Mohammadi is transferred to a Tehran hospital, her foundation says",,225,6,1778438452.0,0.88,False,apnews.com
1t9cycx,worldnews,"Despite strained ties, U.S. senator says Canada should be cautious of making deals with China",,562,434,1778433639.0,0.82,False,cbc.ca
1t9b6r3,worldnews,Netanyahu: Iran war ‘not over’ until enriched uranium is removed | Watch,,2582,403,1778429634.0,0.92,False,ynetnews.com
1t9azaz,worldnews,IRGC-linked media calls for fees on Hormuz undersea internet cables,,79,61,1778429165.0,0.73,False,iranintl.com
1t9a0e8,worldnews,"Russia breaks 3-day ceasefire as strikes kill 1, injure 19 across Ukraine",,6896,244,1778426952.0,0.97,False,kyivindependent.com
1t99vhw,worldnews,Iran says it has sent response to US peace proposal,,689,113,1778426639.0,0.93,False,reuters.com
1t99tn3,worldnews,"Iran's Supreme Leader briefs military chief on 'new guiding measures', Fars agency says",,145,53,1778426521.0,0.84,False,reuters.com
1t99t4p,worldnews,Argentina in spotlight over hantavirus as authorities retrace footsteps of ship’s passengers,,183,22,1778426488.0,0.88,False,theguardian.com
1t99j62,worldnews,"Qatari LNG tanker sailing towards Hormuz Strait, shipping data shows",,93,9,1778425858.0,0.84,False,reuters.com
1t98e0g,worldnews,Russian frigate spotted in UK waters as Putin brazenly steps up his 'grey war',,3937,157,1778423200.0,0.96,False,inews.co.uk
1t96e3t,worldnews,Fugitive former Polish Justice Minister Zbigniew Ziobro is now in the United States courtesy of a visa from President Donald Trump after fleeing Hungary,,17742,408,1778418243.0,0.97,False,politico.eu
1t96d48,worldnews,"UAE intercepts two drones from Iran, Qatari PM warns Iran against using Hormuz as 'pressure tool'",,102,3,1778418172.0,0.83,False,jpost.com
1t968bl,worldnews,"Egypt urges backing US-Iran talks, maintaining navigation freedom in talks with France",,33,1,1778417830.0,0.71,False,egypttoday.com
1t95tpx,worldnews,Egypt introduced SIM cards specifically for children,,125,16,1778416698.0,0.87,False,egyptindependent.com
1t95e1u,worldnews,Ukraine’s Drone Teams Join NATO Drill Defending Sweden’s Baltic “Aircraft Carrier”,,1185,18,1778415421.0,0.97,False,united24media.com
1t94z1e,worldnews,Iran war ceasefire tested as cargo ship catches fire and Kuwait and UAE repel drone attacks,,599,28,1778414261.0,0.94,False,apnews.com
1t94ktv,worldnews,Car bomb attack and ambush in northwest Pakistan kill at least 21 police,,1161,72,1778413074.0,0.95,False,aljazeera.com
1t94ir7,worldnews,Aramco CEO warns 1 billion barrels lost will slow oil market recovery,,108,14,1778412895.0,0.85,False,reuters.com
1t926zw,worldnews,Russia Offered Fiber-Optic Drones to Iran for Potential Attacks on US Forces,,2426,99,1778405192.0,0.97,False,united24media.com
1t91n9c,worldnews,Putin Warns Armenia It Could Face “Ukraine Scenario” Over EU Ambitions,,11290,774,1778403281.0,0.97,False,united24media.com
1t91et0,worldnews,India-Russia pact allows troops and warships on each other's soil,,1161,101,1778402434.0,0.94,False,asia.nikkei.com
1t8y3h2,worldnews,Middle East oil producers eye S. Korean reserve bases amid Hormuz crisis,,64,13,1778391365.0,0.83,False,english.kyodonews.net
1t8y2vs,worldnews,"Trump says, 'I love S. Korea,' after Seoul, Washington sign MOU on shipbuilding cooperation",,547,90,1778391314.0,0.87,False,m-en.yna.co.kr
1t8wzx1,worldnews,Passengers on Hantavirus Cruise Ship Will Disembark in Tenerife and Return to Home Countries,,1540,303,1778387970.0,0.93,False,nytimes.com
1t8wa4e,worldnews,"/r/WorldNews Live Thread: Russian Invasion of Ukraine Day 1536, Part 1 (Thread #1683)",,512,122,1778385774.0,0.94,False,reddit.com
1t8w2ak,worldnews,Uganda’s Museveni to be sworn in for seventh term on Tuesday,,50,4,1778385148.0,0.74,False,gazettengr.com
1t8vtuq,worldnews,Global race to track down hantavirus cruise ship passengers underway,,3726,356,1778384452.0,0.96,False,thecooldown.com
1t8u2kd,worldnews,N. Korean media say Putin thanked military commander after Victory Day parade,,225,12,1778379321.0,0.88,False,m-en.yna.co.kr
1t8t1rl,worldnews,Putin claims Ukraine 'not ready' for prisoner exchange talks,,1710,72,1778376396.0,0.94,False,newsukraine.rbc.ua
1t8srgj,worldnews,"Challenge Keir Starmer by Monday or I will, Labour MP Catherine West tells cabinet",,251,91,1778375582.0,0.82,False,bbc.com
1t8sqlv,worldnews,"AI robot takes on, beats elite human table tennis players",,0,41,1778375514.0,0.44,False,mainichi.jp
1t8rku2,worldnews,Airports in Southern Russia Paralyzed After Ukrainian Drone Hits Air Traffic Control Center,,2577,49,1778372320.0,0.98,False,themoscowtimes.com
1t8q0ph,worldnews,Nigeria army kills 50 jihadists in northeast,,1657,64,1778368131.0,0.96,False,newagebd.net
1t8pgv3,worldnews,"Russia Has Lost More Than 350,000 Soldiers, New Estimate Finds",,18561,1092,1778366694.0,0.96,False,nytimes.com
1t8pdgn,worldnews,Carney says Canada open to deeper integration with U.S. ahead of CUSMA review,,87,125,1778366449.0,0.68,False,ctvnews.ca
1t8ook4,worldnews,British companies are profiting from the oppression of West Papua by Indonesia,,100,7,1778364721.0,0.78,False,eastasiaforum.org
1t8n8gi,worldnews,Settlers force Palestinians to exhume body of relative buried near West Bank settlement,,186,69,1778361150.0,0.64,False,timesofisrael.com
1t8n0ir,worldnews,"Israel built secret Iraq base, struck forces that nearly exposed it",,444,125,1778360631.0,0.82,False,ynetnews.com
1t8lv9u,worldnews,US imposes sanctions on companies it accuses of aiding Iran's weapons sector,,264,28,1778359430.0,0.89,False,reuters.com
1t8kr18,worldnews,Mexican parents criticise ending school year a month early for World Cup,,2015,130,1778358527.0,0.97,False,bbc.co.uk
1t8hmdi,worldnews,The US has removed enriched uranium from Venezuela,,3731,312,1778356087.0,0.94,False,unn.ua
1t8gdpq,worldnews,Putin says he thinks the Ukraine conflict is coming to an end,,6240,582,1778355130.0,0.95,False,cnbc.com
1t8brz8,worldnews,UK deploys warship to Middle East with eye on potential Hormuz mission,,217,45,1778348940.0,0.84,False,reuters.com
1t89tqp,worldnews,European states to send planes to evacuate citizens from hantavirus-hit cruise ship,,90,85,1778344610.0,0.79,False,reuters.com
1t899oc,worldnews,Honduras considering restoring diplomatic ties with Taiwan,,928,22,1778343314.0,0.96,False,taiwannews.com.tw
1t891x0,worldnews,Iranians rally worldwide under ‘A nation held hostage’ slogan,,603,144,1778342833.0,0.79,False,iranintl.com
1t88mbd,worldnews,Péter Magyar sworn in as Hungary’s prime minister to end 16-year Orbán era | Péter Magyar,,16913,256,1778341849.0,0.98,False,theguardian.com
1t87qid,worldnews,WHO Director Says He Will Personally Oversee Hantavirus Cruise Evacuation,,593,121,1778339789.0,0.91,False,cbsnews.com
1t87hle,worldnews,Japan Considers Sending Officials to Russia as Soon as End-May,,94,8,1778339226.0,0.84,False,bloomberg.com
1t878jt,worldnews,Experts race to write guidance to contain first ship-borne hantavirus outbreak,,111,33,1778338658.0,0.82,False,reuters.com
1t8762o,worldnews,EU cannot manage crises effectively without Türkiye: President Erdogan,,0,24,1778338497.0,0.3,False,turkiyetoday.com
1t85ptq,worldnews,Iran moves to place Internet Cables in Hormuz under State Control - Pakistan Observer,,247,42,1778335012.0,0.89,False,pakobserver.net
1t85jal,worldnews,Merz says Europe wants a strong NATO and shares US goal of ending Iran war,,144,46,1778334549.0,0.84,False,reuters.com
1t8554y,worldnews,Ukraine urges U.S. investigation of possible Starlink use by Russia’s shadow fleet,,3903,39,1778333555.0,0.98,False,kyivindependent.com
1t847v4,worldnews,U.S. Ambassador to Greece Kimberly Guilfoyle met in Athens with Ecumenical Patriarch Bartholomew,,11,48,1778331206.0,0.54,False,tanea.gr
1t83ne2,worldnews,North Korean troops join Putin’s scaled-back military parade as Ukraine agrees temporary ceasefire,,624,57,1778329674.0,0.94,False,nbcnews.com
1t82y3w,worldnews,India has successfully conducted flight-trial of Agni missile with MIRV tech: Defence ministry - The Times of India,,626,53,1778327726.0,0.88,False,timesofindia.indiatimes.com
1t82vie,worldnews,One Nation scores historic win in Farrer by-election,,47,12,1778327515.0,0.74,False,abc.net.au
1t82u8d,worldnews,Starmer vows to fight on as PM despite heavy local election losses for Labour,,125,152,1778327406.0,0.78,False,theguardian.com
1t824fj,worldnews,"Moscow’s Victory Day Parade Lasted Just 45 Minutes, Shortest in Modern Russian History",,12265,409,1778325227.0,0.97,False,united24media.com
1t81tac,worldnews,"Turkey unveils new Yildirimhan ICBM with 6,000km range",,142,62,1778324278.0,0.79,False,jpost.com
1t81qwm,worldnews,'Plaid Cymru ready to run Wales' after Labour's catastrophic Senedd election collapse,,72,17,1778324066.0,0.83,False,bbc.com
1t807ba,worldnews,"'Victory will be ours,' Putin tells Victory Day parade without any tanks",,6737,325,1778319155.0,0.95,False,kyivindependent.com
1t7z5yu,worldnews,Canadian Security Intelligence Service director says Alberta referendum vulnerable to foreign interference,,477,58,1778315556.0,0.92,False,cbc.ca
1t7z1ag,worldnews,Spain’s Canary Islands brace for incoming hantavirus-stricken cruise ship,,141,66,1778315102.0,0.81,False,aljazeera.com
1t7xyx6,worldnews,Ukraine 'Kamikaze' Sea Drone Found Armed With 200kg of Explosives Off Greek Island,,2192,69,1778311465.0,0.95,False,iefimerida.gr
1t7xg19,worldnews,Trump threatens to resume 'Project Freedom Plus' if Iran deal not sealed,,314,235,1778309760.0,0.8,False,thestar.com.my
1t7why9,worldnews,"IDF strikes over 85 Hezbollah sites in 24 hours, following rocket fire in southern Lebanon",,494,49,1778306638.0,0.81,False,jpost.com
1t7w8gi,worldnews,Pressure grows on Government in Ireland over Aughinish Alumina as dozens of MEPs demand export ban to Russia,,350,11,1778305799.0,0.94,False,irishtimes.com
1t7vs1r,worldnews,Trump says Russia and Ukraine to observe three-day ceasefire,,0,17,1778304355.0,0.4,False,bbc.com
1t7u5up,worldnews,"/r/WorldNews Live Thread: Russian Invasion of Ukraine Day 1535, Part 1 (Thread #1682)",,565,152,1778299383.0,0.95,False,reddit.com
1t7u1jx,worldnews,Japan is deploying ultra-cheap cardboard drones built for swarm warfare and expendable combat missions,,2510,196,1778299058.0,0.97,False,tomshardware.com
1t7slxx,worldnews,"Starmer under pressure, as Labour suffers heavy election losses",,305,164,1778294897.0,0.85,False,bbc.com
1t7recp,worldnews,Iran accuses US of 'reckless military adventure',,269,62,1778291497.0,0.79,False,bbc.com
1t7qqsk,worldnews,US Said to Suspect Nvidia Chips Smuggled to Alibaba Via Thailand,,158,22,1778289647.0,0.84,False,bloomberg.com
1t7qkoe,worldnews,"An Iranian museum holds a rare exhibit of American art, reflecting on war",,75,1,1778289190.0,0.78,False,apnews.com
1t7qhfk,worldnews,Canada to begin $8.5B rollout for Ontario First Nations to reclaim child welfare,,381,144,1778288942.0,0.84,False,cbc.ca
1t7o68x,worldnews,Six people in Canada receiving isolation guidance over hantavirus outbreak on ship,,677,79,1778282724.0,0.92,False,thestar.com
1t7mlkz,worldnews,"Moderna announces early-stage hantavirus vaccine research amid deadly cruise ship outbreak,  shares jump 12%",,4550,331,1778278783.0,0.96,False,bostonglobe.com
1t7mfi2,worldnews,"Saudis feared Trump’s Project Freedom would spur Iran to attack, officials say",,656,53,1778278412.0,0.92,False,nbcnews.com
1t7m2pm,worldnews,"Indonesia, Malaysia politicians considering imposing toll on Strait of Malacca",,282,66,1778277571.0,0.8,False,9news.com.au
1t7lnv7,worldnews,Alarmed ASEAN leaders adopt crisis plan to mitigate backlash from Middle East war,,74,6,1778276599.0,0.89,False,apnews.com
1t7la3f,worldnews,Secret document reveals Russia’s plans to aid Iran,,1355,79,1778275701.0,0.95,False,economist.com
1t7jrkc,worldnews,Elon Musk faces criminal probe in France after ignoring summons in X case,,12275,338,1778272298.0,0.97,False,arstechnica.com
1t7jfxk,worldnews,EU ministers to adopt sanctions related to Russia's deportations of Ukrainian children,,187,3,1778271596.0,0.95,False,reuters.com
1t7j1fr,worldnews,"Top Iranian graduate student faces imminent execution, activists warn",,466,79,1778270714.0,0.88,False,iranintl.com
1t7iu10,worldnews,"Before meeting with Vance, Qatari prime minister says there's a ""high probability"" U.S., Iran will reach deal",,40,25,1778270264.0,0.63,False,cbsnews.com
1t7iqoe,worldnews,‘Ready to govern’: Plaid leader moves to form next Welsh Government,,49,0,1778270054.0,0.8,False,nation.cymru
1t7hhmk,worldnews,Norwegian police arrest a Chinese citizen on spying allegations,,200,8,1778267283.0,0.92,False,apnews.com
1t7hb99,worldnews,Trump administration claiming a ‘win’ against Iran,,29,77,1778266899.0,0.57,False,theconversation.com
1t7h80x,worldnews,"Ukraine's Zelenskiy confirms US announcement of ceasefire, prisoner exchange",,1667,91,1778266725.0,0.96,False,reuters.com
1t7grdi,worldnews,"The EU and European Economic Area are not on course to meet several 2030 targets aimed at ending HIV, tuberculosis, viral hepatitis and sexually transmitted infections.",,77,8,1778265713.0,0.9,False,brusselstimes.com
1t7gc1k,worldnews,"Zelensky shouldn't comment on ongoing corruption probe, President's Office adviser says",,39,2,1778264776.0,0.71,False,kyivindependent.com
1t7gamc,worldnews,Trump announces 3-day ceasefire between Russia and Ukraine,,0,58,1778264688.0,0.38,False,kyivindependent.com
1t7g8mx,worldnews,Taiwan welcomes Paraguay leader as China increases pressure,,62,7,1778264572.0,0.8,False,hongkongfp.com
1t7g3v3,worldnews,Dozens killed in jihadist attacks on villages in central Mali,,138,7,1778264292.0,0.91,False,bbc.com
1t7fgp9,worldnews,Argentine authorities say hantavirus patients not likely infected in Tierra del Fuego province,,86,16,1778262958.0,0.86,False,reuters.com
1t7f4ad,worldnews,"Ex-NATO chief Rasmussen warns of ‘disintegration’ of alliance, calls for new European defense bloc",,1100,137,1778262248.0,0.96,False,politico.com
1t7d0t4,worldnews,Iran accuses US of 'reckless military adventure',,781,132,1778257856.0,0.86,False,bbc.com
1t7c5gf,worldnews,Sweden Freezes New Power Cable to Denmark in Escalating EU Energy Clash,,611,176,1778255986.0,0.93,False,reuters.com
1t7bodt,worldnews,Marco Rubio says U.S. expects Iran response on peace deal 'today',,452,144,1778254964.0,0.86,False,cnbc.com
1t7bkvd,worldnews,Fire is spreading in the Chernobyl exclusion zone after drone crash,,4039,122,1778254759.0,0.98,False,newscientist.com
1t7asji,worldnews,"US forces strike two empty Iranian oil tankers, Central Command says",,391,82,1778253061.0,0.92,False,reuters.com
1t79kwz,worldnews,Suspected oil spill seen on satellite images near Iran's Kharg Island export hub,,1564,93,1778250477.0,0.97,False,reuters.com
1t7845c,worldnews,SNP claims its first Shetland win in a Holyrood election as Hannah Mary Goodlad claims victory,,34,2,1778247213.0,0.71,False,shetlandtimes.co.uk
1t77y0g,worldnews,Ukraine reportedly launches dozens of drones at Moscow ahead of Victory Day Parade,,19462,639,1778246824.0,0.97,False,kyivindependent.com
1t77tq7,worldnews,Hamas operatives are being trained in Turkey to fight against Israel,,1960,504,1778246554.0,0.78,False,jpost.com
1t77naj,worldnews,Outrage as Chinese state-owned company poised to win €320m EU-project in Africa,,1102,182,1778246135.0,0.94,False,euractiv.com
1t77h7m,worldnews,'We don't recommend' — Zelensky warns foreign officials against attending Russia's Victory Day parade,,13198,240,1778245737.0,0.98,False,kyivindependent.com
1t77fzq,worldnews,"Karen KNU Burns Nearly 10 Million Methamphetamine Pills, Reveals Drug Trafficking Network Preparing Large Shipment to Thailand",,57,8,1778245670.0,0.82,False,en.thairath.co.th
1t77bq6,worldnews,Starmer’s Labour suffers huge losses as hard-right Reform gains in U.K. elections,,2679,1127,1778245387.0,0.93,False,nbcnews.com
1t779ue,worldnews,Spain says it has detected suspected hantavirus case in Alicante (Mainland Spain),,10680,455,1778245273.0,0.96,False,reuters.com
1t771zr,worldnews,Magyar gets ready to take over Budapest,,142,8,1778244765.0,0.92,False,tvpworld.com
1t76tob,worldnews,Russia’s WWII victory celebrations are muted this year as Ukraine war weighs on Putin,,308,8,1778244196.0,0.95,False,apnews.com
1t76pg1,worldnews,"Canada Employment Fell by 17,700, Jobless Rate Climbs to 6.9%",,353,89,1778243897.0,0.94,False,bloomberg.com
1t76962,worldnews,"Poland has signed a loan agreement for €43.7 billion in low-interest European Union defense loans, securing fresh funding to strengthen its military capabilities",,208,1,1778242741.0,0.94,False,tvpworld.com
1t75xsy,worldnews,Up to 2cm a month: Nasa keeps track as Mexico City sinks into the ground,,2397,145,1778241897.0,0.97,False,theguardian.com
1t74zn3,worldnews,"Moldovan parliament restricts use of Russian, prompts opposition walkout",,2533,144,1778239242.0,0.97,False,reuters.com
1t74swi,worldnews,Airline emissions in Europe top pre-Covid levels despite pledge to decarbonise,,77,17,1778238679.0,0.83,False,theguardian.com
1t74rmp,worldnews,Bulgaria’s parliament confirms Russia-aligned Radev as prime minister,,197,102,1778238576.0,0.87,False,politico.eu
1t74k0r,worldnews,North Korea ‘will fire nuclear weapon’ if Kim is killed,,8231,945,1778237994.0,0.96,False,telegraph.co.uk
1t74az1,worldnews,Spain readies for evacuations as a hantavirus-hit cruise ship heads for the Canary Islands,,153,83,1778237235.0,0.85,False,apnews.com
1t73ttz,worldnews,KLM flight attendant tests negative for Hanta virus,,2536,132,1778235700.0,0.97,False,nltimes.nl
1t730ob,worldnews,Switzerland builds world’s most powerful redox-flow battery,,73,3,1778233042.0,0.89,False,swissinfo.ch
1t72x17,worldnews,"Pope Leo, after Rubio meeting, asks God to inspire leaders to calm tensions",,307,47,1778232677.0,0.89,False,reuters.com
1t72q4z,worldnews,South Africa court rules impeachment proceedings against Ramaphosa should not have been blocked,,82,5,1778232038.0,0.89,False,bbc.co.uk
1t72pok,worldnews,China confirms it helped Pakistan’s air force during last year’s war with India,,2625,355,1778231995.0,0.97,False,scmp.com
1t71vyo,worldnews,Taiwan Passes Special Defense Budget to Better Deter China,,95,2,1778229163.0,0.87,False,bloomberg.com
1t71obm,worldnews,Spain awards UN legal expert Francesca Albanese one of its highest civilian honours,,94,171,1778228396.0,0.64,False,theguardian.com
1t717xf,worldnews,US-Iran ceasefire under threat after exchange of strikes in strait of Hormuz,,55,20,1778226835.0,0.82,False,theguardian.com
1t710an,worldnews,EU Russian Arctic LNG Imports Hit $4.4bn Record Despite Sanctions Measures,,65,4,1778226095.0,0.83,False,gcaptain.com
1t70ys4,worldnews,"Japan confirms year's first fatal bear attack, two more suspected",,88,19,1778225953.0,0.88,False,yahoo.com
1t70yon,worldnews,"Third British national has suspected hantavirus infection, government says",,1023,181,1778225944.0,0.94,False,bbc.com
1t70iwy,worldnews,First SBC poll shows Swiss evenly split on capping population at ten million,,51,15,1778224432.0,0.88,False,swissinfo.ch
1t707w0,worldnews,"Following Attacks on the UAE, Egypt Deploys Rafales to Assist in Defense Efforts",,56,1,1778223429.0,0.84,False,aeronewsjournal.com
1t7065u,worldnews,"Hantavirus map: From Germany to US and Singapore, the countries linked to hantavirus",,0,62,1778223270.0,0.48,False,firstpost.com
1t6zreu,worldnews,North Korea says it will deploy new artillery guns targeting Seoul and commission its 1st destroyer,,90,24,1778221906.0,0.8,False,nbcnews.com
1t6zfjf,worldnews,UAE ships oil through strait of Hormuz without location trackers,,63,2,1778220839.0,0.86,False,kyivpost.com
1t6z6l8,worldnews,Eruption of Mount Dukono in Indonesia sparks rescue to save 20 hikers trapped near volcano,,41,7,1778220045.0,0.83,False,abc.net.au
1t6yyci,worldnews,3 Australian women back from Syria face slavery and terrorism charges over alleged IS links,,160,3,1778219324.0,0.94,False,apnews.com
1t6yy2i,worldnews,"""This Is Not Covid, Nor Influenza. It Spreads Very Differently"": WHO On Hantavirus Outbreak",,23143,2444,1778219301.0,0.94,False,ndtv.com
1t6yit9,worldnews,UAE reports drone and missile attack as Iran war ceasefire is challenged,,63,2,1778217915.0,0.93,False,apnews.com
1t6y94l,worldnews,South Korea’s KF-21 clears combat certification milestone,,61,7,1778217048.0,0.85,False,upi.com
1t6y73l,worldnews,"Samsung chip workers reject $340,000 one-time bonus, demand annual payouts like SK hynix's $900,000 — workers want share of AI windfall, impending 18-day strike could cost Samsung up to $11.7 billion",,18587,976,1778216869.0,0.98,False,tomshardware.com
1t6x714,worldnews,"Leo marks one year as pope in Pompeii, Naples",,68,6,1778213680.0,0.83,False,enca.com
1t6x0tf,worldnews,Zelenskyy warns Russia's friends against attending parade,,3761,106,1778213173.0,0.98,False,dw.com
1t6wyae,worldnews,"/r/WorldNews Live Thread: Russian Invasion of Ukraine Day 1534, Part 1 (Thread #1681)",,501,112,1778212960.0,0.97,False,reddit.com
1t6wy6q,worldnews,"Russia’s share in Indian oil imports jumped in March, but discount turned into a premium",,38,1,1778212952.0,0.76,False,thehindu.com
1t6wtx1,worldnews,Iran considering US proposal as Trump says war will be 'over quickly',,18,52,1778212638.0,0.58,False,bbc.com
1t6wihw,worldnews,Two men found guilty of spying on Hong Kong dissidents in UK for China,,581,19,1778211687.0,0.94,False,edition.cnn.com
1t6wfjn,worldnews,"Ukraine's military reportedly strikes Russian oil refinery, defense technology center",,229,0,1778211436.0,0.94,False,kyivindependent.com
1t6uyk6,worldnews,"Canada announces reforms to combat immigration, citizenship scams",,714,229,1778207211.0,0.95,False,ctvnews.ca
1t6uqxf,worldnews,"""Blows your mind:"" Regulator says boom in home batteries and PV puts 82 pct renewables within reach",,119,13,1778206609.0,0.9,False,reneweconomy.com.au
1t6u0mi,worldnews,"“Given the incubation period of the hantavirus, which can be up to six weeks, it is possible that more cases may be reported”, says World Health Organization",,16292,1280,1778204582.0,0.96,False,aljazeera.com
1t6t2e0,worldnews,Gulf Royal Family Banks Over €70 Million in EU Farming Funds,,45,4,1778201930.0,0.8,False,desmog.com
1t6ruy6,worldnews,UK to summon Chinese ambassador over dissident spy convictions,,56,0,1778198637.0,0.85,False,euronews.com
1t6r494,worldnews,Iran accuses US of violating ceasefire with new attacks,,616,58,1778196710.0,0.92,False,reuters.com
1t6qsi3,worldnews,Trump Calls US Bombing Iran a ‘Love Tap’ As Military Insists War Is Not Restarting,,1425,206,1778195866.0,0.92,False,uk.news.yahoo.com
1t6qk2q,worldnews,US targets Iraq oil official and militias with sanctions for aiding Iran,,124,8,1778195262.0,0.89,False,jpost.com
1t6qaal,worldnews,Trump threatens 'much higher' tariffs on EU by 4 of July,,2457,583,1778194583.0,0.92,False,bbc.com
1t6puc2,worldnews,"Some 2,300 North Korean soldiers died in Russia-Ukraine war, new images show",,3642,106,1778193461.0,0.97,False,bbc.com
1t6p4t8,worldnews,7 Sets of Ainu Remains Returned from U.K. Museum,,104,2,1778191720.0,0.9,False,sp.m.jiji.com
1t6ouem,worldnews,U.S. destroyers face second round of Iranian attacks,,3357,591,1778191045.0,0.96,False,cbsnews.com
1t6ouec,worldnews,"US isn't looking at imminent military action in Cuba despite Trump threats, AP sources say",,176,45,1778191045.0,0.88,False,apnews.com
1t6ondg,worldnews,Iran says it attacked US Navy ships after they targeted Iranian tanker,,938,54,1778190577.0,0.93,False,aljazeera.com
1t6nxhu,worldnews,A-bombed former hospital reopens as annex of Hiroshima Peace Memorial Museum,,44,0,1778188894.0,0.79,False,mainichi.jp
1t6nuau,worldnews,Brazil's Lula sees reset in relations with US after talks with Trump,,29,5,1778188696.0,0.72,False,reuters.com
1t6npzx,worldnews,"Explosion hits Netherlands' largest political party's headquarters, police say",,2861,76,1778188426.0,0.97,False,reuters.com
1t6noah,worldnews,"China pours US$6.1b into Brazil, making it Beijing’s top global investment",,148,8,1778188319.0,0.86,False,amp.scmp.com
1t6ngvf,worldnews,US military strikes Iran’s Qeshm port and Bandar Abbas,,6258,603,1778187866.0,0.96,False,reuters.com
1t6n599,worldnews,"US and Iran close to temporary truce, Pakistani officials claim",,0,53,1778187156.0,0.45,False,theguardian.com
1t6n50f,worldnews,Irans state broadcaster says enemy units came under missile fire after US attack,,163,44,1778187139.0,0.9,False,reuters.com
1t6mzub,worldnews,IEA Head Calls on Canada to Move Faster on Energy Amid Supply Shock,,36,9,1778186820.0,0.89,False,bloomberg.com
1t6mv8c,worldnews,Revealed: Russia’s top secret spy school teaching hacking and election meddling | Russia,,983,37,1778186542.0,0.97,False,theguardian.com
1t6mnff,worldnews,"US-proposed Iran resolution at UN faces likely vetoes from China, Russia",,95,19,1778186062.0,0.9,False,reuters.com
1t6mik2,worldnews,"China orders firms to ignore US sanctions on Iranian oil, escalating tensions ahead of Trump-Xi meeting | Today News",,254,12,1778185781.0,0.93,False,livemint.com
1t6kzq9,worldnews,Paris public prosecutor opens judicial investigation into Elon Musk and X,,1690,21,1778182576.0,0.97,False,reuters.com
1t6khbk,worldnews,"Kremlin Halts New Ukraine Talks, Calls Negotiations “a Waste of Time” Without Donbas Withdrawal",,343,54,1778181457.0,0.92,False,united24media.com
1t6jbt8,worldnews,China gives suspended death sentences to two former defense ministers,,55,7,1778179049.0,0.83,False,edition.cnn.com
1t6hy1s,worldnews,U.S. intelligence says Iran can outlast Trump’s Hormuz blockade for months,,11609,831,1778176158.0,0.97,False,washingtonpost.com
1t6hx1z,worldnews,Russia says Ukraine launched a major drone attack after Moscow shunned ceasefire offer,,521,62,1778176103.0,0.92,False,apnews.com
1t6hein,worldnews,"Ex-spy who sold U.S. secrets to Israel says he's sorry, and will run for parliament",,599,80,1778175044.0,0.86,False,npr.org
1t6g0qv,worldnews,Zelensky says Ukraine will respond to Russia’s ceasefire violations with ‘long-range sanctions’,,5724,118,1778172183.0,0.98,False,kyivindependent.com
1t6ftf5,worldnews,Iran imposes new rules for Hormuz in effort to cement control of key waterway | CNN,,342,179,1778171754.0,0.87,False,cnn.com
1t6fpl1,worldnews,"Hantavirus outbreak on cruise ship not start of pandemic, UN health agency says",,3705,615,1778171521.0,0.95,False,bbc.com
1t6fk3y,worldnews,Russia declares ceasefire to mark WWII anniversary,,0,16,1778171200.0,0.38,False,reuters.com
1t6et8v,worldnews,Man with weapon arrested near home of the former Prince Andrew in England,,30,7,1778169648.0,0.71,False,ctvnews.ca
1t6eeu7,worldnews,India And Russia Consider Athletics Partnership,,5,12,1778168808.0,0.53,False,rediff.com
1t6e6z5,worldnews,New hantavirus vaccine being developed by University of Bath,,967,212,1778168356.0,0.94,False,bbc.com
1t6e304,worldnews,World’s largest nuclear facility could be built in Ontario with new $300M deal,,191,39,1778168114.0,0.95,False,ctvnews.ca
1t6drdo,worldnews,"EU weighs restricting use of US cloud platforms to process sensitive government data, sources tell CNBC",,351,40,1778167429.0,0.94,False,cnbc.com
1t6dksl,worldnews,Disturbances and 127 arrests mar Paris party after PSG Champions League victory,,27,5,1778167044.0,0.76,False,bbc.com
1t6dbt2,worldnews,"Spain seizes 30 tons of cocaine in record European haul, detains 23 crew",,239,32,1778166515.0,0.97,False,reuters.com
1t6d554,worldnews,UK immigration officer among two men guilty of working for Chinese intelligence,,203,4,1778166132.0,0.93,False,bbc.co.uk
1t6csd5,worldnews,"Russia continues to violate Kyiv-proposed ceasefire, Zelenskiy says",,1382,126,1778165373.0,0.95,False,reuters.com
1t6coia,worldnews,China hands 2 former defense ministers suspended death sentences,,39,3,1778165148.0,0.8,False,politico.eu
1t6c6o6,worldnews,Korea Blocks AI-Generated Books From Library Deposits,,1552,26,1778164114.0,0.98,False,en.sedaily.com
1t6bx4e,worldnews,Nigerian refinery accused of sacking union members is key to UK plan to tackle jet fuel shortage | Airline industry,,12,7,1778163533.0,0.63,False,theguardian.com
1t6btj0,worldnews,"After Beirut strike, Netanyahu says 'no immunity' for militants",,28,16,1778163315.0,0.67,False,reuters.com
1t6b4lh,worldnews,Iran reviewing US proposal as Trump pressures Tehran for agreement on deal to end war,,44,17,1778161777.0,0.75,False,apnews.com
1t6ayyo,worldnews,The drone war comes home: Canada scrambles to shield military bases in legal grey zone,,55,0,1778161419.0,0.86,False,cbc.ca
1t6asdz,worldnews,War and Energy Shortages Boost China’s Influence in Asia,,61,27,1778160991.0,0.83,False,nytimes.com
1t6al5j,worldnews,First fully smoke-free (for both tobacco and vaping) city park opens in the Netherlands,,126,12,1778160530.0,0.84,False,nltimes.nl
1t6a4v1,worldnews,Islamic State-linked women arrested in Australia on return from Syria,,185,16,1778159478.0,0.92,False,bbc.com
1t6a20q,worldnews,African countries warn citizens of xenophobic attacks in South Africa,,471,84,1778159298.0,0.93,False,reuters.com
1t6a1qb,worldnews,Ukrainian drones reportedly strike Russian military logistics facility in Moscow Oblast,,722,3,1778159278.0,0.97,False,kyivindependent.com
1t69q2i,worldnews,Climate campaigners attack Shell over ‘windfall’ profits from Iran war,,217,15,1778158500.0,0.93,False,theguardian.com
1t69jkl,worldnews,Israel indicts Jewish man accused of attacking Christian nun in Jerusalem,,1063,239,1778158066.0,0.9,False,apnews.com
1t69guk,worldnews,Russia seizes ‘extremist’ British children’s books,,101,20,1778157878.0,0.86,False,telegraph.co.uk
1t69ean,worldnews,"Two drones from Russia crash in Latvia, damage oil storage facility",,332,68,1778157720.0,0.81,False,reuters.com
1t691mg,worldnews,"Massive anti-pedophile operation in Poland, 123 detained",,23601,511,1778156828.0,0.98,False,tvpworld.com
1t6909f,worldnews,"Greece, birthplace of democracy, seeks to put humanity ahead of AI in updated constitution",,409,18,1778156727.0,0.92,False,apnews.com
1t68cz3,worldnews,Li Shangfu: China announces suspended death sentences for ex-defence ministers,,52,3,1778155064.0,0.84,False,bbc.com
1t687hb,worldnews,"As Russia Expands Internet Blackouts, Kremlin Tells Citizens to Use the Radio",,1422,151,1778154676.0,0.96,False,united24media.com
1t67mhb,worldnews,2 Singapore residents on hantavirus-hit cruise ship isolated at NCID and undergoing tests,,197,34,1778153053.0,0.91,False,straitstimes.com
1t67d5r,worldnews,Three so-called ISIS brides expected to be charged after arriving back in Australia from Syria. Two of the women will be charged with slavery offences.,,2537,180,1778152320.0,0.97,False,7news.com.au
1t66y6x,worldnews,Greece moves to ban cash payments above €500,,1912,415,1778151125.0,0.93,False,greekreporter.com
1t66wyh,worldnews,Iranian threat in Germany more urgent than publicly announced,,128,70,1778151021.0,0.76,False,iranintl.com
1t66qbs,worldnews,"China sentences former defense ministers Wei Fenghe, Li Shangfu to death with reprieve for graft, state media reports",,3459,194,1778150460.0,0.97,False,reuters.com
1t66cqn,worldnews,"EU countries, lawmakers clinch provisional deal on watered-down AI rules",,43,9,1778149259.0,0.81,False,reuters.com
1t6664i,worldnews,UAE’s ruling royal family benefits from more than €71m in EU farming subsidies | United Arab Emirates,,62,13,1778148665.0,0.84,False,theguardian.com
1t6614e,worldnews,Israeli attack kills son of Hamas leader negotiating with Trump-led board,,3250,777,1778148224.0,0.92,False,reuters.com
1t660q1,worldnews,US and Iran inch towards short-term deal to end fighting,,9,12,1778148187.0,0.56,False,reuters.com
1t65pc7,worldnews,"Russia and U.S. amplifying Alberta separatist narratives to stoke division, distrust: report",,487,55,1778147195.0,0.92,False,cbc.ca
1t64y59,worldnews,About 40 passengers previously left ship hit by Hantavirus outbreak at island of St. Helena,,10317,938,1778144538.0,0.97,False,ca.style.yahoo.com
1t64qif,worldnews,Mexico trade mission launches in Toronto as businesses seek to expand ties with Canada,,47,6,1778143799.0,0.84,False,cbc.ca
1t64ibw,worldnews,KLM flight attendant hospitalized after contact with hantavirus cruise ship passenger,,24988,2390,1778142970.0,0.96,False,nltimes.nl
1t63osw,worldnews,North Korea Grants Kim Jong Un Sole Authority Over Nuclear Weapons in Charter,,113,33,1778140001.0,0.9,False,bloomberg.com
1t62bqy,worldnews,Greek FinMin: Another Early Debt Repayment Planned in June,,48,0,1778135239.0,0.87,False,ot.gr
1t624xl,worldnews,US fires on Iranian-flagged oil tanker as Trump gives Tehran fresh ultimatum | US-Israel war on Iran | The Guardian,,48,18,1778134603.0,0.77,False,theguardian.com
1t624bx,worldnews,Hantavirus-hit cruise ship leaves Cape Verde after three evacuated,,49,7,1778134545.0,0.83,False,bbc.com
1t623di,worldnews,More drones crash in Latvia,,88,6,1778134458.0,0.92,False,eng.lsm.lv
1t61cth,worldnews,Arms deliveries and Africa Corps training: How Russia is bolstering its presence in Madagascar,,40,1,1778132065.0,0.8,False,france24.com
1t612oa,worldnews,"Russia is ramping up its attempts to kill opponents in Europe, intelligence officials say",,2526,72,1778131137.0,0.97,False,apnews.com
1t60odg,worldnews,"China asks banks to pause new loans to US-sanctioned refiners, Bloomberg News reports",,166,12,1778129894.0,0.91,False,reuters.com
1t607x0,worldnews,Myanmar Activists Blast Trump Ally Stone for Lobbying Role,,38,0,1778128449.0,0.8,False,irrawaddy.com
1t607kg,worldnews,"South Korea Q1 exports hit record high, eyes No. 5 global rank",,51,2,1778128418.0,0.85,False,m.theinvestor.co.kr
1t606hq,worldnews,South Korea Ex-Prime Minister Han Duck-soo sentenced to 15 years in prison on appeal for role in insurrection,,301,32,1778128325.0,0.94,False,koreajoongangdaily.joins.com
1t5zxva,worldnews,French senate adopts proposed law aimed at combating Islamist infiltration,,1889,170,1778127577.0,0.92,False,jpost.com
1t5zshu,worldnews,"Australian traveller returns home after disembarking virus-hit MV Hondius cruise ship, passenger claims",,425,137,1778127108.0,0.92,False,skynews.com.au
1t5zlqc,worldnews,"/r/WorldNews Live Thread: Russian Invasion of Ukraine Day 1533, Part 1 (Thread #1680)",,483,120,1778126549.0,0.97,False,reddit.com
1t5ykg9,worldnews,Venezuela tells UN court that mineral-rich part of Guyana was fraudulently taken in colonial era,,65,24,1778123544.0,0.81,False,apnews.com
1t5xtua,worldnews,"Argentina races to find origins of cruise ship hantavirus outbreak, amid reports some passengers have returned to US | Argentina",,2586,297,1778121500.0,0.97,False,theguardian.com
1t5xhuq,worldnews,Korea Surpasses Canada as World’s Seventh-Largest Stock Market,,127,36,1778120580.0,0.9,False,bloomberg.com
1t5wk4y,worldnews,Poland warns Russia is moving from low-cost recruits to professional sabotage cells,,1704,26,1778118058.0,0.97,False,sfgate.com
1t5wez1,worldnews,Kids can bypass age checks with a drawn-on mustache,,567,25,1778117666.0,0.93,False,theregister.com
1t5vixn,worldnews,EU negotiators fail to agree on US trade deal,,117,38,1778115266.0,0.8,False,politico.eu
1t5uyp0,worldnews,Russia warns diplomatic missions to evacuate Kyiv staff if Moscow launches mass strike,,698,99,1778113784.0,0.92,False,reuters.com
1t5ucq5,worldnews,Iran Is Using Alternative Routes To Bypass US Naval Blockade,,115,64,1778112152.0,0.72,False,rferl.org
1t5u75c,worldnews,"Carney government planning changes to speed approvals for pipelines, resource projects",,56,5,1778111780.0,0.82,False,cbc.ca
1t5spae,worldnews,PM Carney announces multibillion deal between Airbus and AirAsia,,199,8,1778107992.0,0.91,False,ctvnews.ca
1t5qz9s,worldnews,US fires on Iranian oil tanker as Trump pressures Tehran for deal to end war,,493,56,1778103948.0,0.94,False,apnews.com
1t5q8t8,worldnews,North Korea drops reunification goal from constitution,,4417,126,1778102333.0,0.98,False,dw.com
1t5nzut,worldnews,Protesters in pink balaclavas swarm Russia’s pavilion at Venice Biennale and release colored smoke,,277,10,1778097479.0,0.95,False,apnews.com
1t5nhal,worldnews,President Zelenskyy Announces Symmetrical Response to Russian Ceasefire Violations,,4347,189,1778096373.0,0.97,False,united24media.com
1t5mhwu,worldnews,Israel strikes Beirut for the first time since the ceasefire,,471,105,1778094276.0,0.84,False,reuters.com
1t5m80k,worldnews,Police investigate arson attack at former synagogue in Whitechapel | ITV News,,62,15,1778093711.0,0.79,False,itv.com
1t5luem,worldnews,Ukraine sees no point in Russia's truce until May 9,,2922,131,1778092914.0,0.96,False,prm.ua
1t5lqk4,worldnews,US bars executives of Costa Rica’s leading newspaper La Nación from entry,,97,10,1778092684.0,0.87,False,icij.org
1t5lpr8,worldnews,Latvian defense chief says NATO must be ‘ready to fight Russia tonight’,,326,43,1778092638.0,0.93,False,tvpworld.com
1t5lftr,worldnews,"Hungary freezes assets, accounts in probe of Orbán-era media mogul",,670,5,1778092041.0,0.97,False,tvpworld.com
1t5lal8,worldnews,"Honda abandoning plans for $15-billion EV plant in Ontario, Japanese news source says",,273,88,1778091737.0,0.93,False,thestar.com
1t5l2hl,worldnews,Trump says Iran will be bombed at a ‘much higher level’ if it doesn’t agree to peace deal,,3388,821,1778091273.0,0.93,False,cnbc.com
1t5ju8r,worldnews,A 600-person search continues for missing US soldiers off Morocco’s coast,,81,4,1778088791.0,0.84,False,apnews.com
1t5jt48,worldnews,"US forces disable Iranian-flagged tanker, CENTCOM says",,321,156,1778088733.0,0.88,False,iranintl.com
1t5isby,worldnews,France moves aircraft carrier to Red Sea with eye on Hormuz mission,,235,129,1778086669.0,0.89,False,reuters.com
1t5imjl,worldnews,IDF reviews video after soldier appears to mock Christian statue in Lebanon,,76,84,1778086326.0,0.63,False,ynetnews.com
1t5imaf,worldnews,Hungary returns seized Ukrainian cash and gold in further sign of better relations,,14675,78,1778086311.0,0.98,False,politico.eu
1t5hjv6,worldnews,Drones reportedly strike Russian FSB facility in occupied Crimea,,772,6,1778084086.0,0.97,False,kyivindependent.com
1t5hgdw,worldnews,"Pro-Kremlin lawyer’s turn against Putin reveals rift in Russian power circles | Ilya Remeslo was put in a psychiatric hospital after criticizing Vladimir Putin. Now free, he said that he will not stop his crusade against the Russian president.",,2533,62,1778083884.0,0.98,False,washingtonpost.com
1t5g70a,worldnews,South Korean judge who hiked ex-first lady's jail sentence found dead just 8 days after sentencing,,37049,1119,1778081229.0,0.97,False,japantimes.co.jp
1t5g4do,worldnews,Pope Leo XIV comforts 13 priests from southern Lebanon with a surprise video call from Rome,,97,2,1778081070.0,0.88,False,apnews.com
1t5fp93,worldnews,"Iran hit more U.S. military targets than has been reported, satellite imagery shows",,8533,413,1778080168.0,0.95,False,washingtonpost.com
1t5flmh,worldnews,World doesn’t grasp implications of ‘largest energy crisis in history’: IEA executive director,,3286,294,1778079940.0,0.96,False,ctvnews.ca
1t5fj6l,worldnews,"NATO must spend 5% of GDP on defence by 2030, Poland says",,483,227,1778079791.0,0.89,False,reuters.com
1t5fgdq,worldnews,"South Korea: North Korea revises constitution, drops references to reunification with South Korea - The Times of India",,124,12,1778079633.0,0.88,False,timesofindia.indiatimes.com
1t5eqap,worldnews,Zelensky says Russia choosing war as dual ceasefires falter,,273,5,1778078055.0,0.95,False,rfi.fr
1t5eoku,worldnews,Saudi PIF Opens Shanghai Office to Facilitate China Dealmaking,,34,0,1778077951.0,0.77,False,bloomberg.com
1t5dz13,worldnews,"Pakistani source confirms US, Iran closing in on one-page memo to end war",,1021,226,1778076398.0,0.91,False,reuters.com
1t5dtn1,worldnews,"Finland advances plans to tighten foreign students' income requirements, language proficiency rules",,323,35,1778076068.0,0.96,False,yle.fi
1t5dbdn,worldnews,G7 ministers discuss trade security and China dependence in Paris,,29,5,1778074945.0,0.7,False,rfi.fr
1t5chzi,worldnews,Iran's Revolutionary Guard says ships can now pass the Strait of Hormuz,,2366,238,1778073062.0,0.95,False,npr.org
1t5bzls,worldnews,Hantavirus strain that spreads between humans found in cruise ship passengers,,3153,509,1778071889.0,0.95,False,bbc.com
1t5bjbt,worldnews,Iran war to be over? Trump says Epic Fury will end if Tehran agrees to US demands,,0,24,1778070759.0,0.36,False,hindustantimes.com
1t5bidj,worldnews,Trump threatens Iran with bombing if it doesn’t reopen Strait of Hormuz,,1589,590,1778070693.0,0.94,False,apnews.com
1t5bb5p,worldnews,Israel to supply Germany with jet fuel amid shortages caused by Iran war,,1049,176,1778070194.0,0.89,False,jpost.com
1t5as2v,worldnews,World Bank Cuts Latin America Growth Forecast Amid Global Economic Uncertainty,,44,6,1778068823.0,0.83,False,reuters.com
1t5a7dp,worldnews,"IS families in Syria have booked tickets home to Australia, minister says",,42,10,1778067259.0,0.76,False,bbc.com
1t5a5nm,worldnews,Jalandhar Blast: Punjab twin blasts: CCTV captures man running from Jalandhar site after explosion; NIA steps in as Khalistan group claims role | Chandigarh News,,68,12,1778067119.0,0.83,False,timesofindia.indiatimes.com
1t59yno,worldnews,US and Iran close to one-page memorandum to end war - Axios,,90,136,1778066567.0,0.7,False,unn.ua
1t59do4,worldnews,Student allegedly hacks into Taiwan High Speed Rail,,52,0,1778064895.0,0.81,False,taiwannews.com.tw
1t595mb,worldnews,North Korea revises constitution to drop references to unification of Korean Peninsula,,380,16,1778064203.0,0.96,False,reuters.com
1t58u74,worldnews,Hantavirus-infected patient hospitalised in Zurich as three more evacuated from cruise ship,,653,186,1778063192.0,0.95,False,france24.com
1t58puw,worldnews,Ukraine accuses Russia of breaking unilateral ceasefire,,6999,421,1778062791.0,0.97,False,dw.com
1t58ej5,worldnews,"Cruise ship hantavirus strain can spread among humans, says South Africa | Hantavirus",,9626,1126,1778061756.0,0.96,False,theguardian.com
1t58bp9,worldnews,Russia to start buying forex as Middle East war oil windfall arrives,,74,60,1778061509.0,0.85,False,reuters.com
1t58bal,worldnews,Iran foreign minister meets Chinese counterpart,,40,12,1778061471.0,0.79,False,reuters.com
1t57vp1,worldnews,French Interior Minister Nuñez: 'I have no problem with Islam in France. But I fight those who use it to undermine our Republic',,1438,135,1778059937.0,0.94,False,lemonde.fr
1t57hpo,worldnews,"U.S. and Iran closing in on one-page memo to end war, officials say",,1480,396,1778058546.0,0.9,False,axios.com
1t57bqm,worldnews,"russian drones hit kindergarten in Sumy, rescue operation underway",,1325,66,1778057977.0,0.96,False,pravda.com.ua
1t573ix,worldnews,New Details Of Russia’s Super-Weapon Submarine ‘Khabarovsk’,,0,31,1778057157.0,0.46,False,navalnews.com
1t570jm,worldnews,"N. Korea's revised constitution defines territory, drops unification references",,268,29,1778056855.0,0.96,False,m-en.yna.co.kr
1t57023,worldnews,China’s Wang Yi calls for swift reopening of Strait of Hormuz after Iran meeting,,38,3,1778056806.0,0.8,False,scmp.com
1t56ua4,worldnews,Canary Islands leader rejects hantavirus-hit cruise ship docking there,,10963,805,1778056200.0,0.97,False,reuters.com
1t56hsn,worldnews,Canada to pick between Swedish and U.S. radar planes to protect its skies,,339,63,1778054917.0,0.92,False,cbc.ca
1t56f0x,worldnews,Iran says it wants a 'comprehensive agreement' with US,,54,91,1778054635.0,0.76,False,reuters.com
1t564ri,worldnews,Ukrainian foreign minister on Russia breaching ceasefire: Putin cares only about parades,,781,29,1778053625.0,0.95,False,pravda.com.ua
1t564ok,worldnews,South Korea suspends review of Trump's call to participate in 'Project Freedom',,51,9,1778053618.0,0.83,False,reuters.com
1t55wlg,worldnews,"French vessel attacked in Strait of Hormuz, several crewmembers wounded",,7069,569,1778052794.0,0.97,False,jpost.com
1t55ff4,worldnews,China hosts Iran's top diplomat just days ahead of Trump's high-stakes visit,,77,1,1778051083.0,0.9,False,cnbc.com
1t5531q,worldnews,"Rachel Reeves and Scott Bessent argued in person about Iran war, sources say",,133,23,1778049904.0,0.89,False,theguardian.com
1t54igq,worldnews,Ecumenical Patriarch: Peace is never a given,,17,2,1778047938.0,0.68,False,ekathimerini.com
1t54dt3,worldnews,"Trump puts ‘Project Freedom’ on hold, saying he hopes to finalise a deal with Iran | US-Israel war on Iran | The Guardian",,113,99,1778047505.0,0.81,False,theguardian.com
1t52fbt,worldnews,Alberta independence activists are embroiled in voter data scandal,,241,47,1778041274.0,0.91,False,japantimes.co.jp
1t52cbe,worldnews,Australia and Fiji Agree New Security Treaty With Eye on China,,43,0,1778041021.0,0.78,False,bloomberg.com
1t5221e,worldnews,"/r/WorldNews Live Thread: Russian Invasion of Ukraine Day 1532, Part 1 (Thread #1679)",,513,124,1778040166.0,0.97,False,reddit.com
1t51x6g,worldnews,"As Ukraine seeks to edge China out of its drone supply chain, Taiwan emerges as a quiet player | Ukraine",,107,2,1778039787.0,0.87,False,theguardian.com
1t51rgd,worldnews,"""Mission is to preach peace "" says pope",,537,43,1778039309.0,0.93,False,bbc.com
1t51k33,worldnews,Latvian fuel prices rose by nearly 9% in April - Latvian Public Media,,28,6,1778038704.0,0.75,False,eng.lsm.lv
1t50soh,worldnews,S. Korea says likely to take days to analyze cause of fire on HMM-operated vessel in Strait of Hormuz,,22,1,1778036559.0,0.73,False,upi.com
1t50o3o,worldnews,The U.S. continues transferring aid to Israel even as it flouts American redlines in the West Bank.,,268,27,1778036226.0,0.75,False,theamericanconservative.com
1t50jhp,worldnews,Canadian fiddler sues Google after AI Overview wrongly claimed he was a sex offender,,5098,383,1778035867.0,0.98,False,theguardian.com
1t50h93,worldnews,Canadian province of Saskatchewan amends legislation to skirt federal gun buyback program,,72,7,1778035692.0,0.91,False,ctvnews.ca
1t50azd,worldnews,Trump advisers step up their calls on China to help open Strait of Hormuz ahead of Beijing summit,,53,44,1778035218.0,0.75,False,apnews.com
1t509cu,worldnews,"Australia commits $7 billion to boost fuel stockpiles, create government reserve",,61,6,1778035092.0,0.87,False,reuters.com
1t4zxg1,worldnews,Trump ally calls limits on S. Korea nuclear access ‘strategic mistake’,,40,1,1778034170.0,0.8,False,upi.com
1t4zta1,worldnews,Spain confirms it will receive hanta virus hit cruise ship in the Canary Islands,,99,21,1778033853.0,0.87,False,reuters.com
1t4zdej,worldnews,Companies must pay $200k after trucker's death on private forestry road,,55,2,1778032647.0,0.84,False,rnz.co.nz
1t4yth0,worldnews,Denso aims to build system to wirelessly charge moving EVs by FY 2029,,49,19,1778031169.0,0.86,False,mainichi.jp
1t4yptn,worldnews,Australian Government confirms ISIS brides returning to Australia from Syria,,149,29,1778030926.0,0.89,False,7news.com.au
1t4yl7t,worldnews,Carbon dioxide levels in the atmosphere just hit a ‘depressing’ record high,,5697,322,1778030568.0,0.97,False,scientificamerican.com
1t4y0ke,worldnews,India loses its last left-wing government after five decades.,,591,105,1778028992.0,0.82,False,ndtv.com
1t4x18o,worldnews,Religious donations in Japan slipping through political funding loophole,,57,1,1778026303.0,0.83,False,mainichi.jp
1t4vv03,worldnews,"Trump pauses U.S. bid to guide ships out of Strait of Hormuz, cites Iran deal progress",,8597,714,1778023272.0,0.95,False,cnbc.com
1t4ucnr,worldnews,Romanian government collapses after no-confidence vote,,249,15,1778019553.0,0.96,False,reuters.com
1t4u7ba,worldnews,"Rubio Says ‘Epic Fury’ Is Over, as Flare-Ups in Strait of Hormuz Tests Fragile Ceasefire",,1112,183,1778019189.0,0.94,False,time.com
1t4u0pc,worldnews,Suspected hantavirus cases to be evacuated from cruise ship,,243,107,1778018755.0,0.91,False,ctvnews.ca
1t4tan5,worldnews,Russian attacks kill more than 20 ahead of rival ceasefires proposed by Kyiv and Moscow,,670,36,1778017068.0,0.95,False,bbc.com
1t4tabw,worldnews,Romania’s pro-Europe government collapses after losing no-confidence vote.,,64,4,1778017047.0,0.86,False,en.nhandan.vn
1t4t0ug,worldnews,Defectors Describe Cracks Inside Iran’s Revolutionary Guard,,65,18,1778016438.0,0.7,False,alhurra.com
1t4sxa4,worldnews,Rubio says Israel-Lebanon peace deal is achievable but Hezbollah is a problem,,241,119,1778016206.0,0.79,False,jpost.com
1t4qs1s,worldnews,US State Department approves potential $373 million sale of JDAM precision-guided bombs to Ukraine,,3689,121,1778011510.0,0.97,False,unn.ua
1t4ql60,worldnews,Moscow shuts down airports and mobile signals as Victory Day parade looms | Russia,,3236,132,1778011124.0,0.98,False,theguardian.com
1t4p5xg,worldnews,Spanish Government accused of diverting EU Recovery Funds to pay pensions,,193,23,1778008077.0,0.87,False,brusselssignal.eu
1t4oxtf,worldnews,Golan: Zionist opposition must partner with Arab party Ra’am to topple government,,53,6,1778007619.0,0.73,False,timesofisrael.com
1t4ovag,worldnews,Brazil's Lula to raise organized crime in talks with Trump this week,,59,15,1778007474.0,0.88,False,reuters.com
1t4otf4,worldnews,"US okays potential $540 million C-17 support sale to Canada, State Department says",,219,77,1778007364.0,0.89,False,reuters.com
1t4o3yr,worldnews,Middle East ceasefire shattered as Iran strikes UAE and warns ‘we’re just getting started’,,8119,704,1778005889.0,0.96,False,independent.co.uk
1t4nw1z,worldnews,WHO Tracing Over 80 People on Flight Taken by Hantavirus Victim,,17411,1379,1778005419.0,0.97,False,manilatimes.net
1t4nrd1,worldnews,Iran's joint military command denies attacks on UAE,,81,19,1778005151.0,0.82,False,iranintl.com
1t4mh0f,worldnews,Israeli defense company Rafael close to buying Volkswagen plant,,115,36,1778002522.0,0.8,False,en.globes.co.il
1t4m4v0,worldnews,EU ammo supplier accused of profiteering with Soviet-era stockpiles sold at premium price to Ukraine,,313,28,1778001830.0,0.93,False,brusselssignal.eu
1t4m3pz,worldnews,Alberta separatist group says it has enough signatures to trigger referendum on leaving Canada,,0,80,1778001770.0,0.43,False,apnews.com
1t4lwpa,worldnews,Romania’s pro-Europe government collapses unleashing fresh turmoil,,47,3,1778001378.0,0.81,False,theguardian.com
1t4ljho,worldnews,"Erdoğan Ally Warns Greece, Cyprus and France: Cyprus Is “Turkey’s Security Depth”",,57,15,1778000639.0,0.82,False,newsbomb.gr
1t4ljgo,worldnews,Meta faces maximum €20bn fine from Irish regulator over ‘dark patterns’ from recommender systems,,692,39,1778000638.0,0.97,False,independent.ie
1t4l2xy,worldnews,"Unsettled Kremlin tightens security around Putin amid assassinations and coup fears, intel report says",,350,32,1777999707.0,0.93,False,cnn.com
1t4jrvl,worldnews,"Erdogan: EU cannot become global power without Turkey | Turkish leader claims Greece and Cyprus are the ""primary obstacles"" to Ankara’s EU membership.",,508,359,1777996970.0,0.8,False,ekathimerini.com
1t4joxw,worldnews,"Ecumenical Patriarch of Constantinople, Spiritual Leader of Eastern Orthodox Christianity, Visits Athens and Delivers Historic Speech to Greek Parliament",,33,4,1777996814.0,0.71,False,ekathimerini.com
1t4ivku,worldnews,Japan eyes 'early' transfer of used warships and aircraft to Philippines,,112,2,1777995109.0,0.93,False,japantimes.co.jp
1t4iv2r,worldnews,"On Tuesday, the Sudanese government recalled its ambassador from Ethiopia, accusing Addis Ababa and the UAE of being behind an attack on Khartoum International Airport that forced authorities to suspend operations for three days.",,39,5,1777995077.0,0.8,False,aljazeera.com
1t4ifzl,worldnews,Zelensky Accuses Putin of ‘Utter Cynicism’ After Russia hits Ukraine Energy Plants Despite Cease-Fire Claims,,873,13,1777994178.0,0.97,False,time.com
1t4hy3m,worldnews,EU Parliament votes in favour of banning conversion therapy across member states,,3940,118,1777993125.0,0.98,False,europarl.europa.eu
1t4hivv,worldnews,"Amnesty International: Rampant ADF abuses against civilians ‘war crimes which the world must not continue to ignore’. Civilians killed, abducted and tortured in sustained campaign of violence",,145,6,1777992216.0,0.87,False,amnesty.org
1t4hd93,worldnews,Ukrainian Ambassador to Israel warns 'Post' about country's 'growing frustration' with grain issue,,143,38,1777991862.0,0.83,False,yahoo.com
1t4h56a,worldnews,"UAE says air defenses responding to Iran missile, drone attacks",,59,4,1777991358.0,0.81,False,iranintl.com
1t4h4q4,worldnews,"UAE restricts airspace after Iranian missile, drone attack",,141,8,1777991331.0,0.93,False,reuters.com
1t4gszc,worldnews,Zimbabwe Starts Trials to Blend Ethanol and Diesel to Cut Energy Costs,,109,35,1777990641.0,0.89,False,bloomberg.com
1t4gswr,worldnews,Palestine Action activists guilty of Elbit Systems site raid,,560,195,1777990637.0,0.85,False,bbc.co.uk
1t4gsam,worldnews,"Human to human hantavirus transmission suspected on cruise but risk to public low, WHO says",,100,39,1777990598.0,0.85,False,reuters.com
1t4gret,worldnews,Nepal lodges protest against India over long-running border dispute,,43,8,1777990542.0,0.79,False,news.yahoo.com
1t4gjg8,worldnews,UN warns of ‘unprecedented’ crisis for seafarers in Persian Gulf as war strands crews at sea | CNN,,45,3,1777990052.0,0.77,False,cnn.com
1t4gemi,worldnews,US says Iran ceasefire holds despite exchange of fire in Gulf,,71,37,1777989753.0,0.82,False,reuters.com
1t4gai9,worldnews,Egypt continues to receive Ukrainian grain stolen by Russia,,3246,73,1777989516.0,0.96,False,pravda.com.ua
1t4g8qv,worldnews,Carney picks former Supreme Court justice Louise Arbour to be governor general: sources,,164,62,1777989402.0,0.89,False,cbc.ca
1t4g0r9,worldnews,Amsterdam bans public adverts for meat and fossil fuels,,207,50,1777988904.0,0.84,False,bbc.co.uk
1t4g0gh,worldnews,Kia CEO signals price cuts in Europe to fend off Chinese competition,,294,74,1777988885.0,0.94,False,reuters.com
1t4fyl2,worldnews,"Pakistan Navy assists Indian vessel stranded in Arabian Sea, provides emergency supplies",,285,87,1777988764.0,0.77,False,indianexpress.com
1t4fvsd,worldnews,"UK sanctions Russian individuals, entities responsible for exploiting migrants in its war effort",,80,6,1777988585.0,0.91,False,kyivindependent.com
1t4fpk3,worldnews,Russia declares a truce in Ukraine to mark Victory Day. Kyiv says it’ll cease fire two days earlier,,1115,84,1777988178.0,0.95,False,apnews.com
1t4fgyh,worldnews,"Hegseth says 'the ceasefire is not over' after U.S., Iran exchange fire",,3602,280,1777987635.0,0.96,False,cnbc.com
1t4drrn,worldnews,Police investigate suspected arson attack at former synagogue in east London,,58,11,1777983514.0,0.77,False,theguardian.com
1t4dhe1,worldnews,Iran introduces punitive visa requirements for Lebanese after Beirut cancels bilateral agreement,,71,6,1777982747.0,0.82,False,jpost.com
1t4d8wh,worldnews,Zelenskyy slams Russia's ‘utter cynicism’ as strikes kill 5 in Ukraine before brief truce takes hold,,1069,24,1777982140.0,0.96,False,apnews.com
1t4d89a,worldnews,Romanian socialists and far right topple government,,3060,322,1777982090.0,0.96,False,politico.eu
1t4d6y8,worldnews,"Iran sentences at least 30 January protest detainees to death, secretly executes 13",,124,10,1777981991.0,0.87,False,hengaw.net
1t4c9jg,worldnews,US strikes Iranian fast boats as Iran attacks UAE oil facility,,461,47,1777979389.0,0.92,False,yahoo.com
1t4c5lv,worldnews,Taiwan's president says state visits are 'basic right' after trip he says Beijing tried to block,,145,5,1777979068.0,0.88,False,apnews.com
1t4bfcx,worldnews,"Human-to-human transmission suspected on board hantavirus cruise ship, WHO says | CNN",,9113,690,1777976862.0,0.95,False,edition.cnn.com
1t4az68,worldnews,"Inciting antisemitism will not be tolerated, Starmer warns Iran",,81,120,1777975427.0,0.63,False,bbc.com
1t4atle,worldnews,"Poland wants more US troops but not at Germany’s expense, says Tusk",,136,53,1777974932.0,0.86,False,notesfrompoland.com
1t4arup,worldnews,"Poland, UK to sign defence treaty in late May",,343,26,1777974757.0,0.94,False,polskieradio.pl
1t4ap2r,worldnews,Poland in talks with US on boosting capabilities as troops may leave Germany,,41,11,1777974497.0,0.74,False,polskieradio.pl
1t499is,worldnews,Iran secretly buries executed Swedish citizen at site linked to mass graves,,2894,138,1777969434.0,0.92,False,iranintl.com
1t49570,worldnews,Trump's Germany troop cuts show limits of NATO efforts to keep US on board,,0,31,1777968994.0,0.4,False,reuters.com
1t48vxl,worldnews,Iran’s internet blackout enters tenth week amid ongoing conflict,,172,30,1777968050.0,0.91,False,cryptobriefing.com
1t47kvy,worldnews,British crew member in need of urgent medical care amid suspected hantavirus outbreak on cruise ship,,211,45,1777963382.0,0.9,False,theguardian.com
1t479zq,worldnews,Unacceptable: India condemns Iran's attack on Fujairah that injured 3 Indians,,149,20,1777962339.0,0.83,False,indiatoday.in
1t452h9,worldnews,Poisonous black rain falls in Russia as Ukraine strikes oil facilities,,4366,182,1777955275.0,0.97,False,washingtonpost.com
1t44jxr,worldnews,"/r/WorldNews Live Thread: Russian Invasion of Ukraine Day 1531, Part 1 (Thread #1678)",,508,138,1777953759.0,0.95,False,reddit.com
1t445m4,worldnews,US intelligence indicates limited new damage to Iran's nuclear program,,387,60,1777952612.0,0.9,False,reuters.com
1t42y6f,worldnews,South Korean-operated vessel ablaze in Strait of Hormuz; Trump says Iran fired at ship,,5824,330,1777949227.0,0.97,False,reuters.com
1t42hpn,worldnews,China: 21 dead after explosion at fireworks factory,,254,28,1777948035.0,0.92,False,bbc.com
1t41o72,worldnews,Ukrainian drone hits upmarket Moscow high-rise ahead of Victory Day celebrations,,1241,40,1777945865.0,0.96,False,bbc.com
1t41dke,worldnews,Iran Fires Missiles at UAE in First Attack Since Ceasefire,,248,53,1777945079.0,0.9,False,bloomberg.com
1t41c1s,worldnews,2 U.S. Navy destroyers transit Strait of Hormuz after dodging Iranian onslaught,,8004,1046,1777944969.0,0.93,False,cbsnews.com
1t40zk7,worldnews,Carney to name Canada's next governor general on Tuesday: sources,,56,17,1777944055.0,0.79,False,cbc.ca
1t40k1l,worldnews,EU in Talks With Anthropic to Get Banks Tested for Mythos Flaws,,71,29,1777942911.0,0.84,False,bloomberg.com
1t403kc,worldnews,Trump urges South Korea to join Iran war after ship fired upon,,18,12,1777941701.0,0.71,False,thehill.com
1t3zmh4,worldnews,"Japan and Australia agree to deepen cooperation on energy, defense and critical minerals",,113,24,1777940460.0,0.93,False,apnews.com
1t3zfjp,worldnews,"NYT: With World Distracted by War, Extremist Settlers Intensify Attacks in West Bank",,147,61,1777939954.0,0.63,False,nytimes.com
1t3z180,worldnews,Putin and Zelensky both unilaterally declare conflicting 2-day truces,,2119,83,1777938956.0,0.93,False,france24.com
1t3yz8a,worldnews,"Kenya, Tanzania sign eight agreements to deepen ties, boost trade",,53,5,1777938813.0,0.84,False,kbc.co.ke
1t3y799,worldnews,A citizen campaign returns iconic kiwi birds to New Zealand's capital after a century-long absence,,235,7,1777936852.0,0.95,False,apnews.com
1t3xjhg,worldnews,UAE accuses Iran of renewed drone and missile attacks,,242,30,1777935224.0,0.92,False,bbc.com
1t3w6xh,worldnews,"Iran fires on U.S. ships in Strait of Hormuz, in threat to ceasefire",,2079,183,1777932053.0,0.95,False,washingtonpost.com
1t3v09b,worldnews,"Oil prices jump 6% as Iran sets UAE oil port ablaze, strikes vessels in Strait of Hormuz",,11636,480,1777929352.0,0.98,False,reuters.com
1t3uofd,worldnews,WHO reports three deaths on Atlantic cruise ship due to suspected hantavirus outbreak; five more cases under investigation.,,942,62,1777928635.0,0.96,False,globalissues.org
1t3uko5,worldnews,Zambia says US health deal must be uncoupled from minerals access,,611,87,1777928413.0,0.93,False,reuters.com
1t3tthg,worldnews,Ukraine Declares Ceasefire From Midnight Overnight May 5–6,,2813,89,1777926812.0,0.96,False,united24media.com
1t3tjyr,worldnews,"Costa Rica’s top newspaper says US revoked visas of its executives, prompting press freedom concerns",,439,4,1777926249.0,0.94,False,apnews.com
1t3te8s,worldnews,Trump says South Korea should join mission to protect ships near Iran,,44,66,1777925910.0,0.67,False,reuters.com
1t3srcc,worldnews,UAE reports missile and drone strikes incoming from Iran | News,,150,9,1777924587.0,0.93,False,aljazeera.com
1t3sdqq,worldnews,"Pirates Hijack Oil Tanker Off Somalia, Fueling Security Concerns",,410,62,1777923786.0,0.94,False,allafrica.com
1t3rsoz,worldnews,"Ghana rejects proposed US health aid deal, citing data concerns",,98,0,1777922558.0,0.89,False,reuters.com
1t3rhjw,worldnews,"US Destroys 6 Iranian Small Boats, Shoots Down Missiles And Drones",,549,152,1777921908.0,0.9,False,ndtv.com
1t3qsng,worldnews,"Putin declares May 8-9 ceasefire with Ukraine to mark WWII anniversary, Defence Ministry says",,5788,375,1777920489.0,0.95,False,reuters.com
1t3qqb6,worldnews,The UAE says Iran resumes attacks as the U.S. moves to reopen the Strait of Hormuz,,132,27,1777920352.0,0.91,False,npr.org
1t3oozy,worldnews,U.A.E. says Iran has resumed attacks as U.S. moves to reopen Strait of Hormuz,,1126,155,1777916112.0,0.96,False,cbc.ca
1t3oe7i,worldnews,Army tank brigade readies for Europe deployment amid US troop cut plans in Germany,,56,4,1777915504.0,0.84,False,stripes.com
1t3o1at,worldnews,Israel Said to Have Helped Defend Emirates in Iran War With Iron Dome,,543,108,1777914760.0,0.83,False,nytimes.com
1t3nsud,worldnews,Attack Targets Residential Building in Oman’s Bukha; Two Injured,,48,1,1777914271.0,0.86,False,arabtimesonline.com
1t3nq9j,worldnews,"U.S. says Iran fired missiles and drones to target American ships, no vessels struck",,145,54,1777914124.0,0.93,False,nbcnews.com
1t3nhiu,worldnews,"Record amount of cocaine seized from ship in Atlantic Ocean by Spanish police, union says",,112,21,1777913635.0,0.91,False,cbsnews.com
1t3ndjq,worldnews,Three Indian citizens wounded in Iranian drone attack on UAE oil facility,,184,32,1777913407.0,0.92,False,jpost.com
1t3nd47,worldnews,"Astronomers believe they’ve detected an atmosphere around a tiny, icy world beyond Pluto",,205,20,1777913384.0,0.93,False,apnews.com
1t3n4y9,worldnews,Fujairah oil zone hit by fire after drone attack as UAE says it intercepted Iran missiles,,58,4,1777912915.0,0.89,False,reuters.com
1t3n3vc,worldnews,"US Admiral: Iran Launched Cruise Missiles at Our Ships, We Destroyed 6 Small Boats",,2752,277,1777912852.0,0.95,False,ynetnews.com
1t3mrzz,worldnews,"Brazil, Bahamas Eliminate Mother-to-Child HIV Transmission of HIV",,175,3,1777912179.0,0.95,False,idse.net
1t3mp9i,worldnews,U.S. military denies Iran's claim it struck American warship in Strait of Hormuz,,298,92,1777912023.0,0.89,False,cnbc.com
1t3mfi3,worldnews,"US official says China is ‘funding’ Iran, urges Beijing to help open Hormuz",,319,95,1777911441.0,0.86,False,aljazeera.com
1t3m3pw,worldnews,Mexican governor and mayor indicted by US for drug trafficking step down,,53,0,1777910758.0,0.84,False,apnews.com
1t3lohm,worldnews,"Car rams into crowd of people in German city of Leipzig, Focus Online reports",,3170,422,1777909887.0,0.96,False,reuters.com
1t3l6we,worldnews,German defence ministry says no 'definitive cancellation' of US weapons deployment,,46,7,1777908849.0,0.86,False,reuters.com
1t3l208,worldnews,Finnish parliament strikes down initiative aimed at restricting weapons purchases from Israel,,135,4,1777908558.0,0.89,False,jpost.com
1t3kwgh,worldnews,UAE says it intercepted Iranian missiles for first time since ceasefire began,,2292,362,1777908230.0,0.96,False,cnbc.com
1t3ksb9,worldnews,Chinese consulate met Vancouver official in bid to stop event critical of communist rule,,81,29,1777907993.0,0.83,False,globalnews.ca
1t3kjl6,worldnews,"As economic despair mounts, Russian official admits the country has had enough of Putin's war on Ukraine. ""We can’t even take one region""",,23220,958,1777907483.0,0.97,False,fortune.com
1t3kar6,worldnews,Iran executes three men in relation to January anti-regime protests,,130,15,1777906973.0,0.87,False,theguardian.com
1t3k8zl,worldnews,"Europe will not submit to an ‘insular and brutal world’, says Carney",,445,39,1777906872.0,0.9,False,theguardian.com
1t3k570,worldnews,India loses its last left-wing government after five decades,,810,112,1777906655.0,0.85,False,aljazeera.com
1t3jwep,worldnews,Sweden arrests Chinese captain of suspected Russia-linked vessel,,248,3,1777906121.0,0.95,False,reuters.com
1t3jfnm,worldnews,Volodymyr Zelenskyy warned that Ukrainian drones may target Russia’s May 9 Victory Day parade in Moscow,,24340,689,1777905105.0,0.97,False,tvpworld.com
1t3jers,worldnews,Iran says ships being ‘guided’ by US through Hormuz must work with its armed forces,,68,18,1777905054.0,0.83,False,theguardian.com
1t3j6nl,worldnews,"Modi's BJP conquers Bengal, one of India's toughest political frontiers",,3,11,1777904573.0,0.52,False,bbc.com
1t3izvi,worldnews,Korean-operated vessel reports damage in Hormuz; no casualties,,73,5,1777904175.0,0.93,False,koreaherald.com
1t3iijt,worldnews,Ukraine hits 2 Russian shadow fleet vessels near Novorossiysk port,,1404,14,1777903118.0,0.98,False,kyivindependent.com
1t3ieh9,worldnews,Indonesian govt defends Cabinet Secretary after politician claims he is gay and unfit for the job,,39,4,1777902862.0,0.79,False,thestar.com.my
1t3hi2l,worldnews,Archives see surge in Americans requesting family records to access Canadian citizenship,,190,33,1777900742.0,0.88,False,cbc.ca
1t3h6d9,worldnews,Samsung family pays off record $8bn inheritance tax bill,,2353,245,1777899979.0,0.97,False,bbc.com
1t3h683,worldnews,Evacuations planned as suspected hantavirus outbreak traps 150 on ship off Cape Verde,,3929,289,1777899970.0,0.98,False,yahoo.com
1t3gkf7,worldnews,UK food prices on track to rise by 50% since start of cost of living crisis,,303,58,1777898520.0,0.92,False,theguardian.com
1t3gb6j,worldnews,West Bengal: Modi's BJP conquers one of India's toughest political frontiers,,151,101,1777897858.0,0.77,False,bbc.com
1t3g92b,worldnews,Cuba tensions on agenda as Rubio to meet Pope Leo XIV,,57,8,1777897710.0,0.81,False,usatoday.com
1t3g1vv,worldnews,"Russian missile attack kills five in Ukraine's Kharkiv region, officials say",,129,0,1777897177.0,0.92,False,reuters.com
1t3fucp,worldnews,"EU ready to respond to Trump tariff threat, Pierrakakis says",,127,10,1777896635.0,0.91,False,ekathimerini.com
1t3flh8,worldnews,"Tehran regime executes three protesters, one 'without evidence'",,664,112,1777896012.0,0.85,False,euronews.com
1t3fh72,worldnews,UAE condemns targeting of Adnoc-affiliated tanker in Hormuz,,42,0,1777895695.0,0.83,False,thenationalnews.com
1t3fgnm,worldnews,"US calls Taiwan 'trusted and capable partner', praises its ties with Eswatini",,63,4,1777895654.0,0.8,False,reuters.com
1t3fbrs,worldnews,Taiwan president defiant as he begins Eswatini trip; China calls him a 'rat',,75,23,1777895274.0,0.85,False,reuters.com
1t3fazy,worldnews,"Iran claims hitting a US Navy vessel, Washington denies it",,813,311,1777895212.0,0.9,False,trtworld.com
1t3f9g9,worldnews,"'Low' risk to public of hantavirus after cruise ship deaths, WHO says",,40,4,1777895092.0,0.84,False,rfi.fr
1t3evvw,worldnews,India successfully tests its indigenously developed long-range anti-ship hypersonic missile off Odisha,,2618,251,1777893994.0,0.93,False,timesofindia.indiatimes.com
1t3et7g,worldnews,Flight data bolsters claim China Eastern plane was deliberately crashed in 2022,,129,8,1777893784.0,0.93,False,cnn.com
1t3envm,worldnews,US-led task force tells ships to reroute on first day of new effort to reopen the Strait of Hormuz,,385,96,1777893347.0,0.93,False,apnews.com
1t3ef27,worldnews,Finland joins Ukraine's Corpus arms procurement group,,180,4,1777892618.0,0.97,False,yle.fi
1t3e4up,worldnews,"Indonesia, Japan Seal Defense Pact as Tokyo Lifts Lethal Arms Export Ban",,104,2,1777891772.0,0.93,False,jakartaglobe.id
1t3dy39,worldnews,"Orpo and Zelensky talk UAV incursions, sign 'Drone Deal' agreement",,52,2,1777891165.0,0.88,False,yle.fi
1t3dlw7,worldnews,Swiss intelligence service opens access to Mengele file,,95,5,1777890077.0,0.93,False,swissinfo.ch
1t3d9w1,worldnews,"UK joining Ukraine loan scheme would be good for EU ties, Starmer says",,255,54,1777888993.0,0.92,False,bbc.com
1t3d7gh,worldnews,US evacuates 22 crew members on seized Iranian ship to Pakistan,,288,14,1777888790.0,0.91,False,reuters.com
1t3d6tw,worldnews,Thousands held by paramilitary RSF in Sudan’s el-Fasher: NGO,,39,1,1777888732.0,0.82,False,aljazeera.com
1t3d5uk,worldnews,Iran activates air defences as Trump faces congressional deadline,,82,7,1777888638.0,0.8,False,al-monitor.com
1t3d3qr,worldnews,"Butsayev Becomes Russia’s First Senior Official to Flee Prosecution Since 2024, Sources Say",,47,3,1777888440.0,0.9,False,sofx.com
1t3d0iw,worldnews,Canada commits $270M to Ukraine as Carney addresses European summit in Armenia,,419,26,1777888136.0,0.92,False,ctvnews.ca
1t3cxad,worldnews,Australia begins hearings into Bondi Beach attack and rising antisemitism,,87,93,1777887825.0,0.74,False,reuters.com
1t3cvi0,worldnews,"Yen rises sharply before unwinding, intervention remains on radar of markets",,34,1,1777887648.0,0.82,False,reuters.com
1t3csqm,worldnews,Iran: US Hormuz escort plan would breach ceasefire,,105,21,1777887376.0,0.84,False,jpost.com
1t3cca7,worldnews,Canada to be first non-European nation at EPC summit as Carney seeks allies | Canada,,116,3,1777885795.0,0.94,False,theguardian.com
1t3c82z,worldnews,Somali pirate and Houthi alliance targets $1T oil trade route with revived hijack tactic,,75,4,1777885399.0,0.84,False,foxnews.com
1t3c3qj,worldnews,"Crew of Iranian ship seized by US forces evacuated to Pakistan, gov’t says",,31,2,1777884998.0,0.76,False,aljazeera.com
1t3c23e,worldnews,Drone Attack Targets Moscow Building Just Miles Away From Kremlin,,8533,115,1777884833.0,0.98,False,united24media.com
1t3beup,worldnews,Austria expels three Russian diplomats over signals spying,,743,25,1777882457.0,0.97,False,reuters.com
1t3b9ve,worldnews,Iran’s killer drones increase slaughter in Sudan amid world’s forgotten war,,113,29,1777881955.0,0.86,False,wfmd.com
1t3ajqf,worldnews,Iran Threatens to Attack US Navy if it Enters Strait of Hormuz,,3897,289,1777879325.0,0.96,False,turkiyetoday.com
1t3a7u5,worldnews,Greece leads the eurozone in fastest debt reduction.,,804,94,1777878156.0,0.95,False,tovima.com
1t3a7ip,worldnews,"Australia and Japan sign agreements on energy, defence and critical minerals",,73,13,1777878125.0,0.88,False,abc.net.au
1t3a298,worldnews,Iran warns US Navy to stay clear of Hormuz after Trump says US to help stranded ships,,153,43,1777877630.0,0.88,False,reuters.com
1t39w7e,worldnews,"For the first time in the history of the Reporters Without Borders (RSF) World Press Freedom Index, over half of the world’s countries now fall into the “difficult” or “very serious” categories for press freedom.",,1155,43,1777877028.0,0.95,False,rsf.org
1t38wqt,worldnews,Denmark faces data center reckoning as power grid overwhelmed by surging demand,,2195,192,1777873644.0,0.97,False,cnbc.com
1t38q15,worldnews,Japan sees largest protest in support of pacifist constitution as PM Takaichi pushes revisions,,1277,138,1777873025.0,0.93,False,theguardian.com
1t36xhr,worldnews,"/r/WorldNews Live Thread: Russian Invasion of Ukraine Day 1530, Part 1 (Thread #1677)",,559,176,1777867363.0,0.96,False,reddit.com
1t36elc,worldnews,LFI's Mélenchon to stand in 2027 French presidential election,,27,5,1777865815.0,0.71,False,france24.com
1t35j9b,worldnews,Turkey boosts Mali defense ties after separatist and jihadist attacks,,52,1,1777863269.0,0.82,False,rfi.fr
1t3394v,worldnews,Poland’s president plans constitution rewrite,,215,97,1777857027.0,0.81,False,politico.eu
1t32u3m,worldnews,Jordan targets drug factories and warehouses in new security operation,,64,2,1777855914.0,0.87,False,thenationalnews.com
1t323f3,worldnews,"Scientists discover 27 potential new planets that orbit two stars in solar systems far, far away",,667,41,1777853865.0,0.95,False,theguardian.com
1t31ta5,worldnews,Former Malian minister and junta critic abducted from home by armed men,,51,1,1777853101.0,0.83,False,pbs.org
1t31i9y,worldnews,"Korea weighs Hormuz mission options led by US, UK-France coalitions",,39,10,1777852311.0,0.76,False,koreatimes.co.kr
1t31gns,worldnews,"Germany calls on Iran to abandon nuclear weapons, urges to reopen Hormuz",,1869,339,1777852191.0,0.92,False,newsukraine.rbc.ua
1t30tvs,worldnews,"Philippines, Japan conduct live-fire drills for the first time",,343,7,1777850485.0,0.95,False,philstar.com
1t2zygv,worldnews,"Rubio to visit Vatican, Rome this week",,23,22,1777848222.0,0.62,False,euractiv.com
1t2zocy,worldnews,The US is no longer the leader: Germany has become the largest ammunition producer in the world,,25906,973,1777847508.0,0.94,False,prm.ua
1t2zhw4,worldnews,Iran war: Trump says US to 'guide ships safely' from Hormuz,,724,234,1777847054.0,0.91,False,dw.com
1t2z41l,worldnews,"Nobel laureate Mohammadi remains in critical condition in Iran, foundation says",,230,4,1777846100.0,0.93,False,reuters.com
1t2wsr9,worldnews,Trump rejects Iran’s proposal to end war as back-channel talks stall,,652,130,1777840597.0,0.92,False,trtworld.com
1t2wsp9,worldnews,Nigeria summons South Africa envoy over xenophobic incidents,,89,20,1777840594.0,0.89,False,dw.com
1t2wkd0,worldnews,Swedish coast guard seizes suspected false flag tanker in Baltic Sea,,2111,27,1777840072.0,0.98,False,reuters.com
1t2wako,worldnews,Israel delivers Tamir interceptors to US Marine Corps for MRIC program,,53,1,1777839441.0,0.72,False,breakingdefense.com
1t2w6p6,worldnews,Iran has proposed a 14-point plan to the US to end the war within 30 days,,5318,831,1777839197.0,0.95,False,unn.ua
1t2w4cy,worldnews,Drone Strike in Central Sudan Kills Nine Family Members of Pro-Army Commander,,37,1,1777839052.0,0.81,False,africa.dailynewsegypt.com
1t2vrtu,worldnews,Russian strikes kill 10 as Zelensky says Ukraine hits oil tankers,,113,3,1777838277.0,0.89,False,bbc.com
1t2vn2b,worldnews,Iran says US has responded to its latest peace proposal,,146,58,1777837982.0,0.82,False,bbc.com
1t2vc71,worldnews,Illegal Miners Loot Amazon Rainforest for Critical Minerals,,194,6,1777837301.0,0.95,False,nytimes.com
1t2uxww,worldnews,"Ukraine offers Finland a drone deal, Zelenskiy says",,2045,36,1777836406.0,0.97,False,reuters.com
1t2ukyf,worldnews,Three dead in suspected hantavirus outbreak on Atlantic cruise ship,,22707,1415,1777835596.0,0.97,False,bbc.com
1t2uamm,worldnews,‘I would be very pleased’: PM Carney invited to address European Parliament,,515,52,1777834966.0,0.93,False,ctvnews.ca
1t2tb7y,worldnews,German chancellor downplays row with Trump after troop drawdown announced,,114,42,1777832816.0,0.82,False,reuters.com
1t2rqjz,worldnews,Scott Bessent says US tightening economic pressure on Iran to hit oil revenues,,105,51,1777829352.0,0.76,False,financialexpress.com
1t2q8vp,worldnews,Iran pushes for war’s end but Trump says it hasn’t ‘paid a big enough price’,,948,338,1777826034.0,0.88,False,globalnews.ca
1t2q0br,worldnews,A cargo ship near Strait of Hormuz reports being attacked as Iran makes new peace proposal,,238,14,1777825500.0,0.92,False,apnews.com
1t2pknk,worldnews,Magyar defends appointing brother-in-law as justice minister,,485,132,1777824508.0,0.88,False,politico.eu
1t2pdys,worldnews,Taiwan president visits Eswatini after blaming China for previous cancelled trip,,85,12,1777824082.0,0.85,False,bbc.com
1t2p4yo,worldnews,"Syria state TV reports Jordanian strikes on drug, weapons storage in south",,58,4,1777823516.0,0.81,False,english.alarabiya.net
1t2ownb,worldnews,Austrian police detain suspect in case of rat poison found in baby food jars on supermarket shelves,,714,70,1777822982.0,0.96,False,apnews.com
1t2oef7,worldnews,"China Joins South Korea, India, Thailand, Nepal, Indonesia, Philippines, and Other Asian Nations in Struggling with Rising Jet Fuel Costs and Energy Shortages, Significantly Impacting Aviation, Tourism, and Regional Connectivity - Travel And Tour World",,57,16,1777821832.0,0.72,False,travelandtourworld.com
1t2niou,worldnews,Forty Children On Bus In Ukraine Narrowly Escape Russian Drone Strike,,2384,26,1777819838.0,0.97,False,rferl.org
1t2lclf,worldnews,International Atomic Energy Agency (IAEA) says a drone targeted Zaporizhzhia nuclear power plant's external radiation control laboratory,,147,4,1777814536.0,0.94,False,reuters.com
1t2l32f,worldnews,Cuban Foreign Minister Rejects Warship Threats,,70,7,1777813845.0,0.79,False,livemint.com
1t2l31l,worldnews,Peru opens human trafficking probe over citizens lured to fight in Russian army,,3683,44,1777813843.0,0.98,False,tvpworld.com
1t2l0xm,worldnews,"Samsung family pays record W12tr ($8 billion) tax, tightens grip on group",,3554,147,1777813688.0,0.98,False,koreaherald.com
1t2ktos,worldnews,Mexican governor and mayor indicted by US for drug trafficking step down | Mexico,,259,9,1777813182.0,0.94,False,theguardian.com
1t2kg90,worldnews,"Attributed to Banksy, a New Statue of a Suited Man, Blinded by a Flag and Walking Off a Ledge, Appeared in Central London",,2255,147,1777812218.0,0.93,False,smithsonianmag.com
1t2kajd,worldnews,"Ukraine on Sunday launched a wave of strikes against Russian oil targets, hitting a key loading port on the Baltic Sea and two tankers that Ukraine alleges were illegally used to transport Russian crude",,7479,191,1777811795.0,0.97,False,apnews.com
1t2gyb2,worldnews,"2 foreign nationals die after falling from height in separate cases at KLIA Terminal 2, alleged negligence by Malaysian Airport staff that escalated situation",,82,10,1777801168.0,0.79,False,straitstimes.com
1t2gp4i,worldnews,Iran submits 14-point response to U.S. proposal to end war,,1546,361,1777800262.0,0.93,False,npr.org
1t2g61i,worldnews,Iran executes political prisoner Mehrab Abdollahzadeh,,821,95,1777798394.0,0.89,False,iranintl.com
1t2fwyy,worldnews,"Post Oct. 7 world: Israel to purchase 100 F-35s, 50 new F-15s, doubling fleet sizes",,5273,829,1777797487.0,0.87,False,jpost.com
1t2frjp,worldnews,China blocks US sanctions against five ‘teapot’ refineries,,58,9,1777796940.0,0.77,False,aljazeera.com
1t2eja5,worldnews,"UK Returns Ancient Uzbek Artifacts After ""Operation Inherent Vice”",,80,41,1777792708.0,0.78,False,prnewswire.co.uk
1t2cquq,worldnews,Ukraine's President Zelenskyy says Slovak Prime Minister Fico changed his view on Ukraine's EU accession,,1220,46,1777786735.0,0.96,False,europeaninterest.eu
1t2ciq7,worldnews,Taiwan president defiant as begins Eswatini trip; China calls him a 'rat',,344,105,1777786001.0,0.86,False,reuters.com
1t2b3rp,worldnews,UAE lifts all air traffic restrictions introduced since Iran war,,340,19,1777781475.0,0.92,False,aljazeera.com
1t2axjq,worldnews,"/r/WorldNews Live Thread: Russian Invasion of Ukraine Day 1529, Part 1 (Thread #1676)",,545,125,1777780969.0,0.95,False,reddit.com
1t2a795,worldnews,"Fighting reaches outskirts of Kostiantynivka, a Ukrainian stronghold",,113,6,1777778707.0,0.88,False,reuters.com
1t29d2y,worldnews,China calls US hypocritical for expressing concern over Panama's sovereignty,,295,65,1777776249.0,0.84,False,apnews.com
1t28j0u,worldnews,Governor of Mexico’s Sinaloa state steps down after US drug indictment,,279,13,1777773868.0,0.96,False,cnn.com
1t28eog,worldnews,Iranian Nobel Peace Prize laureate Narges Mohammadi hospitalized after health crisis in prison,,150,8,1777773540.0,0.9,False,pbs.org
1t28add,worldnews,Austria: Police arrest suspect over poisoned HiPP baby food,,65,6,1777773197.0,0.86,False,dw.com
1t284le,worldnews,Poland's prime minister condemns NATO 'disintegration' as Trump says US will further reduce troop presence in Europe,,1848,142,1777772751.0,0.96,False,kyivindependent.com
1t27eah,worldnews,Oil tanker hijacked off coast of Yemen and taken towards Somalia,,460,49,1777770683.0,0.95,False,bbc.com
1t27cwt,worldnews,U.S. Fast-Tracks Arms Deals Valued at $8.6 Billion to Mideast Partners,,93,18,1777770578.0,0.85,False,nytimes.com
1t26w9q,worldnews,Timmy the Stranded Whale Is Released After an Elaborate Rescue,,183,13,1777769272.0,0.9,False,nytimes.com
1t26nl6,worldnews,"Avi Lewis, New Socialist Leader of Canada’s NDP: “Life Just Doesn’t Have to Be So Grindingly Unfair”",,1471,273,1777768595.0,0.9,False,democracynow.org
1t25woc,worldnews,Trump says there is possibility US could restart strikes on Iran,,897,165,1777766509.0,0.9,False,reuters.com
1t24sko,worldnews,US-Israel talks to discuss shifting military aid funding to joint defense partnership,,46,21,1777763491.0,0.69,False,jpost.com
1t24jqk,worldnews,Jordanians Struggle as Mideast Wars Scare Tourists Away,,160,34,1777762851.0,0.89,False,nytimes.com
1t247n0,worldnews,President Trump says he is reviewing a new Iranian proposal to end the war,,1306,392,1777761972.0,0.87,False,apnews.com
1t246df,worldnews,Dutch group seeks court block on U.S. takeover of DigiD provider,,90,5,1777761880.0,0.9,False,nltimes.nl
1t2418w,worldnews,"Palestinian schoolboy among two killed by Israeli settlers, amid spate of attacks on education in the West Bank",,26,29,1777761499.0,0.53,False,cnn.com
1t23idp,worldnews,"Ship allegedly carrying stolen Ukrainian grain seen sailing away from Israel, after importer refuses to unload cargo",,3617,86,1777760152.0,0.97,False,cnn.com
1t21fmm,worldnews,"South Korea's zoos face reckoning after repeated deaths, escapes",,166,19,1777755079.0,0.9,False,koreatimes.co.kr
1t20iwq,worldnews,"IDF chief slams ‘unethical’ conduct by soldiers; cites smashing of Jesus statue, inciteful insignia",,1260,282,1777752949.0,0.86,False,timesofisrael.com
1t1zpbo,worldnews,Iran says conflict with US 'likely' to restart after Donald Trump rejects deal,,570,46,1777751031.0,0.93,False,jpost.com
1t1ze4h,worldnews,"Hamas completes Gaza voting for general political bureau head, winner to be announced - report",,56,8,1777750307.0,0.75,False,jpost.com
1t1ynfr,worldnews,Seven people die in hospital wall collapse in southern India,,91,4,1777748634.0,0.85,False,reuters.com
1t1y7yj,worldnews,Iran military official says war with with US ‘likely’ to restart as Trump 'not satisfied' with Tehran's proposal,,2734,259,1777747664.0,0.96,False,hindustantimes.com
1t1y041,worldnews,Mexican governor steps aside after US accusations of cartel ties,,113,1,1777747170.0,0.94,False,reuters.com
1t1xu4u,worldnews,US bypasses congressional review for military sales of $8.6 billion to Middle East allies,,9635,323,1777746793.0,0.97,False,jpost.com
1t1x6di,worldnews,"Boy, 14, shot dead by Israeli settlers in West Bank amid escalation in violence",,379,240,1777745300.0,0.61,False,nbcnews.com
1t1wl7g,worldnews,"Jailed Nobel laureate's life at risk if she is not released from Iranian custody, Nobel committee chief says",,178,5,1777743994.0,0.91,False,cbc.ca
1t1wf95,worldnews,"Mexico City is sinking so quickly, it can be seen from space",,7357,320,1777743626.0,0.96,False,apnews.com
1t1wbmi,worldnews,Germany says US troop withdrawal 'foreseeable' as Nato seeks clarification,,345,30,1777743399.0,0.94,False,bbc.com
1t1w9gw,worldnews,Cuba condemns new US sanctions as 'illegal' and 'abusive',,1106,26,1777743257.0,0.94,False,bbc.com
1t1v8hv,worldnews,France unveils plan to ditch all fossil fuels by 2050,,4028,190,1777740955.0,0.97,False,ctvnews.ca
1t1us1o,worldnews,"NATO ally Romania reports increased rate of Russian drone incursions, fighter alerts",,609,17,1777739888.0,0.96,False,abcnews.com
1t1tde4,worldnews,NATO: working with US to understand details of troop reduction in Germany,,322,140,1777736639.0,0.91,False,reuters.com
1t1t45x,worldnews,Argentina: Unions rally in Buenos Aires against Milei ahead of Labour Day celebrations,,85,0,1777736031.0,0.85,False,batimes.com.ar
1t1s45c,worldnews,US Navy signs deal with AI firm for training underwater drones to detect mines in Strait of Hormuz — $100 million would allow drone minesweepers to update their detection algorithms in days instead of months,,450,142,1777733761.0,0.88,False,tomshardware.com
1t1rn1z,worldnews,Taiwan president arrives in Eswatini after blaming China for cancellation of prior trip,,51,2,1777732644.0,0.78,False,reuters.com
1t1rgnf,worldnews,"Iranian proposal rejected by Trump would open strait before nuclear talks, Iran official says",,211,22,1777732218.0,0.91,False,reuters.com
1t1rdrq,worldnews,Oil tanker M/T Eureka hijacked off Yemen's Shabwa coast - Türkiye Today,,970,41,1777732031.0,0.96,False,turkiyetoday.com
1t1qj12,worldnews,UK woman wins right to receive permanent birth control after exposing double standards in health service,,9228,390,1777729980.0,0.97,False,cnn.com
1t1qii0,worldnews,Reclusive Turkmenistan shows signs of cautiously opening up,,75,4,1777729944.0,0.89,False,reuters.com
1t1qhpa,worldnews,Germany urges stronger European defence after US announces troop drawdown,,605,50,1777729889.0,0.96,False,reuters.com
1t1q45v,worldnews,"Ukraine strikes Russian airfield nearly 1,700 kilometers away, damages 4 fighter jets, military confirms",,6156,74,1777728964.0,0.98,False,kyivindependent.com
1t1p1eq,worldnews,Governor of Mexico’s Sinaloa indicted in US drugs investigation says he will step down,,146,15,1777726247.0,0.92,False,edition.cnn.com
1t1p1ea,worldnews,Taiwan President arrives in Eswatini after cancellation of prior trip,,103,68,1777726247.0,0.81,False,asia.nikkei.com
1t1noj1,worldnews,Japan turns to Russian crude as Middle East energy risks intensify,,208,39,1777722403.0,0.91,False,english.nv.ua
1t1nn1k,worldnews,Amazon stuck with months of repairs after drone strikes on data centers,,1523,150,1777722276.0,0.96,False,arstechnica.com
1t1nc18,worldnews,First malaria drug for babies is approved in ‘major public health milestone’,,324,8,1777721344.0,0.96,False,theguardian.com
1t1n0vr,worldnews,"Takaichi vows support for int'l order, economic security in Indo-Pacific",,28,0,1777720375.0,0.71,False,english.kyodonews.net
1t1luv9,worldnews,It's official: No woman in England or Wales can be prosecuted for an abortion any more,,29247,633,1777716501.0,0.95,False,cosmopolitan.com
1t1lkvn,worldnews,"Nobel laureate Mohammadi in Iran hospital after 'cardiac crisis', foundation says",,82,1,1777715570.0,0.87,False,reuters.com
1t1k7ja,worldnews,"Russia bans Starlink and foreign satellite terminals, tightening internet control",,1872,49,1777710813.0,0.97,False,mezha.net
1t1ijin,worldnews,"IAEA discusses extraction of enriched uranium with Russia, US",,41,7,1777705074.0,0.76,False,jpost.com
1t1ie82,worldnews,Azerbaijan severs ties with EU Parliament over Nagorno-Karabakh resolution,,216,40,1777704564.0,0.92,False,oc-media.org
1t1i5rd,worldnews,Ukraine’s Long-Range Strikes Cost Russia $7 Billion in Oil Revenues Since January,,1412,21,1777703777.0,0.98,False,united24media.com
1t1hxzm,worldnews,Hereditary peers have left the Lords for the last time,,825,77,1777703061.0,0.92,False,electoral-reform.org.uk
1t1hp79,worldnews,US warned Europeans of weapon delivery delays due to war in Iran - FT,,565,68,1777702247.0,0.95,False,unn.ua
1t1hlcx,worldnews,"Ukraine plans army pay hikes, phased discharge",,180,2,1777701889.0,0.95,False,dw.com
1t1gjmc,worldnews,"China and India among 'main perpetrators'  of foreign interference, Canada's spy agency reports",,1710,282,1777698486.0,0.91,False,thestar.com
1t1f9uq,worldnews,"/r/WorldNews Live Thread: Russian Invasion of Ukraine Day 1528, Part 1 (Thread #1675)",,479,72,1777694559.0,0.96,False,reddit.com
1t1f76q,worldnews,"Kurdish militant official says Turkey has stalled peace talks, blaming a lack of reforms",,52,0,1777694351.0,0.8,False,apnews.com
1t1ddx4,worldnews,Ratko Mladić's lawyers say 'Butcher of Bosnia' near death and should be released,,320,179,1777689005.0,0.83,False,abc.net.au
1t1dcuh,worldnews,Estonian government approves NATO allies' role in 'little green men' threats,,118,2,1777688922.0,0.92,False,news.err.ee
1t1dc9l,worldnews,"China, India among countries active in foreign interference and spying in Canada, Canadian Intelligence says",,647,130,1777688880.0,0.85,False,nationalpost.com
1t1cg64,worldnews,Trump says he will raise US tariffs on EU cars and trucks to 25%,,580,146,1777686358.0,0.89,False,euronews.com
1t1c97b,worldnews,China’s UN envoy blasts US ‘bullying’ as sanctions widen before Trump-Xi talks,,58,4,1777685806.0,0.75,False,scmp.com
1t1bl7h,worldnews,"Hegseth orders 5,000 US troops to withdraw from Germany",,4004,754,1777683944.0,0.96,False,breakingdefense.com
1t1bjct,worldnews,"US warns European allies including UK and Poland of arms shipment delays, FT reports",,131,42,1777683804.0,0.86,False,reuters.com
1t1b1st,worldnews,"Trump declares hostilities with Iran ""terminated""",,18108,1523,1777682454.0,0.94,False,axios.com
1t19ufy,worldnews,Man arrested for using Starlink dies after beating by Iran security forces,,2069,169,1777679176.0,0.93,False,iranintl.com
1t17ecj,worldnews,"Cuba rejects Trump's new ""coercive"" sanctions",,533,19,1777672963.0,0.94,False,reuters.com
1t172zk,worldnews,"US withdrawing 5,000 troops from Germany, US officials say",,9960,1281,1777672189.0,0.96,False,reuters.com
1t14l6f,worldnews,Syria relies on Russia's oil despite pivot to the West,,97,20,1777666438.0,0.88,False,reuters.com
1t1399d,worldnews,/r/WorldNews Discussion Thread: US and Israel launch attack on Iran; Iran retaliates (Thread #17),"If you see any newsworthy information from a major news outlet or live broadcast, feel free to share a brief summary as a top-level comment in the discussion post.

Other redditors will appreciate if you include the source of where you read, saw, or heard the information.",229,4290,1777663505.0,0.89,True,self.worldnews
1t11v0z,worldnews,Exxon Mobil CEO expects higher oil prices due to Iran war: ‘The market hasn’t seen the full impact’,,897,103,1777660467.0,0.95,False,cnbc.com
1t11pvj,worldnews,China Targets European Defence Firms With Dual-Use Export Controls,,119,52,1777660160.0,0.89,False,defencematters.eu
1t10e7m,worldnews,The Chinese Government Just Got the World’s Largest Digital Rights Conference Canceled,,308,16,1777657325.0,0.89,False,wired.com
1t104fu,worldnews,China says urgent need to maintain Iran war ceasefire,,117,44,1777656752.0,0.84,False,reuters.com
1t0yzmt,worldnews,"Trump 'unhappy' with latest Iran proposal, says ‘blast them away or make a deal’",,1780,299,1777654331.0,0.92,False,economictimes.indiatimes.com
1t0yzk7,worldnews,China opens tariff-free trade to nearly all African countries,,5269,262,1777654326.0,0.97,False,rfi.fr
1t0yjir,worldnews,Iran puts forward fresh peace proposal in bid to break stalemate with US,,169,47,1777653355.0,0.87,False,theguardian.com
1t0yer2,worldnews,"Trump says ‘Iran wants to make a deal, but I’m not satisfied with it’",,431,254,1777653061.0,0.8,False,cnbc.com
1t0xz8t,worldnews,Trump says he will raise tariffs on EU autos to 25%,,13641,2554,1777652160.0,0.94,False,reuters.com
1t0xrx9,worldnews,Zambia ignored overtures for talks on $1bn health deal: US ambassador,,44,9,1777651730.0,0.79,False,trtafrika.com
1t0wrx0,worldnews,Current and former Mexican officials accused in US indictment of aiding drug trafficking,,85,2,1777649574.0,0.85,False,politico.com
1t0wepj,worldnews,Oil prices fall after Iran sends updated peace proposal to mediators in Pakistan,,69,41,1777648781.0,0.72,False,cnbc.com
1t0usvr,worldnews,Russia pounds Ukraine with drones in daytime attack,,216,7,1777645231.0,0.88,False,reuters.com
1t0uf8h,worldnews,"Ukraine launches arms-buying agencies coalition with European allies, signaling path to arms exports",,299,0,1777644384.0,0.97,False,kyivindependent.com
1t0uc1l,worldnews,Pakistan opens up road trade routes into Iran amid Hormuz blockade,,442,90,1777644180.0,0.89,False,aljazeera.com
1t0tjrz,worldnews,"Too many young volunteers join french army, 500 positions unavailable",,2755,135,1777642306.0,0.96,False,militarnyi.com
1t0tatn,worldnews,Iran threatens 'long and painful strikes' on U.S. targets if Trump resumes bombing,,1286,226,1777641701.0,0.94,False,cbc.ca
1t0ssrw,worldnews,Ukrainian Forces Strike Russian Su-57 Jets and Su-34 Aircraft At Airbase 1700 Km Deep Inside Russia,,7123,86,1777640485.0,0.98,False,united24media.com
1t0ss86,worldnews,Swiss House rejects initiative to ease naturalisation,,120,23,1777640451.0,0.92,False,swissinfo.ch
1t0s3db,worldnews,Ukraine sees path to Japanese arms after Tokyo eases export rules,,169,10,1777638684.0,0.92,False,straitstimes.com
1t0rh0b,worldnews,Israel releases all but two activists in Greece after intercepting Gaza aid flotilla,,433,193,1777637017.0,0.83,False,bbc.com
1t0rfwv,worldnews,US Navy turns to AI firm Domino for options to counter Iranian mines,,33,18,1777636938.0,0.75,False,internazionale.it
1t0qzuh,worldnews,Chinese Courts Rule Companies Cannot Fire Workers Simply to Replace Them With AI,,19288,573,1777635681.0,0.97,False,caixinglobal.com
1t0qzpt,worldnews,British couple jailed in Iran: 'We're likely to be here for a long time',,3724,676,1777635671.0,0.95,False,bbc.com
1t0pvqw,worldnews,"Alberta separatist group ordered to take down list of voters, RCMP investigating alleged privacy breach",,135,9,1777632389.0,0.94,False,globalnews.ca
1t0pr12,worldnews,"UAE says Iran cannot be trusted over Hormuz, peace efforts at an impasse",,1127,198,1777631974.0,0.93,False,reuters.com
1t0o96x,worldnews,Ukraine sees path to Japanese arms after Tokyo eases export rules,,829,19,1777626953.0,0.97,False,yahoo.com
1t0nprz,worldnews,Australia’s Richest Person Gifts Jet to Far-Right Party Head,,8756,350,1777625082.0,0.95,False,bloomberg.com
1t0nmvw,worldnews,Paraguay president to visit Taiwan next week amid China pressure,,83,22,1777624803.0,0.86,False,english.kyodonews.net
1t0mozl,worldnews,Global hunger report warns of rising malnutrition and famine risks,,133,9,1777621551.0,0.9,False,aljazeera.com
1t0mlgw,worldnews,Farage received £5m from donor before he became MP,,1201,89,1777621212.0,0.96,False,bbc.com
1t0ivfm,worldnews,Ukraine’s Strikes on Russian Oil Infrastructure Hit Four-Month Peak,,726,16,1777609180.0,0.96,False,united24media.com
1t0ij6g,worldnews,"/r/WorldNews Live Thread: Russian Invasion of Ukraine Day 1527, Part 1 (Thread #1674)",,509,153,1777608153.0,0.95,False,reddit.com
1t0hjuy,worldnews,Mali holds tribute for assassinated defence minister under tight security,,62,2,1777605238.0,0.88,False,france24.com
1t0fhji,worldnews,"Huawei expects AI chip revenue to jump at least 60% this year, FT reports",,67,2,1777599600.0,0.78,False,reuters.com
1t0fdjc,worldnews,Russia cloaks launch schedule after spaceport falls in Ukraine's sights,,2186,72,1777599283.0,0.97,False,arstechnica.com
1t0eo4t,worldnews,"Trump Says He’s Open to Reducing US Troops in Spain, Italy",,1270,298,1777597339.0,0.91,False,bloomberg.com
1t0dbl1,worldnews,Pakistan commissions first Hangor-class submarine in China - AP,,53,10,1777593733.0,0.75,False,apnews.com
1t0csmz,worldnews,Kremlin Says Slovak PM Will Attend Victory Day Parade,,78,14,1777592370.0,0.85,False,themoscowtimes.com
1t0c513,worldnews,China using a double-insurance strategy to secure crude oil supplies amid Iran war,,114,4,1777590653.0,0.89,False,abc.net.au
1t0c0p5,worldnews,Ottawa announces multinational defence bank to be headquartered in Canada - National,,197,5,1777590343.0,0.93,False,globalnews.ca
1t0bat7,worldnews,A-bomb exhibition opens at U.N. headquarters during NPT meeting,,43,3,1777588548.0,0.77,False,english.kyodonews.net
1t0amkr,worldnews,Judge orders Alberta separatist group to pull down online database of voter information,,1395,74,1777586901.0,0.96,False,cbc.ca
1t08ztu,worldnews,Singapore court fines women for pro-Palestinian walk,,316,48,1777583063.0,0.72,False,bbc.com
1t08ex1,worldnews,"Taiwan ‘biggest risk factor’ in China-US ties, says Wang Yi in call with Rubio",,48,64,1777581764.0,0.7,False,firstpost.com
1t07yox,worldnews,Prospect of 4-Day Work Week Sparks Political Debate in Greece,,276,24,1777580774.0,0.9,False,tovima.com
1t07qvf,worldnews,"Boat with Sudanese migrants capsizes off Libya, leaving at least 17 dead, UN says",,126,7,1777580318.0,0.88,False,yahoo.com
1t06xun,worldnews,UN's Guterres says money owed by US is 'non-negotiable',,658,146,1777578596.0,0.84,False,reuters.com
1t06tt5,worldnews,Brazil's congress shortens Bolsonaro's sentence in defeat for Lula,,48,13,1777578359.0,0.68,False,nationalpost.com
1t06pdk,worldnews,Venice Biennale jury quits amid row over participation of Russia | Venice Biennale,,72,13,1777578093.0,0.79,False,theguardian.com
1t0618y,worldnews,"Myanmar ex-leader Aung San Suu Kyi moved to house arrest, military says",,121,11,1777576624.0,0.91,False,bbc.com
1t055ii,worldnews,"Trump’s trade czar says U.S. wants to work with Canada on energy, critical minerals, sources say",,3226,591,1777574734.0,0.92,False,theglobeandmail.com
1t04lco,worldnews,"Philippine Army Kills 19, Including 2 US Citizens",,151,41,1777573516.0,0.73,False,newsclick.in
1t03zqf,worldnews,McGill researchers develop ‘life-saving’ way to stop bleeding fast,,399,37,1777572228.0,0.94,False,globalnews.ca
1t03vsb,worldnews,China targets ‘zombies’ with regulatory headshots to kill off subsidised laggards,,0,27,1777572008.0,0.42,False,scmp.com
1t026qb,worldnews,Lula signs Brazil into Mercosur-EU trade deal ahead of rollout,,105,2,1777568396.0,0.91,False,buenosairesherald.com
1t025y6,worldnews,UK terror threat level raised to 'severe',,4684,519,1777568348.0,0.95,False,lbc.co.uk
1t01txf,worldnews,Iran supreme leader issues defiant statement on strait of Hormuz | Iran | The Guardian,,95,121,1777567613.0,0.73,False,theguardian.com
1t01a2o,worldnews,"US ships 6,500 tons of munitions, equipment to Israel in 24 hours",,7994,535,1777566429.0,0.94,False,jpost.com
1t006cl,worldnews,Lithuania Prepares to Join US-Led Mission in Strait of Hormuz,,80,77,1777564127.0,0.74,False,bloomberg.com
1t005p5,worldnews,Trainee driver crashes bus into River Seine,,94,32,1777564091.0,0.89,False,bbc.co.uk
1szzvxr,worldnews,Oil Hits Four-Year High on Report US Mulls Iran Military Options,,134,2,1777563592.0,0.9,False,bloomberg.com
1szzla2,worldnews,"Ukraine overtakes US, 6 EU countries in Press Freedom Index",,4917,68,1777563089.0,0.97,False,kyivindependent.com
1szzb92,worldnews,Israel halts Russian grain ship amid stolen Ukrainian wheat row,,323,17,1777562628.0,0.89,False,euronews.com
1szz0fm,worldnews,Zambia Must Decide Today: Open Minerals To American Firms Or Lose HIV Support For 1.3 Million,,3610,853,1777562121.0,0.95,False,ibtimes.co.uk
1szyg7o,worldnews,Ukraine expands oil strikes on Russia as Putin proposes brief ceasefire,,1596,77,1777561005.0,0.97,False,bbc.com
1szybqs,worldnews,Italy condemns 'unlawful' Israeli interception of Gaza aid flotilla,,101,109,1777560733.0,0.58,False,reuters.com
1szy55g,worldnews,Family says Iran’s Nobel laureate faces ‘slow death’ in prison,,149,1,1777560334.0,0.88,False,iranintl.com
1szy0by,worldnews,‘Oil is literally falling from the sky’: Russian town fears environmental disaster after Ukrainian drone strikes on refinery,,14698,689,1777560039.0,0.96,False,ctvnews.ca
1szxpqk,worldnews,Iran’s supreme leader vows to protect nuclear and missile capabilities,,96,104,1777559385.0,0.77,False,apnews.com
1szxj44,worldnews,Italy's media regulator asks EU to investigate Google AI search tools over publisher concerns,,49,0,1777558966.0,0.85,False,reuters.com
1szxgjz,worldnews,"Trump criticizes Germany's Merz, tells him to stop interfering over Iran",,576,158,1777558805.0,0.88,False,reuters.com
1szxd9e,worldnews,Russian regions plan record budget deficit of 1.9 trillion roubles,,105,10,1777558604.0,0.92,False,thebarentsobserver.com
1szxbrj,worldnews,Coroner delivering findings on fatal shootings of five people involving British Army in Belfast,,29,2,1777558507.0,0.74,False,thejournal.ie
1szwa3f,worldnews,Iran warns the only place for US in the Gulf is ‘at the bottom of its waters’,,4371,495,1777556117.0,0.93,False,independent.co.uk
1szw7xp,worldnews,Canada chosen as host for new multinational defence bank,,160,23,1777555973.0,0.85,False,thestar.com
1szw79o,worldnews,Kim Jong Un said North Korean troops chose 'self-detonation' to avoid capture by Ukraine,,323,61,1777555932.0,0.92,False,yahoo.com
1szvygx,worldnews,"Russian paramilitary carries out airstrikes in Mali, video footage released",,77,3,1777555341.0,0.85,False,bbc.com
1szvu5x,worldnews,"Mexican governor, other officials charged with conspiring with Sinaloa Cartel to smuggle drugs into U.S.",,452,29,1777555054.0,0.96,False,nbcnews.com
1szvsg4,worldnews,Peruvian President claims Jews pushed Germany into war because 'they controlled banks',,4012,325,1777554947.0,0.92,False,jpost.com
1szvlte,worldnews,"Germany, Czech Republic denied Lai transit request",,40,3,1777554504.0,0.84,False,taiwannews.com.tw
1szvh6h,worldnews,Eurozone inflation soars to 3% as Iran war drives up energy prices,,66,5,1777554179.0,0.86,False,theguardian.com
1szv1cy,worldnews,Argentina: Cabinet Chief Adorni denies corruption allegations in Congress appearance,,30,3,1777553071.0,0.8,False,batimes.com.ar
1szur9v,worldnews,Iran's Supreme Leader Mojtaba Khamenei says new management of Strait of Hormuz 'will bring calm',,140,72,1777552348.0,0.79,False,reuters.com
1szuqbe,worldnews,"Iran threatens painful response if US resumes attacks, oil prices seesaw",,88,20,1777552277.0,0.83,False,reuters.com
1szul0s,worldnews,France to deploy permanent military forces to Cyprus,,118,9,1777551891.0,0.91,False,operativmm.az
1szuknn,worldnews,Israel intercepts Gaza flotilla near Crete and detains 175 activists,,1293,404,1777551864.0,0.86,False,bbc.com
1szubc2,worldnews,Brazilian Senate Rejects Supreme Court Nominee,,24,3,1777551163.0,0.75,False,reuters.com
1szt715,worldnews,Myanmar reduces ousted leader Suu Kyi's prison term in new amnesty,,47,5,1777548058.0,0.88,False,apnews.com
1szsj50,worldnews,People rescued after bus falls into river Seine near Paris,,86,12,1777546020.0,0.9,False,reuters.com
1szs0qd,worldnews,"Ukraine forced Panormitis to leave Israeli waters, minister says | Ukraine news",,92,9,1777544401.0,0.84,False,mezha.net
1szrvyk,worldnews,Swiss National Council votes against recognizing Palestinian state,,1796,202,1777543955.0,0.88,False,jpost.com
1szrlsc,worldnews,Oil price hits highest since 2022 after report Trump to be briefed on new Iran options,,535,54,1777543015.0,0.96,False,bbc.com
1szrgev,worldnews,A barge carrying Timmy the humpback whale journeys to the North Sea,,602,56,1777542490.0,0.96,False,uk.news.yahoo.com
1szrbvo,worldnews,Sanctioned tankers spoofing location to hide $800M in Iranian oil,,296,15,1777542063.0,0.9,False,foxnews.com
1szo9w8,worldnews,Trump tells Putin to end Ukraine war before getting involved in Iran,,4262,273,1777531411.0,0.96,False,tvpworld.com
1sznqa8,worldnews,Indonesia urges social media platforms to disclose the number of accounts closed for users under 16,,40,2,1777529562.0,0.84,False,english.kyodonews.net
1szn4vt,worldnews,"Trump warns Iran blockade could last months, sending oil soaring",,15807,1606,1777527637.0,0.96,False,bssnews.net
1szmsst,worldnews,"Iran’s internet blackout hits 60 Days - Deepening economic crisis, two-tier access",,110,5,1777526551.0,0.86,False,circleid.com
1szmikx,worldnews,"Steel for booze? U.S. Ambassador suggests tariff deal, says Canadian mould maker",,7,55,1777525627.0,0.55,False,cbc.ca
1szm69a,worldnews,New Zealand court rejects appeal by mosque gunman to abandon his guilty pleas,,116,16,1777524567.0,0.92,False,apnews.com
1szl9ar,worldnews,"/r/WorldNews Live Thread: Russian Invasion of Ukraine Day 1526, Part 1 (Thread #1673)",,492,123,1777521763.0,0.95,False,reddit.com
