id,subreddit,title,score,num_comments,created_utc,upvote_ratio,is_self,domain
1pjdgjg,science,Enhancing ESG Reporting Through Process Mining: A Taxonomy of ESG Events,0,1,1765398224.0,0.33,False,sciencedirect.com
1pjdfnw,science,"Not having offspring key to long life: research shows blocking reproduction can increase the lifespan of males and females of 117 different mammal species. In males, only castration extends lifespan — not vasectomy. In females, lifespan increased after several different forms of sterilisation.",715,66,1765398166.0,0.89,False,nature.com
1pjdcbj,science,"New mapping reveals how Narcan reverses opioid overdose, providing a molecular blueprint for more effective drugs.",41,2,1765397956.0,0.98,False,dornsife.usc.edu
1pjbasw,science,"Breastfeeding while taking antidepressants does not affect a child's IQ, a long-term study finds. Tracking 97 mother–child pairs for nearly two decades — all exposed to SSRIs in utero — researchers saw no difference in verbal or performance IQ. Breastfed children scored similarly to those unexposed.",155,7,1765393377.0,0.95,False,jamanetwork.com
1pj9ijt,science,"Humans made fire 350,000 years earlier than previously thought. The control of fire provided warmth, light, protection from predators, and allowed humans to process a wider range of foods, supporting better survival, larger groups and freeing up energy to fuel brain development.",1082,45,1765389544.0,0.98,False,theguardian.com
1pj7ge8,science,Half of people recently arrested by British Met police may have undiagnosed ADHD,0,5,1765385072.0,0.34,False,theguardian.com
1pj779o,science,Huge genetic study reveals hidden links between psychiatric conditions. A genomic analysis of more than one million people suggests that a most major psychiatric conditions have common biological roots.,852,68,1765384513.0,0.98,False,nature.com
1pj6pjq,science,"In February 2025, Trump blocked future enforcement of the Foreign Corrupt Practices Act (FCPA), which had made it unlawful for US companies to bribe foreign public officials. The announcement led to a substantial boost in the stock value of firms linked to corrupt practices.",573,7,1765383401.0,0.98,False,cambridge.org
1pj60ol,science,Prime editing-installed suppressor tRNAs for disease-agnostic genome editing,16,1,1765381846.0,0.87,False,nature.com
1pizyzk,science,"Consuming lots of energy drinks may raise heart disease and stroke risk. A fit and healthy man in his 50s had a stroke and was left with permanent numbness in his hands and feet. He drank an average of 8 energy drinks a day, totaling 1,200mg of caffeine. The recommended maximum intake is 400mg.",2592,409,1765365135.0,0.92,False,theguardian.com
1pizt2b,science,People who identify as politically conservative are more likely than their liberal counterparts to find “slippery slope” arguments logically sound. This tendency appears to stem from a greater reliance on intuitive thinking styles rather than deliberate processing.,11689,1048,1765364543.0,0.84,False,psypost.org
1pixdn1,science,"The AI-powered prosthetic hand uses per-finger sensors, including infrared proximity sensors, and blends the user’s intent with the machine’s intent so each finger moves naturally to grasp objects. This reduces cognitive burden and allows more precise object handling.",20,5,1765355022.0,0.73,False,dongascience.com
1piw7ze,science,Study demonstrates terahertz frequency-comb electric-field measurements using Rydberg-atom sensors,30,5,1765350565.0,0.85,False,opg.optica.org
1piqjg1,science,"Antarctica's only native insect is already ingesting microplastics, even in one of the planet's most remote regions. In Belgica antarctica, ingestion was rare and non-lethal, yet larval exposure reduced lipid stores in a dose-dependent manner, confirming contamination in natural habitats.",286,4,1765332809.0,0.97,False,sciencedirect.com
1pipp0z,science,Violence against women and children among top health threats: New global study reveals disease burden far larger than previously estimated,2176,77,1765330502.0,0.92,False,eurekalert.org
1pio365,science,A nationwide study found that ketamine does not improve survival compared with etomidate and carries a higher risk of heart-related complications during emergency intubation. The findings provide long-awaited evidence to guide one of the most critical decisions emergency clinicians make.,448,4,1765326213.0,0.98,False,news.cuanschutz.edu
1pio15z,science,"Cancer cells become more aggressive as they increasingly rely on glycolysis and glycolytic waves, rather than mitochondrial ATP which is the normal energy-generation process, to supply the local ATP needed for invasion and nutrient uptake.",1650,64,1765326067.0,0.98,False,nature.com
1pil60t,science,Deep-sea viral diversity and their role in host metabolism of complex organic matter - Nature Communications,30,2,1765318832.0,0.87,False,nature.com
1pil1mv,science,Scientists reveal how organics emerged in deep freeze of early solar system,38,1,1765318564.0,0.91,False,ssl.berkeley.edu
1piirxs,science,Early IPCC estimates of sea level rise turned out to be stunningly precise. Decades ago scientists projected roughly eight centimetres without today’s modelling power and real-world measurements now show nearly nine as oceans continue their steady climb.,1337,28,1765313192.0,0.98,False,agupubs.onlinelibrary.wiley.com
1piihqb,science,"Interior-flat cylindrical nacelle warp bubbles: derivation and comparison with Alcubierre model - We present a new class of warp bubble geometries that are both interior-flat and segmented into Gaussian cylinders (interchangeably called ‘nacelles’1 throughout the paper),...",183,16,1765312552.0,0.96,False,iopscience.iop.org
1pifp0f,science,"Malaria-carrying mosquitoes are rapidly developing resistance to Actellic 300S, a key new-generation insecticide in control programs. A new study warns this surge could undermine global efforts to contain the disease and put millions, especially young children, at risk.",358,17,1765306357.0,0.98,False,nature.com
1pifocm,science,"A cross-sectional study analyzes caffeine consumption patterns, motivations, and adverse effects among Brazilian esports players. The research provides data on how gamers utilize substances for cognitive performance and the associated health risks.",28,1,1765306317.0,0.81,False,pubmed.ncbi.nlm.nih.gov
1piev3j,science,DNA test confirms wild gray wolf south of St. Lawrence River,111,1,1765304324.0,0.96,False,news10.com
1pie7j6,science,Scientists in Pompeii found construction materials confirming the theory about how Roman concrete was made,10371,246,1765302790.0,0.98,False,zmescience.com
1piczsz,science,"Children exposed to higher-than-usual temperatures —average maximum above 86 °F (30 °C)—were less likely to meet developmental milestones for literacy and numeracy, relative to children living in areas with lower temperatures",3277,224,1765300142.0,0.92,False,nyu.edu
1pi91w5,science,"Purpose in life acts as a psychological shield against depression. Research found for every standard deviation increase in reported purpose, the risk of incident depression decreased by approximately 35 percent. This protective effect persisted over the decade-long follow-up period",4818,157,1765291137.0,0.97,False,psypost.org
1pi5gri,science,"Researchers have created the first detailed model to optimize vanadium flow battery performance across extreme temperatures. This breakthrough is key for making large-scale, economical energy storage a reliable reality for power grids.",129,6,1765281005.0,0.97,False,sciencedirect.com
1pi4qjz,science,"In 2022, researchers delivered world’s first gene therapy made using ‘base-editing’ to a 13-year-old girl with ‘incurable’ T-Cell leukaemia. Now a further 8 children and 2 adults have undergone treatment. 82% achieved very deep remissions. 63% remain disease-free 3 years later and off treatment.",3213,17,1765278418.0,0.98,False,gosh.nhs.uk
1pi35ms,science,"Findings suggest red planet was warmer, wetter billions of years ago - Evidence of rain-driven climate on Mars found in bleached rocks scattered in Jezero crater",327,3,1765272458.0,0.98,False,purdue.edu
1pi1t98,science,Structural basis of protease-activated receptor 2 activation and biased agonism,20,1,1765266956.0,0.9,False,nature.com
1phz7kw,science,More Alike than Not: The Open Access Preferences of Humanities Scholars,14,3,1765257549.0,0.67,False,crl.acrl.org
1phxwhg,science,Population genomics of a sailing siphonophore (Portuguese Man o’ War) reveals genetic structure in the open ocean,55,1,1765253058.0,0.93,False,cell.com
1phu6sb,science,"Young adolescents, especially boys, who participated in organized sports between ages 6 and 10 are less likely to defy their parents, teachers and other authority figures, a new study suggests.",1050,70,1765242548.0,0.93,False,eurekalert.org
1phtp81,science,Phage resistance mutations in a marine bacterium impact biogeochemically relevant cellular processes - Nature Microbiology,20,1,1765241242.0,0.95,False,nature.com
1phq471,science,Huge rotating structure of galaxies and dark matter is detected,472,10,1765232120.0,0.95,False,yahoo.com
1phpw7p,science,New study finds 11% nationwide decline in rural family physicians,1615,140,1765231593.0,0.98,False,annfammed.org
1phph6j,science,"Invasive Burmese pythons and Argentine tegu lizards spread 89 varieties of plant seeds in the Everglades. They do this by eating and digesting small herbivorous animals. Some of the seeds are invasive, but most are actually native, including threatened saw palmetto and royal palm.",68,1,1765230620.0,0.9,False,pnas.org
1phpgvy,science,"High glycemic-index diets linked to higher lung cancer risk, while high glycemic-load diets show lower risk in a large U.S. cohort study",295,7,1765230600.0,0.97,False,annfammed.org
1phnw2g,science,Research found that World Trade Centre responders with PTSD had brains that appeared significantly older than their chronological age compared to those without PTSD. Longer exposure duration at Ground Zero further amplified this effect.,494,7,1765226964.0,0.97,False,mountsinai.org
1phngij,science,"Babies of pregnant women who drank well water that had flowed beneath a PFAS-contaminated site had 191% higher first-year infant mortality than babies born to women who drank water from wells upstream of PFAS sites, in study based on 10 years of births in NH",4966,62,1765225992.0,0.99,False,theconversation.com
1phmymd,science,"Insufficient sleep associated with decreased life expectancy. As a behavioral driver for life expectancy, sleep stood out more than diet, more than exercise, more than loneliness — indeed, more than any other factor except smoking. People really should strive to get 7 to 9 hours of sleep.",18437,814,1765224881.0,0.98,False,news.ohsu.edu
1phmydw,science,Speed cameras improve road safety: Quasi-experimental study finds NYC’s program reduced crashes by 30% and injuries by 16% near intersections with cameras.,152,83,1765224865.0,0.7,False,pnas.org
1phlk2x,science,"Killer whale fibroblast experiments show that exposure to persistent organic pollutants reduces cell viability and significantly enhances cetacean morbillivirus replication, highlighting contaminants as a potential factor exacerbating disease severity in wild populations.",52,2,1765221728.0,0.93,False,sciencedirect.com
1phlbsi,science,Scientists develop a “proactive hearing assistant” that automatically figures out who you’re talking to using AI and enhances only their voices in real time,84,46,1765221210.0,0.72,False,spectrum.ieee.org
1phip6p,science,Researchers at U-Michigan introduce a framework using genetic activity tags and light-sheet microscopy to identify which neurons and networks are active at different times of day,20,2,1765215385.0,0.81,False,news.umich.edu
1phhzbm,science,"Researchers have created a new carbon-negative building material. This enzymatic structural material is a strong, durable, and recyclable construction material produced through a low-energy, bioinspired process",218,14,1765213768.0,0.97,False,wpi.edu
1phhq9z,science,"Excess cholesterol drives early atherosclerosis by overloading mitochondria with calcium and impairing their energy production, leading to arterial plaque formation.",144,2,1765213222.0,0.95,False,link.springer.com
1phh8is,science,"Health insurance premiums in the U.S. significantly increased between 1999 and 2024, outpacing the rate of worker earnings by three times. Over half of board members at top U.S. hospitals have professional backgrounds in finance or business",16943,579,1765212125.0,0.97,False,theconversation.com
1phgumd,science,New study finds adults participating in a pharmacist directed medical cannabis program may help reduce prescription opioid receipt among adults with chronic pain.,264,20,1765211225.0,0.95,False,eurekalert.org
1phgab3,science,"Major Depressive Disorder (MDD) is associated with white matter lesions/hyperintensity (WMH), and elevated blood plasma cortisol predicts the severity of the damage.",347,10,1765209962.0,0.98,False,journals.lww.com
1phg3os,science,U-Michigan team builds a machine learning model that uses wearable sensors to predict how physical therapists would assess balance-training performance,18,3,1765209558.0,0.73,False,news.umich.edu
1phelm8,science,Chronic stress and elevated cortisol are linked to breast cancer in a clinical case-control study.,202,5,1765206154.0,0.96,False,pjmhsonline.com
1phdtib,science,Opioid use linked to higher risk of C. difficile infection,94,4,1765204253.0,0.94,False,news.uga.edu
1phc2xr,science,"A new study drawing on more than 28 million days of real-world health data from more than 70 000 participants worldwide found that fewer than 13 % consistently meet recommended sleep and activity targets, suggesting that better sleep quality could meaningfully boost daily activity.",3183,68,1765199636.0,0.99,False,nature.com
1phbv2z,science,"Researchers analyzed contrasting effects of long-term warming and increased precipitation on ecosystem respiration and methane fluxes in an alpine meadow., which underscore the necessity of integrating microbial ecological responses into ecosystem models to predict better carbon–climate feedback",25,2,1765199016.0,0.82,False,doi.org
1phbo6t,science,Hemp Seed Proteins Show Strong Antioxidant and Anti-Cancer Potential,309,10,1765198481.0,0.98,False,thecannex.com
1pha5s6,science,"Screens have risen sharply in past 15 years, coinciding with increase in ADHD diagnoses in Sweden and elsewhere. Children who spent significant time on social media (Instagram, Snapchat, TikTok, Twitter) gradually developed inattention symptoms; there was no such association with TV or video games.",8677,464,1765193627.0,0.94,False,news.ki.se
1ph821f,science,"Reading Pain in Horse and Human Faces: The Influence of Horse Experience, Social Anxiety, and Empathy",41,3,1765185730.0,0.84,False,tandfonline.com
1ph58c4,science,"The study finds that the Island of Inversion also emerges in symmetric nuclei, driven by collective excitations and three-nucleon forces.",12,1,1765174740.0,0.67,False,dongascience.com
1ph1k6c,science,A research team has unveiled a small molecule that hunts down a cancer-enabling RNA and quietly erases it.,1232,12,1765163116.0,0.98,False,advanced.onlinelibrary.wiley.com
1pgvgst,science,Bees ‘infect’ each other with optimism that spreads through the colony. The 'feeling' was spread not by sound or scent but by visual interaction.,1354,10,1765146164.0,0.99,False,science.org
1pguoha,science,"Cancer cells evade apoptosis, or programmed cell death. Inducing apoptosis in cancer may be less toxic to healthy tissue than chemotherapy or radiation. Japanese scientists discovered that when a microbial protein is exposed to green light, it induces apoptosis in cancer-specific cell lines in mice.",3341,32,1765144215.0,0.99,False,okayama-u.ac.jp
1pgtvw8,science,"""Modeling the Spread of Misfolded Proteins in #Alzheimer’s Disease using Higher-Order Simplicial Complex Contagion""",105,1,1765142269.0,0.98,False,ieeexplore.ieee.org
1pgsmex,science,New research differentiates cognitive disengagement syndrome from ADHD in youth. Approximately 2.5 percent of children and 1.5 percent of adolescents in the general population fit the “cognitive disengagement syndrome only” profile. This confirms that the syndrome can exist as a solo clinical entity,2442,145,1765139159.0,0.98,False,psypost.org
1pgqj0j,science,"A 32-year Swedish review of 52 sudden deaths during arrests suggests victims weren’t dying from lack of oxygen but from an inability to expel carbon dioxide. “The person can often shout 'I can’t breathe' because they are getting air, but their body is screaming to get rid of CO₂”",24233,565,1765134348.0,0.97,False,onlinelibrary.wiley.com
1pgq1w8,science,Decoding the sources of human facial shape variability and craniofacial syndromes: « How positional programs in embryonic mesenchyme shape the individual human face – and open new paths to understanding craniofacial disorders. »,98,3,1765133333.0,0.97,False,evolbio.mpg.de
1pgoinv,science,"Researchers find link between psychosocial stress and early signs of heart inflammation in women but not in men, suggesting stress has different biological impacts on men and women",923,46,1765129649.0,0.98,False,mcgill.ca
1pgnfef,science,"Eye-tracking study reveals that calorie labels only influences people who are already actively trying to lose weight. For everyone else, the labels make little difference to what they choose",1836,155,1765127050.0,0.95,False,surrey.ac.uk
1pggwkc,science,"New study applies Paulo Freire’s “reading the world” to Disney’s live-action Snow White, arguing that CGI dwarfs continue circus-style caricatures of dwarfism and influence how audiences learn to see different bodies.",104,12,1765109462.0,0.74,False,doi.org
1pggkmx,science,A Pragmatic Trial of Glucocorticoids for Community-Acquired Pneumonia | New England Journal of Medicine,22,1,1765108331.0,0.84,False,nejm.org
1pgg1r4,science,"Funny Pet Videos on Social Media Conceal Animal Suffering: Stress reactions of the animals were observed in 82% of all videos, while risks of injury were found in 52% of the videos. This study showed that successful animal videos on social media are often related to poor animal welfare.",8383,307,1765106345.0,0.95,False,tandfonline.com
1pgd1bs,science,"Study identifies light-modulated stem cells in an annelid camera-type eye, offering clues to adult brain plasticity",39,1,1765094759.0,0.86,False,nature.com
1pgbfzb,science,Narrowed uncertainty in future global temperature and remaining carbon budget,39,3,1765088847.0,0.83,False,cell.com
1pg9voz,science,Legume introduction enhances rhizosphere phosphorus availability through organic acid-induced dissolution and microbial transformation: Insights from an 11-year field experiment in grassland,148,3,1765083573.0,0.95,False,doi.org
1pg6abw,science,Laughing Gas Can Offer Immediate Relief From Depression. The treatment is viable over longer periods of time and can be effective in individuals with both major depressive disorder (MDD) and treatment-resistant depression (TRD) – some of the people who are hardest to treat.,15501,874,1765072455.0,0.96,False,sciencealert.com
1pg5mrb,science,"Smoking fewer cigarettes does not eliminate cardiovascular disease risk, and quitting entirely is the most effective strategy for improving health. A 22-cohort analysis of 323,826 adults shows that even light smoking carries substantial cardiovascular harm.",1632,64,1765070485.0,0.97,False,journals.plos.org
1pg4c46,science,Soluble N-terminal region of prion protein causes rapid neurodegeneration in prion disease - Science Advances,208,8,1765066751.0,0.98,False,science.org
1pfz8o0,science,Unveiling the global urban virome through wastewater metagenomics - Nature Communications,58,2,1765053149.0,0.86,False,nature.com
1pfyr00,science,Noninvasive imaging could replace finger pricks for people with diabetes. MIT engineers show they can accurately measure blood glucose by shining near-infrared light on the skin.,1476,46,1765051878.0,0.99,False,news.mit.edu
1pfv6n4,science,"For the first time, MIT chemists have successfully synthesized verticillin A, a rare fungal molecule discovered over 50 years ago and long viewed as a promising anticancer agent — particularly for treating aggressive brain tumors.",12405,104,1765043116.0,0.98,False,pubs.acs.org
1pfut25,science,"Our breathing rhythm directly impacts how our brain processes stimuli and retrieves memories. Inhalation improving reminder cues and exhalation enhancing memory reconstruction, but respiration is linked more efficiently to neural processes in some people and presumably remembering also works better",781,33,1765042198.0,0.98,False,lmu.de
1pfqome,science,"A newly developed, patent-pending device inspired by the filtering anatomy of fish has shown remarkable efficiency, capturing more than 99 % of plastic fibers released in washing machine wastewater. The team drew on species that have refined filtration over millions of years.",910,24,1765031537.0,0.97,False,nature.com
1pfmxhd,science,College women willing to pay more for contraception when abortion is illegal. The new study suggests that the legal status of abortion impacts how college women value contraceptives.,1697,143,1765019727.0,0.91,False,psypost.org
1pfi2m2,science,"Why we procrastinate on joy — and how to stop. One recent study found a surprising pattern: the longer we put off doing something we enjoy, the more likely we are to continue putting it off.",140,4,1765001302.0,0.9,False,wapo.st
1pfhdef,science,Pond frogs show remarkable tolerance to giant hornet stings,76,15,1764998882.0,0.91,False,dongascience.com
1pf8yns,science,Giving men a common antidepressant could help tackle domestic violence: world-first study,15703,2206,1764974349.0,0.84,False,theconversation.com
1pf7n6k,science,"The second Trump administration is transforming US vaccine policy.  New study found that more than one-third of Trump voters did not favor a government role in facilitating safe and effective vaccines, with voters with only high school education disproportionately represented in this group.",5357,228,1764971075.0,0.96,False,jamanetwork.com
1pf4555,science,"Mammal embryos show differences between individual cells from the very first division — a finding that could transform stem cell therapy, researchers say",246,3,1764962671.0,0.99,False,news.northeastern.edu
1pf3isk,science,A new multi-site study shows that people with cystic fibrosis (CF) who start the triple-drug therapy elexacaftor/tezacaftor/ivacaftor (ETI) can safely reduce many of their daily lung treatments while maintaining good health for years.,121,1,1764961221.0,0.97,False,news.cuanschutz.edu
1pf261l,science,Early Parkinson’s signal detected in daily step counts. Participants logging over 12 369 steps a day showed a 59 percent lower PD risk than those under 6 276. The study suggests low activity reflects early PD changes rather than causing the disease.,564,45,1764958076.0,0.96,False,nature.com
1pf23ta,science,New U-Michigan analysis shows that informal e-waste recycling in Ghana creates coupled socio-environmental dynamics: economic necessity alongside hazardous particulate and chemical exposures,34,2,1764957940.0,0.92,False,news.umich.edu
1pf1ncf,science,Infusion of blood from young and old mice modulates amyloid pathology,51,4,1764956910.0,0.88,False,doi.org
1pf1n9m,science,"Dopamine neurons—the cells that drive reward &amp; motivation while we’re awake—become surprisingly active during nonrapid eye movement sleep right after we learn something new. This night surge that helps strengthen motor memories and improves motor skills, according to a new U-Michigan study.",264,6,1764956905.0,0.98,False,news.umich.edu
1pf165v,science,"High-resolution imaging by U-Michigan researchers and international partners reveals novae eject material in multiple phases, challenging long-held assumptions",58,2,1764955822.0,0.91,False,news.umich.edu
1pf0mx5,science,"PFAS disrupt the functioning of the placenta, especially in the early phase of pregnancy, which is critical for the baby’s development",2502,94,1764954600.0,0.99,False,ufz.de
1pez0jt,science,When pregnancy emergencies collide with state abortion bans | Study suggests that state abortion laws may undermine federally protected care in obstetric emergencies.,525,17,1764950946.0,0.96,False,eurekalert.org
1pey87c,science,"A close look at colibactin, a microbial toxin linked to colon cancer, shows how it reacts with and damages DNA",1123,30,1764949123.0,0.99,False,sciencenews.org
1pewdl6,science,"Higher nighttime temperatures are linked to shorter sleep times and lower sleep quality, especially for people with chronic health conditions, lower socioeconomic status, or those living on the West Coast, according to a new USC study.",303,12,1764944660.0,0.97,False,sciencedirect.com
1pew12m,science,"Hypothalamus acts as a neuroendocrine timekeeper, linking circadian disruption, metabolic dysfunction to the pace of aging. Emerging therapies, like chronotherapy and SIRT1 activation, may restore hypothalamic function and slow age-related decline.",296,3,1764943806.0,0.99,False,authors.elsevier.com
1petyxp,science,"Study of 22.7 million vaccinated and 5.9 million unvaccinated individuals in France found no increased risk of 4-year all-cause mortality in individuals aged 18 to 59 years vaccinated against COVID-19, further supporting the safety of the mRNA vaccines that are being widely used worldwide.",4920,290,1764938173.0,0.97,False,jamanetwork.com
1petn6w,science,"Research has documented the use of shells as sound instruments for communication on the Catalan coast some 6,000 years ago. Conch shells have been found at sites separated by tens of kilometres, suggesting that they may have played an important role in communication",111,5,1764937168.0,0.95,False,web.ub.edu
1pet9wi,science,"Penguins starved to death en masse, as some populations off South Africa estimated to have fallen 95% in just eight years. Since 2004, all bar three years have seen the biomass of the sardine Sardinops sagax, a key food for the penguins, fall to less than 25% of its maximum abundance",9389,390,1764936056.0,0.98,False,news.exeter.ac.uk
1pesg6b,science,"Microplastics could be fuelling neurodegenerative diseases like Alzheimer’s and Parkinson’s, by triggering inflammation and damage in the brain. It is estimated that adults are consuming 250 grams of microplastics every year – enough to cover a dinner plate.",4041,125,1764933231.0,0.97,False,uts.edu.au
1periv0,science,"Over a third of animals lost in test deep sea mining - Machines mining minerals in the deep ocean have been found to cause significant damage to life on the seabed, scientists carrying out the largest study of its kind say.",3675,97,1764929801.0,0.98,False,bbc.com
1penspd,science,"Review: Sweat is an emerging diagnostic biofluid, with new analytical and sensor advances for biomarker monitoring.",52,3,1764915476.0,0.86,False,sciencedirect.com
1pelho7,science,Study finds strong link between intimate partner violence and firearm ownership,756,183,1764907999.0,0.82,False,link.springer.com
1pei22c,science,Mycoviruses steer fungal fitness - Nature Microbiology,78,2,1764898161.0,0.96,False,nature.com
1pehunp,science,Leonardo's Vitruvian Man: modern craniofacial anatomical analysis reveals a possible solution to the 500-year-old mystery,153,15,1764897589.0,0.82,False,tandfonline.com
1pedsn0,science,"Scientists found that physical intimacy can speed healing, when combined with the ""love hormone"" oxytocin",3492,76,1764887028.0,0.97,False,wsj.com
1pedimx,science,Replacing gas stoves with electric reduces nitrogen dioxide exposure.,2542,211,1764886338.0,0.95,False,news.stanford.edu
1pedbhf,science,Nature Astronomy (astrobiology topic): Nitrogen- and oxygen-rich organic material indicative of polymerization in pre-aqueous cryochemistry on Bennu’s parent body.,31,2,1764885862.0,0.84,False,nature.com
1pecp0e,science,"AI chatbots can shift voters' attitudes on candidates and policies. The AI models tended to try to persuade with facts and evidence. However, not all AI models were accurate. The AI models advocating for candidates on the political right made more inaccurate claims.",277,32,1764884377.0,0.88,False,nature.com
1pebc9j,science,"Astronomers have identified one of the largest rotating structures ever reported: a “razor-thin” string of galaxies embedded in a giant spinning cosmic filament, 140 million light-years away.",398,1,1764881246.0,0.99,False,cam.ac.uk
1pealfi,science,"Tibetans living in the Himalayas have a unique gene that expands oxygen-carrying capacity of blood. New study found that instead of this “high-altitude gene”, Indigenous people living in the Andes have “epigenetic” changes for increased muscle of small arteries and higher blood viscosity.",2803,24,1764879489.0,0.99,False,news.emory.edu
1pe9hk1,science,"AI chatbots used inaccurate information to change people's political opinions, study finds",1899,134,1764876854.0,0.96,False,nbcnews.com
1pe699f,science,American Cancer Society recommends self-swab HPV test for cervical cancer screening,304,20,1764869769.0,0.98,False,nbcnews.com
1pe5xvs,science,"Consuming 30% fewer calories than usual for more than 20 years can slow down signs of aging in the brain, according to a study initiated in 1980 on primates",3770,325,1764869048.0,0.94,False,bumc.bu.edu
1pe5et1,science,"Volcanic eruption led to the Black Death, new research suggests",8756,226,1764867890.0,0.95,False,cnn.com
1pe4czj,science,Single enzyme failure found to drive neuron loss in dementia | Study provides the first molecular evidence that ferroptosis can drive neurodegeneration in the human brain.,1678,19,1764865529.0,0.99,False,eurekalert.org
1pdz17h,science,Recent research suggests that StCOMT1 enhances potato resistance to Fusarium sporotrichioides by regulating coumarin-related substance accumulation and the ROS system,37,1,1764852156.0,0.84,False,doi.org
1pdwbai,science,"In southern Africa, a group of people lived in partial isolation for hundreds of thousands of years. Researchers found changes in genes involved in both the immune system and neuron growth, which may affect brain growth and complex cognitive functions.",713,25,1764842880.0,0.97,False,uu.se
1pdvtf2,science,"Study Links Chronic Pain Severity to Anger and Sense of Injustice. Research found people who feel wronged or unfairly treated by their condition are more likely to experience severe, long-lasting pain, suggesting that emotional factors could be just as important as biology in predicting outcomes.",1077,105,1764840937.0,0.95,False,israel.com
1pdvqm5,science,Scientists rule out fourth neutrino in physics mystery,123,6,1764840623.0,0.97,False,manchester.ac.uk
1pdsnhk,science,"Lower kidney function is linked to higher blood Alzheimer’s biomarkers, but not to higher dementia risk in an ageing cohort study.",99,2,1764828923.0,0.96,False,neurology.org
1pdrbp3,science,"An expanse of ancient rock in the high-altitude Torotoro National Park in Bolivia has been revealed as the largest dinosaur tracksite ever recorded, with almost 18,000 individual dinosaur tracks.",1604,6,1764824633.0,0.99,False,sciencealert.com
1pdfl4k,science,"‘Inadequate’ skills linked to surgery-related deaths: At least 50% of deaths of people undergoing major types of surgery in Australia were caused by non-technical errors, including decision making, situational awareness, communication and teamwork.",2248,57,1764793891.0,0.98,False,adelaide.edu.au
1pdf9dp,science,Evidence from professional golf shows how political divides undermine focus and lower performance at work,191,12,1764793153.0,0.89,False,newsroom.haas.berkeley.edu
1pd9vug,science,Artificial tendons give muscle-powered robots a boost: « The new design from MIT engineers could pump up many biohybrid builds. »,56,8,1764781533.0,0.91,False,news.mit.edu
1pd9uz3,science,"Having a dog can boost teenagers’ mental health, say scientists | Mental health",652,22,1764781483.0,0.96,False,theguardian.com
1pd9uwo,science,"A NASA study predicts that 96% of the images from the ARRAKIHS mission will be contaminated by the light from the more than 500,000 devices that Starlink and other megaconstellations intend to launch",2797,80,1764781478.0,0.96,False,english.elpais.com
1pd9k3f,science,"Shopping for goods or services that you will share is significantly more stressful than shopping for yourself or for something to be given to another person, because “You feel more responsible and you feel less confident about your ability to do a good job with it”",291,6,1764780855.0,0.94,False,news.ucr.edu
1pd86zf,science,"A study found that increasing exposure to antidemocratic attitudes and partisan animosity posts on social media significantly increases affective polarization and negative emotions, whereas decreasing exposure reduces them. Algorithmic interventions should reduce the spreading of these posts.",724,75,1764777859.0,0.94,False,science.org
1pd22vt,science,Rapid and ultrasensitive point-of-care detection of ASFV antibodies using p30-Fc-labeled nanoparticle-based fluorescence strip-assisted portable immunosensor,12,1,1764762503.0,0.88,False,doi.org
1pd1ww8,science,Insights into the geranylgeranyl pyrophosphate synthase (GGPPS) gene family in Osmanthus fragrans and the role of OfGGPPS13 in the formation of floral color and aroma,6,1,1764761952.0,0.64,False,doi.org
1pd1mrr,science,"Breast cancer modifies the lymphatic vessels through which it travels to lymph nodes, from where it can spread elsewhere in the body. The cancer cells use the Matrix Gla protein to bind to lymphatic vessels. The discovery enables developing targeted therapies that prevent this process.",283,3,1764761023.0,1.0,False,utu.fi
1pd1hv9,science,"A dementia vaccine could be real, and some of us have taken it without knowing. A shingles vaccine could reduce your risk of dementia by 20% or slow the progression of the disease once you’ve got it, finds new study of more than 280,000 adults in Wales.",26558,512,1764760556.0,0.97,False,sciencefocus.com
1pd1alo,science,"People who have children tend to report lower levels of romantic love, intimacy, and passion toward their partners compared to individuals without children, finds a cross-cultural study from 25 countries.",5481,472,1764759843.0,0.94,False,psypost.org
1pd05qc,science,"Study reveals silent mental health crisis among new parents. The study highlights that these experiences are not only widespread but often deeply distressing, with symptoms strongly linked to lower parenting confidence, higher stress, and increased depression and anxiety",3475,211,1764755650.0,0.97,False,uea.ac.uk
1pczjfy,science,"Scientists Created the Blackest Fabric Ever, Inspired by the Plumage of Riflebirds.",213,31,1764753234.0,0.91,False,gizmodo.com
1pczeye,science,Linguistic structure from a bottleneck on sequential information processing - Nature Human Behaviour,31,1,1764752767.0,0.94,False,nature.com
1pcvvq8,science,"Inhibitory PD-1 axis maintains high-avidity stem-like CD8+ T cells (Hor et al, 2025)",21,1,1764739858.0,0.86,False,nature.com
1pcvips,science,Robust Detection of Persuasion Techniques in Slavic Languages via Multitask Debiasing and Walking Embeddings,9,1,1764738721.0,0.64,False,aclanthology.org
1pcuhz3,science,Fossils from Venezuela Reveal Early Origin of Gigantism in Anacondas,81,2,1764735556.0,0.98,False,sci.news
1pcoacm,science,A new study published in the journal Science reveals that researchers who both publish papers and file patents—dubbed “Pasteur’s quadrant researchers”—produce work that is more novel and more influential than those who stick to just one activity.,291,7,1764718529.0,0.98,False,newsroom.haas.berkeley.edu
1pckv9c,science,Finnish optical clock sets new accuracy record and brings us closer to a new definition of the second | VTT,90,2,1764710360.0,0.97,False,vttresearch.com
1pcjj6t,science,Biomining viruses deliver rare earth elements but no toxic horrors of mining: Scientists genetically engineer a harmless virus that acts like a microscopic aquatic miner that can extract rare earth elements without causing ecosystem-killing pollution and destruction.,3903,122,1764707333.0,0.98,False,newatlas.com
1pcht9q,science,"Researchers draw cellular blueprint for how we think, feel. It reveals how certain brain networks act as middlemen, linking the microscopic biology of the brain (like specific cell types) to complex behaviors and mental processes.",288,2,1764703477.0,0.99,False,news.gsu.edu
1pcgwnx,science,Chromosome-level genome assembly of trypanosomatid parasite Lotmaria passim links chromosome duplication and divergence with infection of honey bees,35,12,1764701519.0,0.92,False,link.springer.com
1pcgihs,science,"A new animal study highlights how important uninterrupted sleep is to recovery after a traumatic brain injury, finding that fragmented sleep worsens symptoms that a TBI produces – and that mice without TBI can make up for some REM sleep loss brought on by interruption, but injured mice do not.",237,4,1764700654.0,0.98,False,news.osu.edu
1pcfq22,science,"In a review for Trends in Cognitive Sciences, anthropologists argue that personal experience shapes extraordinary beliefs, such as the Earth is flat or that prayer leads to experiences with a god, just as much as cognitive biases and social dynamics",13,10,1764698944.0,0.76,False,lettersandsciencemag.ucdavis.edu
1pcerx0,science,Those with Positive Experiences or Conflicts of Interest Dominate FDA Drug Advisory Meetings,60,1,1764696919.0,0.92,False,massgeneralbrigham.org
1pcefc9,science,"More than three-quarters of the global population (76%) are not getting enough Omega-3, according to new research",2577,241,1764696169.0,0.98,False,southampton.ac.uk
1pcdmt8,science,"Tattoos could be a risk factor for melanoma, but further studies are needed before it is possible to talk about a causal link",1313,82,1764694436.0,0.94,False,lunduniversity.lu.se
1pcd0u4,science,"Belief in misinformation and conspiracy theories is often based on experience and not just cognitive errors, as evidenced by the fact that the flat earth theory is popular but not the cone-shaped earth theory",1077,106,1764693090.0,0.93,False,theconversation.com
1pcc4xt,science,"Abortion clinics in Southern Michigan are performing substantially more abortions since the Dobbs Supreme Court ruling. Abortion is legal in Michigan but not in Indiana and Ohio, Michigan's Southern neighbors.",3299,73,1764691100.0,0.96,False,ajph.aphapublications.org
1pcbh3x,science,"AI models struggle to distinguish between users’ beliefs and facts, which could be particularly harmful in medical settings",504,24,1764689584.0,0.95,False,spectrum.ieee.org
1pcaiyh,science,"Researchers have just found the presence of sugars, including ribose, lyxose, and glycose, on samples of Asteroid Bennu, which now has all of the ingredients for life as it exists on Earth.",39311,1007,1764687369.0,0.97,False,newscientist.com
1pc9czi,science,"Scientists have created the largest dataset for computer vision in retail automation. It includes 100,000 images of 370,000 objects — fruits and vegetables, both packaged and loose. This dataset will enable the development of precise models for store automation.",131,15,1764684495.0,0.9,False,nature.com
1pc94y5,science,"Youth experiencing economic hardship at higher risk of suicide, suicidal thoughts",421,15,1764683950.0,0.97,False,news.uga.edu
1pc72mb,science,"A 6-year study of 5,944 adults over 50 found replacing 5% of total energy intake from animal fat with vegetable fat corresponded to a 15% lower risk of dementia. Also, the highest intake of monounsaturated fat had a 37% lower risk, while the highest intake of saturated fat had a 56% higher risk.",972,119,1764678181.0,0.93,False,sciencedirect.com
1pc5tzq,science,"The racing mind of insomnia may stem from flattened circadian rhythms. This biological misalignment keeps the mind in an alert, problem-solving mode when it should be disengaging. The thought patterns stayed more daytime-like in the night-time hours when the brain should be quietening.",2100,125,1764674003.0,0.98,False,psypost.org
1pc5oav,science,"Priming for planned sex increases desire, frequency in parents with young children. Lack of sleep and free time, juggling work and other commitments, couples find sex lives take a hit transitioning to parenthood. Encouraging couples with young children to plan sex led to increased desire, frequency.",2296,79,1764673447.0,0.96,False,yorku.ca
1pc3alg,science,New D-D fusion reaction channel observed at very low energies (Physical Review X),43,2,1764664239.0,0.92,False,journals.aps.org
1pc31i2,science,"Research tracked the same Australians across 14 years and discovered that people who move to a new area gradually adopt part of the typical weight profile of their new community, showing that “place” itself contributes to differences in weight across the country.",2140,65,1764663241.0,0.97,False,curtin.edu.au
1pbvxoh,science,AI-Driven Virtual Power Plant Scheduling: CUDA-Accelerated Parallel Simulated Annealing Approach,11,1,1764640805.0,0.67,False,mdpi.com
1pbtj11,science,"Contrary to anecdotal evidence, female suicide bombers inflict fewer fatalities than their male counterparts. [Analysis of 6,800 suicide attacks during the period 1985–2017]",746,130,1764634462.0,0.88,False,doi.org
1pbs9w0,science,Estimation and mapping of the missing heritability of human phenotypes,27,1,1764631286.0,0.96,False,nature.com
1pbqgg1,science,Study Reveals Long-Term Associations of Strangulation-Related Brain Injury from Intimate Partner Violence,738,97,1764626868.0,0.96,False,massgeneralbrigham.org
1pbpdbi,science,"A comprehensive set of protocols to assay super relaxation, an important determinant of heart health.",49,3,1764624378.0,0.93,False,nature.com
1pbpasm,science,On the intergenerational transfer of ideas in aging and cancer research: from the hypothalamus according to V.M. Dilman to the mTOR protein complex according to M.V. Blagosklonny,20,1,1764624218.0,0.85,False,doi.org
1pbomlw,science,"Cell biologists are one step closer to making viable human eggs from stem cells in the lab. A recent study in mice established a novel method to create relatively mature oocytes (egg precursors) from pluripotent stem cells, supplemented by a mix of proteins and growth factors.",125,3,1764622670.0,0.95,False,pnas.org
1pbnwg7,science,"A study finds that one microbe, a member of the Archaea, tolerates a little flexibility in interpreting the genetic code, contradicting a 60-year-old doctrine.",362,2,1764621018.0,0.99,False,news.berkeley.edu
1pbnwcg,science,"Long COVID manifests with sex-specific differences, particularly in those with myalgic encephalomyelitis/chronic fatigue syndrome. Cytokine profiling indicates a stronger pro-inflammatory response in females compared to males, along with markers of gut barrier dysfunction.",160,1,1764621012.0,0.97,False,cell.com
1pbnmla,science,Researchers have successfully identified a previously unknown cyclic climate pattern in the tropics by historical reanalysis of datasets and satellite observations.,82,2,1764620395.0,0.94,False,ist.ac.at
1pbncib,science,Family life lowers men’s testosterone without causing medical deficiency. New study found that men living with a partner and school-aged children tend to have lower testosterone levels than single men or partnered men without children.,4241,193,1764619758.0,0.97,False,psypost.org
1pbjcbw,science,"Personalized ‘prehabilitation’ helps the body brace for major surgery | Tailored exercise, nutrition and cognitive training appear to tune immune activity and improve recovery outcomes",830,20,1764611015.0,0.99,False,sciencenews.org
1pbigvq,science,The Most Extensive and Detailed Radio Image Ever Captured of the Milky Way,142,2,1764609110.0,0.97,False,sciencenews.org
1pbi29t,science,Researchers Identify Why Some People With HIV Achieve Remission After Antibody Treatment,129,2,1764608245.0,0.97,False,massgeneralbrigham.org
1pbhkfp,science,"Diamond sensors can now reveal hidden magnetic fluctuations by leveraging quantum entanglement, giving researchers a new tool for studying superconductors, graphene and other quantum materials [Nature]",324,5,1764607133.0,0.98,False,engineering.princeton.edu
1pbgon3,science,"A man has become the seventh person to be left HIV-free after receiving a stem cell transplant to treat blood cancer. Significantly, he is also the second to receive stem cells that were not actually resistant to the virus",22817,181,1764605167.0,0.98,False,newscientist.com
1pbdyst,science,"A small study in Turkey showed that cats meow louder at men. While it's not clear if this behavior is universal, it suggests that cats adapt their vocal cues to different people",20400,266,1764598810.0,0.97,False,zmescience.com
1pbdxod,science,This little-known culture in Bronze Age Turkey might have been a major regional power,213,12,1764598734.0,0.97,False,newscientist.com
1pbc7td,science,"Domestic Cats Were Introduced to Europe around 2,000 Years Ago, Probably from North Africa: Study",650,14,1764594191.0,0.98,False,sci.news
1pb9yjo,science,Autistic individuals are more prosocial towards strangers and people they barely know compared to their non-autistic peers. These differences were not driven by repetitive responding that is typical of autism.,3847,242,1764586985.0,0.97,False,psypost.org
1pb9cj1,science,"Continuous cough monitoring accurately quantifies disease burden and day-to-day variability, enabling earlier detection of patient deterioration, more sensitive clinical trial endpoints, and population-level disease surveillance",68,2,1764584779.0,0.91,False,jtd.amegroups.org
1pb4nlw,science,Inhibition of 15-hydroxy prostaglandin dehydrogenase promotes cartilage regeneration,696,27,1764567388.0,0.98,False,science.org
1payt1v,science,"The 'vampire squid' has just yielded the largest cephalopod genome ever sequenced, at more than 11 billion base pairs. The fascinating species is neither squid or octopus, but rather the last, lone remnant of an ancient lineage whose other members have long since vanished.",24567,478,1764550389.0,0.98,False,sciencealert.com
1paw8fl,science,Winter-active spiders (Clubiona) have a hyperactive antifreeze protein with a unique beta-solenoid fold,380,6,1764543617.0,0.99,False,febs.onlinelibrary.wiley.com
1pas25c,science,"Learning with AI falls short compared to old-fashioned web search. When people rely on large language models to summarize information on a topic for them, they tend to develop shallower knowledge about it compared to learning through a standard Google search.",9700,476,1764533354.0,0.96,False,theconversation.com
1pao24f,science,River drought forcing of the Harappan metamorphosis,43,2,1764523907.0,0.85,False,nature.com
1panwso,science,"How the brain decides what to remember: with a virtual reality-based behavioral model in mice, the scientists discovered that long-term memory is orchestrated by key regulators that either promote memories into progressively more lasting forms or demote them until they are forgotten",1473,18,1764523571.0,0.99,False,rockefeller.edu
1pan6d2,science,Early Discontinuation of Aspirin after PCI in Low-Risk Acute Myocardial Infarction.,249,5,1764521850.0,0.96,False,nejm.org
1paik4q,science,"The Disastrous Maya Collapse Knocked Down an Entire Network of Cities in Mesoamerica. When the central lowlands were hit by drought, this may have triggered a cascading series of crises: wars between cities over resources, the collapse of royal dynasties, mass migrations, disruption of trade routes",1518,18,1764510070.0,0.99,False,nouvelles.umontreal.ca
1pai2sd,science,Autistic adults show higher rates of self-harm and suicide plans regardless of trauma history. As many as 1 in 4 autistic people reports suicide attempts across their lifetime and autistic people have a higher likelihood of adverse life experiences,5986,382,1764508678.0,0.97,False,cam.ac.uk
1pafpd5,science,New study of individuals with ADHD revealed that those with increased folds (gyrification) in frontal cortical regions of the brain generally responded better to treatment. Higher degrees of gyrification are generally associated with increased cognitive capacity.,1835,80,1764500670.0,0.98,False,psypost.org
1pae1dx,science,"Chemical engineers at EPFL have bioengineered microbes that can release electrons, opening doors to bioelectronics powered by living cells",426,13,1764494359.0,0.97,False,cbherald.com
1pa1x10,science,Avian-origin influenza A viruses tolerate elevated pyrexic temperatures in mammals,525,12,1764455880.0,0.97,False,science.org
1p9ylvc,science,"Cannabis derived products, including cannabidiols (CBD) could make dogs less aggressive over time, finds largest study of its kind involving 47,355 dogs. This behavioral change may be an important therapeutic finding for both dog welfare and human safety.",1989,59,1764447285.0,0.95,False,frontiersin.org
1p9uh5c,science,New ‘gyromorph’ materials combine disorder and order to block light from every direction,152,3,1764437096.0,0.95,False,journals.aps.org
1p9nzec,science,"Researchers took 22 healthy young adults and split them into an omnivorous or plant-based group with the same protein and calories. After 10 weeks of training, the plant-based group had improved markers of cardiometabolic health (compared to the omni group) without compromising micronutrient status.",2807,218,1764419957.0,0.81,False,sciencedirect.com
1p9moxn,science,"People who regularly consume polyphenol-rich foods and drinks, such as tea, coffee, berries, cocoa, nuts, whole grains and olive oil, may have better long-term heart health, with healthier blood pressure and cholesterol profiles.",9760,224,1764415565.0,0.97,False,kcl.ac.uk
1p947ix,science,middle aged mice who lost weight were prone to inflammation linked to neurodegenerative diseases such as Alzheimer’s,1256,51,1764359209.0,0.96,False,link.springer.com
1p93y0u,science,"Democratic decline is occurring in key fishing countries and has the potential to disrupt global fisheries governance through increased polarization within key intergovernmental institutions. This paper lays out the evidence, explores the potential implications, and sets out a research agenda.",356,8,1764358560.0,0.97,False,onlinelibrary.wiley.com
1p92b8h,science,Review of AI research identifies ways that involving affected communities can improve the scientific reliability of research on artificial intelligence,17,4,1764354687.0,0.69,False,pnas.org
1p92685,science,"Plastic can be programmed to have a lifespan of days, months or years. Inspired by natural polymers like DNA, chemists have devised a way to engineer plastic so it breaks down when it is no longer needed, rather than polluting the environment.",18673,567,1764354357.0,0.96,False,newscientist.com
1p923ep,science,"Marine mammals who live far below the ocean’s surface are not immune from the burden of toxic forever chemicals, with whales and dolphins showing unprecedented levels of PFAS contamination",1237,19,1764354175.0,0.98,False,uow.edu.au
1p90yq8,science,"Study has shown for the first time that the brain’s reward-seeking mechanisms, situated in the nucleus accumbens, can be altered using transcranial ultrasound stimulation (TUS)",1731,45,1764351555.0,0.98,False,plymouth.ac.uk
1p8v12v,science,Year-round acoustic presence of fin whales southwest of Svalbard suggests mixed-use habitat for feeding and breeding,79,1,1764337021.0,0.95,False,nature.com
1p8r6t7,science,No meta-analytical effect of economic inequality on well-being or mental health,0,18,1764324076.0,0.38,False,nature.com
1p8pnbw,science,"Floating solar photovoltaic (FPV) installations in shallow, well-mixed water bodies produce negligible impacts on water quality and algae.",184,10,1764318072.0,0.99,False,frontiersin.org
1p8pjjs,science,"Large meta-study finds association between short-form video (Tiktok/reels) consumption and decreased attention and inhibitory control, along with increased stress and anxiety",2655,99,1764317656.0,0.98,False,psycnet.apa.org
1p8k1nl,science,"New study reveals Canadian ice sheet was major driver of sea-level rise during final stages of the last ice age, not Antarctica",1189,14,1764298619.0,0.99,False,uottawa.ca
1p8jg74,science,"New study implies that the rise of right-wing populism is partly a psychological response to fear of the unknown. When citizens view uncertainty as an opportunity rather than a threat, they exhibit greater openness to diversity and are less likely to vote for right-wing populist parties.",5755,450,1764296720.0,0.92,False,psypost.org
1p8gpuv,science,"Morality &amp; Beliefs on Language Use: Study finds prioritizing moral values related to in-group loyalty, hierarchy, and purity predicts more restrictive language beliefs. Yet, endorsing moral purity does not predict linguistic purism (a popular belief that language must stay ""pure"" of foreign words).",115,2,1764288249.0,0.93,False,doi.org
1p8e505,science,"Small changes to ‘for you’ feed on X can rapidly increase political polarisation.
Study finds that a week of political content can bring about a shift in views that previously would have taken three years",2902,130,1764280595.0,0.96,False,theguardian.com
1p8c5z8,science,Scientists find evidence that an asteroid contains tryptophan,6627,254,1764275138.0,0.97,False,edition.cnn.com
1p87guj,science,Coffee consumption (4 cups/day) is linked to longer telomere lengths – a marker of biological ageing – among people with bipolar disorder and schizophrenia. The effect is comparable to roughly five years younger biological age,9862,715,1764263335.0,0.94,False,kcl.ac.uk
1p81qp1,science,"New study shows for first time that microplastics do not simply pass through digestive tract of farm animals. They interact with gut microbiome, alter fermentation, and are partially broken down. Farm animals’ digestive systems may act as bioreactors that transform and redistribute microplastics.",3412,105,1764248741.0,0.98,False,helsinki.fi
1p80z5u,science,"A single stressful event can cause ongoing hair loss. Study using mice found stress not only causes hair follicles to die, but can cause immune system to attack hair follicles during future stressful events. Bodies may be conserving limited resources, sacrificing hair follicle cells when threatened.",2393,65,1764246422.0,0.99,False,cell.com
1p7wu8h,science,"GLP-1 drugs may be associated with an increased risk of chronic cough, raising the need to study this mechanism and longitudinal cough dynamics objectively",604,55,1764231153.0,0.95,False,jamanetwork.com
1p7wgyz,science,Underestimated penalty of hull fouling: A scenario-based analysis of GHG emissions from global shipping,24,2,1764229796.0,0.84,False,doi.org
1p7q3jc,science,"New research highlights shortage of male mentors for boys and young men. Most boys and young men in the US frequently lack male guidance figures in critical areas of their lives. For many young males, particularly those from lower-income backgrounds, the adults available to assist are mainly women.",6620,1106,1764208808.0,0.96,False,psypost.org
1p7pmo6,science,"A massive lab screening tested thousands of synthetic chemicals. The result shows 168 compounds including pesticides, flame retardants and plastic additives are toxic to healthy human gut bacteria in ways never suspected, mostly entering the body through food, water and environmental exposure.",808,7,1764207353.0,0.99,False,nature.com
1p7mrqk,science,Researchers demonstrate high-sensitivity pressure and temperature quantum sensing using organic crystals (Nature Communications),27,1,1764199223.0,0.84,False,nature.com
1p7ldrh,science,"New research concludes that volcanism and resulting environmental degradation was the primary cause of the K-Pg mass extinction event, while the Chicxulub impact may have caused instantaneous mass mortality in the end.",338,18,1764195707.0,0.97,False,pubs.geoscienceworld.org
1p7jjt0,science,"In recordings obtained by NASA's Perseverance rover, scientists have identified, for the first time, lightning captured during Mars's wild dust events and whirling dust devils – not once, but 55 times over two Martian years of observation.",789,7,1764191270.0,0.99,False,sciencealert.com
1p7jin6,science,"Bones and teeth confirm 'Lucy' (Australopithecus afarensis) lived side by side with an even older human ancestor, Australopithecus deyiremeda, over 3.3 million years ago in Ethiopia's Afar Rift.",5012,57,1764191194.0,0.98,False,sciencealert.com
1p7h4it,science,Via specific circuits the brain’s executive control center (prefrontal cortex) sends tailored messages to regions governing vision and motion to ensure that their work is shaped by contexts such as one’s level of arousal and whether they are on the move.,94,3,1764185574.0,0.94,False,eurekalert.org
1p7gjd5,science,"A new 3D model of the Rano Raraku volcano crater on Rapa Nui (Easter Island) created using 11,686 photographs taken by drone helps scientists map hundreds of statue extraction sites and provided testable hypotheses on how the statues were moved",62,3,1764184229.0,0.93,False,theconversation.com
1p7g878,science,Scientists at Duke University discover a Muscovy duck virus that evades human immune detection and engineer it to create an immune-evasive gene therapy vector for Pompe disease in a mouse model,354,7,1764183535.0,0.97,False,cell.com
1p7f0yz,science,"Microplastics in the natural environment are colonised by pathogenic and antimicrobial resistant bacteria, study team calls for urgent action for waste management and strongly recommends wearing gloves when taking part in beach cleans",1304,16,1764180841.0,0.99,False,news.exeter.ac.uk
1p7b8pa,science,"For a large share of social media users, digital platforms have become a trap. People use the platform due to fears of missing out on what peers are doing or becoming socially excluded, but would rather the platform not exist at all. [Data from incentivized experiments with Instagram, TikTok]",254,10,1764172375.0,0.98,False,aeaweb.org
1p79i0m,science,Common acne medication linked to reduced schizophrenia risk. New research suggests that adolescents in psychiatric care who took doxycycline had a lower risk of developing the disorder later in adulthood compared to those who took other antibiotics.,4936,173,1764168246.0,0.98,False,psychiatryonline.org
1p78kyx,science,"Dark Matter May Have Finally Been Detected in Our Galaxy's Glow - ""The gamma-ray emission component closely matches the shape expected from the dark matter halo.""",480,22,1764165953.0,0.93,False,sciencealert.com
1p77h31,science,Researchers observed a classical counterpart of the quintessential Hong-Ou-Mandel effect in quantum mechanics for the first time using a condensate of polaritons caught in an optical trap. This breakthrough brings researchers one step closer to creating compact quantum devices.,49,2,1764162991.0,0.91,False,journals.aps.org
1p759zr,science,"In recent years, right-wing populist parties have experienced significant political success across nearly all Western democracies. With their increasing political establishment, xenophobic attitudes have become normalized, including discrimination by public authorities.",2946,610,1764156141.0,0.87,False,uni-konstanz.de
1p747zx,science,"Research found when people agree upon rules and work together, their brains process information in similar ways. The authors suggest this shared activity could have important implications for how groups make decisions and develop traditions and rituals",945,6,1764152270.0,0.99,False,eurekalert.org
1p743vv,science,"Fame may shorten singers’ lives beyond occupational hazards. A possible explanation for the findings may lie in ""the unique psychosocial stress that accompanies fame, such as intense public scrutiny, performance pressure, and loss of privacy",554,32,1764151841.0,0.94,False,9news.com.au
1p735l8,science,"The US has an ""Epilepsy Belt."" Poor sleep, heat, and regional barriers are likely causes",4293,190,1764148140.0,0.98,False,zmescience.com
1p72u6t,science,Scientists Discover How To Freeze Organs Without Cracking Them,1098,58,1764146865.0,0.97,False,nature.com
1p71t7b,science,A Novel Approach for Reliable Classification of Marine Low Cloud Morphologies with Vision–Language Models,11,1,1764142926.0,0.75,False,doi.org
1p6za8o,science,Study shows that 82% saw weight rebound and cardiovascular health reverse after withdrawal from taking GLP-1 drugs | Cardiometabolic Parameter Change by Weight Regain on Tirzepatide Withdrawal in Adults With Obesity,4497,846,1764134107.0,0.97,False,arstechnica.com
1p6uo8f,science,"As a society, we may be able to increase support for redistribution by exposing the ultra-rich. When people do not directly observe large differences in wealth, they tend to underestimate inequality, feel more content with their situation, and show less interest in policy change.",11976,404,1764120371.0,0.95,False,lse.ac.uk
1p6tyig,science,"A Pilot, Randomised, Placebo-Controlled, Double-Blind Trial of a Single Oral Dose of Ivermectin for Post-Exposure Prophylaxis of SARS-CoV-2",474,93,1764118389.0,0.86,False,mdpi.com
1p6oup8,science,"Majority of women faced abuse during childbirth in Delhi, capital of India. The abuse is normalized and viewed as part of the process. It is more prevalent in government hospitals due to higher patient load and overworked staff.",1868,85,1764105546.0,0.96,False,journals.lww.com
1p6kr7g,science,"Reducing social media use for just one week improved mental health. Young adults aged 18 to 24 reported a 16.1% drop in anxiety, a 24.8% decrease in depression, and a 14.5% reduction in insomnia symptoms after the detox period, according to their self-reported measures of mental health.",713,22,1764096422.0,0.97,False,jamanetwork.com
1p6jxrh,science,SAMP-Score: a morphology-based machine learning classification method for screening pro-senescence compounds in p16 positive cancer cells,23,1,1764094627.0,0.83,False,doi.org
1p6jmlb,science,"Ancient Humans Introduced Wolves to Remote Baltic Sea Island 5,000 Years Ago",249,8,1764093960.0,0.98,False,sci.news
1p6iive,science,"AI trained on bacterial genomes produces never-before-seen proteins: « Genes with related functions cluster together, and the AI uses that. »",770,53,1764091535.0,0.94,False,arstechnica.com
1p6g3nu,science,"Social Media Use is positively associated with burning eyes, wrist pain, neck and shoulder pain, chest pain, stomach pain, nausea, headaches, and muscle pain. It increases the sense of isolation from family and society while decreasing executive functions and prospective memory",580,17,1764086205.0,0.95,False,link.springer.com
1p6dskk,science,"Personalized algorithms lead to a distorted view of reality when learning new information, a new study finds.  Study participants were often wrong when tested on the information they were supposed to learn – but were overconfident in their incorrect answers.",454,12,1764080815.0,0.98,False,news.osu.edu
1p6bym1,science,Single session of weightlifting improves executive function and processing speed. A new study found that processing speed and working memory improved in a group of participants after moderate-intensity resistance exercises compared to a group that was resting and watching a video during that time.,2631,84,1764076014.0,0.98,False,psypost.org
1p6b8hr,science,Global trends in the commercialization of genetically modified crops in 2024,40,5,1764073871.0,0.88,False,doi.org
1p6a1lj,science,"Changes in Suicidality among Transgender Adolescents Following Hormone Therapy: An Extended Study. Suicidality significantly declined from pretreatment to post-treatment. This effect was consistent across sex assigned at birth, age at start of therapy, and treatment duration.",3917,598,1764069991.0,0.9,False,sciencedirect.com
1p69xxz,science,"Scientists have developed a method to rejuvenate old and damaged human cells by replacing their mitochondria. With new mitochondria, the previously damaged cells regained energy production and function. The rejuvenated cells showed restored energy levels and resisted cell death.",4798,182,1764069634.0,0.99,False,engineering.tamu.edu
1p69lfq,science,"Scientists have identified five major “epochs” of human brain development in one of the most comprehensive studies to date of how neural wiring changes from infancy to old age. In a person’s early 30s the brain’s neural wiring shifts into adult mode – the longest era, lasting more than three decades",12516,276,1764068411.0,0.98,False,theguardian.com
1p68yy1,science,Evidence suggests early developing human brains are preconfigured with instructions for understanding the world,688,42,1764066108.0,0.98,False,news.ucsc.edu
1p68rb5,science,"One in two people in the U.S  just over half of the population, is affected by a neurological disease or disorder. Researchers found the most prevalent conditions were tension-type headache affecting 122 million Americans, migraine affecting 58 million and diabetic neuropathy affecting 17 million.",552,40,1764065299.0,0.95,False,jamanetwork.com
1p67ssv,science,"Music eases surgery and speeds recovery.  Research found patients exposed to music required lower doses of propofol and fentanyl. They experienced smoother recoveries, lower cortisol or stress-hormone levels and a much better control of blood pressure during the surgery",320,11,1764061549.0,0.97,False,bbc.co.uk
1p5zt4q,science,"Endangered lemurs face a new threat as the luxury meat trade expands. Over 90% of the 112 species are nearing extinction. Habitat loss, illegal logging and hunting persist, and lemurs now end up on the plates of wealthy city diners.",204,11,1764035031.0,0.96,False,conbio.onlinelibrary.wiley.com
1p5yzai,science,"A mathematical ceiling limits generative AI to amateur-level creativity. While generative AI/ LLMs like ChatGPT can convincingly replicate the work of an average person, it is unable to reach the levels of expert writers, artists, or innovators.",11343,1182,1764032719.0,0.93,False,psypost.org
1p5xnv4,science,"Ice moons in the outer solar system could have oceans that boil as water reaches the triple point where solid, liquid and gaseous water can coexist. The new models help us understand how surface features of moons like Mimas, Miranda or Titania are formed by internal processes.",276,2,1764029211.0,0.98,False,ucdavis.edu
1p5vx8l,science,Magnetic switchbacks – phenomena thought to only exist near the Sun – have been detected in Earth's magnetic field for the first time,417,2,1764024772.0,0.98,False,sciencealert.com
1p5tune,science,"Social overlap between groups plays a major part in how fast a social concept or contagious illness is likely to transmit, researchers say",65,4,1764019928.0,0.86,False,news.northeastern.edu
1p5sq5s,science,Most modern dog breeds have detectable wolf ancestry that occurred well after domestication. Large breeds tend to have more wolf DNA but even Chihuahuas have 0.2 percent wolf DNA.,176,13,1764017344.0,0.92,False,eurekalert.org
1p5socp,science,"Most domesticated dogs have some wild wolf DNA in their genes, according to an analysis of 2,693 genomes.  Larger, working dog breeds tend to have more wolf genes, but the St. Bernard has none while the Chihuahua retains detectable wolf ancestry at 0.2% of its genome",1738,78,1764017226.0,0.97,False,theconversation.com
1p5ny6f,science,Hospitalization with infections and risk of Dementia: a systematic review and meta-analysis,48,1,1764006771.0,0.88,False,doi.org
1p5ljxw,science,Scientists achieve record-breaking electrical conductivity in new quantum material,116,2,1764001628.0,0.96,False,sciencedirect.com
1p5l96z,science,"Nearly seven in 10 Medicaid patients not receiving treatment within six months of an opioid use disorder diagnosis, study finds",491,22,1764000994.0,0.96,False,newsroom.taylorandfrancisgroup.com
1p5icai,science,"Orangutans can't master their complex diets without cultural knowledge, research reveals. When a wild orangutan leaves its mother after spending many years by her side, it has a mental catalog of almost 250 edible plants and animals, and the knowledge of how to acquire and process them.",6506,37,1763994198.0,0.99,False,nature.com
1p5i37t,science,Ecology and spread of the North American H5N1 epizootic,78,1,1763993576.0,0.93,False,nature.com
1p5efyd,science,"A single 30-minute session of physical activity can produce immediate antidepressant effects in both humans and mice, involving a hormone released by fat cells that alters brain plasticity to improve mood. Physical exercise may be effective in preventing the development of depression.",16962,394,1763983073.0,0.97,False,psypost.org
1p5891v,science,Tire antioxidant 6-PPD linked to cell damage and shortened lifespan,517,53,1763960384.0,0.97,False,dongascience.com
1p545hs,science,Rare earth elements found forming in a plant – the fern Blechnum orientale - for the first time. The findings could lead to a more sustainable way of gathering these mineral resources that we are increasingly reliant upon.,1086,42,1763948181.0,0.95,False,sciencealert.com
1p53um8,science,"Traces of a previously unknown group of people, genetically distinct from their neighbors, have persisted for at least 8,000 years in the central Southern Cone of South America, study finds.",2403,6,1763947303.0,0.99,False,sciencealert.com
1p52d6k,science,Scientists solved longstanding mystery of origin of PFAS “forever chemicals” contaminating water in North Carolina to a local textile manufacturing plant. Precursors were being released into sewer system at concentrations approximately 3 million times greater than EPA’s drinking water limit.,17939,534,1763943174.0,0.98,False,pratt.duke.edu
1p51n6l,science,"Equipped with the ability to sense the Earth’s magnetic field, loggerhead hatchlings are born with a compass, which tells them in which direction they are travelling, and a map of the planet’s magnetic field that tells them their location, to navigate successfully.",311,10,1763941200.0,0.97,False,eurekalert.org
1p4qs6y,science,"Phase 3 trial in 18,746 adults finds Pfizer’s modRNA flu shot 34.5% more effective than standard vaccines for influenza A, while results for influenza B remain inconclusive, and mild to moderate side effects occur more often in the mRNA group.",1445,54,1763914838.0,0.96,False,nejm.org
1p4lqx4,science,Telecom-wavelength quantum teleportation using frequency-converted photons from remote quantum dots,78,2,1763901600.0,0.88,False,nature.com
1p4kbzo,science,"Gum disease and tooth decay hit men harder – and now we know why. An inflammatory protein, IL-1β, ramps up activity in periodontitis in males, amplifying disease that contributes to tooth loss. New study examined 6,200 human samples and mouse models. Previous studies only looked at male behavior.",1591,44,1763896800.0,0.98,False,newatlas.com
1p4k6du,science,"Nasal Drops Fight Brain Tumors Noninvasively: Nasal drops deliver potent tumor-fighting nanomedicine to the brain and eradicates glioblastoma, one of the most aggressive and deadly brain cancers, in mice. Glioblastoma is the most common kind of brain cancer and is almost always fatal.",2435,20,1763896238.0,0.99,False,siteman.wustl.edu
1p4k008,science,"Some Children’s Tantrums Can Be Seen in the Brain. Scanning the brains of children with sensory processing disorder, scientists see in some a struggle to gain self-control and minimize outside stimulation.",1062,74,1763895599.0,0.97,False,ucsf.edu
1p4jh6s,science,Lonely children have an increased risk of dementia and cognitive decline in adulthood. Research found individuals who reported experiencing loneliness as children had a 41% higher risk of dementia in adulthood. They also tended to experience faster age-related cognitive decline,7394,204,1763893656.0,0.97,False,psypost.org
1p47ofa,science,AI Can’t Replace Therapists – But It Can Help Them,0,3,1763854753.0,0.28,False,usnews.com
1p44tnl,science,"Factors that may lead young adults to consider cheating on their romantic partners: Half had at least one parent had an extramarital affair, usually the father. A personal history of cheating was the strongest predictor of future intentions, but being a victim of cheating was not.",4528,77,1763847113.0,0.96,False,psypost.org
1p3yeej,science,Conceptual and methodological flaws undermine claims of a link between the gut microbiome and autism,291,7,1763831211.0,0.97,False,cell.com
1p3vv5y,science,Estimation and mapping of the missing heritability of human phenotypes,27,1,1763825054.0,0.82,False,idp.nature.com
1p3upfo,science,"Scientists found 44,000-year-old fossil evidence in Belgium that six neanderthals, all women and children, were hunted and eaten by another group of neanderthals. ""Weaker members of one or multiple groups... were deliberately targeted.""",6834,368,1763822073.0,0.98,False,realclearscience.com
1p3u7ul,science,Experimental phage evolution results in expanded host ranges against antibiotic resistant Klebsiella pneumoniae isolates - Nature Communications,89,1,1763820785.0,0.95,False,nature.com
1p3sbsq,science,"Researchers followed 3,991 participants aged &gt;65 years to see if their diet was linked to changes in blood pressure. After 3 years, 1,764 developed high blood pressure. Higher adherence to a plant-based diet was significantly associated with a reduced risk of hypertension in this population.",799,25,1763815386.0,0.95,False,frontiersin.org
1p3qkz3,science,"Pro-inflammatory diets linked to accelerated brain aging in older adults. These diets usually contain high amounts of red meat, processed foods, and high-fat dairy products. In contrast, diets rich in vegetables, fruits, and whole grains tend to lower inflammation.",3836,279,1763809422.0,0.94,False,psypost.org
1p3pq7w,science,More attractive individuals are less supportive of redistribution,1008,194,1763806226.0,0.89,False,sciencedirect.com
1p3kgq1,science,"New research suggests that Theia, the body that collided with Earth 4.5 billion years ago creating the Moon, originated closer to the Sun than our planet",1572,22,1763786818.0,0.99,False,mps.mpg.de
1p3j92h,science,"Large study of 331,000+ U.S. college students finds over half of opioid misuse involves drugs not prescribed to the user",281,11,1763782996.0,0.96,False,tandfonline.com
1p3a428,science,"MAGA Republicans are more likely to view political violence as justified, but are generally not more willing to engage in it themselves compared to other groups. Widespread endorsement of such acts could nonetheless foster an environment where violence is more likely to occur",2641,405,1763758601.0,0.79,False,psypost.org
1p395hi,science,"Breakthrough in antimatter production - In a paper published today in Nature Communications, researchers at the ALPHA experiment at CERN’s Antimatter Factory report a new technique that allows them to produce over 15 000 antihydrogen atoms –the simplest form of atomic antimatter–in a matter of hours",1780,113,1763756294.0,0.99,False,home.cern
1p35hbo,science,Circulating cfdna: A novel biomarker for preventing early recurrence in ischemic stroke,37,2,1763747789.0,0.93,False,link.springer.com
1p35dyp,science,"For patients recovering from opioid use disorder, the days immediately following a hospital stay are among the most dangerous. A new multi-state study found that nearly half of patients discharged with take-home methadone successfully connected to follow-up treatment within 72 hours.",94,6,1763747581.0,0.95,False,news.cuanschutz.edu
1p33wj6,science,Prozac appears to be no better than placebo for treating depression in children and teens; a new study proposes novelty bias and reduced expectancy effects as explanations for the loss of efficacy.,2236,247,1763744251.0,0.97,False,jclinepi.com
1p317ir,science,"New research in the Journal of Economic Criminology confirms that illegal wildlife trade is tied to other forms of criminal activity, including trafficking in drugs, arms, people, stolen vehicles, mined resources, counterfeit goods and human body parts.",126,7,1763738069.0,0.98,False,scientificamerican.com
1p2yguu,science,"Weather patterns that produced five severe heat waves in Europe over the past 30 years could kill thousands more people if repeated in today’s hotter global climate, pushing weekly deaths toward levels seen during the COVID pandemic, a new study finds.",157,10,1763731338.0,0.94,False,nature.com
1p2x6q4,science,"The Batman effect: A female experimenter, appearing pregnant, boarded the train. In the experimental condition, an additional experimenter dressed as Batman entered from another door. Passengers were significantly more likely to offer their seat when Batman was present (67.21% vs. 37.66%).",57338,1229,1763727674.0,0.94,False,nature.com
1p2w3o4,science,"Taking Two Supplements During Pregnancy May Reduce Autism Risk by 30% - Prenatal multivitamins were linked to a 34% reduction in autism risk, while folic acid alone was linked to a 30% reduction.",2766,179,1763724160.0,0.88,False,newsweek.com
1p2up8a,science,Discovery of rare protist reveals previously unknown branch of eukaryotic tree of life,234,2,1763719102.0,0.97,False,nature.com
1p2tymh,science,"Lions have two roars, scientists discover",128,19,1763716227.0,0.9,False,telegraph.co.uk
1p2tffz,science,A Global Perspective on Local Sea Level Changes,14,2,1763714134.0,0.78,False,doi.org
1p2so89,science,Engineers repurpose a mosquito proboscis to create a 3D printing nozzle,73,4,1763711241.0,0.93,False,science.org
1p2qph4,science,"Invasive Polynesian Rats Played Key Role in Deforestation of Easter Island, Study Suggests",60,1,1763704012.0,0.9,False,sci.news
1p2jxl8,science,Study finds nearly two-thirds of AI-generated citations are fabricated or contain errors. The lack of reliability of large language models like OpenAI’s GPT-4o highlights a significant risk for scientific research.,2669,138,1763684484.0,0.98,False,psypost.org
1p2iack,science,"New clinical trial involving more than 1,600 people with type 2 diabetes has found that a GLP-1 pill form of the drug orforglipron is similarly effective for weight loss as injectable semaglutide such as Ozempic",6138,328,1763680190.0,0.98,False,sciencealert.com
1p2gnin,science,"Replacing meat, dairy, and eggs with grains, legumes, and other plant foods reduces greenhouse gas emissions by 51%, new research shows. The vegan group cut GHGE by 1,313 g CO₂-eq per day — about the same as driving 4.3 miles, and that drop happens every day someone chooses plant-based meals.",964,439,1763676327.0,0.74,False,jamanetwork.com
1p2g4hd,science,Fluoride in drinking water does not negatively affect cognitive ability - and may actually provide benefit,27166,969,1763675094.0,0.93,False,science.org
1p2fcbz,science,Webb spots greedy supermassive black hole in early Universe: « The discovery connects early black holes with the luminous quasars we observe today. »,109,6,1763673308.0,0.95,False,esa.int
1p2dj84,science,"Climate change is now warming the deepest parts of the Arctic Ocean. During the recent decades, the Arctic Ocean deep water is warming at 0.020°C/decade in the Eurasian Basin between 2000 and 2600 m, exceeding what can be explained by geothermal heating.",100,2,1763669167.0,0.94,False,science.org
1p2cmii,science,A common type of inflammatory bowel disease has been linked to toxic bacteria,1340,69,1763667111.0,0.98,False,newscientist.com
1p2cib9,science,Analysis of 45 serial killers sheds new light on the dark psychology of sexually motivated murderers. The study found sexually motivated serial killers are often driven by a complex combination of grandiose entitlement and deep-seated emotional vulnerability,4214,123,1763666847.0,0.98,False,psypost.org
1p2bl0i,science,"Repaired DNA leaves lasting scars in chromatin, defying conventional wisdom",172,2,1763664809.0,0.98,False,pnas.org
1p27jzg,science,"Staying connected: social ties can protect ageing brains. Research found individuals identified as being socially frail using specific screening tools were up to 50% more likely to develop dementia, even after accounting for other factors such as physical and psychological frailty.",236,4,1763655924.0,0.98,False,unsw.edu.au
1p27dwe,science,"Moss survived in space for nine months, study finds",894,31,1763655548.0,0.98,False,nbcnews.com
1p24pum,science,Generational mutation patterns in a honey bee Deformed wing virus via infectious clone,56,4,1763649286.0,0.93,False,journals.plos.org
1p22gwq,science,"Deadly, record-breaking heatwaves, which worsen in severity the longer it takes to reach net zero carbon emissions, will persist for 1,000 years, even under net zero.  Heatwaves may even be exacerbated by long-term warming in the Southern Ocean even after net zero is reached.",526,46,1763643424.0,0.96,False,iopscience.iop.org
1p21fqj,science,"'California sober' strategy --smoking weed -- might reduce drinking. Smoking marijuana might lead people to drink less, at least in the short term. Exposure to THC caused people to imbibe fewer drinks and delay their alcohol intake, researchers found in a series of laboratory experiments.",3582,288,1763640325.0,0.96,False,upi.com
1p20d8g,science,"We’re evolving too slowly for the world we’ve built. As industrialization accelerates, human biology is struggling to keep pace. Many of the chronic stress-related health issues we face today may be the predictable result of forcing Stone Age physiology into a world it was never built for.",18798,751,1763636695.0,0.95,False,newatlas.com
1p1ymow,science,Ultrasonic device dramatically speeds harvesting of water from the air,75,3,1763630083.0,0.94,False,news.mit.edu
1p1y4p0,science,Replication-competent vaccinia virus-vectored oral vaccines provide complete protection against the SARS-CoV-2 challenge and effectively prevent viral transmission via respiratory droplets in mice and minks,60,2,1763628090.0,0.96,False,sciencedirect.com
1p1y2iy,science,Researchers found pathways to improved food and nutrition security: The role of farm production diversity in household dietary outcomes in rural area of Pakistan,10,1,1763627852.0,0.71,False,sciencedirect.com
1p1olre,science,"ADHD up to 15x more likely with 3 gene variants: Groundbreaking research uncovered a set of just 3 gene variants that can increase the likelihood of ADHD by up to 15 times. It's a remarkable finding, considering that thousands of mutations only come with a nominal elevated risk.",6001,199,1763597892.0,0.97,False,newatlas.com
1p1o0wh,science,Ketamine and electroconvulsive therapy share same antidepressant mechanism,465,18,1763596419.0,0.98,False,nature.com
1p1mugu,science,"Scientists have demonstrated the effectiveness of a topical insulin treatement using mice, minipigs, and lab-grown human skin samples. It was previously thought insulin molecules were too large to be absorbed into skin.",486,11,1763593395.0,0.98,False,sciencealert.com
1p1k67n,science,"Women are under-represented in medical research generally, but they are even more under-represented when it comes to retracted articles. A new study finds that women’s names filled just 23% of author slots in a sample of nearly 900 retracted articles published in medical journals between 2008 &amp; 2017",527,56,1763587097.0,0.72,False,nature.com
1p1j3yu,science,"According to early-stage scientific findings, shifting toward a plant-based diet abundant in fruits, vegetables, nuts and legumes may help protect against heart disease linked to hypertension and may even help reverse certain aspects of it, setting the stage for future trials.",109,8,1763584683.0,0.92,False,ahajournals.org
1p1iavn,science,Experimental study shows that rocks in subduction zones can cement themselves back together after breaking during slow slip events,329,8,1763582879.0,0.98,False,ucdavis.edu
1p1hod2,science,"Using computer vision techniques on sound pictures of short speech fragments (“spectrograms”), researchers trained a neural network on voice recordings from people with and without schizophrenia. The results suggest analyzing patterns of everyday speech could help diagnose and track schizophrenia.",107,24,1763581481.0,0.93,False,nature.com
1p1h1zl,science,Open settings in cities – like parks and golf courses with lots of plants &amp; small mammals – are possible hotspots for interaction between coyotes &amp; humans. Study findings are based on analysis of times &amp; locations in Chicago when coyotes were on the move at the same time people were out &amp; about.,31,4,1763580081.0,0.82,False,news.osu.edu
1p1frzm,science,Researchers Find Evidence of Ancient Microbial Life in 3.51 Billion-Year-Old Rocks,240,2,1763577322.0,0.99,False,sci.news
1p1fqwj,science,"Through analysis of sulfur isotopes in the well-studied HK-1 drill core, researchers showed that Earth’s largest mass extinction event didn’t wipe out life on land with a single massive volcanic event. Rather, the die-offs happened regionally and progressively over hundreds of thousands of years",1045,10,1763577260.0,0.99,False,lettersandsciencemag.ucdavis.edu
1p1ep8d,science,DeepMind’s latest: An AI for handling mathematical proofs,0,14,1763575050.0,0.45,False,arstechnica.com
1p1cysl,science,"Using CRISPR, researchers boosted a fungus’s yield and cut its footprint by up to 61% with no foreign DNA, creating a meat-like, more digestible protein that offers lower emissions, healthier nutrition and a cleaner path to sustainable food.",4505,80,1763571232.0,0.98,False,sciencedirect.com
1p1cung,science,Ultrasound technique can open the blood-brain barrier for drug delivery in brain cancer patients. 2/3 Children in a case study responded favorably to the treatment.,201,7,1763570971.0,0.98,False,spectrum.ieee.org
1p1bh23,science,Assessment of Potentially Toxic Elements Pollution Pattern and Environmental Risk in Soils from Carpathian Areas Using a GIS-Based Approach and Pollution Indices,20,1,1763567949.0,0.84,False,doi.org
1p15v0b,science,"Neanderthals and early humans ‘likely to have kissed’, say scientists. Study from University of Oxford looks into evolutionary origins of kissing and its role in relations between species.",3257,166,1763553730.0,0.94,False,theguardian.com
1p14omm,science,"Ultra-processed food linked to harm in every major human organ, study finds. World’s largest scientific review warns consumption of UPFs poses seismic threat to global health and wellbeing.",22058,1665,1763550147.0,0.94,False,theguardian.com
1p129n0,science,"Social media use soars as kids drop sport, reading and the arts. Australian researcher's warn of social media’s growing grip on young people, with use among children and teens soaring by more than 200% since before COVID and showing no sign of decline.",1266,76,1763541525.0,0.98,False,tanea.com.au
1p0ybd9,science,Anti-Egalitarians Are Lenient Toward Corporate Misconduct: Mixed Evidence for the Role of Threat and Mind Perception,156,5,1763527410.0,0.92,False,journals.sagepub.com
1p0smyf,science,"Microplastics hit male arteries hard: Everyday exposure to microplastics — shed from packaging, clothing, and plastic products — may accelerate the development of atherosclerosis, the artery-clogging process that leads to heart attacks and strokes. The harmful effects were seen only in male mice.",12359,606,1763511291.0,0.96,False,news.ucr.edu
1p0pzb9,science,"Massive international brain scan study of nearly 9,000 children and teens finds the same pattern of cortical surface area shrinkage across anxiety, depression, ADHD and conduct problems in brain regions that support emotion, threat responses and body awareness, challenging disorder-specific models.",479,44,1763504676.0,0.98,False,biologicalpsychiatryjournal.com
1p0mxej,science,"Hypertension affects the brain much earlier than expected: « The changes help explain why hypertension is a major risk factor for developing cognitive disorders, such as vascular cognitive impairment and Alzheimer’s disease. »",885,23,1763497665.0,0.99,False,news.weill.cornell.edu
1p0jfw3,science,"In world first, Israeli scientists use RNA-based gene therapy to stop ALS deterioration",4825,421,1763489839.0,0.89,False,timesofisrael.com
1p0f5xd,science,"Researchers studied coffee farmers to determine how they understand, manage and cope with crop alternate bearing. What they found was that farmers linked their management strategies to their presumptions about what caused the yield’s variability",142,3,1763480383.0,0.96,False,news.northeastern.edu
1p0d3et,science,A new study reveals Critically Endangered African penguins forage near fishing fleets when food is scarce. This competition for vital sardines and anchovies has fueled a staggering 80% population decline over the past 30 years.,324,11,1763475441.0,0.98,False,eurekalert.org
1p0b5vt,science,"Dietary patterns emphasizing healthful plant-based foods and limiting less healthful plant foods and animal products are associated with lower odds of cognitive impairment and risk of dementia, systematic review and meta-analysis finds",469,31,1763470461.0,0.94,False,sciencedirect.com
1p0a1xu,science,"Root canal treatment could significantly lower blood sugar levels, suggesting it could protect against type 2 diabetes. Dentists also saw improvements in cholesterol and fatty acid levels. Given broader health impact of tooth infections, oral health should be integrated into general healthcare.",24456,619,1763467167.0,0.97,False,theguardian.com
1p08lto,science,"Nearly half of Australian adults experienced childhood trauma, increasing mental illness risk by 50 percent. The study also found strong links between childhood trauma and chronic conditions such as asthma, arthritis, cancer and kidney disease.",290,30,1763462126.0,0.95,False,eurekalert.org
1p076wv,science,"New study finds that ""selective prosociality"" (i.e., helping some people but not others) is not just about a particular situation. Instead, it is tied to stable personality traits, meaning some people are more selective than others about who they help, regardless of the situation.",1148,29,1763456675.0,0.98,False,doi.org
1p04o10,science,"UQ’s Queensland Brain Institute are studying how the brain combines different types of predictions about objects and their locations. To investigate, they showed 40 participants rapid streams of real-world images while recording brain activity using an electroencephalogram (EEG)",48,3,1763447052.0,0.89,False,qbi.uq.edu.au
1p021dc,science,The formation of the ‘footprint of death’ as a mechanism for generating large substrate-bound extracellular vesicles that mark the site of cell death - Nature Communications,74,2,1763438439.0,0.93,False,nature.com
1p01rkn,science,B.C. wolves may have figured out how to pull up crab traps to get food | Potential Tool Use by Wolves (Canis lupus): Crab Trap Pulling in Haíɫzaqv Nation Territory,1494,24,1763437643.0,0.99,False,cbc.ca
1p0183j,science,"Study finds recent NIH cuts by Trump administration have halted 383 clinical trials, affecting over 74,000 enrolled patients; trials impacted include infectious diseases, heart disease and cancer treatments",16822,226,1763436085.0,0.97,False,ajmc.com
1ozwvym,science,"CRISPR breakthrough reverses chemotherapy resistance in lung cancer. In a major step forward for cancer care, researchers have shown that disabling the NRF2 gene with CRISPR technology can reverse chemotherapy resistance in lung cancer. The approach restores drug sensitivity and slows tumor growth.",1126,7,1763424317.0,1.0,False,cell.com
1ozw3me,science,"Sea urchin nervous systems are far more complex than we knew. New research shows these creatures possess 'all-body brains' and, at least in their genetic layout, they are remarkably similar to our own.",1564,27,1763422323.0,0.99,False,sciencealert.com
1ozugk9,science,"Researchers found high levels of SGK1 in blood samples from people with depression, people who ended their own lives, and highest levels of all in people with childhood trauma. Injecting SGK1 inhibitors into blood of mice have successfully inhibited depressive-like behaviour during prolonged stress.",5076,189,1763418350.0,0.98,False,newatlas.com
1ozkxjg,science,"New study reveals insights into long COVID trajectories in adults, showing that 10.3% had symptoms consistent with long COVID three months after infection, 81% of whom continued to experience persistent or intermittent symptoms a year later.",77,1,1763397183.0,0.92,False,massgeneralbrigham.org
1ozkjlx,science,Parasitic ant queen chemically manipulates workers into killing their mother,1100,44,1763396333.0,0.98,False,cnn.com
1ozjznx,science,Researchers use deep learning surrogate model to create the first Milky Way simulation model that tracks over 100 billion stars individually.,86,1,1763395082.0,0.91,False,dl.acm.org
1oziugo,science,Study shows that providing people with information about the universal benefits of public goods significantly increases support for higher taxation. This finding reveals a new mechanism that could contribute to reducing inequality by expanding government size while maintaining tax progressivity.,1330,63,1763392422.0,0.96,False,link.springer.com
1ozhfs8,science,Forewarned Is Forearmed: The Single- and Dual-Brain Mechanisms in Detectors from Dyads of Varying Social Distance during Deceptive Outcome Evaluation,252,6,1763389054.0,0.97,False,jneurosci.org
1ozhayk,science,"Researchers have developed a new computational method, a machine learning-based algorithm, to interpret complex single-cell data. The method, called Coralysis, helps researchers identify and group cell types across samples and is available as an open-source software.",606,3,1763388713.0,0.99,False,utu.fi
1ozgso7,science,The Effect of Chatbot Interventions on Gambling Disorder: A Systematic Review,0,1,1763387452.0,0.48,False,link.springer.com
1ozgmpo,science,"Comparing Desktop, Virtual and Augmented Reality Gaming Environments for ADHD Attention Measurement",22,3,1763387031.0,0.77,False,tandfonline.com
1ozgega,science,A new cholesterol-lowering pill shows promise in clinical trials,234,11,1763386433.0,0.96,False,sciencenews.org
1ozfkjw,science,A new survey suggests self-pleasure may help some women manage menopause symptoms alongside other care options. Researchers at the Kinsey Institute surveyed peri- and postmenopausal women and found that masturbation was among the highest-rated symptom-management methods.,1707,44,1763384252.0,0.95,False,technologynetworks.com
1ozeq58,science,Longer growing seasons will not offset the impacts of summer drought on forest growth,112,2,1763381756.0,0.98,False,nature.com
1ozdpw2,science,"Skin cancer (melanoma) cluster found in 15 Pennsylvania counties with or near farmland. After adjusting for sunlight/ UV radiation and socioeconomic factors, 2 patterns stood out: Counties with more cultivated cropland and those with higher herbicide use had significantly higher melanoma rates.",5736,91,1763378419.0,0.99,False,psu.edu
1ozd8m4,science,"Surprising numbers of childfree people emerge in developing countries, defying expectations",13150,1049,1763376765.0,0.96,False,journals.plos.org
1oz6sr7,science,Researchers developed rapid and ultrasensitive point-of-care detection of ASFV antibodies using p30-Fc-labeled nanoparticle-based fluorescence strip-assisted portable immunosensor,88,1,1763353169.0,0.97,False,doi.org
1oz1iad,science,"Researchers at MIT have just developed a new lipid nanoparticle that super-enhances the effectiveness of the mRNA vaccine in mice to 100 times its stand-alone effectiveness, thus offering massive savings by reducing required dosages while also reducing toxicity in the liver.",10894,117,1763338082.0,0.97,False,newatlas.com
1oyudpx,science,"New research uncovers how the brain’s activity, energy use, and blood flow change as people fall asleep: « This research helps explain how the brain stays responsive to the outside world even as awareness fades during sleep. »",928,3,1763320581.0,0.98,False,massgeneralbrigham.org
1oyosmr,science,Study at Northwestern University discovers new vulnerability in the bacteria that causes Lyme disease,469,8,1763307528.0,0.98,False,news.northwestern.edu
1oym2nu,science,Gender-affirming hormone therapy is not associated with increased cardiovascular risk in transgender women but is in transgender men. This aligns with known effects of oestradiol and testosterone on cardiovascular risk factors.,5787,255,1763300636.0,0.94,False,academic.oup.com
1oyizvj,science,Children and adolescents with ADHD appear to show early and stable disruptions in a key brain system involved in emotional and cognitive processing. Those with more severe ADHD symptoms tended to have lower network density and reduced routing efficiency in their limbic system connections.,2348,94,1763291019.0,0.97,False,psypost.org
1oyi37d,science,"Families exposed to war and political violence are more likely to behave aggressively toward each other. Even years after the immediate threat has passed, its psychological and relational impacts can echo throughout families, influencing how parents relate to one another and to their children.",480,13,1763287751.0,0.98,False,news.umich.edu
1oyfnt8,science,92% of children with bipolar disorder showed signs of tick-borne infections in new small scale study,3537,248,1763278638.0,0.84,False,frontiersin.org
1oydkfw,science,Challenges in studying microplastics in human brain,444,8,1763271172.0,0.97,False,nature.com
1oy9of6,science,"Ancient RNA offers a snapshot of a mammoth's life 39,000 years ago",232,1,1763259004.0,0.98,False,yahoo.com
1oy304j,science,"ADHD’s “stuck in the present” nature may be rooted in specific brain network communication. Individuals who report a higher future time perspective and ability to plan for the future tend to show fewer ADHD-related characteristics, and a new study shows this is linked to specific brain networks.",8464,526,1763240996.0,0.97,False,psypost.org
1oy10su,science,Electric fields steered nanoparticles through a liquid-filled maze: « This new method could improve drug delivery and purification systems. »,383,4,1763236023.0,0.98,False,theconversation.com
1oxz40f,science,"Study examined when and how students adopt novel source credibility evaluation criteria. Using the microgenetic method, authors tracked the emergence of source credibility evaluation criteria among 20 ninth-grade students who engaged in collaborative inquiry tasks with multiple scientific documents.",112,2,1763231479.0,0.94,False,sciencedirect.com
1oxriqs,science,New study found that bacteria are present in all types of brain tumors examined. Patients with more bacteria in their brain tumors have 'poorer survival outcomes. Brain metastases contained a higher diversity and abundance of bacteria compared to glioblastomas.,3642,67,1763212710.0,0.98,False,timesofisrael.com
1oxoz79,science,"People’s political views shape how they respond to companies that tightly control their frontline staff. Liberals tend to prefer brands that give employees more freedom, while conservatives are mostly unaffected by how strict a company is.",2201,133,1763204561.0,0.95,False,psypost.org
1oxnzce,science,Research in Mice Reveals Brain Cells That Drive—And Prevent—Anxiety,146,5,1763200917.0,0.96,False,healthcare.utah.edu
1ox8wam,science,Fifteen millennia of human maternal lineages evolution in Sicily reveal a slow population replacement from hunther gatherers to farmers at the onset of Neolithic and continuity onward,299,2,1763155170.0,0.98,False,science.org
1ox8rup,science,City Raccoons Are Evolving to Look More Like Pets,21201,968,1763154887.0,0.97,False,scientificamerican.com
1ox7v1s,science,"Men and women looking for long-term relationships are attracted to prestige (which can signal intelligence and competence) but find dominance (which signals strength and competence) unattractive, while men and women looking for shorter-term relationships are attracted to both prestige and dominance.",2726,76,1763152717.0,0.94,False,psypost.org
1ox6d1x,science,Undisclosed financial conflicts of interest among physician-authors in leading US psychiatry journals: A cross-sectional study. One-quarter of payments to JAMA Psychiatry authors were undisclosed according to an analysis published in BMJ Open.,106,3,1763149273.0,0.95,False,pubmed.ncbi.nlm.nih.gov
1ox61es,science,"Developmental arrest rate of an embryo cohort correlates with advancing reproductive age, but not with the aneuploidy rate of the resulting blastocysts in good prognosis patients: a study of 25,974 embryos",44,1,1763148517.0,0.92,False,doi.org
1ox60ol,science,Growth hormone excess drives liver aging via increased glycation stress,165,5,1763148471.0,0.98,False,doi.org
1ox5zlq,science,Mechanism of anticancer action of bifidobacterium : Insights from gut microbiota,181,6,1763148400.0,0.98,False,doi.org
1ox5yv7,science,A personal perspective of patient-centred clinical trials,21,1,1763148352.0,0.79,False,doi.org
1ox5edb,science,Effects of an exoskeleton robot on motor function in patients with spinal cord injuries: a systematic review and meta-analysis,71,2,1763147049.0,0.93,False,systematicreviewsjournal.biomedcentral.com
1ox3m11,science,"Lower-quality news domains are shared more on right-leaning platforms than on left-leaning platforms. However, across all platforms, lower-quality news consistently attracts more user engagement than higher-quality news.",727,33,1763143105.0,0.94,False,pnas.org
1ox218i,science,NDEs Aren’t Just “Brain Malfunctions.” A New 2025 Scientific Review Shows.,0,17,1763139609.0,0.39,False,psycnet.apa.org
1ox1cat,science,Revolutionary biofuel battery is inspired by human metabolism | Using glucose and riboflavin in the creation of a biofuel flow cell which functions similarly to a human cell.,215,13,1763138083.0,0.98,False,newatlas.com
1ox08c9,science,"Southern Ocean Heat ""Burp"" Could Slow Geoengineering Efforts to Reverse Global Heating",61,10,1763135670.0,0.86,False,agupubs.onlinelibrary.wiley.com
1oww4wf,science,Finnish study has revealed an association between severe nausea during pregnancy and depression. Women who experienced severe nausea were more likely to have depression both before and after pregnancy and to receive an earlier diagnosis of depression after pregnancy.,1148,56,1763126001.0,0.99,False,utu.fi
1oww41n,science,"When economies are sufficiently large, unilateral decarbonization (a single economy's efforts to reduce greenhouse gas emissions independently of what others do) pays for itself. ""For the United States and for the European Union, decarbonizing over 80% of economic activity pays for itself.""",982,16,1763125938.0,0.98,False,aeaweb.org
1owv7ev,science,Phase I/II trial of AMT-130 gene therapy for Huntington’s disease reports slowed disease progression versus natural history cohort,210,12,1763123388.0,0.98,False,bmj.com
1owv3lo,science,"A healthy 47-year old New Jersey man was found dead after eating a hamburger at a barbecue. Cause of death was ruled ""sudden unexplained death,"" after an autopsy was inconclusive. He was later confirmed as the first documented fatality from alpha-gal syndrome, a meat allergy triggered by tick bites.",37192,1692,1763123076.0,0.97,False,cidrap.umn.edu
1owtji9,science,"New research shows that after the wedding, beauty-for-status (the “trophy wife” trope) becomes a two-way street, with both husbands and wives adjusting their looks as income power shifts. When one spouse’s relative income rose, the other spouse’s BMI fell. This applied to both men and women.",7580,278,1763118158.0,0.97,False,newatlas.com
1owshkg,science,"Self-hypnosis cuts menopausal hot flashes by half. A six-week at-home hypnosis program not only eased hot flashes more than an active placebo but also improved women’s daily functioning and sense of control, offering a powerful new option for those who can’t or don’t want to use hormone therapy.",210,14,1763114424.0,0.88,False,eurekalert.org
1ows2fw,science,"The choice of anesthesia for C-section is driven by the concern that general anesthesia might harm the newborn, limiting options when a spinal or epidural fails. A new systematic review from the University of Pennsylvania now provides robust evidence that general anesthesia is a safe alternative.",3919,204,1763112804.0,0.99,False,technologynetworks.com
1owrs3g,science,Optimizing plastic film mulching and nitrogen fertilizer strategies for spring maize in Loess Plateau through field experiments and enhanced AquaCrop modeling,21,3,1763111727.0,0.79,False,doi.org
1owqsk8,science,"Patterns and geographical drivers for the abundance of CO2-assimilating bacteria, methanotrophs and CO-oxidizing bacteria in agricultural soils across eastern China",19,1,1763107823.0,0.74,False,doi.org
1owlg1y,science,Modelling spatio-temporal dynamics of soil organic carbon in paddy soil by coupling digital soil mapping with a process model,7,1,1763089939.0,0.65,False,doi.org
1owia8c,science,Persistent body size bias in the fossil record of Cenozoic North American mammals,21,1,1763081102.0,0.77,False,royalsocietypublishing.org
1owcqx2,science,"A fungal infection solution could help eliminate up to 86% of malaria-carrying mosquitoes, offering a powerful new tool in the global fight against the disease, according to new research.",285,9,1763067408.0,0.97,False,news.northeastern.edu
1owaa3u,science,"Studies link poverty, debt to early death for Americans. Results showed that people whose unsecured debt increased over time had an 89% greater risk of premature death, compared to those whose debt remained consistently low.",698,48,1763061726.0,0.97,False,upi.com
1owa46d,science,"A new study has found about half of the variation seen in modern dogs existed during the Stone Age, challenging conventional wisdom that this diversity mostly emerged during the Victorian era.",2086,22,1763061345.0,0.98,False,bbc.co.uk
1owa0cy,science,Fish species in the deep sea feature a large range of body shapes that evolved in different ways and at different rates depending on where the fishes live in the ocean: A new study shows more diversity of body types in fishes swimming in open water than among species living on the sea floor.,180,2,1763061105.0,0.98,False,news.osu.edu
1ow9kgz,science,Blockbusting (inducing people to sell their homes upon the entry of minorities to a neighborhood) substantially harmed Black wealth accumulation: Black households that bought homes in neighborhoods with rapid racial change were likely to have lost money or barely broken even by 1990.,714,141,1763060129.0,0.88,False,aeaweb.org
1ow9adi,science,Boron Arsenide just dethroned Diamond as the best heat conductor,1736,50,1763059486.0,0.98,False,uh.edu
1ow8wnx,science,A novel Stirling engine can generate mechanical power by linking ambient temperature on Earth to the cold of outer space,1090,73,1763058652.0,0.96,False,ucdavis.edu
1ow6pyl,science,"This Ultra-Sensitive Sensor Runs on Lemons and Gold, Not Enzymes",78,4,1763053828.0,0.84,False,azosensors.com
1ow6o21,science,Study Finds Adults Who Consumed More Ultra-Processed Foods Had Higher Rates of Precursors of Early-Onset Colorectal Cancer,351,9,1763053710.0,0.98,False,massgeneralbrigham.org
1ow6gd0,science,"Electric smart bandage monitors wounds, diagnoses the current healing stage of the wound, suggests treatments, and delivers those treatments.",154,13,1763053248.0,0.94,False,spectrum.ieee.org
1ow5z16,science,Quality Measures for Data Visualization: A Case Study of Polish Wikipedia,8,1,1763052174.0,0.68,False,sciencedirect.com
1ow1umw,science,Scientists identify a crucial brain feature connecting genetics to intelligence,3007,403,1763042515.0,0.94,False,psypost.org
1ow0mkp,science,"Women’s sexual desire is more strongly affected by stress, new study suggests. Higher subjective stress is linked to lower sexual desire and arousal. Sexual activity was associated with lower subsequent levels of the stress hormone cortisol, suggesting a biological stress-reducing effect of sex.",10099,378,1763039341.0,0.96,False,psypost.org
1ovzcs9,science,"Time, space, memory and brain–body rhythms",34,1,1763035599.0,0.81,False,nature.com
1ovxbwm,science,"Listeria monocytogenes remains a serious global threat in ready-to-eat foods because it can survive refrigeration and cleaning, causing food recalls and deadly outbreaks",38,1,1763028441.0,0.85,False,mdpi.com
1ovxay0,science,"Soybeans are a sustainable, high-quality protein with bioactive compounds that effectively improve public health by combating chronic diseases and malnutrition",503,73,1763028343.0,0.91,False,mdpi.com
1ovx53l,science,"While animal studies show clear risks, human studies on caffeine during pregnancy are surprisingly inconsistent, linking it to some issues like low birth weight but not to others like gestational diabetes",34,2,1763027743.0,0.85,False,mdpi.com
1ovx4h3,science,"Some sport supplements are illegally mixed with anabolic steroids, causing ""innocent athletes"" to fail doping tests",865,87,1763027678.0,0.93,False,mdpi.com
1ovx1um,science,"Skipping breakfast is significantly linked to a higher risk of metabolic syndrome, including having more belly fat, high blood pressure, high cholesterol, and high blood sugar",4540,345,1763027393.0,0.89,False,mdpi.com
1ovnk6e,science,AI Reveals Hidden Patterns in Sperm Whale Communication,432,41,1762996220.0,0.83,False,sciencenews.org
1ovknua,science,"Scientists report the first evidence that bumblebees can process time and encode temporal information from sequences of light flashes, a capability that may help resolve the long-standing debate over whether insects possess the cognitive architecture needed to interpret complex perceptual patterns.",369,1,1762988850.0,0.99,False,royalsocietypublishing.org
1ovipgx,science,"Epstein-Barr virus appears to be trigger of lupus disease, say scientists. Connection of near-ubiquitous EBV to autoimmune disease affecting about 1 in 1,000 people may spur hunt for vaccine.",5359,357,1762984304.0,0.98,False,theguardian.com
1ovhvol,science,"GLP-1 receptor agonists may help prevent diabetes-related lower limb events: new large U.S. database analysis finds reduced risks of lower extremity amputations, diabetic foot ulcers, and death compared with SGLT2 inhibitors in 361,000 adults with type 2 diabetes.",76,3,1762982447.0,0.93,False,diabetesjournals.org
1ovgx93,science,"Research has found over the past four and a half decades, areas in the northeastern U.S. have lost almost 1.5 weeks of temperatures below freezing, while portions of some states in the Gulf and Southwest have gained almost 1.5 weeks of temperatures that cause heat stress",579,22,1762980312.0,0.97,False,news.ncsu.edu
1ovfznv,science,The earliest look at a stellar explosion shows that shock waves don’t blast out symmetrically,435,10,1762978197.0,0.98,False,sciencenews.org
1ovcior,science,"On average, national policy in the U.S. reflects the policy preferences of racial groups equally. With one exception: When the Republican Party controls the government, national policy is substantially more reflective of the policy preferences of white people than other racial groups.",1673,120,1762970710.0,0.89,False,cambridge.org
1ovar9e,science,"Gene-edited crops grow faster with a little help from bacteria: « Scientists leveraged plants’ built-in regeneration capacity to grow modified plants in weeks instead of months, offering a novel tool in plant biotechnology. »",259,10,1762966971.0,0.97,False,the-scientist.com
1ov8tsh,science,"The James Webb Space Telescope seems to have made the monumental first detection of Population III stars - first stars to form in the universe, shortly after the Big Bang - in a star cluster ""LAP1-B"" around 13 billion light years away",2366,50,1762962756.0,0.99,False,iopscience.iop.org
1ov8tc7,science,"Study shows flu vaccine effectiveness differs by age. Although all four vaccines generated similar antibodies, cellular immunity varied widely by type and age group. These results could refine guidance for older adults after the severe 2024–25 flu season: 47M cases, 610K hospitalizations, 27K deaths",143,5,1762962726.0,0.99,False,academic.oup.com
1ov6t8r,science,New State-Of-The-Art 7 Tesla MRI Reveals How the Human Brain Anticipates and Regulates the Body’s Needs,590,45,1762958220.0,0.94,False,massgeneralbrigham.org
1ov6kw7,science,"When Prophecy Fails, the case study that helped launch cognitive dissonance theory, was misrepresented. The cult did not persist, proselytize, or reinterpret its failure as a spiritual triumph. Its leader recanted, the group disbanded, and belief dissolved.",138,6,1762957665.0,0.95,False,onlinelibrary.wiley.com
1ov5al9,science,"Gender and geographic disparities among DSM-5-TR authors in relation to financial conflicts of interest and industry payments: cross-sectional analysis: New analysis of undisclosed pharmaceutical company money to the ""bible"" of psychiatry",122,19,1762954520.0,0.91,False,mentalhealth.bmj.com
1ov3fdf,science,"Two species of spiders have been observed for the first time weaving larger “decoy” models of themselves to protect themselves from predators. Sometimes, these decoys, often arranged at the centre of the web, may be up to 10 times as large as their creators",6288,133,1762949326.0,0.99,False,ca.news.yahoo.com
1ov2782,science,"Shared gut microbe imbalances found across autism, ADHD, and anorexia nervosa: A new study has identified distinct patterns in the gut bacteria of children and adolescents with autism spectrum disorder, attention-deficit/hyperactivity disorder, and anorexia nervosa.",11285,602,1762945314.0,0.97,False,psypost.org
1ouzv9q,science,Development and characterization of monoclonal antibodies against p72 protein of African swine fever virus reveals a novel conserved B-cell epitope,41,2,1762936425.0,0.89,False,doi.org
1ouwghu,science,"The study of Australia’s oldest known crocodile eggshells is helping scientists unlock clues to animals and ecosystems that thrived millions of years ago, including the apparent existence of 'drop-crocs', semi-aboreal tree-dwelling mekosuchine crocodiles",257,6,1762924136.0,0.98,False,unsw.edu.au
1ouqmhs,science,"Climate change will dramatically increase wildfire danger globally, with almost all fire-prone regions expected to face unprecedented risks by the end of this century. By 2100, up to 91% of the world’s fire-prone regions could face increased wildfire risk, with 55% already affected by 2040.",102,10,1762907499.0,0.91,False,journals.ametsoc.org
1ouok4m,science,"Polar regions are warming nearly four times faster than the global average, triggering feedback loops that could reshape global health. A weakened jet stream and disrupted currents may fuel extreme weather, raising injuries, deaths, and mental health disorders.",143,8,1762902258.0,0.96,False,link.springer.com
1ounai3,science,"Robots powered by popular AI models risk encouraging discrimination and violence. Research found every tested model was prone to discrimination, failed critical safety checks and approved at least one command that could result in serious harm",718,35,1762899224.0,0.96,False,kcl.ac.uk
1oum01i,science,"Cannabis use associated with a reduction in alcohol intake: A new study reports that for some heavy drinkers, using cannabis may be associated with consuming less alcohol. This reduction in drinking appears linked to a decrease in alcohol craving that occurs after cannabis use.",3392,327,1762896240.0,0.95,False,psypost.org
1oujvuq,science,"Poor heart health in middle age linked to dementia in old age. Research found for every doubling of troponin, dementia risk rose by 10%, even after considering age, sex, blood pressure, cholesterol, diabetes and other cardiac risk factors.",324,5,1762891451.0,0.97,False,theconversation.com
1oujqu8,science,"GLP-1 drugs found to reduce mortality from colon cancer by over half (15.5% vs 37.1%), with effects especially strong for patients with BMI over 35.",10208,441,1762891158.0,0.97,False,tandfonline.com
1ouix29,science,"Synthesis and Computational Evaluation of N-Acetyl-Derived Schiff Bases Incorporating 1,2,4-Triazoles for Dual Inhibition of Prostate Cancer Cells and Carbonic Anhydrases",9,1,1762889286.0,0.68,False,doi.org
1ouivzs,science,Database mining of ZINC15 natural compounds reveals potential thyroid receptor β agonists for NAFLD management: an in silico study,14,6,1762889219.0,0.67,False,doi.org
1ouheh7,science,"Advanced AI models cannot accomplish the basic task of reading an analog clock, demonstrating that if a large language model struggles with one facet of image analysis, this can cause a cascading effect that impacts other aspects of its image analysis",2033,125,1762886019.0,0.95,False,spectrum.ieee.org
1oug12m,science,A regurgitalite reveals a new filter-feeding pterosaur from the Santana Group - Scientific Reports,52,3,1762883035.0,0.86,False,nature.com
1oubx33,science,New Parents’ Mental Health Matters: Postpartum Depression in Moms or Dads Linked to Higher Autism Risk,458,57,1762873894.0,0.92,False,frontiersin.org
1oub6y2,science,Researchers from China and Belgium published a research entitled “Identification and selection of evaluation indices for soybean shade tolerance via high-throughput phenotyping platforms and machine learning”,10,1,1762872189.0,0.66,False,doi.org
1oub40f,science,"Switching to a vegan diet can cut your carbon footprint by nearly half while using one-third less land and less water. Researchers found vegan menus produced 46% less CO₂ than Mediterranean ones and lowered pollutants, showing benefits for both human health and the planet.",3796,1481,1762871992.0,0.74,False,frontiersin.org
1ou8je3,science,Comprehensive quantification of production costs for large-scale kelp aquaculture and cost reduction opportunities,26,6,1762865240.0,0.78,False,doi.org
1ou7yir,science,The Flexible Brain: How Circuit Excitability and Plasticity Shift Across the Day,19,3,1762863489.0,0.76,False,doi.org
1ou7dzc,science,"Visual beauty of birds – their colours and shapes – predicts which wild species are traded by people. By analysing data for over 9000 bird species, researchers discovered that the birds people find most aesthetically appealing are also the most likely to appear in wildlife markets.",69,31,1762861662.0,0.69,False,helsinki.fi
1ou75zh,science,Multispacecraft Analysis and Modeling of Type III Solar Radio Bursts,9,1,1762860910.0,0.75,False,astro.gla.ac.uk
1ou6cg7,science,Bee species with horns discovered and named ‘Lucifer’,1051,41,1762858013.0,0.97,False,telegraph.co.uk
1ou5y73,science,"Feelings of deprivation push Germans to the right but Americans to the left. Different political and social structures may explain the divergent findings. Germany has extensive public social benefits. In the US, by contrast, demands for government to alleviate hardships are traditionally left-wing.",11641,421,1762856576.0,0.95,False,psypost.org
1ou5uzt,science,"Ultra-processed food consumption increases the risk for prediabetes in young adults. Research found from baseline to follow-up, a 10% increase in UPF consumption was associated with a 64% higher risk for prediabetes and a 56% higher risk for problems with glucose regulation",50,11,1762856249.0,0.81,False,eurekalert.org
1ou2nd5,science,Scientists discovered a universal physical law governing the chaotic motion of chromosomes inside a living cell. The discovery solves a long-standing biological mystery of how two-meter long DNA molecules remain mobile enough for vital processes like gene regulation.,759,11,1762843899.0,0.99,False,journals.aps.org
1ou0111,science,Revisiting the Relationship Between Adolescent Internet Gaming Disorder and Depression: A Systematic Review and Meta-Analysis,30,7,1762834969.0,0.73,False,link.springer.com
1otzez7,science,"A growing number of U.S. adults report cognitive disability according to 10-year study from Yale. The percentage of overall adults reporting cognitive disability increased from 5.3% in 2013 to 7.4% in 2023, with young adults (ages 18 to 39) seeing the biggest rise (5.1% to 9.7%).",3112,264,1762833131.0,0.97,False,news.yale.edu
1otr25d,science,"During economic downturns, parents in developing nations tend to invest in their strongest kids. Favorite children tend to be those siblings born during high-income periods, a recent study shows, when the family has the most access to vaccines and medical care.",246,12,1762811189.0,0.94,False,pnas.org
1otqt3z,science,"Being bilingual delays ageing, but being multilingual is even better - study",2231,169,1762810613.0,0.97,False,rnz.co.nz
1otpgof,science,"Automated Medicaid enrollment renewals reduce procedural denials and increase coverage – Four U.S. states have automated Medicaid enrollment, thus reducing the burdensome Medicaid renewal process for individuals who are already enrolled and eligible.",464,10,1762807560.0,0.97,False,healthaffairs.org
1otozzz,science,"Warming U.S. climate linked to rising deaths from heat. 
Severe cold remains a leading mortality risk, but heat-related deaths surged more than 50% since 2000. Researchers analyzed more than 54 million death records from every county in the 48 contiguous U.S. states between 2000 and 2020.",205,10,1762806506.0,0.91,False,ysph.yale.edu
1otoy9r,science,New analysis tries to calculate the coming environmental footprint of AI in the US and finds that the ideal sites for data centers aren’t where they’re being built | Environmental impact and net-zero pathways for sustainable artificial intelligence servers in the USA,438,9,1762806403.0,0.96,False,wired.com
1otor4l,science,"The Google self as digital human twin: implications for agency, memory, and identity",4,9,1762805966.0,0.56,False,link.springer.com
1otnozd,science,Some conservative voters in the United States view inflammatory pro-gun rhetoric as a sign that a political candidate is unwilling to compromise with Democrats—and that this unwillingness to compromise can make the candidate seem more trustworthy and appealing to those voters.,2277,199,1762803640.0,0.94,False,psypost.org
1otnfvf,science,"Low choline levels in the brain associated with anxiety disorders. The level of choline - an essential nutrient - was about 8% lower in those with anxiety disorders. The evidence for low choline was especially consistent in the prefrontal cortex, the part of the brain that helps control thinking",3140,167,1762803085.0,0.97,False,nature.com
1otjvvh,science,"A superconducting quantum processor developed at Princeton clears a key obstacle in error correction and scalability, bringing practical quantum computing within striking distance [Nature]",279,24,1762795414.0,0.97,False,engineering.princeton.edu
1otif0z,science,"Pulsing ultrasound waves through the brain could improve survival after a haemorrhagic stroke by helping to clear out inflammatory dead blood cells, according to a study in mice.",175,3,1762792232.0,0.97,False,newscientist.com
1oti12g,science,"Child Abuse and Neglect Rates in the U.S. Are Dropping, but Disparities Exist",259,39,1762791380.0,0.91,False,massgeneralbrigham.org
1othyx8,science,"Scientists have uncovered a surprising connection between sugar metabolism and alcohol addiction, identifying a potential new therapeutic target for treating alcohol-associated liver disease (ALD) and alcohol use disorder (AUD).",1032,47,1762791250.0,0.98,False,news.cuanschutz.edu
1othp3i,science,"A new study in Science Advances challenges the idea that celebrities always shape public opinion. Researchers from the University of Michigan analyzed over 8 million Weibo posts and found that in China’s social media environment, fans drive online nationalism—not celebrities.",17,2,1762790657.0,0.66,False,news.umich.edu
1othlbf,science,Insurance Prior Authorization (PA) Denials Lack Transparency and Accountability: New Study Finds Only 11% of Dermatology PA Denials Were Reviewed By Actual Dermatologists,220,6,1762790434.0,0.98,False,jaad.org
1otg7zv,science,New Study: Bacteria That Breathe Iron Could Help Reduce Ocean Pollution,151,6,1762787304.0,0.96,False,newsable.asianetnews.com
1ote3x7,science,"Medical, recreational cannabis dispensaries lead to reduced opioid prescriptions",1711,32,1762782214.0,0.98,False,news.uga.edu
1otc003,science,MAGIC: AI-assisted laser tag illuminates cancer origins,25,1,1762776302.0,0.68,False,embl.org
1otacy1,science,Caffeine appears to do the opposite of what you might think when it comes to the heart. Scientists have found that a cup of coffee a day actually protects the heart from atrial fibrillation – a condition that can lead to stroke and heart failure.,11835,585,1762770613.0,0.95,False,newatlas.com
1ot7opj,science,"A study finds that flagging misinformation on social media reduces engagement.The researchers estimated that after a note was attached to a post, it resulted, on average, in 46.1% fewer reposts, 44.1% fewer likes, 21.9% fewer replies, and 13.5% fewer views.",6110,92,1762760220.0,0.99,False,news.yale.edu
1ot6ck3,science,Researchers from Chinese Academy of Agricultural Sciences reviewed functional genes associated with the occurrence of mycotoxins produced by Aspergillus in foods,59,2,1762755170.0,0.9,False,doi.org
1ot25kz,science,"Study finds that people with eczema are able to bathe either daily or weekly, without any impact to their symptoms: Those who bathed daily or weekly had the same impact on symptoms",1052,59,1762741811.0,0.96,False,eurekalert.org
1ot1uzs,science,"Hospital patients who feel short of breath are six times more likely to die, while those in pain are not, study finds",6460,178,1762740937.0,0.96,False,eurekalert.org
1oszy8m,science,"Existing evidence does not clearly link maternal paracetamol (acetaminophen) use during pregnancy with autism or ADHD in offspring, finds a new umbrella review of systematic reviews published in The BMJ today.",3022,53,1762735543.0,0.98,False,bmj.com
1ossi71,science,"A new study found sea otters in British Columbia contaminated with “forever chemicals” from products like cookware and cosmetics. Otters near cities and shipping routes had triple the levels, though the health impact remains unclear.",313,10,1762717003.0,0.97,False,academic.oup.com
1osqrzd,science,"New therapeutic brain implants could defy the need for surgery: « MIT researchers created microscopic wireless electronic devices that travel through blood and implant in target brain regions, where they provide electrical stimulation. »",232,3,1762713002.0,0.95,False,news.mit.edu
1oslzg4,science,Paternal exercise confers endurance capacity to offspring through sperm microRNAs,247,6,1762701674.0,0.97,False,cell.com
1oslbwb,science,"A new paper in Philosophy of Science argues that understanding how an AI finds a proof isn’t necessary for knowing that the proof is correct, as long as the reasoning can be transparently checked.",0,23,1762700038.0,0.46,False,cambridge.org
1osiuy5,science,"Subtle brain changes found in children exposed to trauma, even without behavioral symptoms. Children in high-trauma group showed reduced amplitude of brain responses in executive function regions. Males exhibited delayed responses in regions, while females showed faster reaction times during task.",3392,80,1762693463.0,0.98,False,psypost.org
1oshvwt,science,"The prevalence of vegetarian/vegan diets in Bavaria increased from 2.2% in 2003 to 6.3% in 2023, study finds",929,34,1762690511.0,0.93,False,onlinelibrary.wiley.com
1oshsc4,science,A new study led by researchers from the University of Manitoba’s Centre for Earth Observation Science provides the most detailed account yet of how the Thwaites Eastern Ice Shelf in West Antarctica has progressively disintegrated over the past two decades.,232,2,1762690181.0,0.98,False,news.umanitoba.ca
1osg3dj,science,"Human stomach cells tweaked to make insulin to treat diabetes: Scientists genetically engineer human stomach organoids, transplanted into diabetic mice.  Upon turning on genetic switch, human stomach cells converted to insulin secreting cells to control blood sugar levels and ameliorate diabetes.",2059,36,1762684206.0,0.98,False,isscr.org
1os51rb,science,"Hundreds of dolphins found dead in Amazon lake were in water hotter than a jacuzzi, study finds. The lake's waters reached 41 degrees Celsius, or 105.8 degrees Fahrenheit — hotter than most spa baths. Findings spotlight the impacts of planetary warming on tropical regions and aquatic ecosystems.",10201,219,1762647849.0,0.97,False,cbsnews.com
1os1ydr,science,Resuspension Consequence Assessment of the WIPP Release : Health Physics,13,1,1762639615.0,0.8,False,journals.lww.com
1orvdzh,science,We published a safe delivery of a highly toxic anthracycline derivative through liposomal nanoformulation that achieved complete cancer regression,809,13,1762623430.0,0.98,False,molecular-cancer.biomedcentral.com
1orrpbn,science,"Scientists have edited a gene that may reduce high cholesterol permanently, according to new study",4542,226,1762614476.0,0.98,False,cnn.com
1orpvoe,science,Cannabis Certifications for Severe Chronic and Intractable Pain: Geographic Patterns Across Pennsylvania: New study published in Medical Cannabis &amp; Cannabinoids finds an almost four-fold county level difference in certifications.,143,10,1762609765.0,0.92,False,karger.com
1ormw55,science,"Women can read age, adiposity (body fat) and testosterone level from a man’s face. The study from Poland showed that women tended to perceive older men and those with higher testosterone levels as more masculine. Men with higher adiposity were seen as both less masculine and less attractive.",6344,361,1762600467.0,0.88,False,psypost.org
1ormcpm,science,Chronic Kidney Disease now affects more than 780 million people worldwide. In the UK around 11.9% equivalent to 6.3 million adults are estimated to have CKD. In Western Europe 12.4% adults are estimated to have CKD.,647,44,1762598515.0,0.97,False,gla.ac.uk
1orl4p3,science,A new study has revealed that Alzheimer's disease breaks apart nerves and blood vessels in fat tissue throughout the body. The study in mice could help explain the disease's ravages beyond just the brain and mental impairment and offers hope for better patient care.,1830,6,1762593935.0,0.99,False,newatlas.com
1orhp7o,science,Identical particles as a genuine non-local resource - npj Quantum Information,25,3,1762581318.0,0.86,False,nature.com
1oravmp,science,"Following US Supreme Court’s decision in Dobbs, 2 large Illinois abortion providers saw a 35% increase in abortions, driven by out-of-state patients who lived where abortion care was illegal or more restricted. A 191% increase in out-of-state patients came without a decrease in services for locals.",2927,27,1762560899.0,0.98,False,cph.osu.edu
1or6t89,science,Heart-on-a-chip may lead to new treatments for heart failure,90,3,1762550788.0,0.94,False,engineering.berkeley.edu
1or424b,science,"Exercise Improves Academic Performance – A large randomized controlled trial provided free gym cards to some university students in Bergen, Norway, but not to other students. Those given cards subsequently exercised more and showed improved academic performance.",248,2,1762544353.0,0.97,False,journals.uchicago.edu
1or3k4e,science,The role of phenylalanine and tyrosine in longevity: a cohort and Mendelian randomization study,43,4,1762543197.0,0.87,False,doi.org
1or3je6,science,L-β-aminoisobutyric acid (L-BAIBA) in combination with voluntary wheel running exercise enhances musculoskeletal properties in middle-age male mice,19,1,1762543152.0,0.82,False,doi.org
1or3e8s,science,LRIG1-3 in gliomas: LRIG1 protein expression decreased in higher grade gliomas,9,1,1762542831.0,0.72,False,doi.org
1or34bn,science,"Investments in planes, airports and fuels lock aviation into endless growth and fossil dependence, making real net-zero goals nearly impossible within current capitalist systems unless both demand and the industry’s growth-driven structure are fundamentally transformed.",247,43,1762542210.0,0.83,False,sciencedirect.com
1or1u3h,science,Individuals with high-trait social anxiety were significantly worse at recognizing happy facial expressions than controls. This aligns with cognitive models which suggest that individuals with social anxiety demonstrate a negative interpretative bias towards ambiguous facial expressions.,406,11,1762539322.0,0.98,False,journals.plos.org
1or11wv,science,"10,000 generations of hominins used the same stone tools to weather a changing world. At a site in Kenya, archaeologists recently unearthed layer upon layer of stone stools from deposits that span 300,000 years, and include a period of intense environmental upheaval.",2889,52,1762537550.0,0.99,False,eurekalert.org
1oqzns0,science,Anti-DNA virus agent cidofovir - loaded green synthesized cerium oxide nanoparticles (Nanoceria): Nucleic acids (DNA and RNA) binding affinity and cytotoxicity effects,42,1,1762534441.0,0.87,False,doi.org
1oqzl7i,science,Coupling and economic analysis of nuclear microreactor enabled ammonia production,3,2,1762534276.0,0.58,False,sciencedirect.com
1oqzhpa,science,High-Efficiency Uranium Adsorption from Real Salt-Lake Brine Using Amine-Functionalized Lignin Microspheres,49,2,1762534054.0,0.82,False,mdpi.com
1oqzaoa,science,A novel approach to uranium extraction from seawater,20,2,1762533608.0,0.71,False,sciencedirect.com
1oqyema,science,"In a Death Valley Shrub, a Blueprint for Heat-Proof Crops",146,5,1762531610.0,0.96,False,e360.yale.edu
1oquc28,science,Ultrasound-activated Nanoparticles Kill Liver Cancer and Activate Immune System,1355,17,1762521915.0,0.99,False,azonano.com
1oqrkxp,science,"Adults aged 55 and older are significantly more likely to share political misinformation than younger social media users. Older people are more likely to believe as true and to share information that aligns with their party, whether it is true or not. The 55-and-older people are far more partisan.",10303,464,1762513722.0,0.97,False,colorado.edu
1oqqel4,science,"Researchers at the University of California San Diego have found that an intensive retreat combining multiple mind-body techniques, including meditation and healing practices, produced rapid and wide-ranging changes in brain function and blood biology.",270,75,1762509469.0,0.62,False,today.ucsd.edu
1oqpnwt,science,More women sought permanent contraception after Supreme Court Dobbs decision. Number of women undergoing tubal ligations — surgery that permanently prevents pregnancy — increased 51% in 4 US states in year after decision. Greater proportion of them were also younger and had never given birth before.,20311,865,1762506647.0,0.97,False,psu.edu
1oqpas8,science,"Building a comprehensive library of observed Lagrangian trajectories for testing modeled cloud evolution, aerosol–cloud interactions, and marine cloud brightening",12,1,1762505262.0,0.82,False,acp.copernicus.org
1oqm052,science,The lagging science of reptile welfare (Spanish),25,4,1762493076.0,0.78,False,theconversation.com
1oqgmpr,science,"Early-stage clinical trial demonstrates promise of intranasal influenza vaccine in generating broad immunity against multiple strains of H5N1 “bird flu"". This trial shows that this intranasal, shelf-stable H5N1 vaccine could play a major role in pandemic preparedness.",152,3,1762477173.0,0.97,False,nature.com
1oqcolb,science,Scientists studied birds mimicking R2-D2 sounds from Star Wars,101,8,1762467189.0,0.94,False,uva.nl
1oq9gus,science,"Non-voters tend to die earlier, finds study of 3 million people from Finland. This mortality gap between voters and non-voters was even larger than the well-documented gap between individuals with the highest and lowest levels of education.",2724,139,1762459764.0,0.94,False,psypost.org
1oq69ct,science,Archaeologists uncover a monumental ancient Maya map of the cosmos in a new study published Wednesday in Science Advances. The new discovery challenges long-held assumptions about the social order of the ancient Maya and the reasons behind their architectural achievements.,348,3,1762452564.0,0.98,False,scientificamerican.com
1oq5rqw,science,"Our Universe Has Already Entered Decelerating Phase, Study Suggests",1397,181,1762451498.0,0.95,False,sci.news
1oq5ql6,science,First ever atlas of brain development shows how stem cells turn into neurons,165,6,1762451428.0,0.97,False,nature.com
1oq4p03,science,"Extreme heat is driving up property prices in Spain’s cooler northern regions. Sale prices have risen in these areas by €2.80 per square metre, and rentals by €0.012, creating annual gains of around €235 million in sales and €1 million in rents.",162,19,1762449098.0,0.92,False,theconversation.com
1oq457d,science,A path to safer painkillers – revealed by freezing opioids and their protein receptors in motion,55,1,1762447870.0,0.9,False,dornsife.usc.edu
1oq3zii,science,"Black, Hispanic and rural stroke patients nearing death are more likely sent home than to hospice, a Northeastern study finds",970,25,1762447517.0,0.95,False,news.northeastern.edu
1oq2s1d,science,Men typically receive twice as much inheritance as women in Egypt. A new study into attitudes toward pro-male inheritance stipulations in Sharia law found there to be a bias toward sons receiving more money than daughters.,853,190,1762444857.0,0.84,False,news.northeastern.edu
1oq084m,science,New industry-backed research shows how waste from deep-sea mining could have far-reaching effects on fish and their food | Deep-sea mining discharge can disrupt midwater food webs,471,16,1762438943.0,0.98,False,theverge.com
1opzue9,science,The simulation of judgment in LLMs,0,4,1762438011.0,0.44,False,pnas.org
1opz27p,science,Heavy Alcohol Use Linked to Risk of Brain Bleed Earlier in Life,221,5,1762436084.0,0.97,False,massgeneralbrigham.org
1opyems,science,"Curb sales of SUVs to reduce harms to health and the environment, urge experts, as SUVs now account for over half of new car sales worldwide, emit more carbon, increase air pollution, and raise pedestrian and child fatality risks by up to 82% through greater size and poorer visibility.",1624,228,1762434382.0,0.93,False,bmj.com
1opwws4,science,"Researchers have developed an organic infrared photodiode that achieves record-level sensitivity in ultrathin devices that are ready to be integrated into different applications. This photodiode could pave the way for compact, low-power sensors for medical, environmental and wearable technologies.",62,4,1762430063.0,0.92,False,utu.fi
1opw0fw,science,"World’s largest web houses 110,000 spiders thriving in total darkness deep underground in a sulfuric cave between Albania and Greece: It’s the first time two spider species seen living cooperatively, and the first recorded instance of colonial web-building in what's known as a chemoautotrophic cave.",14437,484,1762427033.0,0.97,False,newatlas.com
1opu741,science,"Researchers reviewed the advancements achieved in ASF vaccine research over the past decade, encompassing the challenges and prospects associated with attenuated vaccines, subunit/live vector vaccines, and more",19,1,1762420342.0,0.79,False,doi.org
1opu4hs,science,"Access to green spaces is linked with fewer mental health hospitalisations. Local greenness was associated with a 7% reduction in hospital admissions for all cause mental disorders, with stronger associations for substance use disorders (9%), psychotic disorders (7%), and dementia (6%).",276,7,1762420053.0,0.98,False,bmj.com
1oprzdj,science,"Scientists have unlocked better control over ultrasound-sensitive microbubbles, revealing how to make them stable and safe for therapy. This paves the way for noninvasive treatments such as delivering drugs to the brain or activating them inside tumors.",102,1,1762411798.0,0.97,False,sciencedirect.com
1opqk6w,science,"Ancestors of Asian Forest Tortoises Evolved in Europe, New Fossil Discovery Suggests",62,1,1762406831.0,0.9,False,sci.news
1oppt55,science,Reconstructing diet and palaeoenvironment of Palaeoloxodon from the Pleistocene of Taiwan,29,1,1762404417.0,0.8,False,royalsocietypublishing.org
1opi3ys,science,"Closer proximity to cannabis retail stores linked with more cannabis use but less drinking: A US study of more than 60,000 adults shows that living near cannabis retail stores is associated with a greater tendency toward frequent cannabis use but a lower likelihood of heavy alcohol consumption.",2349,115,1762383352.0,0.96,False,news.oregonstate.edu
1opg51x,science,"Mothers who experienced childhood adversity show distinct patterns of microRNAs and fatty acids in their breast milk, and these molecular differences are linked to their infants’ temperament, providing evidence for a possible biological pathway of intergenerational effects of early life stress",2757,40,1762378789.0,0.98,False,psypost.org
1opf885,science,"Tying climate action to the protection of people’s way of life can boost motivation, a global study finds. Researchers say people are more likely to act when they see climate change as an immediate threat to their lives or when environmental efforts are framed as a patriotic duty.",158,7,1762376775.0,0.94,False,nature.com
1opf3fo,science,"Spider-inspired robots the size of a vitamin capsule could inspect your digestive tract instead of endoscopies, diagnosing cancer, stomach ulcers, and Crohn’s disease",748,65,1762376488.0,0.98,False,spectrum.ieee.org
1opdgtl,science,New kind of artificial muscle powered by sound waves can be used as a patch for drug delivery,66,2,1762372869.0,0.91,False,spectrum.ieee.org
1opcyxf,science,"Using data from nearly 1,500 lakes dating back to 1945, University of Michigan researchers and colleagues found that many fish species in Michigan are now smaller — especially the youngest and oldest individuals.",97,4,1762371792.0,0.96,False,news.umich.edu
1opctyx,science,"New software could expand access to drug checking services, meaning that people could make sure the drugs they're using don't contain unexpected substances. This could improve harm reduction efforts.",77,5,1762371486.0,0.89,False,tandfonline.com
1opc2rx,science,‘Mind-captioning’ AI decodes brain activity to turn thoughts into text. A non-invasive imaging technique can translate scenes in your head into sentences. It could help to reveal how the brain interprets the world.,927,152,1762369843.0,0.93,False,nature.com
1opb2uk,science,"AI system discovers new bacterial survival strategy for cross-species gene
  transfer, confirmed by experimental validation",29,2,1762367673.0,0.75,False,rewire.it
1op95d7,science,"Black hole flare is biggest and most distant seen: « The flare, co-discovered by the Zwicky Transient Facility, may be the result of a mega black-hole meal. »",178,5,1762363619.0,0.98,False,caltech.edu
1op8yqo,science,"Centuries of Black Death misinformation started with a poem. Modern portrayals of the plague quickly moving across the continent, following the course of traders, have been incorrect because of centuries of misinterpretation of a rhyming literary tale.",404,12,1762363234.0,0.91,False,news.exeter.ac.uk
1op8kkm,science,Distracting adults during task makes them behave like children. Research found overloading  adults’ working memory results in the same problems with attention that come with children’s underdeveloped working memory.,3409,38,1762362401.0,0.99,False,eurekalert.org
1op7ngu,science,Multi-model approach to understand and predict past and future dengue epidemic dynamics,15,1,1762360419.0,0.78,False,royalsocietypublishing.org
1op2nte,science,Generative artificial intelligence in medicine,5,15,1762348829.0,0.56,False,nature.com
1op2htl,science,"Adapting health, economic and social policies to address population aging in China",42,1,1762348407.0,0.91,False,nature.com
1ooz7pv,science,"Hiding bee propolis inside tiny ""sponges"" made from baker's yeast makes it dissolve much better and supercharges its power to fight germs and swelling",86,2,1762338053.0,0.91,False,sciencedirect.com
1ooyzdc,science,"Evidence children are better off vaccinated against Covid-19 than infected by it just got even stronger. Largest-ever study, involving 14 million children found that risk of serious – but very rare – side effects involving heart and blood vessels was much higher after infection than vaccination.",18189,390,1762337178.0,0.95,False,newscientist.com
1oox16m,science,"In a recent article, researchers investigated the spatiotemporal patterns, labor migration influences, and food security implications of cropland abandonment in China from 1992 to 2022",23,1,1762329527.0,0.84,False,doi.org
1oowms8,science,"Researchers analysed characteristics of walnut cultivars and constructed a suitability evaluation model for soluble proteins processing, the study improved the efficiency of walnut protein during processing and pointed out the direction for the processing &amp; utilization of different walnut cultivars",24,2,1762327959.0,0.8,False,doi.org
1oovo6u,science,"Personality, predation and group size: unravelling behavioural drivers of lionfish (Pterois volitans) invasion success",18,2,1762324320.0,0.77,False,royalsocietypublishing.org
1oovc3b,science,"'Super recognisers' - people with extraordinary face recognition abilities - do not see more detail in faces, instead, they naturally look at the parts of a face that carry the best information for identifying faces",3145,137,1762323078.0,0.98,False,unsw.edu.au
1oouodj,science,New Species of Shell-Forming Sea Anemone Discovered in Japanese Waters,155,1,1762320761.0,0.97,False,sci.news
1ookd0f,science,Experts find flaws in hundreds of tests that check AI safety and effectiveness,1026,24,1762292813.0,0.98,False,theguardian.com
1ooj9e8,science,"Scientists produce powerhouse pigment behind octopus camouflage: « UC San Diego-led team discovers new method for producing large amounts of color-changing, nature-inspired pigment in the lab. »",155,5,1762290212.0,0.98,False,today.ucsd.edu
1ooiynw,science,"A sequence of human rights violations precedes mass atrocities. Declining workers’ rights or right to a fair trial come first. Brutality by law enforcement becomes widespread. Judiciary loses independence from executive. Freedom of speech restricted for group, and right to assemble in public places.",3917,54,1762289556.0,0.98,False,eurekalert.org
1oois63,science,"New robotics fish fin can propel bots through the water at 1.66 body lengths per second, easily turn, mimicking fish movement",638,33,1762289130.0,0.98,False,spectrum.ieee.org
1oogvmu,science,Two studies show how popular LLMs and apps can make ethical blunders when playing therapist to teens in crisis,744,123,1762284805.0,0.95,False,sciencenews.org
1oogqld,science,USC researchers use AI to uncover genetic blueprint of the brain’s largest communication bridge,19,3,1762284495.0,0.67,False,keck.usc.edu
1oodes1,science,"A recent study suggests that individuals with psychotic disorders process sensations they produce themselves, such as their own touch or heartbeat, differently from people without these conditions. This altered processing appears not only in the brain but also at the level of the spinal cord",3002,85,1762277288.0,0.99,False,psypost.org
1oobybt,science,Catalyst Cuts Biodiesel Reaction Time to 15 Minutes,79,15,1762274128.0,0.91,False,azom.com
1oobkrk,science,Researchers have developed a gel that uses chemicals found in saliva to repair and regenerate tooth enamel,22182,671,1762273295.0,0.98,False,newscientist.com
1oo9ya6,science,Researchers used a mobile EEG headband device to identify putative biomarkers of cognitive and emotional wellbeing in people who use cannabis. Results suggest sex differences in how the EEG measures are linked to mental health.,43,2,1762269689.0,0.88,False,nature.com
1oo5xk4,science,The Japanese are having less and less sex. Around half of the Japanese population remained sexually inexperienced into their mid-twenties and approximately 10% of the individuals had no sexual experience when reaching their 30s.,10378,1041,1762259538.0,0.96,False,realclearscience.com
1oo4rfd,science,"Bird flu virus found surviving in certain cheeses: 4.4% of Americans drink raw milk at least once a year, 1.6% drank it often, and 1.6% ate raw-milk cheeses. The study found that the bird flu virus (H5N1) can still survive in raw-milk cheese, even after 120 days of aging at 39 °F (3.8 °C).",960,51,1762254992.0,0.98,False,newatlas.com
1oo4f27,science,"The thymus hosts more 'cellular teachers' than we thought, study finds",45,1,1762253806.0,0.85,False,rupress.org
1oo49uj,science,Researchers find that asymmetric organic materials respond more strongly to a magnetic field,38,3,1762253272.0,0.92,False,doi.org
1oo2kj3,science,"Heated tobacco and cigarettes cause the same gut and vascular damage. Both HTPs and conventional cigarettes impair gut barrier integrity and increase cardiovascular risk, refuting claims of reduced harm. The results highlight the urgent need for stronger tobacco control policies",329,43,1762246690.0,0.86,False,mdpi.com
1oo2jkb,science,Hektoria Glacier in Antarctica shrinks at fastest rate recorded in modern history,119,3,1762246580.0,0.96,False,abc.net.au
1oo2j0n,science,"Researchers in Norway have identified four distinct groups of young cannabis users. While most use it out of curiosity, social belonging, or to explore their identities, a smaller group shows usage tied to loneliness and mental health struggles.",605,48,1762246516.0,0.93,False,oslomet.no
1oo2d7l,science,Beyond Equilibrium: Turbulence Shaping Plasma States,17,1,1762245879.0,0.85,False,journals.aps.org
1onzm5j,science,"Stratified analyses revealed significant disparities: mothers exhibited more complex pathways than fathers, particularly through work-related stress and children's mental health. Parents with higher-baseline mental health showed more numerous associations than their lower-baseline counterparts.",36,2,1762235315.0,0.84,False,researchgate.net
1onuk30,science,Adsorption of phage T2 is inhibited due to inversion of cryptic prophage DNA by the serine recombinase PinQ,13,4,1762220067.0,0.69,False,academic.oup.com
1onta88,science,"A global shift toward plant-based diets could reshape farming worldwide, Oxford study finds. By 2030, agricultural labor needs may fall by up to 28%, while millions of new jobs emerge in fruit, vegetable, and legume production, saving up to $995 billion in labor costs each year.",321,29,1762216636.0,0.85,False,eurekalert.org
1onrkrs,science,"Chronic stress upregulates cortisol and generates ROS, driving kidney disease progression. The review shows that sustained HPA-axis activation promotes mitochondrial dysfunction, oxidative inflammation, and fibrosis in renal tissue.",411,11,1762212246.0,0.98,False,mdpi.com
1onmhcz,science,"A woman’s choice of words for her genitals is tied to her sexual well-being, study finds. Using playful or childish terms for genitals in everyday life is linked to more negative outcomes, while using vulgar terms during sex is connected to more positive sexual experiences.",7965,315,1762200555.0,0.92,False,psypost.org
1oniq1n,science,Study uncovers why some hurricanes balloon in size and what that means for forecasting future storms.,92,5,1762192391.0,0.96,False,eurekalert.org
1oni5if,science,"Even Modest Amounts of Physical Activity (3,000 - 5,000 steps per day) May Slow Alzheimer’s Disease Among At-Risk Older Adults",1399,26,1762191192.0,0.99,False,massgeneralbrigham.org
1ongg5n,science,Longitudinal associations of epigenetic aging with cognitive aging in Hispanic/Latino adults from the Hispanic Community Health Study/Study of Latinos,22,1,1762187495.0,0.78,False,doi.org
1onf9gs,science,People who use drugs and experience multiple adverse childhood experiences are significantly more likely to experience a non-fatal overdose,205,22,1762184884.0,0.93,False,tandfonline.com
1ondddl,science,"Neurosteroids reshape NMDA receptor pores, increasing or decreasing conductance depending on pore shape, which were previously thought to be static.",75,7,1762180544.0,0.97,False,nature.com
1oncpqm,science,"When districts elect political newcomers over career politicians, congressional dysfunction tends to increase. The very outsiders many voters hope will “fix” Congress contribute to the partisan divisions that keep it from functioning.",0,31,1762178936.0,0.32,False,theconversation.com
1on9p1p,science,"Researchers developed a color-tunable white OLED, which produces white light from a single organic layer and two standard aluminum electrodes. The design replaces the need for complex organic stacks with smart optics, promising to lower manufacturing costs and reduce reliance on scarce materials.",614,22,1762170703.0,0.99,False,utu.fi
1on8y3z,science,"Scientists have discovered the oldest ice and air on Earth on record, trapped in 6-million-year-old Antarctic ice, giving an unprecedented look back at our ancient climate",768,11,1762168206.0,0.99,False,news.oregonstate.edu
1on7vun,science,"Roof paint blocks 97% of sunlight and pulls water from the air: Researchers created a nano-engineered polymer coating that not only reflects up to 97% of the sun's rays, but also passively collects water, generating as much as 390 mL of water per square meter and indoors up to 6 °C (~11 °F) cooler.",5933,137,1762164327.0,0.98,False,newatlas.com
1on7b22,science,Researchers proposes a new algorithm to identify whether and where cropland parcel changes have been undertaken without generating complete parcel maps,26,2,1762162078.0,0.85,False,doi.org
1on6f45,science,"Orcas seen killing young great white sharks by flipping them upside-down: scientists have observed a specialist shark-hunting pod in the Gulf of California repeatedly targeting juvenile white sharks, flipping them upside-down and taking out their energy-rich livers to share with the pod.",2171,55,1762158528.0,0.98,False,frontiersin.org
1omy619,science,Participation in Stop The Bleed training raised students’ fears of mass casualty events and self-efficacy,820,39,1762131221.0,0.97,False,link.springer.com
1omsp0i,science,"Social media use is not uniformly harmful; its psychological impact depends on how, why, and by whom it is used. Multilevel prevention strategies, including media education, parental involvement, and responsible platform design, are essential to support healthy adolescent development.",186,7,1762117102.0,0.91,False,pubmed.ncbi.nlm.nih.gov
1oms808,science,"Polish is the most effective language for prompting AI, study reveals",674,115,1762115981.0,0.78,False,euronews.com
1omrdfz,science,"New nanoparticles stimulate the immune system to attack ovarian tumors: « Targeted particles carrying the cytokine IL-12 can jump-start T cells, allowing them to clear tumors while avoiding side effects. »",484,6,1762113996.0,0.97,False,news.mit.edu
1omk63p,science,"Exercise-induced orgasms: Scientists are diving deep into the unusual phenomenon | Through in-depth interviews, researchers found that these experiences often begin in childhood, are felt as a deep, internal sensation, and can be integrated into a person’s sexual life.",3227,161,1762097233.0,0.96,False,psypost.org
1omjys5,science,"Teens who start using cannabis before 15 are 4× more likely to use it regularly by 17 and face higher risks of depression, anxiety, and physical health issues in young adulthood compared to peers who never used cannabis during adolescence.",4289,397,1762096768.0,0.94,False,jamanetwork.com
1omiwti,science,"Contrary to expectations, a new study finds that pre-treatment with cannabidiol (CBD) worsened cannabis-induced memory impairment and psychotic symptoms in schizophrenia patients — challenging the belief that CBD protects against THC.",440,39,1762094277.0,0.92,False,nature.com
1omg8e9,science,"Researchers surveyed right-wing supporters to see if their ideologies influenced meat, dairy, egg, and fish consumption. The right-wing ideologies of Social Dominance and Authoritarianism were found to increase their support of these animal products and their aversion to vegetarianism and veganism.",1626,259,1762087220.0,0.84,False,sciencedirect.com
1omfjpl,science,Dog testes offer clues to healthy aging and ‘frailty resilience’ in men. Early neutering was linked to worse outcomes. Dogs neutered before age 2 had 16% increase in mortality risk for every small rise in frailty score. Those kept intact for more than about 10 years showed no increased mortality.,2031,233,1762085101.0,0.82,False,newatlas.com
1omdkb8,science,"Shiitake mushrooms have been harnessed to function as living processors, storing and recalling data like a semiconductor chip but with almost no environmental footprint. Scientists show fungi can be trained to act like memristors – microscopic components to process and store data in computer chips.",7472,265,1762077881.0,0.98,False,newatlas.com
1omai0f,science,Evidence to action: a perspective on treatment approaches for food addiction,54,3,1762065710.0,0.9,False,nature.com
1om9l8t,science,Newly established forests dominated global carbon sequestration change induced by land cover conversions | Articles,40,4,1762062307.0,0.84,False,nature.com
1om48g2,science,Unsolicited Patient Complaints and Industry Payments for US Physicians,83,4,1762045094.0,0.91,False,jamanetwork.com
1om3xta,science,"Forget the myth that exercise uses up your heartbeats. New research shows fitter people use fewer total heartbeats per day - potentially adding years to their lives. The fittest individuals had resting heart rates as low as 40 beats per minute, compared to the average 70–80 bpm.",12796,669,1762044232.0,0.94,False,victorchang.edu.au
1om2uv8,science,UBCO study debunks the idea that the universe is a computer simulation - New study uses logic and physics to definitively answer one of science's biggest questions,0,44,1762041132.0,0.41,False,news.ok.ubc.ca
1om2epn,science,"Modeling study shows that partial adoption of EAT-Lancet dietary guidelines could roughly halve global habitat loss, while conservation actions aligned with the Kunming–Montreal Global Biodiversity Framework achieve even greater reductions in habitat loss",38,3,1762039911.0,0.87,False,doi.org
1om0nlz,science,Scientists find molecule Urolithin A re-energises aged immune system via mitochondrial renewal - Nature Aging,726,38,1762035265.0,0.98,False,nature.com
1olxjzf,science,"Exercise enhances memory, mood, and learning through stronger glutamate signaling but can become toxic when pushed too far, according to a review of 57 studies.",2406,74,1762027483.0,0.98,False,ibroneuroscience.org
1olqzhr,science,"Magnetic field therapy shows promise in mimicking exercise benefits for type 2 diabetes patients with central obesity: Pulsed electromagnetic fields stimulate muscle tissue mimicking the effects of exercise, study finds",182,34,1762011679.0,0.94,False,eurekalert.org
1olqtd4,science,"Black hole caught snacking on star far from host galaxy’s center- Astronomers are wondering why the supermassive black hole that caused a strange tidal disruption event is some 2,600 light-years from where it’s supposed to be",1039,53,1762011267.0,0.98,False,astronomy.com
1olmcf1,science,"A lack of political representation has negative, immediate, and long-lasting mental health impact",386,7,1761999422.0,0.96,False,journals.plos.org
1olm31q,science,"Scientists found that nearly every cancer harbors its own distinct community of microbes – the tumor microbiome – that can influence how tumors start, spread, and respond to treatment, paving the way for a new era of precision medicine.",11985,133,1761998597.0,0.96,False,newatlas.com
1ollstt,science,Immunogenicity and Integration of a Decellularized Extracellular Matrix-Based Scaffold for the Reconstruction of Human Foreskin: A Preclinical Animal Study,104,28,1761997648.0,0.93,False,mdpi.com
1oll6wo,science,Ants also use social distancing when exposed to a pandemic,653,16,1761995533.0,0.97,False,newatlas.com
1olk1z3,science,"Some of exercise’s brain-enhancing benefits can be transferred through tiny particles found in the blood. Injecting these particles, called extracellular vesicles, from exercising mice into sedentary mice promoted growth of new neurons in hippocampus, brain region important for learning and memory.",1978,36,1761991303.0,0.98,False,psypost.org
1ol9qjc,science,"Vulnerability to stress magnifies how a racing mind disrupts sleep. Experiencing a more stressful day than usual can disrupt anyone’s sleep. But for people with high sleep reactivity (sleep easily disturbed by stressors), having racing thoughts is more disruptive to sleeping through the night.",1827,63,1761954204.0,0.97,False,psypost.org
1ol40yj,science,"New results from NASA’s OSIRIS-REx mission, now published in Nature, reveal how light reflecting off Bennu’s surface bears witness to impacts across the solar system.",26,2,1761939216.0,0.84,False,purdue.edu
1ol3rho,science,A Novel Approach for Reliable Classification of Marine Low Cloud Morphologies with Vision–Language Models,9,1,1761938585.0,0.8,False,mdpi.com
1ol338s,science,"Federal–State Perspective Desalignment as an Emerging Meta-System Pathology in U.S. Climate Governance: A Conceptual Framework, Implications, and Recommendations",10,1,1761936973.0,0.75,False,doi.org
1ol1lni,science,New psychology study suggests chimpanzees might be rational thinkers,144,31,1761933539.0,0.91,False,ls.berkeley.edu
1ol0nvs,science,Drones reveal that wastewater plant emissions are greater than expected. Scientists found that methane (CH₄) and nitrous oxide (N₂O) emissions from these facilities – particularly from sludge storage – are around 2.5 times higher than international climate models suggest.,645,7,1761931386.0,0.98,False,airqualitynews.com
1okzqtn,science,"By combining an AI tool with chemical detection, researchers can identify blowfly species from their casings — all within about 90 seconds. This technology could be used to aid violent crime forensics and help quickly determine time of death.",61,3,1761929293.0,0.84,False,sciencenews.org
1oky1xk,science,"Knocking out a gene doesn’t always rob the target cells of their mRNA and protein. Sometimes neighboring cells can provide these basic outputs to, in effect, compensate for the disabled gene. A recent mouse study pinpoints how, at least in fat tissue.",175,7,1761925446.0,0.98,False,pnas.org
1okwvpt,science,A severed brain reveals the power to reroute communication | Researchers discovered that a tiny fraction of remaining nerve fibers is sufficient to sustain near-normal levels of integrated brain function and suggests an immense potential for reorganization after injury.,1230,25,1761922759.0,0.99,False,psypost.org
1okvnr6,science,"Your flight emissions are far higher than carbon calculators suggest, a new study reveals. A Singapore–Zurich first-class trip emits over 14 000 kg CO₂—while ICAO estimates ~3 000, Google ~5 000, and MyClimate ~8 000—showing current tools drastically understate aviation’s true warming effect.",1933,211,1761919857.0,0.91,False,nature.com
1okven2,science,Brain region-specific and systemic transcriptomic alterations in a human alpha-synuclein overexpressing rat model,12,2,1761919259.0,0.74,False,doi.org
1okuwtg,science,Study Uncovers Genetic Basis for Heart Muscle Disease That is Twice As Common in Individuals of African Ancestry,124,2,1761918043.0,0.97,False,massgeneralbrigham.org
1okuup9,science,COVID-19 During Pregnancy Linked to Higher Risk of Neurodevelopmental Disorders in Children,1694,82,1761917902.0,0.98,False,massgeneralbrigham.org
1okt895,science,Non-dietary personal pesticide exposure using silicone wristbands across 10 European countries,156,19,1761913752.0,0.92,False,sciencedirect.com
1okqvwp,science,"Researchers in Prague developed a ""smart"" scalpel with a tiny, 3D-printed sensor that can instantly test a patient's biochemical information (like stress hormones) during surgery, giving doctors real-time insights without waiting for lab results",120,9,1761906378.0,0.93,False,pubs.acs.org
1okqqrw,science,"While men with ADHD had higher numbers of convictions, women with ADHD had a greater relative increase in risk. For violent crime, risk was 8 times higher for women with ADHD (5 times for men with ADHD). Highest risk in those with identical twin with ADHD, then fraternal twins and full siblings.",837,35,1761905872.0,0.94,False,psypost.org
1okpe5t,science,Research provides evidence that longer screen time is associated with increased ADHD symptoms and brain structural development. The study is the first to identify cortical volume as a partial mediator in the relationship between screen time and ADHD symptoms in cross-sectional analyses,2618,122,1761900721.0,0.97,False,nature.com
1okowyv,science,"Plastic pollution could linger at ocean surfaces for over a century, new research finds",72,6,1761898755.0,0.92,False,qmul.ac.uk
1oklqq2,science,"Videogame players blink 36% as much compared to baseline while playing, and 59% while viewing gameplay, but no significant difference between Action, Adventure, and Sports genres was found.",3246,140,1761886257.0,0.98,False,sciencedirect.com
1okkfvh,science,"Videogame players who helped a High Need NPC reported higher levels of
moral satisfaction, but were less likely to report
moral reasoning than if the NPC was Low Need / No Reward",368,76,1761881995.0,0.92,False,dl.acm.org
1okgayt,science,"Researchers have used precision crystal-growth methods to achieve superconductivity in germanium, a semiconductor widely used in electrical devices",227,16,1761870042.0,0.97,False,aibn.uq.edu.au
1okg72p,science,"Ketamine shows no significant advantage over placebo in treating severe depression, according to a new clinical trial. The findings suggest that earlier reports of its effectiveness may have been inflated by patient and clinician expectations.",5076,288,1761869748.0,0.95,False,jamanetwork.com
1okbr28,science,The development of carbon-neutral data centres in space,3,14,1761858455.0,0.53,False,nature.com
1okbqqc,science,"Fire in the sky: Strong summer storms send wildfire smoke into previously pristine stratosphere. Study shows aerosols and burning biomass may affect heating and energy absorption in the ozone, leading to faster warming and unexpected climate effects.",43,4,1761858432.0,0.9,False,purdue.edu
1okajuu,science,"Americans have widespread misbeliefs about the cancer risks of alcohol, study finds. More than half of American adults misunderstand or underestimate the link between alcohol consumption and cancer. Alcohol drinkers are especially likely to believe that drinking has no effect on cancer risk.",8692,861,1761855604.0,0.95,False,mdanderson.org
1ok8h5a,science,"Chimps Are Capable of Human-Like Rational Thought, Breakthrough Study Finds",1506,128,1761850840.0,0.97,False,science.org
1ok7h1u,science,Experts feared a disease rebound after COVID-19. It didn’t happen.,0,12,1761848578.0,0.38,False,news.uga.edu
1ok6ep6,science,"Young umbrella acacia trees in Africa survive severe drought by putting their natural processes into overdrive when water is in short supply, prioritizing continued growth over water conservation, new research shows. The study is the first genome-scale analysis of any African acacias.",123,6,1761846201.0,0.97,False,news.osu.edu
1ok5v8h,science,"Through analysis of deep-water sediments, researchers have found evidence that shifts in carbon cycling and climate that occurred during both our present icehouse and the penultimate one 300 million years ago were influenced by extraterrestrial, or astronomical, forcing",104,15,1761844997.0,0.89,False,lettersandsciencemag.ucdavis.edu
1ok5l7b,science,"Attending an Ivy-Plus college instead of a flagship public college substantially improves the future economic outcomes of the affected students (controlling for relevant factors). There is one exception: children of the 1% who get into Ivy-Plus colleges through legacy, extracurriculars and athletics",962,57,1761844372.0,0.96,False,doi.org
1ok58hk,science,"When adolescent children with mental health disorders are given initial mental health treatments that are inconsistent with US Food and Drug Administration guidelines, they are more likely to self-harm, use emergency rooms, and accrue more health care costs.",196,30,1761843587.0,0.95,False,journals.uchicago.edu
1ok4uyo,science,"Most male entrepreneurs start a firm in an industry closely related to their father’s industry. These ventures tend to have superior outcomes. Not due to intrinsic abilities and parental help, but by obtaining industry knowledge through informal interactions (“dinner table human capital”).",4366,163,1761842748.0,0.98,False,direct.mit.edu
1ok4s9o,science,A review of 155 scientific studies found influenza and COVID infections raised the risk of heart attack or stroke as much as three-to five-fold in the weeks following the initial infection.,347,5,1761842581.0,0.98,False,newsroom.heart.org
1ok4iiy,science,"Researchers discovered that wild Pacific white-sided dolphins host a surprisingly diverse community of potentially cross-species pathogens, revealing how even common marine mammals can play an important role in understanding ocean and public health connections.",43,2,1761841977.0,0.89,False,doi.org
1ok3tpg,science,"New analysis of a tyrannosaur fossil appears to have settled the debate as to whether it was a ""teen rex"" or another species, Nanotyrannus",33,11,1761840453.0,0.81,False,nytimes.com
1ok2nhp,science,Advances in artificial intelligence and precision nutrition approaches to improve maternal and child health in low resource settings,7,2,1761837820.0,0.65,False,nature.com
1ok1v3x,science,Study finds Black veterans with opioid use disorder are less likely than White veterans to receive buprenorphine treatment and have lower retention rates,184,5,1761836004.0,0.95,False,tandfonline.com
1ok1mme,science,"Testosterone shifts how men learn to avoid personal harm, making them more sensitive to negative outcomes when their own well-being is on the line.",889,45,1761835458.0,0.9,False,psypost.org
1ok1lmy,science,People who receive stem cell therapy within a week of their first heart attack have nearly a 60 per cent lower risk of developing heart failure years later,1677,12,1761835394.0,0.98,False,newscientist.com
1ok0hi1,science,Opt-out organ donation policies lead to 1.21/million increase in deceased donors and a 4.59/million decrease in living donors,1959,219,1761832770.0,0.95,False,academic.oup.com
1ojyxwi,science,"In a court case, a defendant accused of tax fraud was acquitted after the judge wove together the voices of prosecution, defense, witnesses and police. This study shows that judicial decisions are far from neutral: the reasoning emerges as a selective dialogue that can turn accusation into doubt.",0,11,1761828948.0,0.46,False,doi.org
1ojyjgd,science,"Illinois researchers convert food waste into jet fuel, boosting circular economy | By converting food waste into sustainable aviation fuel (SAF) that meets industry standards could help the aviation industry meet its ambitious goal of net-zero carbon emissions by 2050.",62,8,1761827886.0,0.96,False,eurekalert.org
1ojy7qc,science,"Lapses of attention leading to zoning out in sleep-deprived people coincide with wave of cerebrospinal fluid flowing out of the brain, finds new EEG and fMRI study. Such waves are normally seen in deep sleep and are thought to help the brain flush out metabolic waste that builds up during the day.",10322,209,1761826997.0,0.98,False,theguardian.com
1ojxfku,science,We studied the Factor Structure of the 15-Item PedsQL™ 4.0 Short Form in a Cohort with Down Syndrome in Pediatrics Open Science. Very good internal consistency of the measure (Cronbach’s coefficient α = 0.81) and across domains (domain Cronbach’s coefficient α from 0.71 to 0.88).,0,3,1761824724.0,0.42,False,doi.org
1ojxf8z,science,Employees in open-plan and shared offices are more likely to report poor indoor climate compared to those working in private offices. Self-reported poor indoor climate has also been linked to headaches and respiratory symptoms.,2197,75,1761824695.0,0.98,False,oslomet.no
1ojxb8m,science,"Kilimanjaro has lost 75 percent of its natural plant species over the last century. Between 1911 and 2022, human-driven land-use change was the primary direct cause of the loss of 75% of natural plant species on the lower slopes of Mount Kilimanjaro.",195,6,1761824344.0,0.96,False,journals.plos.org
1ojvq1j,science,"Malaria Parasites are Full of Wildly Spinning Iron Crystals. Scientists Finally Know Why. | New research found that the crystals are propelled by peroxide breakdown, the same reaction that launches rockets.",689,17,1761819006.0,0.97,False,healthcare.utah.edu
1ojresn,science,New Species of Sauropod Dinosaur Identified in Museum Drawer,68,4,1761801984.0,0.93,False,sci.news
1ojj2be,science,Study finds that parasitic worms rely on static electricity to find prey in midair,76,4,1761777834.0,0.9,False,news.berkeley.edu
1ojh98d,science,Colliding black holes might have formed from earlier cosmic smashups: « Two recent detections have given the international LIGO-Virgo-KAGRA collaboration new insights into black hole formation and evolution. »,30,4,1761773460.0,0.93,False,caltech.edu
1ojgnxk,science,Biosynthetic antivenom cocktail derived from alpacas and mass-manufactured in E. coli provides broad-spectrum protection against 17 highly lethal snake venoms and outperformed conventional treatments,423,15,1761772049.0,0.99,False,science.org
1ojfcqc,science,"Contrary to common belief, tipping is not an effective incentive for improving service. Since most people tip out of conformity, servers expect to receive a tip regardless of effort. Even though tipping may not lead to better service, conformity may drive tipping rates even higher.",3738,373,1761769013.0,0.95,False,eurekalert.org
1ojeivq,science,This whale lives for centuries: its secret could help extend human lifespan,491,110,1761767117.0,0.9,False,nature.com
1ojeb7v,science,"Electric vehicles outperform gasoline cars in lifetime environmental impact. After two years of use, lithium-ion battery electric vehicles (BEVs) result in a reduction in cumulative carbon dioxide (CO₂) emissions compared to fossil-based internal combustion engine (ICE) vehicles.",1372,235,1761766636.0,0.94,False,journals.plos.org
1ojcc6m,science,"For young Republicans and men, fear of mass shootings fuels opposition to gun control. While most young Americans fear mass shootings, that fear doesn’t bring them together—it often reinforces divisions, with some growing even more opposed to gun restrictions, according to a new study.",668,431,1761762211.0,0.89,False,onlinelibrary.wiley.com
1ojcc25,science,"Some species of spiders bedeck their webs with woven patterns known as “stabilimenta”. In a new study published Wednesday, researchers found that these “web decorations” may help the spiders detect certain vibrations that can help them find their prey.",106,3,1761762202.0,0.93,False,scientificamerican.com
1ojb6mm,science,New species of trapdoor spider identified in California's coastal dunes,271,22,1761759682.0,0.91,False,ucdavis.edu
1oja8sk,science,"2024 may have been Earth's hottest year in at least 125,000 years, according to a grim climate report published today, that describes our world as ""on the brink"" and warns its ""vital signs are flashing red,"" with nearly two-thirds showing record highs.",5457,345,1761757627.0,0.95,False,academic.oup.com
1oj98dv,science,"The George W. Bush administration's 2002 steel tariffs caused substantial economic harm without any observed benefits. The tariffs failed at boosting local steel employment, while substantially depressing local employment in steel-consuming industries for many years after Bush removed the tariffs.",11656,137,1761755397.0,0.97,False,aeaweb.org
1oj7kh1,science,"Researchers followed over 3,000 families for six years to study how parents’ financial stress affects children’s social outcomes. The findings suggest that early economic strain can shape kids’ ability to build confidence and connect with others years later.",316,9,1761751685.0,0.98,False,news.umich.edu
1oj5hiz,science,Sitting has often been referred to as the new smoking thanks to its negative health benefits | Researchers found the flavanols in cocoa have been found to block its detrimental effects on blood vessels.,4259,258,1761746824.0,0.85,False,newatlas.com
1oj2nip,science,"Your ultra-HD TV may not be worth it. Scientists measure the resolution limit of the human eye. For an average-size UK living room, with 2.5 metres between the TV and the sofa, a 44-inch 4K or 8K TV would not provide any additional benefit over a lower resolution Quad HD (QHD) TV of the same size.",904,347,1761739413.0,0.85,False,cam.ac.uk
1oj1r44,science,"A major report finds rising heat now kills one person every minute. Fossil fuel addiction drives toxic air, wildfires, and diseases like dengue. In 2023, governments gave $2.5 billion a day to fossil firms—while workers lost the same sum as extreme heat halted farms and construction.",898,34,1761736614.0,0.95,False,thelancet.com
1oj1be9,science,"Antarctic fish have built a sprawling neighborhood of neatly arranged nests in the Weddell Sea | The discovery suggests these fish strategically group their nests to better protect their eggs from predators, adding to evidence that the Weddell Sea harbors complex, vulnerable ecosystems",233,3,1761735204.0,0.98,False,sciencenews.org
1oj10zh,science,"One in four seniors feel digitally discriminated against, yet many celebrate how technology enables their participation in society, highlighting the ambivalence older generations feel toward rapid digitalization and AI.",73,24,1761734220.0,0.8,False,oslomet.no
1oj10ng,science,"A team has identified a trio of factors that drive the recruitment and activation of stem cells to repair skull bone injuries, suggesting that defects in this pathway impair bone maintenance and regeneration in humans and contribute to disease - Study conducted on mice and hedgehog.",30,2,1761734186.0,0.88,False,science.org
1oj0y3l,science,"Self-affirmations—brief exercises in which people reflect on their core values, and positive traits—can increase people’s general well-being and make them happier in small significant ways. These effects did not dissipate immediately—they persisted over time, with an average follow-up to two weeks",252,12,1761733933.0,0.96,False,apa.org
1oj0pn9,science,"When interacting with AI tools like ChatGPT, everyone—regardless of skill level—overestimates their performance. Researchers found that the usual Dunning-Kruger Effect disappears, and instead, AI-literate users show even greater overconfidence in their abilities.",4742,462,1761733100.0,0.96,False,neurosciencenews.com
1oizx8k,science,Innovative diagnostic method brings fast and affordable pneumonia detection to low-resource settings,31,1,1761730187.0,0.9,False,pubs.acs.org
1oiwbbg,science,"Exposure of mice to PFAS 'forever chemicals' reduced testosterone levels and sperm production, and fathered embryos with 'aberrant gene expression'",864,42,1761715702.0,0.98,False,nature.com
1oitytk,science,"Genomic surveillance highlights key VP4/VP7 regions, dominant genotypes, and reassortment in bovine rotaviruses among diarrheic calves in China",6,1,1761707848.0,0.7,False,doi.org
1oitd26,science,"Cancer cells co-opt an inter-organ neuroimmune circuit to escape immune surveillance (Zhang et al, 2025)",102,2,1761706032.0,0.97,False,cell.com
1oirk0w,science,Baldness breakthrough: Taiwanese serum regrows hair in 20 days - Study conducted on mice.,8475,507,1761700903.0,0.92,False,gulfnews.com
1oipcx2,science,"Mixing nuclear, solar and wind as renewable energy options",42,24,1761694993.0,0.81,False,sciencedirect.com
1oim9sn,science,"An ancient bone recasts how Indigenous Australians treated megafauna. Australia’s First Peoples were more early paleontologists than extinction-driving butchers, a group of scientists argue.",202,48,1761687450.0,0.82,False,sciencenews.org
1oij5km,science,"Reclaimed wastewater can replace clean water as a source for hydrogen, eliminating a major drawback to hydrogen fuel and reducing water treatment costs of hydrogen production by up to 47% [Water Research]",375,5,1761680297.0,0.96,False,engineering.princeton.edu
1oiiey9,science,"This month prominent peer-reviewed journals have published two papers that link apparent flashes of light seen by a telescope 70 years ago to potential artificial objects in space, providing an opportunity for UFO enthusiasts to see how extraordinary claims are tested—and often undone—by science.",271,28,1761678593.0,0.91,False,scientificamerican.com
1oify3w,science,"Negative characterizations of Puerto Ricans have for decades shaped Washington’s decisions, directly contributing to the island’s economic woes and magnifying its struggle for equal citizenship. This history reflects a broader pattern started in Congress after the end of the Cold War.",1463,37,1761673040.0,0.97,False,news.northeastern.edu
1oiexni,science,Rising wealth dispersion and stagnating housing supply explain the increase in US housing costs. Demand-side policies (e.g. down payment assistance) cause upward pressure on house prices while supply-side policies (e.g. tax credits for development) lower house prices by increasing the housing stock.,175,88,1761670810.0,0.91,False,aeaweb.org
1oid420,science,"Polar bears provide millions of kilograms of food for other Arctic species | The apex predators typically leave about 30 percent of edible animal remains behind, which other scavengers wouldn't otherwise be able to access",2809,11,1761666798.0,0.99,False,sciencenews.org
1oid251,science,"Biogeochemical sensing robots 2,000 meters deep in the ocean find that marine heatwaves are preventing the ocean from sequestering carbon as expected",145,5,1761666677.0,0.94,False,spectrum.ieee.org
1oiay91,science,"Delta opioid agonists reversed depression in half the time of SSRIs. In mice exposed to chronic social defeat stress, DOP agonists restored social interaction and reduced anxiety related behaviors within two weeks.",204,34,1761661860.0,0.97,False,onlinelibrary.wiley.com
1oi89tn,science,Scientists have created the first reconfigurable polariton 2D quasicrystal — a new light-matter state with long-range order and unique phase synchronization. This breakthrough opens paths to studying supersolids and superfluidity in aperiodic systems.,32,5,1761655240.0,0.86,False,science.org
1oi7kva,science,"Some dogs show signs of addiction, study finds. One in three dogs shows signs of toy addiction according to scientists who found that terriers and shepherd breeds are the most affected, suggesting a strong genetic component behind compulsive play behavior similar to human behavioral addictions.",1020,48,1761653298.0,0.96,False,nature.com
1oi6net,science,Paleontologists Discover New Species of Early Triassic Coelacanth,42,2,1761650466.0,0.9,False,sci.news
1oi6dr7,science,Potent New Antibiotic Against Resistant Bacteria Found 'Hiding In Plain Sight'.,436,16,1761649577.0,0.97,False,genengnews.com
1oi5ydz,science,"Mediterranean diet outperforms low-FODMAP plan for easing IBS symptoms | Study also found the diet could deliver other benefits that it can help reduce the risk of heart disease, cancer, dementia and diabetes.",673,15,1761648145.0,0.95,False,newatlas.com
1oi5fcl,science,"Walking in longer, uninterrupted bouts of 10–15 minutes significantly lowers cardiovascular disease risk—by up to two-thirds compared to shorter strolls. The findings challenge the common “10,000 steps a day” idea, showing that quality and consistency of movement matter more than quantity.",17109,532,1761646283.0,0.97,False,ca.news.yahoo.com
1oi59iz,science,"Donald Trump’s frequent shrugging is a deliberate communication tool used to establish common ground with his audience and express negative evaluations of his opponents. These gestures are a key component of his populist performance style, helping him appear both ordinary and larger-than-life.",4280,166,1761645684.0,0.91,False,psypost.org
1oi4c7r,science,"Researchers established an efficient, few-shot learning approach to construct a large-scale light-trapped insect dataset through a two-stage annotation framework: detection followed by classification, reducing expert annotation time by approximately 80% relative to manual labeling",20,5,1761641999.0,0.8,False,doi.org
1ohz3e8,science,"Researchers reviews current knowledge regarding the sea barley(Hordeum marinum Huds), emphasized its origin, evolution, genome characteristics, genetic transformation, mechanisms of stress tolerance, fungal resistance, and cross-compatibility with wheat",2,1,1761621862.0,0.56,False,doi.org
1ohvwnw,science,Foot Muscle Strengthening in Older People,72,14,1761612664.0,0.85,False,journals.lww.com
1ohv9zk,science,"Cycling accidents, ‘near misses’ in London worst at rush hour and on roads without dedicated infrastructure, study finds",80,20,1761610937.0,0.82,False,eurekalert.org
1ohuyfc,science,"A single mitochondrial calcium exchanger influences diseases across the brain, heart, and metabolism. A new review shows how NCLX protects cells from calcium overload and oxidative stress.",108,3,1761610041.0,0.97,False,link.springer.com
1ohrewd,science,"Aerobic, resistance exercise, or a mixture of both is beneficial for improving symptoms of depression and anxiety.",126,2,1761601166.0,0.95,False,pubmed.ncbi.nlm.nih.gov
1ohqrdu,science,"People who use both cannabis and tobacco show higher brain levels of FAAH — an enzyme that breaks down mood-regulating anandamide — than cannabis-only users, possibly explaining why mixing the two is tied to worse mental health and harder quitting.",1205,98,1761599655.0,0.97,False,sciencedirect.com
1ohqnd7,science,"A 10-year study finds that romantic partners gradually shape each other’s political party preferences — when one partner’s support for a party rises or falls, the other tends to follow the next year, a dynamic that may help explain political alignment and polarization.",994,58,1761599399.0,0.96,False,journals.sagepub.com
1ohpygs,science,"MXenes, a new material for high-performance membranes that separate chemical compounds from complex solutions, offer a promising development for desalination, waste recovery and other industrial processes [PNAS]",83,5,1761597780.0,0.94,False,engineering.princeton.edu
1ohp0a8,science,"Study finds a shift toward liberal politics after leaving religion. The data suggests that an individual’s departure from religion came first, and this was followed by a shift toward a more liberal political stance.",6376,255,1761595634.0,0.96,False,psypost.org
1ohn4nx,science,Mothers are 20 percentage points less likely to be in professional occupations than they would be without motherhood-related penalties (UK),213,82,1761591440.0,0.84,False,onlinelibrary.wiley.com
1ohmx0m,science,"A common food additive called EDTA reduces DNA degradation during extraction from frozen tissue, researchers discover",0,12,1761590950.0,0.42,False,news.northeastern.edu
1ohmiem,science,"Molecular snapshots reveal how the body knows it’s too hot: « New study maps a core temperature sensor, exposing how it turns off and on. »",149,6,1761590055.0,0.98,False,news.northwestern.edu
1ohlwze,science,"Stillbirths in the U.S. Higher Than Previously Reported, Often Occur with No Clinical Risk Factors",10134,240,1761588706.0,0.97,False,massgeneralbrigham.org
1ohjpfr,science,Men over 50 may have to exercise more than twice as much as women to get the same heart health benefits.,4219,104,1761583849.0,0.98,False,newscientist.com
1ohh95y,science,The mystery of how the outer-atmosphere of the Sun can be hotter than its surface may have finally been cracked. Researchers have achieved a breakthrough by providing the first direct evidence of small-scale Alfvén waves in the Sun's corona - waves we've searched for since their prediction in 1942,159,5,1761578397.0,0.97,False,nature.com
1ohh1eb,science,Cutting onions slowly with sharper knives lowers the number of tear-inducing droplets the vegetables eject into the air,791,91,1761577917.0,0.96,False,sciencenews.org
1ohei8z,science,"The Pinochet dictatorship in Chile (1973-1990) changed school curricula to promote the regime's ideology. Exposed students are less likely to identify as politically left. However, the effects are driven by those without college education, suggesting college may mitigate regime indoctrination.",740,20,1761571948.0,0.97,False,journals.sagepub.com
1ohd5o3,science,Inflammation leads to lower reward motivation by causing microglia to remove glutamate inputs from dopamine neurons in the brain’s reward center,2013,96,1761568414.0,0.99,False,sciencedirect.com
1ohckhs,science,"Rising autism and ADHD diagnoses not matched by an increase in symptoms, finds a new study of nearly 10,000 twins from Sweden.",11292,647,1761566703.0,0.97,False,psypost.org
1oh9gmd,science,Researchers developed an approach integrating molecular markers and differential strains of Pyricularia oryzae for identifying functional major blast-resistant genes in rice,2,1,1761555693.0,0.57,False,doi.org
1oh9fm3,science,"Consistently listening to music was associated with up to a 39% reduced risk of dementia in older adults, while regularly playing an instrument was linked to a 35% reduced risk. In highly educated people with 16 or more years of education, always listening to music was linked to a 63% reduced risk.",6008,128,1761555599.0,0.98,False,psypost.org
1oh9ebh,science,"In a recent study, researchers analyzed 67 complete transmissible gastroenteritis virus (TGEV) genomes collected globally between 1952 and 2023, employed comparative genomics to uncover the evolutionary dynamics and spatial dissemination of TGEV.",17,1,1761555443.0,0.79,False,doi.org
1oh68j2,science,"Pain hypersensitivity was reduced when LRRC8A restrained NMDA receptor activity in spinal neurons, uncovering a chloride based brake on excitatory signaling",45,4,1761542656.0,0.89,False,science.org
1ogugdf,science,"A religious upbringing in childhood is linked to poorer mental and cognitive health in later life. On average, being religiously educated as a child is associated with slightly poorer self-rated health after the age of 50.",21680,471,1761509088.0,0.89,False,psypost.org
1ogrkyz,science,The glow-in-the-dark bats you're hanging to decorate for Halloween might be more biologically accurate than you thought. A new study from scientists at the University of Georgia in the US has confirmed that some North American bats glow under UV light.,289,11,1761502269.0,0.95,False,sciencealert.com
1ogqbpm,science,"A 2021 Texas law introduced mail-in-voting restrictions, incl. forcing voters to know whether they registered with a driver's license or social security number. Ballot rejection rates substantially increased. Affected voters were less likely to vote in future elections or switch to in-person voting.",6206,230,1761499360.0,0.97,False,journals.uchicago.edu
1oghz89,science,"Strange, sinuous gullies etched into the dunes of Mars are finally giving up their secrets. These gouges, new experiments reveal, are carved by the explosive sublimation of dry ice, burrowing down the slopes like a mole and blasting away sand as it goes.",320,8,1761477069.0,0.98,False,sciencealert.com
1oggtzo,science,"Heterosexual men are more distressed by sexual betrayal and women by emotional betrayal. Among men, those who were exclusively attracted to women showed the highest levels of sexual jealousy.",3298,422,1761472947.0,0.92,False,psypost.org
1oggmde,science,"Coal plants emitted more pollution during the last U.S government shutdown, while regulators were furloughed. On average, particulate matter during the 2018 and 2019 shutdown was 15% to 20% higher than it had been during the same period in the preceding five years.",1933,24,1761472176.0,0.98,False,theconversation.com
1ogggmf,science,Assessing large language model performance related to aging in genetic conditions,6,3,1761471580.0,0.6,False,nature.com
1ogafpz,science,"Social capital resources (including face-to-face and remote communication, social support availability, general social trust, and trust in the government) played a crucial role in mitigating mental health impacts across all income groups during COVID-19",39,2,1761449161.0,0.8,False,link.springer.com
1og88eb,science,Study finds gene responsible for wheat variety with three ovaries: Gene discovered could help wheat farmers increase their grain yield and improve the efficiency of hybrid seed production.,89,1,1761442138.0,0.94,False,eurekalert.org
1og76u9,science,GABA/glutamate imbalance is a core feature of Autism. A new review describes how reduced GABA signaling may lead to excessive excitation in key brain circuits.,4175,343,1761438922.0,0.97,False,frontiersin.org
1og5hap,science,"2 brain scans are better than 1 in predicting teen anxiety, study finds: Combining brain imaging methods may help forecast which adolescents are most at risk for developing anxiety disorders, years before symptoms appear",143,19,1761433944.0,0.92,False,eurekalert.org
1og3sf0,science,Rats filmed snatching bats from the air,255,30,1761429276.0,0.98,False,science.org
1og2tva,science,"Taxing red meat and sugary drinks while removing taxes on healthy foods could prevent 700 premature deaths a year and cut diet-related CO₂ emissions by 700,000 tonnes — all without raising grocery costs, study finds.",8796,721,1761426785.0,0.87,False,sciencedirect.com
1ofv9qg,science,"Being present and non-judgmental during sex is associated with greater sexual well-being, not only for oneself but for one’s partner as well. Since women sometimes report higher levels of cognitive distraction during sex, mindfulness might offer a particularly powerful benefit for them.",2409,75,1761408266.0,0.95,False,psypost.org
1oftxf2,science,The meat consumed in U.S. cities creates the equivalent of 363 million tons (329 million metric tons) of carbon emissions per year. That's more than the entire annual carbon emissions from the U.K. of 336 million tons (305 million metric tons).,2721,506,1761404984.0,0.81,False,abcnews.go.com
1ofrnbo,science,Association between beverage quality with sleep disorders and quality of life: a cross-sectional study,37,5,1761399144.0,0.82,False,nature.com
1ofq5zq,science,"Online-only friendships demonstrated a protective function, particularly for vulnerable youth experiencing suicidal ideation. Social capital in online contexts significantly influenced well-being, with higher online social capital associated with positive outcomes, especially in gaming environments.",424,14,1761394942.0,0.95,False,pubmed.ncbi.nlm.nih.gov
1ofpygg,science,"For the first time, astronomers have seen life's building blocks in ice beyond the borders of our galaxy.",283,9,1761394267.0,0.92,False,sciencealert.com
1ofpuq8,science,Married couples from lower socioeconomic backgrounds more likely to show synchronized heart rates than from higher socioeconomic backgrounds. This builds on past research showing that people from less privileged backgrounds tend prioritize relationships and are more attuned to those around them.,5700,111,1761393936.0,0.95,False,psypost.org
1ofn1f4,science,"Fossil fuel companies say they support the energy transition. New numbers suggest otherwise. Overall, fossil fuel producers own only 1.42 percent of global renewable energy projects, and those projects are responsible for a measly 0.1 percent of their total energy production.",280,15,1761383596.0,0.96,False,grist.org
1oflil4,science,New study sheds light on how Lyme bacteria enters the body,30,1,1761377643.0,0.83,False,nature.com
1ofitli,science,Mitochondria and lysosomes work together to control regulatory T cell activation,33,2,1761367724.0,0.87,False,cell.com
1ofgauf,science,"Cockroach infestation linked to home allergen, endotoxin levels: Findings suggest that eliminating cockroach infestations could help improve indoor environmental health by greatly reducing allergens and endotoxins.",812,33,1761359387.0,0.96,False,eurekalert.org
1ofaw0x,science,"On average, women had lower fitness (VO2peak values) than men. However, adults in countries with higher human development and lower gender inequality had higher fitness levels. This suggests that social structures that promote equality and development may enable more women to engage in exercise.",2852,92,1761343639.0,0.93,False,psypost.org
1of9knv,science,"Superagers retain sharp minds into their 80s and beyond, defying the idea that cognitive decline is inevitable as we age. A 25-year study of these enviable few now reveals some of what's special about their underlying neurology.",12713,566,1761340271.0,0.97,False,sciencealert.com
1of97ad,science,"Extreme weather events hit the socially vulnerable hardest, research finds",119,7,1761339357.0,0.93,False,news.northeastern.edu
1of7cwr,science,"NASA discovered a bacteria that can ‘play dead’—and might have accidentally sent it to Mars | In a recent study, scientists have now worked out this sneaky bacterium’s secret: T. phoenicis can enter a state of deep hibernation—one that evaded detection despite rigorous sterlization for spacecrafts",4426,99,1761334893.0,0.98,False,nationalgeographic.com
1of4s14,science,The ancient practice of tooth removal helps map early migration across Vietnam: Ancient communities pulled out healthy teeth to demonstrate collective identity. A recent study shows the distribution of such intentional teeth ablation &amp; adds to evidence of regional Neolithic migration.,36,2,1761328852.0,0.89,False,pnas.org
1of4g6p,science,"As global warming reshapes Earth’s climate, rainfall events are intensifying nearly nine times faster than snowfall, revealing a rapid shift toward liquid precipitation and a global decline in snow-driven extremes across the planet’s mid-latitudes.",112,3,1761328101.0,0.92,False,sciencedirect.com
1of3q3z,science,"Words can become “facts” that steer public policy. A study examines the French debate over the “return” versus “reintroduction” of wolves, showing how competing narratives shift in strength over time and influence political action.",82,2,1761326446.0,0.93,False,doi.org
1of1r2i,science,Depletion of the TRF1 telomere-binding protein leads to leaner mice with altered metabolic profiles,36,1,1761321886.0,0.92,False,doi.org
1of11pe,science,"Two fever-causing bacteria may have worsened Napoleon's disastrous retreat from Russia in 1812, researchers suggest after analyzing DNA from the teeth of Napoleonic soldiers",388,3,1761320279.0,0.97,False,sciencenews.org
1oexd40,science,"A preclinical study found that exercise counteracts the depressive-like effects of a high-fat, high-sugar ""cafeteria"" diet. Exercise improved mood-related behavior and partially normalized hormone imbalances (reducing insulin and leptin while increasing GLP-1 and PYY)",112,1,1761311487.0,0.92,False,genomicpress.kglmeridian.com
1oew8sj,science,"In Norway, electric cars account for 94 percent of new car sales. Still, many remain skeptical of electric cars, particularly women, people over 45, and those with lower levels of education.",1171,305,1761308482.0,0.9,False,oslomet.no
1oevbpa,science,"Exposure to bright lights at night linked to increased risk of heart disease. Research found Participants in the study who had the brightest nights had a 32% higher risk of coronary artery disease and a 56% higher risk of a heart attack. Additionally, they had a 30% higher risk of stroke.",356,16,1761305743.0,0.96,False,mcknights.com
1oev7ur,science,"Research found that rapid emissions cuts would avoid 64cm of ‘locked in’ sea level rise by 2300. Rising seas are already threatening to wipe out small-island nations, jeopardising the security, livelihoods and cultures of people who live in these areas.",132,5,1761305398.0,0.95,False,carbonbrief.org
1oetpcd,science,"Study finds any amount of alcohol can increase blood pressure. Even slight increases in alcohol consumption are associated with higher blood pressure. In the past, scientists thought that small amounts of alcohol might be okay, but new results suggest that no alcohol is actually best.",4609,427,1761300185.0,0.95,False,upi.com
1oesehd,science,Examining trends in AI ethics across countries and institutions via quantitative discourse analysis,3,1,1761295042.0,0.57,False,link.springer.com
1oerivl,science,"A high-carbohydrate kibble diet and a low-carbohydrate raw meat-based diet have markedly different effects on dogs’ energy metabolism, according to a new study carried out by the DogRisk research group at the University of Helsinki.",1093,199,1761291569.0,0.88,False,helsinki.fi
1oeqlux,science,"Seasonal eating: Saturated fat signal the approach of summer, (poly)unsaturated of the winter",0,6,1761287881.0,0.47,False,science.org
1oeooco,science,"Latest Cretaceous Dinosaurs Lived in Vibrant, Regionally Distinct Communities",50,3,1761280755.0,0.93,False,sci.news
1oemr18,science,"Dark Matter May Leave a Subtle Red-Blue Glow in the Universe, Study Finds",108,11,1761274570.0,0.91,False,newsable.asianetnews.com
1oei0i2,science,Visceral adipose tissue and hepatic fat as determinants of carotid atherosclerosis,41,2,1761260702.0,0.87,False,nature.com
1oeh9lu,science,"Two iconic coral species are now functionally extinct off Florida, new study finds",694,6,1761258720.0,0.98,False,dornsife.usc.edu
1oegb4y,science,"Humans are quite bad at detecting AI-generated texts. But they can learn it. Even a few couples of trials and errrors are sufficient to improve this skill by ten percentage points. Also, humans are terrible at estimating how bad they are at this task, but they can learn it as well.",465,70,1761256275.0,0.93,False,journals.plos.org
1oefldi,science,"New research shows that extreme drought events can increase carbon emissions from peatlands by nearly three times, potentially turning these critical ecosystems from long-term carbon sinks into rapid carbon sources—erasing up to 250 years of stored carbon in just a few months.",60,2,1761254488.0,0.89,False,science.org
1oef7mf,science,"Nearly 1 in 5 Urinary Tract Infections Linked to Contaminated Meat. Since they’re so common, mostly affecting women and the elderly, UTIs place a huge burden on healthcare systems and productivity, costing billions every year in the U.S",9827,525,1761253561.0,0.97,False,publichealth.gwu.edu
1oedveg,science,"Dementia linked to problems with brain’s waste clearance system: impaired movement of cerebrospinal fluid (CSF) predicted risk of dementia later in life among 40,000 adults. The glymphatic system serves to clear out toxins and waste materials, keeping the brain healthy.",4151,235,1761250491.0,0.98,False,cam.ac.uk
1oecen7,science,Late-surviving New Mexican dinosaurs illuminate high end-Cretaceous diversity and provinciality,31,2,1761247085.0,0.82,False,science.org
1oec146,science,AI system can diagnose sepsis with 99% accuracy before it becomes life-threatening,1180,64,1761246222.0,0.85,False,news.northeastern.edu
1oebc4c,science,"Scientists have made a surprise finding from two fossilized ""mummies"" unearthed in Wyoming of the duckbilled Edmontosaurus - hoofed feet, a first for any dinosaur",411,6,1761244660.0,0.98,False,science.org
1oe99pf,science,f(Q) gravity as a possible resolution of the H0 and S8 tensions with DESI DR2 - Scientific Reports,25,3,1761239968.0,0.82,False,nature.com
1oe5dmi,science,"Vipers wielded the fastest attacks in a comparison of 36 venomous snakes from three families, researchers report in Journal of Experimental Biology",120,11,1761231138.0,0.97,False,sciencenews.org
1oe4uen,science,"Astronomers announce discovery of a ""Super-Earth"" exoplanet - 4 times the mass of the Earth - in the habitable zone of a red dwarf star just 22 light years away",2043,116,1761229926.0,0.98,False,psu.edu
1oe4ase,science,Latest achievements in metalenses for advanced imaging applications,22,1,1761228631.0,0.9,False,sciencedirect.com
1oe1x08,science,Retina e-paper promises screens 'visually indistinguishable from reality' | Researchers have created a screen the size of a human pupil with pixels measuring about 560 nanometers wide. The invention could radically change virtual reality and other applications.,3033,205,1761222435.0,0.97,False,newatlas.com
1oe1mry,science,"Weight-loss drug cuts heart attack risk regardless of kilograms shed, study finds. Semaglutide lowers major cardiovascular event risk by ~20% independent of weight loss, with one-third of benefits linked to reduced waist circumference in 17,604 adults across 41 countries.",503,41,1761221611.0,0.96,False,thelancet.com
1oe1ec4,science,"Conservatism and extremism were both associated with slightly less willingness to change one’s mind in the face of evidence. But the size of these relationships was consistently very small. Centrists and moderates showed the most belief updating, or the least rigidity.",3364,299,1761220930.0,0.89,False,psypost.org
1odzoay,science,"Sleep problems, decision-making, and suicide attempts during adolescence: a longitudinal birth cohort study",20,1,1761215204.0,0.83,False,academic.oup.com
1odzkan,science,"Third trimester lead exposure linked to major depressive disorder in adulthood. Research found while lead exposure was linked to anxiety symptoms but not anxiety disorder, increased lead in babies teeth was linked to nearly two times the odds of depression in adulthood.",171,3,1761214807.0,0.97,False,jamanetwork.com
1odxqam,science,"Controlled fear might temporarily alter brain patterns linked to depression. Research found that individuals with moderate depressive symptoms may require a more intense scare to experience peak enjoyment, hinting at an intriguing interplay between fear, pleasure, and emotion regulation",1176,90,1761207763.0,0.97,False,psypost.org
1odx3mc,science,Leveraging generative AI to assist biocuration of medical actions for rare disease,0,1,1761205260.0,0.41,False,academic.oup.com
1odsw6s,science,New technique offers bigger and better window into RNA activity in complex tissue | Yale researchers have created a new tool that will enable researchers to better view how RNA molecules function in tissue space.,61,1,1761190086.0,0.92,False,news.yale.edu
1odsmxh,science,"A discovery about Saturn's moon Titan has challenged what scientists thought was a basic rule of chemistry. There, in the extreme cold, some supposedly fundamentally incompatible molecules may combine to form solids that have never been seen before in the Solar System, new research suggests.",2601,49,1761189294.0,0.91,False,sciencealert.com
1odrxt7,science,"Reducing cholesterol levels might not just be good for your heart; they might also be effective at reducing your risk of dementia, according to a comprehensive meta-analysis involving close to a million participants.",3238,131,1761187193.0,0.97,False,sciencealert.com
1odnenh,science,Artificial Intelligence and its effects in training medical students,14,8,1761174330.0,0.67,False,thelancet.com
1odljet,science,"The ‘beauty bias’ in the service industry is inconsistent and sometimes backfires. How people evaluate men relies more on attractiveness than it does for women. Customers may have higher expectations for attractive employees, leading to greater disappointment when things go wrong.",2350,92,1761169549.0,0.95,False,psypost.org
1odg35o,science,"New study finds that while ""dimming the sun"" by scattering microscopic particles of sulfur in the atmosphere might temporarily slow down climate change, it also risks disrupting global weather patterns, among other consequences",1066,191,1761157112.0,0.96,False,eurekalert.org
1odfvzj,science,"A strange gamma-ray glow emanating from the heart of the Milky Way could be the long-sought fingerprint of dark matter particles annihilating each other, evidence suggests.",223,12,1761156665.0,0.95,False,sciencealert.com
1odfcvc,science,"The Iberian killer whale population remains critically endangered, with only 37 individuals in 2023. While calf survival has improved, low female survival and few births threaten recovery. The study warns that increasing boat interactions and human pressures further endanger this fragile population.",113,7,1761155506.0,0.98,False,onlinelibrary.wiley.com
1odebyo,science,Disrupting cancer’s secret hubs: A new way to halt tumor growth,34,3,1761153271.0,0.87,False,eurekalert.org
1ode6c2,science,Study Finds Large Language Models Prioritize Helpfulness Over Accuracy in Medical Contexts,443,27,1761152929.0,0.98,False,massgeneralbrigham.org
1odckup,science,"Google’s Willow quantum chip has achieved verifiable quantum advantage, a team of researchers claim. That’s a quantum calculation that’s apparently out of reach for a traditional, classical computer, but with a result that can be confirmed to be correct.",1165,85,1761149435.0,0.95,False,sciencenews.org
1odc4d4,science,Understanding Sensory Signals Of Nausea- From gut defense to disease,21,1,1761148445.0,0.92,False,cell.com
1odbxk9,science,Large language models for disease diagnosis: a scoping review,18,3,1761148022.0,0.8,False,nature.com
1odaxdx,science,People with some cancers live longer after a COVID vaccine: mRNA vaccines seem to boost the effectiveness of an immune therapy for skin and lung cancer.,2054,68,1761145808.0,0.97,False,nature.com
1od593e,science,Warmer nights are causing widespread reductions in sleep duration across the globe. The likelihood of experiencing short sleep—defined as less than six hours per night—increases by approximately 40% with similar results being observed during heatwaves.,593,11,1761131245.0,0.97,False,news.flinders.edu.au
1od552o,science,"New cancer treatment combines LED light and tiny tin flakes to kill cancer cells, spare healthy cells and avoid side effects of chemotherapy. In just 30 minutes, it killed up to 92% of skin cancer cells and 50% of colorectal cancer cells, without harmful effects on healthy human skin cells.",4882,44,1761130870.0,0.99,False,news.utexas.edu
1od4pzc,science,A million-solar-mass object detected at a cosmological distance using gravitational imaging - Nature Astronomy,35,2,1761129456.0,0.88,False,nature.com
1od2vt1,science,Poor control of thoughts may be associated with tendency to delay tasks.,545,60,1761122635.0,0.96,False,bpspsychub.onlinelibrary.wiley.com
1od1nxz,science,"A new statistical model accurately predicts engine oil life, offering a fast and cheap alternative to traditional lab analysis",110,15,1761117837.0,0.88,False,nature.com
1oczlle,science,Study on the way people process speech finds the first tangible evidence that verbal hallucinations – or hearing voices – in people with schizophrenia may stem from a disruption in the brain’s ability to recognise its own inner voice,5233,244,1761110152.0,0.99,False,unsw.edu.au
1ocze4l,science,"Side effects of different antidepressants have been ranked for the first time, revealing huge differences between drugs.",3451,469,1761109448.0,0.98,False,bbc.com
1ocwcl5,science,Giant ground sloths’ fossilized teeth from La Brea tar pits reveal their unique roles in the prehistoric ecosystem - dental microwear textural analysis shows one species foraged and another ate woody plants,67,3,1761099999.0,0.94,False,theconversation.com
1ocw7nu,science,"Men who were obese as children tended to have shorter penises as adults, finds new study from Vietnam. Penis size was not associated with men's current body mass index (BMI). Obesity is associated with declines in testosterone during puberty, and testosterone is important for penile development.",15591,657,1761099593.0,0.96,False,psypost.org
1ocvvp2,science,"For people with abnormally high blood sugar levels, losing weight is often proposed as the primary approach to preventing full-blown diabetes from developing. A new study challenges this approach by evaluating the efficiencies of other methods to bring levels back to safer levels.",1103,142,1761098622.0,0.92,False,sciencealert.com
1ocu23x,science,"Scientists discovered that whales lost a crucial fat-burning gene (ADRB3) 32-34 million years ago. This genetic loss meant whales couldn't burn fat for warmth. Instead, they evolved thick blubber for insulation a key adaptation that enabled modern whale diversity  and survival in cooling oceans.",604,18,1761093492.0,0.98,False,nature.com
1octasl,science,"Earth was a broiling mass of lava and rock before it took the form that it has today, and scientists have for the first time discovered traces of that very early 'proto Earth', hidden away in the deepest and oldest rocks on our planet.",166,3,1761091391.0,0.93,False,sciencealert.com
1ocsx4f,science,"Clinically relevant climate anxiety affects 2.3% of Canadians, with 15% reporting symptoms and 37% of teens saying climate change impacts their mental health; rates reach nearly 10% among Indigenous people and are higher in women, youth, low-income and northern groups.",68,2,1761090357.0,0.89,False,nature.com
1ocr6p4,science,"Daily Step Counts of 4,000 or More Tied to Reduced Risk of Heart Disease, Mortality in Older Women",222,8,1761085839.0,0.96,False,massgeneralbrigham.org
1ocq8un,science,"U.S. funding cuts could result in nearly 9 million child tuberculosis cases, 1.5 million child deaths",19650,513,1761083546.0,0.95,False,hsph.harvard.edu
1oclo4l,science,US Veterans who experience shingles are more likely to have an osteoporotic fracture (including hip and vertebrae) than veterans who did not experience shingles,133,8,1761073157.0,0.95,False,agsjournals.onlinelibrary.wiley.com
1ocgiwp,science,Enabled by a new high-resolution mapping technique scientists find tiny loops in the genomes of dividing cells | Dynamics of microcompartment formation at the mitosis-to-G1 transition,50,2,1761061658.0,0.93,False,news.mit.edu
1ocgew9,science,"""Fanchuan"" is a form of trolling in which the attacker feigns support for an entity (like a celebrity or band), and later engages in irritating behavior to disparage the entity by association. A new ML model can detect likely instances of fanchuan.",857,98,1761061407.0,0.94,False,dl.acm.org
1ocewk7,science,"Mesh networks connect devices to each other, creating their own WiFi. A new one has been designed specifically for political protests, aiming to keep WiFi connectivity even when the government disrupts the connection.",2146,48,1761057936.0,0.98,False,spectrum.ieee.org
1ocds3v,science,"Smart glasses successfully supported pre-hospital communication between Emergency Medical Services (EMS) and emergency room staff, in a study of their use under simulated conditions. Glasses reduced communication breakdowns, but raise design. issues including motion sickness for ER staff",51,6,1761055262.0,0.85,False,dl.acm.org
1ocdpw1,science,"Laser-Grown Perovskite Films Deliver Brighter, More Stable LEDs",54,2,1761055120.0,0.97,False,azom.com
1ocdcvf,science,Different croaks: new frog and gecko species discovered on remote island in Australia’s north,90,1,1761054260.0,0.95,False,theguardian.com
1ocdc2p,science,Gender-affirming hormone therapy (GAHT) shifts underlying physiological and biochemical processes towards cis-gender profile.,102,45,1761054207.0,0.79,False,nature.com
1ocb1ce,science,New catalyst to speed up clean hydrogen fuel production from wastewater contaminant,22,1,1761048123.0,0.85,False,onlinelibrary.wiley.com
1ocb0ju,science,"National nostalgia (a sentimental longing for how the country used to be) predicts greater support for Donald Trump and more prejudiced views. In contrast, national prostalgia (a sentimental longing for a better future) tends to reduce prejudice and predicts lower support for Trump.",3416,129,1761048066.0,0.96,False,psypost.org
1ocaaqp,science,Infrastructure and resource development needs to support a significant expansion of US nuclear capacity,19,4,1761045813.0,0.76,False,sciencedirect.com
1oc9khn,science,New study finds creativity supports learning through novel mental connections,139,6,1761043375.0,0.96,False,psypost.org
1oc9gxl,science,"Scientists that won the 2024 IgNobel Prize for ""discovering that many mammals are capable of breathing through their anus"" have completed a successful first-in-human trial testing the safety and tolerability of enteral ventilation, a technique that gets oxygen-rich fluid pumped into the anus.",11961,676,1761043021.0,0.97,False,newatlas.com
1oc2fmu,science,Disconnecting part of the brain sends it into a deep sleep.,1713,106,1761017395.0,0.98,False,nature.com
1oc0zrx,science,"Sermons at large evangelical church tend to justify economic inequality, study finds. Focusing on a large and fast-growing megachurch in the American Midwest, the research suggests that pastors there interpret Scripture in ways that downplay inequality and defend wealth accumulation.",14492,457,1761013175.0,0.97,False,psypost.org
1obxyux,science,"Researchers use museum specimens to trace the genetic history of a (likely extinct) bumble bee. Franklin's bumble bee hasn't been seen in the wild since 2006, but the species was suffering from declines and population bottlenecks long before that.",131,1,1761004754.0,0.97,False,pnas.org
1obwsm4,science,"Patients with advanced triple-negative breast cancer who are ineligible for immune checkpoint inhibitors lived longer without disease progression when treated with the antibody–drug conjugate sacituzumab govitecan, with a median progression-free survival of 9.7 vs 6.9 months.",86,1,1761001584.0,0.96,False,nejm.org
1obu6qu,science,"Sea levels have risen about 1.5 mm per year since 1900 — faster than at any point in 4,000 years, warns a new study. Warming oceans and melting glaciers drive the surge, while coastal deltas, notably in China, face rising threats from subsidence and human pressure.",432,53,1760995217.0,0.92,False,nature.com
1obtbnu,science,"Ultramarathoners can burn an astounding 11,000 calories per day during competition, according to a new study in Current Biology. But they can’t keep up these efforts for long—and they pay a price for doing so.",1130,145,1760993268.0,0.97,False,scientificamerican.com
1obsat3,science,"Researchers observed beluga whales gathering around a dead calf in the Churchill River estuary, noting “standing-by” behavior—where whales stayed close without helping—shedding light on how belugas respond socially to the death of one of their own.",161,1,1760990984.0,0.98,False,onlinelibrary.wiley.com
1obrrrh,science,"Researchers developed orcAI, a deep learning framework that automates the detection and classification of killer whale sounds to enhance the efficiency and scalability of bioacoustic research.",57,4,1760989826.0,0.89,False,onlinelibrary.wiley.com
1obqtsv,science,Dust from a crater on the far side of the Moon returned by China has been found to contain traces of a meteorite that rarely survives its journey to Earth's surface.,472,24,1760987733.0,0.96,False,sciencealert.com
1obp33p,science,Static electricity pulls worm through air to its insect victim - Electrostatic charges may help roundworms infect a wide variety of hosts,80,5,1760983493.0,0.91,False,science.org
1obofqi,science,The genetic basis of natural variation in sociability,23,1,1760981786.0,0.82,False,academic.oup.com
1obo7ky,science,"Healthy, anti-inflammatory dietary patterns, particularly the Mediterranean diet, improve pelvic floor function, sexual health and incontinence symptoms, in both men and women, according to a review of 31 studies",64,0,1760981175.0,0.9,False,frontiersin.org
1obnsc5,science,"Advice to feed babies peanuts early and often helped 60,000 kids avoid allergies, study finds",16740,531,1760980004.0,0.98,False,apnews.com
1obnnad,science,"Moving to wheat-farming regions increases analytic thought, but moving to cities does not: A three-wave longitudinal study",11,2,1760979615.0,0.61,False,bpspsychub.onlinelibrary.wiley.com
1obljq0,science,"A new study shows the prevalence of adverse &amp; positive childhood experiences hasn’t changed much in the U.S. in recent years. The finding suggests interventions designed to boost positive experiences and shield kids from negative events may not be hitting the mark on a national scale, authors say.",47,2,1760973634.0,0.92,False,news.osu.edu
1obl6ps,science,"Breastfeeding seems to cause specialised immune cells, called CD8+ T cells, to flood into the breasts and stay there for years or even decades, reducing the risk of cancer",212,3,1760972618.0,0.97,False,newscientist.com
1obkeom,science,"Post-legalization, youth cannabis use disorder up by almost 10% among those with psychiatric illnesses, new study finds",141,115,1760970555.0,0.67,False,sciencedirect.com
1obj1pj,science,Experts hail ‘remarkable’ success of electronic implant in restoring sight | Sight of 84% of people with form of age-related macular degeneration restored after being fitted with device,693,28,1760967049.0,0.99,False,theguardian.com
1obj0h0,science,"People are exposed to more misinformation in news on Facebook than other sources, but also see more diversity of views in news on Facebook than other sources (in a study of 642 people over 12 weeks, using a browser extension to scrape all activity).",73,17,1760966962.0,0.82,False,dl.acm.org
1obh5c7,science,"Vast majority of children enjoy engaging in activities that are both scary and fun, a phenomenon called “recreational fear.” This type of playful engagement with fear is a common part of development from infancy through the teenage years, with the specific activities changing as children get older.",1330,35,1760961661.0,0.98,False,psypost.org
1obgs5y,science,Mitigation efforts to reduce carbon dioxide emissions and meet the Paris Agreement have been offset by economic growth leading to only a modest decline in projected 2100 warming from 2.6 °c to 2.4 °c and a persistently low 17 % probability of remaining below the 2 °c threshold.,50,1,1760960538.0,0.93,False,nature.com
1obg7e1,science,Blocking newly discovered enzymes could boost prostate cancer treatment | Scientists have identified a pair of enzymes (PDIA1 and PDIA5) that can be targeted for a quicker and more effective treatment of a condition that affects 1.5 million men around the world annually.,247,2,1760958713.0,0.99,False,newatlas.com
1obfucd,science,"A new drug combination to treat advanced recurring prostate cancer has shown remarkable results in a long-term trial, lowering the risk of death after eight years by 40.3%. What's more, the drug treatments are already approved for use on their own.",2962,24,1760956611.0,0.98,False,newatlas.com
1obel3u,science,"Scientists from the University of Barcelona have created the most detailed map of the Antarctic seabed, where they discovered 332 colossal underwater canyons – some of them reaching depths of over 4 kilometers. This discovery could change perceptions of Antarctica's impact on global climate change",191,2,1760948782.0,0.99,False,web.ub.edu
1obe1e7,science,Early-life sugar restriction is linked to lower adult asthma and COPD risk. Individuals who experienced sugar restriction both in the womb and for one to two years after birth had a 25% lower risk of developing asthma and a 27% lower risk of developing chronic obstructive pulmonary disease,394,10,1760946842.0,0.98,False,psypost.org
1obcltk,science,"Using your native language can temporarily ""shield"" your brain from making specific grammar errors in your second language that you would normally make",733,46,1760941539.0,0.94,False,cambridge.org
1ob8dvx,science,Mathematicians Just Found a Hidden 'Reset Button' That Can Undo Any Rotation,14092,854,1760927706.0,0.94,False,zmescience.com
1ob71sz,science,"Scientists have identified a single gene that gives rise to a rare form of diabetes, unique to newborn babies",953,7,1760923693.0,0.98,False,sciencealert.com
1oazdnr,science,"Poorer health linked to more votes for Reform UK in England. Internationally, countries have seen a rise in the support for populist right wing political parties. Previous studies have suggested that in Europe and the US, this support may be linked to worsening health outcomes.",1128,101,1760903798.0,0.95,False,imperial.ac.uk
1oax6t3,science,Phylogenomics redefines the evolutionary history of mosquitoes,40,3,1760898681.0,0.82,False,scholar.google.com
1oaltzu,science,Cannabis use during adolescence and young adulthood is associated with more frequent psychotic-like experiences. These experiences may resemble symptoms of psychosis but do not typically meet clinical thresholds.,5782,537,1760868085.0,0.94,False,psypost.org
1oa9aj3,science,"Popular hair loss drug linked to higher suicide risk: compared to non-users, finasteride (Proscar/ Propecia) users have a markedly increased risk of depression, anxiety, and suicidal thoughts. Over 30 years of observation, 19,320 suicides were expected.",8246,851,1760826309.0,0.96,False,newatlas.com
1oa987i,science,"The world’s oceans are losing their greenness due to global heating, as a long-term study shows a sharp decline in phytoplankton, the tiny organisms driving half of Earth’s productivity, threatening carbon absorption, oxygen levels, and marine food chains.",3012,59,1760826136.0,0.99,False,theguardian.com
1oa7fsl,science,"Scientists have developed the first single organic material that can both emit light and generate electricity. An organic radical semiconductor that could pave the way for self-powered solar LEDs, wearable devices, and flexible electronics",439,6,1760821690.0,0.99,False,thedebrief.org
1oa5jhl,science,"Researchers find a new way to measure biological age: New AI-powered “aging clock” called gtAge, which integrates immune-system glycan data and blood-cell gene-activity profiles to estimate biological age with about 85% accuracy and correlate it with health markers",65,19,1760817233.0,0.73,False,eurekalert.org
1oa5exy,science,"Results show belzutifan shrinks rare neuroendocrine tumors and improves symptoms in patients | Phase II trial finds Belzutifan significantly shrinks advanced, inoperable pheochromocytoma and paraganglioma tumors and improved related symptoms",186,3,1760816925.0,0.96,False,eurekalert.org
1o9ydzp,science,"Procrastination can decrease after a 1-minute reflection. In a study of more than 1,000 adults, answering six short questions increased motivation, improved mood, and made people more likely to begin tasks they had been delaying.",6852,312,1760800360.0,0.98,False,doi.org
1o9wfvc,science,"German far right setting agenda as opponents amplify its ideas, study finds",1736,195,1760795643.0,0.94,False,theguardian.com
1o9w2ud,science,"Developing a cryopreservation protocol for the conservation of coconut palm (Cocos nucifera L.) using a novel type of explant, meristematic clumps | cryoletters",46,1,1760794736.0,0.91,False,doi.org
1o9uzd5,science,"In everyday speech, we often use verbs of action to describe situations with no real activity. A new registered project is designed to investigate the linguistic properties that make sentences like “This lid opens easily” express a state rather than an event.",108,16,1760791926.0,0.9,False,doi.org
1o9uk6k,science,"New monoclonal antibody provides full protection against malaria parasite: In new double-blind, placebo-controlled trial, people were exposed to mosquitos carrying malaria, several months after dosing. None who received highest dose of antibody developed infection, compared to all in placebo group.",3022,44,1760790781.0,0.98,False,medschool.umaryland.edu
1o9lr38,science,Fear of supernatural punishment can harmonize human societies with nature: an evolutionary game-theoretic approach - Humanities and Social Sciences Communications,294,46,1760759380.0,0.88,False,nature.com
1o9g9r6,science,"Americans’ attitudes toward immigration shaped not only by culture or economy but also by how immigrants vote. When Americans were told that certain immigrant groups favored Donald Trump and Republican Party, Republicans became more supportive of immigration, while Democrats less supportive.",1521,182,1760742977.0,0.91,False,psypost.org
1o9f43f,science,"“Reminiscence bump” is our tendency to form strongest emotional ties to music from teenage years. With men, it’s rebellious genres for identity. With women, pop, soul or classical for social bonds. Often with music released before we were born, typically from 25 years earlier, introduced by parents.",3409,202,1760739896.0,0.94,False,jyu.fi
1o9dqyw,science,"TV-viewing and gaming were associated with increased focus relative to baseline, whereas social media use was associated with decreased focus. Even short durations of screen use have measurable effects on brain regions involved in cognitive control, emotion, and social decision making.",383,23,1760736401.0,0.97,False,nature.com
1o9cqtb,science,"Mobile gaming worsens student performance and future earnings – A team of researchers used random roommate assignments and differential exposures to exogenous events (e.g. bans on gaming, introduction of a popular game) to examine what happened to college students who gamed more than others.",141,15,1760734002.0,0.88,False,academic.oup.com
1o9b7lz,science,Study uses measurable metrics of health over time to create a more quantitative view of how stress early in life affects health. Findings show strong link between higher stress in children and adverse health conditions for them later in life.,224,7,1760730422.0,0.95,False,trinity.duke.edu
1o9ayov,science,How Artificial Intelligence Will Disrupt Health Care Today and Tomorrow,164,30,1760729817.0,0.89,False,jamanetwork.com
1o95kaq,science,"People Taking Ozempic Say Booze Just Doesn’t Hit Same | Research found that people taking GLP-1 receptor agonists — medications like Ozempic, Mounjaro, and Saxenda absorb alcohol more slowly and feel less drunk when drinking.",2350,188,1760717485.0,0.98,False,zmescience.com
1o94oxe,science,Ex-smokers who feel mentally and emotionally exhausted by the effort of remaining smoke free are 64 percent more likely to relapse than those with low fatigue based on a two-year international study involving almost 2000 participants across four countries.,1083,129,1760715521.0,0.9,False,onlinelibrary.wiley.com
1o93rzs,science,"In later life, a partner’s happiness is closely linked to your own, study finds | This emotional link is influenced by factors like caregiving roles, health status, and social connections, highlighting the deeply intertwined nature of well-being in later life.",236,4,1760713461.0,0.96,False,psypost.org
1o93q1u,science,"A new study reveals that common dolphins in the North Atlantic are living significantly shorter lives, with female longevity dropping by seven years since 1997. The researchers estimated that the dolphin population growth rate had declined by 2.4% from 1997 to 2019.",536,21,1760713344.0,0.99,False,conbio.onlinelibrary.wiley.com
1o93cs5,science,"Modeling the rise and demise of Classic Maya cities: Climate, conflict, and economies of scale",38,1,1760712538.0,0.86,False,pnas.org
1o8xbj1,science,"More than 1 in 5 young adults report using cannabis or alcohol to help them fall asleep. Cannabis was far more common than alcohol for sleep: 18% said they used cannabis, compared to 7% who used alcohol. Among those who used cannabis in past year, 41% said they did so specifically to initiate sleep.",5444,589,1760695597.0,0.97,False,news.umich.edu
1o8seip,science,"Pterosaur died with belly full of plants, a fossil first. New discovery confirms the long-debated hypothesis that the ancient winged reptiles ate plants",3110,72,1760677021.0,0.99,False,science.org
1o8scct,science,"The dominant state in the international monetary system derives an ""exorbitant privilege"", as it can issue debt at higher prices and borrow at a greater share of GDP. When it loses this position (e.g. the Dutch in the 18th century, the UK in the 20th century), financial repression ensues.",1015,83,1760676822.0,0.96,False,journals.uchicago.edu
1o8sbfm,science,Paleontologists Discover New Species of Triassic Long-Necked Dinosaur,68,1,1760676735.0,0.96,False,sci.news
1o8rj0c,science,"In a survey of 800 Canadian adolescents, over a third said climate change affects their mental health, citing fear for the future and distress for nature.",680,68,1760674156.0,0.96,False,doi.org
1o8ql3b,science,"Air pollution exposure during pregnancy is associated with slower brain maturation in newborns, marking the first study to analyze brain development within the first month of life and revealing delayed myelination in infants exposed to higher levels of fine airborne particles.",364,7,1760671227.0,0.98,False,sciencedirect.com
1o8lkt9,science,Sex-specific longitudinal reversal of aging in old frail mice | Aging,126,14,1760657010.0,0.93,False,aging-us.com
1o8hkq6,science,"People tend to become more supportive of conservative views during times of threat. In the U.S. and elsewhere, people usually see conservative political groups as tougher or more action-oriented. New study found that anger—not fear—was the main emotion tied to a shift toward conservative views.",2042,259,1760647075.0,0.93,False,spsp.org
1o8h89u,science,Programs that teach adolescents cognitive or behavioral strategies to engage with social media in a healthy manner appear to be more effective at improving long-term well-being than interventions that completely restrict social media use or warn adolescents of its negative effects.,207,9,1760646272.0,0.97,False,pubmed.ncbi.nlm.nih.gov
1o8g3bk,science,"Wildfire smoke linked to declines in sperm quality. Research found there was a decline in sperm concentration, total sperm count, total motile sperm count, and total progressively motile sperm count. There was also an increase in percent progressively motile sperm.",234,7,1760643714.0,0.96,False,newsroom.uw.edu
1o8ev3n,science,Roles of plasminogen activator inhibitor-1 in aging-related muscle and bone loss in mice,15,1,1760640939.0,0.78,False,doi.org
1o8eu93,science,Longevity clinics: between promise and peril,2,1,1760640887.0,0.56,False,doi.org
1o8es2g,science,Widespread folate receptor expression in pediatric and adolescent solid tumors - opportunity for intraoperative visualization with the novel fluorescent agent pafolacianine,24,1,1760640752.0,0.81,False,doi.org
1o8d4hy,science,"Teeth outside the jaw: Spotted ratfish develop genuine teeth on forehead tenaculum used for mating. Dental lamina and genetic markers confirm these are true teeth, not denticles.",22,1,1760637097.0,0.88,False,pnas.org
1o89djw,science,"In the largest double-blind randomized trial of its kind involving 1,000 healthy men aged 18–45, researchers found that testosterone administration does not alter risk-taking or generosity, as participants made the same economic choices as those who received a placebo.",2042,84,1760628843.0,0.96,False,pnas.org
1o891af,science,Ocean acidity can be measured by listening to ambient sound,44,3,1760628091.0,0.89,False,agupubs.onlinelibrary.wiley.com
1o88max,science,Researchers at the University of Washington in Seattle have shown that an mRNA version of a covid-19 nanoparticle vaccine produces an immune response in mice that is up to 28 times higher than that of a standard mRNA vaccine.,5550,110,1760627132.0,0.98,False,newscientist.com
1o84pus,science,Scientists developed a gene therapy for children with a rare immune condition known as ADA-SCID. They then followed the children’s recovery and progression for an average of 7.5 years. Those treated had a 100% survival rate and over 95% of children were cured of their condition.,1729,16,1760617443.0,0.98,False,eurekalert.org
1o83gxb,science,Scientists Discover Hidden Pulse in The Brain That May Warn of Dementia | Findings provide a missing link between what is seen in large vessel imaging and the microvascular damage observed in aging and Alzheimer's disease,723,13,1760613641.0,0.99,False,sciencealert.com
1o828jt,science,"Invisible plastic fragments from common tableware are turning up in semen; now, researchers reveal how nanoscale particles may quietly sabotage male reproductive biology through cellular stress and self-destruction pathways.",3803,253,1760609399.0,0.98,False,jnanobiotechnology.biomedcentral.com
1o7wz61,science,New Species of Triassic Carnivorous Dinosaur Identified in Argentina,46,2,1760589262.0,0.93,False,sci.news
1o7wl8b,science,"A fast-paced computerized cognitive training program restored acetylcholine levels in the brain, equivalent to reversing about a decade of age-related decline. Non-speeded brain games like Solitaire showed no effect.",205,37,1760587960.0,0.65,False,games.jmir.org
1o7vw8w,science,"Researchers at the iGaN Lab, USTC, China have developed a chip-scale UV spectral imager based on cascaded AlGaN/GaN photodiodes, delivering 250–365 nm coverage, ≈0.62 nm peak accuracy, sub-10 ns response, and a 10×10 array for single-shot spectral imaging, reported in Nature Photonics.",15,1,1760585718.0,0.75,False,nature.com
1o7tbdp,science,"Human-caused climate change amplified extreme wildfire seasons across the Americas, making burned areas up to 35 times larger from Los Angeles to the Pantanal-Chiquitano region, and driving record-breaking fires in the Amazon and Congo under a rapidly warming atmosphere.",95,1,1760578106.0,0.92,False,essd.copernicus.org
1o7sb9q,science,"Unexpectedly, X-rays reveal Betelgeuse's binary companion is a young, Sun-like star",303,8,1760575242.0,0.98,False,sciencealert.com
1o7rdtc,science,"When single men use pornography but believe doing so is wrong, this conflict can increase sexual shame and loneliness, which in turn may lead to depression. However, secure attachments with a best friend appear to lessen the psychological toll of this moral conflict.",1319,255,1760572707.0,0.9,False,psypost.org
1o7q0bn,science,Australian wet rainforests may be switching from absorbing carbon to emitting it,351,18,1760569155.0,0.97,False,abc.net.au
1o7ocpm,science,"Interior of far side of moon may be colder than side facing Earth, suggests new analysis of rock samples. Researchers confirm previous sample findings: age approx 2.8 billion years old; probably formed from deep interior lava around 1100°C, about 100°C cooler than existing samples from near side",79,15,1760565045.0,0.95,False,ucl.ac.uk
1o7j64l,science,Winning with misinformation: New research identifies link between endorsing easily disproven claims and prioritizing symbolic strength,521,19,1760553232.0,0.97,False,theconversation.com
1o7iowb,science,A new analysis of 51 fossilized hominid teeth found lead has haunted us for almost 2 million years – but modern human brains seem better equipped to deal with it than Neanderthals.,501,16,1760552164.0,0.98,False,sciencealert.com
1o7h2gu,science,"For decades, scientists have debated whether Paranthropus boisei, an extinct human relative, was capable of making and using tools. Now, researchers report the first hand and foot bones associated with this species, showing that P. boisei had human-like dexterity with gorilla-like gripping strength.",62,1,1760548556.0,0.92,False,news.cuanschutz.edu
1o7gvh7,science,Study shows how domestic abusers build ‘trauma bonds’ with victims before violence begins,1693,107,1760548125.0,0.97,False,cam.ac.uk
1o7gm3y,science,"COVID-19 infection, especially severe cases, is associated with an increased risk of depression and anxiety in children and adolescents",108,6,1760547556.0,0.94,False,journals.plos.org
1o7ftwg,science,"Many of the largest tech firms in the US made ""no-poaching"" agreements (colluding to not hire each other's employees). Evidence indicates that such collusion reduced salaries at colluding firms by 5.6%, as well as negatively affected stock bonuses and job satisfaction.",4604,91,1760545835.0,0.99,False,doi.org
1o7fj5i,science,"In the Red Sea, clownfish vanish as anemones bleach. A 2023 marine heat wave in the central Red Sea caused 100% of monitored sea anemones to bleach, followed by the death of 94-100% of clownfish and 66-94% of the anemones across three surveyed reefs.",206,6,1760545170.0,0.99,False,news.mongabay.com
1o7e72a,science,People who score higher on certain psychopathic traits may actually have a sharper understanding of other people’s thoughts and intentions | The findings suggest that this form of psychopathy might be linked to a clearer but emotionally disengaged view of others’ minds.,2026,165,1760542198.0,0.96,False,psypost.org
1o7dtpu,science,"Flatworms can regenerate from almost any fragment – even a severed head can grow itself a whole new body in a matter of days. New research shows how their stem cells drive this regrowth, offering clues for future human tissue repair.",370,12,1760541387.0,0.99,False,sciencealert.com
1o7dsmq,science,"New dementia risk factor identified: Time poverty. Study found that those who experience a lack of time to devote to self care – a condition known as ""time poverty"" – are more likely to develop dementia than those who have sufficient time in their days to look after themselves.",5167,96,1760541324.0,0.99,False,newatlas.com
1o7dn4c,science,"New research shows people often reach their all-around mental and emotional peak around age 60, not in their twenties. While quick thinking slows with age, experience, judgment, and emotional balance keep improving through midlife",7396,125,1760540985.0,0.98,False,theconversation.com
1o7dfn7,science,Study Indicates Dramatic Increase in Percentage of U.S. Adults Who Meet New Definition of Obesity (from 42.9% to 68.6%),8947,1317,1760540535.0,0.96,False,massgeneralbrigham.org
1o7cksc,science,New research describes how a critical process of carbon dioxide storage in the Arctic Ocean slowed during the last deglaciation — and how it could be happening again,23,1,1760538610.0,0.88,False,news.northeastern.edu
1o7caak,science,"Chinese scientists have created an algorithm to locate based on only photographs with 97 percent accuracy, faster and more efficiently than any previous algorithm.",114,44,1760537958.0,0.72,False,spectrum.ieee.org
1o7bvq5,science,Study exploring the relationship between mean performance and intra-individual variability on smartphone-based cognitive tests finds that people who perform better on average tend to have more consistent scores across days.,12,1,1760537001.0,0.74,False,nature.com
1o7as9c,science,"Feeling safe, happy, cared for at school may help kids be more active",166,8,1760534338.0,0.96,False,news.uga.edu
1o7ajjh,science,3D Printing Boosts Steel Strength But Increases Hydrogen Embrittlement Risk,32,1,1760533731.0,0.86,False,azom.com
1o792eg,science,"The nocebo effect, not gluten, may trigger symptoms for many with IBS. Study found no significant difference in symptom flare-ups when these patients consumed bars containing wheat, purified gluten, or a gluten-free sham substance.",1777,212,1760529738.0,0.94,False,psypost.org
1o790gp,science,"Once-weekly semaglutide 7·2 mg in adults with obesity (STEP UP): a randomised, controlled, phase 3b trial",34,24,1760529601.0,0.72,False,thelancet.com
1o762jl,science,"Loneliness  linked to heightened risk of death in those with cancer. Among 1.5 million participants, loneliness was linked to a 34% increased risk of death of any cause. It's possibly the stress of loneliness is having a physical impact on cancer patients that could be impacting their health",648,21,1760519454.0,0.99,False,eurekalert.org
1o75bve,science,Group singing reduces symptoms of postnatal depression for up to six months,381,17,1760516518.0,0.96,False,kcl.ac.uk
1o74smn,science,"Creating truly sustainable food packaging is essential but faces significant challenges like industry resistance, high costs, and inadequate recycling systems, requiring a joint effort from companies, governments, and consumers to succeed",68,6,1760514376.0,0.92,False,mdpi.com
1o74qd1,science,"While adding beneficial live bacteria (probiotics) to foods is a popular way to improve gut and immune health, it's technologically difficult to ensure these probiotics survive through food processing, storage, and digestion to provide any real benefit",306,30,1760514118.0,0.98,False,mdpi.com
1o74pue,science,Youth crime rates in sharp decline,1075,133,1760514058.0,0.93,False,mpg.de
1o74nuq,science,"Sugar substitutes provide regulated, low-calorie alternatives to help people reduce sugar, but they have different tastes and side effects, and scientists are still studying their long-term health impacts.",98,17,1760513826.0,0.85,False,mdpi.com
1o74hsl,science,"Bamboo is evolving from a traditional, fast-growing plant into a key high-tech, sustainable resource for future green industries and a circular bioeconomy",45,1,1760513135.0,0.88,False,mdpi.com
1o74gc7,science,Daily apple cider vinegar supplementation significantly helps overweight or diabetic adults lose weight and reduce their body mass index and waist circumference,0,26,1760512970.0,0.48,False,mdpi.com
1o74d1u,science,"A review of studies shows CoQ10 helps in animals by fighting cell damage and improving energy, but for humans, the evidence is mixed and inconclusive.",32,3,1760512602.0,0.84,False,mdpi.com
1o72mtx,science,"To maintain digital wellbeing with AI, students say a key strategy is to constantly remind themselves that the machine is not human",22,6,1760506219.0,0.68,False,mdpi.com
1o72m55,science,"A new therapy rejuvenates skin from within by stimulating its own cells to produce hyaluronic acid, a study on pigs shows
Medicine",131,6,1760506152.0,0.99,False,link.springer.com
1o716gh,science,"Analysis of 1,800+ UNESCO documents found that while awareness of climate risks is rising, real local action to protect heritage sites remains limited.",93,1,1760501302.0,0.98,False,doi.org
1o6wr50,science,"A strange new phase of ice has been discovered during experiments with the world's largest X-ray laser. Named ice XXI, the bizarre phase forms at room temperature, under extreme pressure.",4114,166,1760488503.0,0.97,False,sciencealert.com
1o6v6t2,science,"Beached dolphins show signs of Alzheimer's due to polluted waters: stranded dolphins showed brain damage eerily similar to that of people with Alzheimer's. Just as people with dementia sometimes wander far from home, scientists think dolphins with Alzheimer's might get confused at sea.",15257,136,1760484244.0,0.98,False,newatlas.com
1o6rijy,science,Passive social media use can significantly increase women's body-related envy via the mediating role of appearance upward comparison. And the increased body-related envy will further increase women's cosmetic surgery.,69,8,1760475341.0,0.85,False,pubmed.ncbi.nlm.nih.gov
1o6pyi5,science,"Sharing real voices helps science, but voices can identify people. A new paper describes methods for anonymizing recorded speech so that speech data can be shared openly without breaking confidentiality.",95,1,1760471867.0,0.94,False,doi.org
1o6kfmf,science,"A digital, voice-controlled hand could improve the convenience and accessibility of virtual and augmented reality by enabling hands-free use of games and apps. The prototype software was developed by computer scientists at the University of Michigan.",23,6,1760459679.0,0.8,False,news.umich.edu
1o6kbhe,science,U-Michigan researchers have developed a mathematical model that reveals how circadian rhythms can have dramatic impacts on how bodies interact with medicines. This could help doctors prescribe medicines to have the best intended effect by syncing the dosing up with a patient's natural clock.,107,3,1760459424.0,0.97,False,news.umich.edu
1o6icmi,science,"Playing recordings of a mother’s voice to premature babies may help their brains mature faster, according to the first randomised-controlled trial of this simple intervention. This approach could ultimately improve language outcomes for babies born too early.",477,4,1760455093.0,0.99,False,newscientist.com
1o6hoie,science,"Men’s brains shrink faster than women’s: During ageing, men experience a greater reduction in volume across more regions of the brain than women do. This means that age-related brain changes do not explain why women are more frequently diagnosed with Alzheimer’s disease than men are.",4235,179,1760453597.0,0.97,False,nature.com
1o6h0ms,science,"Scientists found out which of the lipids and metabolites in the dead brain stick around for as much as 48 hours. For molecules that fall apart faster, the team documented what they decompose into. This is a step toward identifying the molecular footprints of schizophrenia and other mental disorders.",212,7,1760452057.0,0.98,False,mdpi.com
1o6bz35,science,Nearly 30% of people who try cannabis will go on to develop a substance use disorder | Researchers have identified two key genes associated with a number of physiological and psychiatric disorders which have been linked to long-term and frequent cannabis use.,6961,1110,1760438264.0,0.82,False,newatlas.com
1o6btbr,science,"Women who take HRT after menopause less likely to develop dementia, study indicates",6094,216,1760437712.0,0.99,False,irishtimes.com
1o6bfct,science,Just 30 minutes of less sitting each day can improve the body's ability to utilize fats and carbohydrates for energy production. Reducing sedentary behavior can be particularly beneficial for people who are physically inactive and have an increased risk of heart diseases and type 2 diabetes.,514,11,1760436380.0,0.98,False,utu.fi
1o6aids,science,Brain disease in children and Parkinson's disease in adults are linked,151,1,1760432946.0,0.98,False,mpg.de
1o6acru,science,New analysis found that both low and high increases in social media use throughout early adolescence were significantly associated with lower performance in specific aspects of cognitive function,494,22,1760432368.0,0.97,False,npr.org
1o69yrn,science,"People who stop smoking in middle age can reduce their cognitive decline so dramatically that within 10 years their chances of developing dementia are the same as someone who has never smoked, research has found.",22283,745,1760430825.0,0.97,False,thelancet.com
1o69siw,science,A new study combines theory and experiments to explain catalytic pathways for CO2 hydrogenation to useful molecules.,25,2,1760430139.0,0.86,False,doi.org
1o6851s,science,"The upcoming Czech space telescope, QUVIK, will act as a ""first responder"" to capture the initial UV flash from stars being shredded by black holes.",31,1,1760423637.0,0.92,False,spiedigitallibrary.org
1o66dvk,science,"A US Medicare study found the recombinant shingles vaccine cut infection risk by over 50% in older adults, including those with weak immunity. Two doses worked best.",629,19,1760417338.0,0.98,False,doi.org
1o664id,science,Convergent evolution of diverse jaw joints in mammaliamorphs,45,3,1760416485.0,0.88,False,nature.com
1o65vcs,science,Fossil of Long and Narrow-Snouted Ichthyosaur Uncovered in England,49,1,1760415655.0,0.9,False,sci.news
1o64w59,science,"Hairballs may reveal why cats eat grass: spiky projections on plant matter may act like “drain snakes,” helping felines dislodge wads of fur | Plant eating behavior in domestic cats: support for the hair evacuation hypothesis",1260,41,1760412636.0,0.98,False,science.org
1o61j9j,science,"Women are systematically portrayed as younger than men online, and AI amplifies the bias, according to a sweeping new study by UC Berkeley Haas, Stanford, and Oxford researchers published in the journal Nature.",1022,63,1760403002.0,0.93,False,newsroom.haas.berkeley.edu
1o5wnen,science,"A review identified new mnemonic practices enabled by social media - hashtag commemoration, memetic memory, and digital memory activism - which demonstrates how platform features both democratize and manipulate historical narratives.",48,3,1760390439.0,0.9,False,pubmed.ncbi.nlm.nih.gov
