id,subreddit,title,selftext,score,num_comments,created_utc,upvote_ratio,is_self,domain
1tcxvcp,wholesomememes,Orzo you think,"I have been struggling a lot lately and this morning when this stupid next.JS thing wouldn't build I got overwhelmed. In the early 2000s I had a very stupid web comic that literally nobody ever visited or saw it looked kind of like this, but instead of spaghetti, it was like me and my life.  
Anyway, whenever bad stuff happens making something usually helps me feel better. Sometimes I write little stories. Sometimes I make little apps and today I scribbled a little comic.",7,3,1778764495.0,1.0,False,i.redd.it
1tcxerr,wholesomememes,they really are,,192,17,1778763463.0,0.92,False,i.redd.it
1tce4mk,wholesomememes,Like I'm on a cloud ZzZzZ,,2750,48,1778709043.0,0.98,False,i.redd.it
1tc0is9,wholesomememes,Creeping Up,,5236,13,1778680807.0,0.96,False,i.redd.it
1tbdbp9,wholesomememes,The lion does concern himself with others,,1599,70,1778616868.0,0.93,False,i.redd.it
1tb9uw7,wholesomememes,nothing will stop me,,1060,17,1778609675.0,0.83,False,i.redd.it
1tb5nix,wholesomememes,My dad made a meme. Hope you enjoy (elaboration in description/caption),"I’m 39 and I’m AuDHD. My mom, the main person who really got me, suddenly passed away when I was 23. In more recent years, my dad has been one of my crucial support people; he helps me process my emotions out loud, he helps me brainstorm ways to approach something that’s surrounded by junkyard dogs of emotions, all sorts of stuff 

Today, I wanted to show him that this one artist I like, she had made some art that was really encouraging. (The Latest Kate makes cute cartoonish art with encouraging sentences on there.) The way I worded it was “There’s this artist I like, and she makes encouraging memes.”

My dad gave his typical cornball smirk and said “make a meme. Put a character waving, and have the text say ‘Hi. My name is Arthur, and I’m encouraging.’”

My dad’s usually funnier than that, but I couldn’t pass up the chance to share a meme my dad made ❤️

Having fun isn’t hard when you’ve got a library card, and Arthur is encouraging 👋 ",439,7,1778601048.0,0.95,False,i.redd.it
1tb4h2p,wholesomememes,Friends are the best.,,499,8,1778598600.0,0.98,False,i.redd.it
1tapw48,wholesomememes,Some things you don't forget,,15577,28,1778557312.0,0.99,False,i.redd.it
1tamcbz,wholesomememes,Anxiety to bear [OC],,3586,7,1778547738.0,0.99,False,i.redd.it
1ta6n9g,wholesomememes,We are NOT the same...,,3148,29,1778513243.0,0.97,False,i.redd.it
1t9ijcs,wholesomememes,I have time,,964,5,1778446179.0,0.99,False,i.redd.it
1t8rr9l,wholesomememes,Godzilla inspires me to Battle On!,"Chemo this week has been rough.  Only 3 hours of sleep for 5 days straight and nausea on top.  But I'm still in this fight.  Life may knock me down, but if I'm still breathing, I'm sure going to rise again.",2522,56,1778372805.0,0.99,False,i.redd.it
1t78v1e,wholesomememes,Made some NASA hopebait memes for my husband,"Left out the inappropriate ones, he said the one of earth made him cry and he added it as a wallpaper.",1019,13,1778248908.0,0.98,False,reddit.com
1t77iut,wholesomememes,Fit check for my napalm era!,,7203,37,1778245842.0,0.99,False,i.redd.it
1t6p4lg,wholesomememes,I love you Haley.,,1438,99,1778191706.0,0.89,False,i.redd.it
1t6oela,wholesomememes,When everything is awful,,1120,14,1778190001.0,0.98,False,i.redd.it
1t69w21,wholesomememes,I missed those times,,11038,63,1778158892.0,0.99,False,i.redd.it
1t5w3ev,wholesomememes,Feels like we won the ‘ship,,914,14,1778116801.0,0.98,False,i.redd.it
1t5dspv,wholesomememes,Was Never True,,1224,18,1778076020.0,0.96,False,i.redd.it
1t4rm1e,wholesomememes,Didn't expect that,,9594,33,1778013303.0,0.99,False,i.redd.it
1t4nms6,wholesomememes,Hope this kitty makes your day,,1589,14,1778004879.0,0.99,False,i.redd.it
1t443y9,wholesomememes,Financial moostake,,3825,15,1777952477.0,1.0,False,i.redd.it
1t3zwyt,wholesomememes,Fact Maxxing,,6810,28,1777941228.0,0.98,False,i.redd.it
1t3i9cb,wholesomememes,The wholesome Bloom,,286,48,1777902532.0,0.96,False,i.redd.it
1t2yx6j,wholesomememes,wise old bird (oc),,431,17,1777845619.0,0.99,False,i.redd.it
1t0g5p8,wholesomememes,qwestposting,,13532,26,1777601414.0,0.99,False,reddit.com
1t02442,wholesomememes,My toddler roars all the time and tries to eat me,It's hard to track how his language is progressing because he wants to pretend to be a dinosaur all the time. ,5166,37,1777568234.0,0.99,False,i.redd.it
1sztzyd,wholesomememes,You vs. everyone… you win,,13043,22,1777550339.0,0.99,False,i.redd.it
1syznch,wholesomememes,(Another) Best Day,,2185,37,1777471185.0,0.95,False,i.redd.it
1sytghb,wholesomememes,Everybody needs somebody,,18690,48,1777453716.0,0.98,False,i.redd.it
1sxpcxc,wholesomememes,It was my turn but I was so tired,,15470,29,1777345626.0,0.98,False,i.redd.it
1sxjlof,wholesomememes,Her bed was so soft and she gave me one of her boyfriend’s (now husband) waffles the next morning to cheer me up and punish him for telling me that story about the man with the hook hand.,,2193,19,1777330583.0,0.99,False,i.redd.it
1swado5,wholesomememes,"The problems will still be here when I wake up, but somehow they will be easier to deal with.",,2341,12,1777216876.0,1.0,False,i.redd.it
1svetoq,wholesomememes,everyone loves pockets!,,12202,23,1777130023.0,0.99,False,i.redd.it
1svb9gg,wholesomememes,Sometimes decent post makes your day,,2756,12,1777121215.0,1.0,False,i.redd.it
1suxwiv,wholesomememes,By Handel [OC],,1460,7,1777079219.0,0.99,False,reddit.com
1sujdgr,wholesomememes,The sunlight [OC],,12033,21,1777045374.0,0.98,False,i.redd.it
1su1rmq,wholesomememes,One of the many benefits of having a strong bond with your teen son.,,13897,46,1776994521.0,0.96,False,i.redd.it
1ssmh90,wholesomememes,The Mix CD,,3200,8,1776866625.0,0.99,False,i.redd.it
1srzc5d,wholesomememes,crystal rainbow dolphin (oc),,747,15,1776802487.0,0.99,False,i.redd.it
1sqs2go,wholesomememes,Flipped this one around :P,from r/American_Humor ,34929,420,1776697719.0,0.93,False,i.redd.it
1sq2v0j,wholesomememes,Some random dude yapping about things they don't know can't stop you from having a good day.,,1668,13,1776627593.0,0.99,False,i.redd.it
1spt3ck,wholesomememes,the chin rest moment,,9446,18,1776605531.0,0.99,False,i.redd.it
1spk2m4,wholesomememes,"Thanks you, my dear!",,14259,30,1776576473.0,0.98,False,i.redd.it
1spgnah,wholesomememes,Relationship in a Nutshell,"Don't worry, he won't go under the plane! We're gonna make sure he's with my boyfriend/fiance as a passenger, we're just worried about him freaking out too badly! Any tips appreciated.",5219,50,1776565947.0,0.96,False,i.redd.it
1sp84xo,wholesomememes,Ladylikeish [OC],,1043,6,1776543263.0,0.97,False,reddit.com
1sp3956,wholesomememes,Mom’s cooking is the ultimate therapy. ✨,,4634,24,1776532066.0,0.98,False,i.redd.it
1sp0o9m,wholesomememes,I think i did a good job :),,2994,33,1776526133.0,0.97,False,i.redd.it
1snvy6t,wholesomememes,Parents bedtime routine by amandaoleander,Credit - amandaoleander (IG),4342,35,1776417943.0,0.96,False,reddit.com
1sn02qv,wholesomememes,Enjoy the Ride,,1726,10,1776336919.0,0.99,False,i.redd.it
1sm6yap,wholesomememes,Overshared,,5661,24,1776261624.0,0.99,False,i.redd.it
1slnnb1,wholesomememes,Hmm my favorite 😌♥️,,11189,57,1776205528.0,0.98,False,i.redd.it
1sl51yx,wholesomememes,About dreams,,1514,19,1776163477.0,0.97,False,i.redd.it
1skod7s,wholesomememes,in case you needed it (oc),,1199,27,1776115008.0,0.99,False,i.redd.it
1sj98gn,wholesomememes,"Actually my cousin's son*, but still",,14846,32,1775983786.0,0.98,False,i.redd.it
1sj0jca,wholesomememes,Get back when you can,,3717,38,1775956277.0,0.99,False,i.redd.it
1sil84w,wholesomememes,tiny victories,,23089,50,1775919319.0,0.99,False,i.redd.it
1sh6gk6,wholesomememes,treats are self care (oc),,350,12,1775778779.0,0.98,False,i.redd.it
1sh4hk2,wholesomememes,Beautiful!,,817,9,1775773806.0,0.99,False,i.redd.it
1sh3t8h,wholesomememes,small reminder that people are still showing up for each other!,,4955,44,1775772190.0,0.97,False,i.redd.it
1sgqawb,wholesomememes,A Succulent Dinner,,10499,157,1775742882.0,0.95,False,i.redd.it
1sgbi1e,wholesomememes,He's so happy to see us!,,490,5,1775697355.0,0.96,False,i.redd.it
1sfxwp1,wholesomememes,[OC] You don't like it? 🖍🌏,,9432,44,1775665895.0,0.99,False,i.redd.it
1sfufbt,wholesomememes,On sum real stuff💯💯💯,,2864,21,1775658418.0,0.98,False,i.redd.it
1sfu81d,wholesomememes,Unironically this dumb meme helped me through one of the worst times of my life,,38801,211,1775657990.0,0.98,False,i.redd.it
1sfigb3,wholesomememes,Part ways with people [OC],,11939,27,1775621246.0,0.98,False,i.redd.it
1seaxyl,wholesomememes,Sometimes you lose touch,,6852,29,1775508139.0,0.99,False,i.redd.it
1sdcgyc,wholesomememes,This is me... 😭,,3156,9,1775416887.0,0.99,False,i.redd.it
1sdao2l,wholesomememes,Sunday Roast Posting,,10228,46,1775412672.0,0.99,False,i.redd.it
1sb0aby,wholesomememes,You can stop waiting,,12033,68,1775180620.0,0.98,False,i.redd.it
1sa6z48,wholesomememes,They me fave,,1923,9,1775102410.0,0.99,False,i.redd.it
1s9y0lx,wholesomememes,it never gives you up,,21465,53,1775078868.0,0.98,False,i.redd.it
1s9o5k4,wholesomememes,Stoppable!,,2700,6,1775058064.0,0.99,False,i.redd.it
1s8bncp,wholesomememes,Some just have that kinda energy [OC],,17165,34,1774925880.0,0.98,False,i.redd.it
1s82yjh,wholesomememes,The benefits of having an aunt who’s a child therapist and loves cuddles.,,6656,46,1774903930.0,0.99,False,i.redd.it
1s6c01d,wholesomememes,hey honey (oc),,1633,5,1774731909.0,0.99,False,i.redd.it
1s5zyvl,wholesomememes,Not you [OC],,17637,31,1774703483.0,0.98,False,i.redd.it
1s4caex,wholesomememes,Being heard is its own love language. ✨️,,17964,81,1774542444.0,0.99,False,i.redd.it
1s1s2ci,wholesomememes,Wife hugs.,,6583,78,1774296674.0,0.98,False,i.redd.it
1s1homy,wholesomememes,Turns me into her Golden Retriever instantly,,14702,41,1774274436.0,0.98,False,i.redd.it
1s08tss,wholesomememes,Is your girlfriend sad?,credit: sebastian\_oaches,14516,95,1774143205.0,0.97,False,i.redd.it
1s02od0,wholesomememes,not abominable snowman (oc),,877,8,1774126902.0,1.0,False,i.redd.it
1rzw065,wholesomememes,When you parallel park perfectly and there were people watching,,3944,17,1774110949.0,0.99,False,i.redd.it
1rz4dhm,wholesomememes,Always encourage your friends! (OC),,2268,10,1774031728.0,0.99,False,i.redd.it
1rz1u38,wholesomememes,Showed Her,,3111,13,1774026015.0,0.99,False,i.redd.it
1ryuh54,wholesomememes,Taking a nap [OC],,22042,35,1774008447.0,0.98,False,i.redd.it
1rx996g,wholesomememes,It amazing seeing people who work hard at their craft be awarded by their peers! Think of how many more amazing stories will be told and actors we will get to see that might be inspired by this picture!,,1681,43,1773852715.0,0.92,False,i.redd.it
1rx8c43,wholesomememes,Hardcore Reset,,5788,22,1773850698.0,1.0,False,i.redd.it
1rwjwss,wholesomememes,Who can relate? 🙋‍♂️,Pulled me through dark times 🗿,2732,21,1773782619.0,0.98,False,i.redd.it
1rwjcfv,wholesomememes,She and I have our problems but I will always be thankful for how she looks after the most important person in the world to me.,,4467,19,1773781378.0,0.99,False,i.redd.it
1rvdm89,wholesomememes,Lets not hate,,598,20,1773677097.0,0.96,False,i.redd.it
1rvcau9,wholesomememes,I just like going to parties :^),OC from r/American_Humor ,14519,90,1773674243.0,0.97,False,i.redd.it
1run50m,wholesomememes,family meeting,,1008,11,1773602707.0,0.99,False,i.redd.it
1rtzdki,wholesomememes,Turns out the ancestors were right about dancing and music,"Singing too, but I couldn't fit that in the meme",950,9,1773533455.0,0.98,False,i.redd.it
1rtub1a,wholesomememes,Such a sweet relationship ❤️,,6749,27,1773520884.0,0.99,False,i.redd.it
1rtqskm,wholesomememes,The best feeling in the world to start the weekend,,8053,39,1773512633.0,0.99,False,i.redd.it
1rtlxne,wholesomememes,"Finally after all these years, a happy ending",,22086,43,1773501226.0,0.98,False,i.redd.it
1rsnqrf,wholesomememes,"feels good, listen to your therapist yall",,4134,46,1773409549.0,0.99,False,i.redd.it
1rsc3qq,wholesomememes,Be kind for no reason (oc),: @purpleacnecomics,4578,9,1773371480.0,0.99,False,reddit.com
1rrto60,wholesomememes,Don’t give up!,,1295,14,1773328940.0,0.98,False,i.redd.it
1rr7pii,wholesomememes,Happened today,,6196,21,1773265960.0,0.99,False,i.redd.it
1rr7ln2,wholesomememes,encouraging popsicle (oc),,293,4,1773265727.0,0.98,False,i.redd.it
1rqulz3,wholesomememes,Catching Up,,1555,9,1773237772.0,0.99,False,i.redd.it
1rpwttf,wholesomememes,Happy Mario day!,,2861,14,1773149055.0,0.99,False,i.redd.it
1roen7l,wholesomememes,It always gets better,,775,20,1772999704.0,0.95,False,i.redd.it
1roecxc,wholesomememes,And it will - because I believe in you,,4344,18,1772999053.0,0.99,False,i.redd.it
1rodvbl,wholesomememes,Strategy: 100,,23179,90,1772997955.0,0.96,False,i.redd.it
1ro9geh,wholesomememes,"Don’t worry, the love of your life will surely find you",,2543,50,1772987981.0,0.97,False,i.redd.it
1rnvef7,wholesomememes,"My mental health has improved, and I'm genuinely having more fun on this site now",,1569,27,1772944773.0,0.99,False,i.redd.it
1rnh8zj,wholesomememes,Be Kind 🤗🤗,,3384,23,1772907873.0,0.99,False,i.redd.it
1rnc93e,wholesomememes,looking for a fix,,12746,21,1772896092.0,0.99,False,i.redd.it
1rlwd2e,wholesomememes,Agent DaVinci,,3830,12,1772750791.0,0.99,False,i.redd.it
1rl1sx6,wholesomememes,"Sweet, maybe, idk.","Was playing around with a meme maker thing, I'm sorry neither of them are that good or funny.",2308,23,1772668218.0,0.96,False,reddit.com
1rkmvzi,wholesomememes,Riding the Waves,,2828,38,1772634606.0,0.98,False,i.redd.it
1riz2pl,wholesomememes,be stronger than your mind,,6570,52,1772472315.0,0.99,False,i.redd.it
1rhzjni,wholesomememes,The All-Seeing Moms,Moms see all…,1525,20,1772377640.0,0.97,False,reddit.com
1rg3fop,wholesomememes,you’re doin alright 💛✨,,12102,66,1772189155.0,0.98,False,i.redd.it
1rewv52,wholesomememes,"Keep going, friend",,5127,25,1772070032.0,0.99,False,i.redd.it
1rep2pd,wholesomememes,Hashtag Blessed,,2618,20,1772051795.0,0.99,False,i.redd.it
1redsnf,wholesomememes,Father's Day,,7142,26,1772027578.0,0.98,False,i.redd.it
1rcrnft,wholesomememes,🌟  you are so loved (oc),,1625,13,1771875818.0,0.99,False,i.redd.it
1rcr9ek,wholesomememes,"we all agree that punch deserved protection, lets keep that same energy for alll people",,17098,101,1771874983.0,0.95,False,i.redd.it
1rcpsqi,wholesomememes,Also my cousin is in the picture,,998,15,1771871903.0,0.99,False,i.redd.it
1rcdvu0,wholesomememes,Pretty much me scooting through life,,5531,15,1771842330.0,0.99,False,i.redd.it
1rbzo1k,wholesomememes,A Reminder!,,1564,16,1771799088.0,0.99,False,i.redd.it
1rbpgpt,wholesomememes,Leave the world a better place.,,3825,21,1771776043.0,0.99,False,i.redd.it
1rbnqjv,wholesomememes,The Path Toward a Dream,,933,5,1771771846.0,0.99,False,i.redd.it
1raubel,wholesomememes,it is time,,4275,23,1771688686.0,1.0,False,i.redd.it
1raposr,wholesomememes,Reaper’s guide to enjoying Oreos,,1018,22,1771676088.0,0.95,False,i.redd.it
1ragck6,wholesomememes,"""And pretty eyes too""",,14418,9,1771644189.0,0.98,False,i.redd.it
1ra0xz7,wholesomememes,Boys sticking up for their mamas.,,11620,54,1771606968.0,0.98,False,i.redd.it
1r9dfeh,wholesomememes,All in this together,,38389,170,1771539779.0,0.96,False,i.redd.it
1r931m1,wholesomememes,It’s okay to fail! (Oc),,2159,23,1771516888.0,0.99,False,reddit.com
1r8zokd,wholesomememes,The socks match,,1616,14,1771508953.0,1.0,False,i.redd.it
1r88s59,wholesomememes,Year planning,,368,8,1771434505.0,0.98,False,i.redd.it
1r81huk,wholesomememes,to the stars &amp; beyond,,3192,15,1771417175.0,0.99,False,i.redd.it
1r7r02v,wholesomememes,Adorable 🥰,,29446,48,1771382522.0,0.98,False,i.redd.it
1r60ik6,wholesomememes,A home inside my home.(oc),,3518,21,1771217994.0,0.99,False,reddit.com
1r5hedy,wholesomememes,Valentine's Discount - Alt Ending,,6513,13,1771169378.0,0.97,False,i.redd.it
1r53j33,wholesomememes,be gentle with yourself. you matter.,a reminder for those who struggle every day but especially so on valentine’s day. ,1337,16,1771124020.0,0.99,False,i.redd.it
1r3z1ch,wholesomememes,Shoutout to everyone that kept me upright this week!,from r/chaosandcare ,8579,30,1771011892.0,0.98,False,i.redd.it
1r2zlj6,wholesomememes,stop entertaining things that don't benefit you,,9909,50,1770917279.0,0.99,False,i.redd.it
1r2v06j,wholesomememes,Bestest Buds,,12052,16,1770906895.0,0.99,False,i.redd.it
1r2rvq3,wholesomememes,you make me so mad,,1959,5,1770898550.0,1.0,False,i.redd.it
1r2d2ut,wholesomememes,a small reminder ♥️,,3952,22,1770851959.0,0.99,False,i.redd.it
1r21vnl,wholesomememes,Being in the weeds,,5760,26,1770827103.0,0.99,False,i.redd.it
1r1z1ml,wholesomememes,Just Five More,,18401,57,1770820626.0,0.98,False,i.redd.it
1r1x2ki,wholesomememes,Where Is Waldo,,2930,16,1770815708.0,0.98,False,i.redd.it
1r1e0bh,wholesomememes,And I wouldn’t have it any other way.,,1478,8,1770759386.0,1.0,False,i.redd.it
1r13s8i,wholesomememes,"Ah yes, the most romantic of dates [OC]",,7094,52,1770737308.0,0.96,False,reddit.com
1r0p9on,wholesomememes,the goal is to keep going forward,,1682,6,1770692577.0,0.99,False,i.redd.it
1r057w4,wholesomememes,couple of black belts,,4434,7,1770646314.0,0.99,False,i.redd.it
1qztfmf,wholesomememes,Life is all about trying [OC],,3359,10,1770608017.0,0.99,False,i.redd.it
1qyunin,wholesomememes,Sons of Reddit know that you are loved.,,3871,12,1770511588.0,0.99,False,i.redd.it
1qyp55g,wholesomememes,🩷💛 you bet giraffe I do (oc) sugarhai,,566,17,1770497703.0,0.99,False,i.redd.it
1qxe3te,wholesomememes,GET SOME SUN 🌞,,16917,57,1770373793.0,0.97,False,i.redd.it
1qxcjio,wholesomememes,I'll do it again!,,1954,24,1770367901.0,0.98,False,i.redd.it
1qvpca7,wholesomememes,Life's Rhythm,,7787,42,1770213705.0,0.95,False,i.redd.it
1qutalh,wholesomememes,Everybody. Posted online first as a cartoon.,,2535,40,1770128725.0,0.97,False,i.redd.it
1qulwcb,wholesomememes,"nooo don't stop living, you're too sexy aha",,27382,49,1770104824.0,0.97,False,i.redd.it
1qucqy7,wholesomememes,Looks like six more weeks of self-confidence,,2990,10,1770078131.0,0.99,False,i.redd.it
1qtulh1,wholesomememes,i hope beautiful things always find their way to you &lt;3,,3019,20,1770037769.0,0.99,False,i.redd.it
1qttqo9,wholesomememes,to anyone who needs to hear this today: i see you trying 🫂,,4210,20,1770035368.0,0.98,False,i.redd.it
1qscutj,wholesomememes,Building blocks Build you up,,1337,41,1769890265.0,0.95,False,i.redd.it
1qs3q71,wholesomememes,a pleasant night,,8276,31,1769869610.0,0.99,False,reddit.com
1qrcv1y,wholesomememes,you're allowed to be on the receiving end of your own kindness &lt;3,,6906,43,1769796069.0,0.99,False,i.redd.it
1qqt0bl,wholesomememes,We'll figure it out [OC],,18393,25,1769740287.0,0.98,False,i.redd.it
1qpikxm,wholesomememes,"reminder that you don’t have to be hard on yourself to be strong :"")",,2643,12,1769622849.0,1.0,False,i.redd.it
1qpc47j,wholesomememes,Kindred Spirits,,8168,43,1769608828.0,0.99,False,i.redd.it
1qpb3k7,wholesomememes,food for thought,,18640,25,1769606287.0,0.98,False,i.redd.it
1qnrtc1,wholesomememes,I'm so proud of you all :^),,44154,131,1769459139.0,0.93,False,i.redd.it
1qnnqe1,wholesomememes,reminder to be kind to yourself as you figure things out &lt;3,,10815,31,1769450869.0,0.98,False,i.redd.it
1qndxia,wholesomememes,"Mama payback. My son can always rely on my infinite love, support and revenge when he eats my emergency Hersey bar. I couldn’t eat his chocolate because that would be cruel so I did the next best thing.",,1067,14,1769428166.0,0.99,False,i.redd.it
1qn1gnc,wholesomememes,I love my wife very much.,,11837,33,1769389394.0,0.98,False,i.redd.it
1qlul8p,wholesomememes,i will think about the interaction for 4 business days,,8770,31,1769279128.0,0.99,False,i.redd.it
1qlsbk7,wholesomememes,"Get in, friend",,10565,84,1769274136.0,0.97,False,i.redd.it
1qlpvds,wholesomememes,I finally rest and watch the sun rise on a grateful universe,,1344,5,1769268555.0,0.99,False,i.redd.it
1qloo9s,wholesomememes,*high pitched kissing noises*,,2923,16,1769265661.0,0.99,False,i.redd.it
1qkrxzj,wholesomememes,Deeply in love,,33390,132,1769177759.0,0.97,False,i.redd.it
1qk7bda,wholesomememes,🩷 always lurk on the bright side (oc),,1731,3,1769117169.0,0.99,False,i.redd.it
1qjmudh,wholesomememes,"Winter is a tough time for Werewolves, it’s cold outside so they will try to find shelter",,9790,72,1769062337.0,0.98,False,i.redd.it
1qjgff9,wholesomememes,the buddy system,,4577,9,1769044223.0,0.99,False,i.redd.it
1qjflr8,wholesomememes,Mom's love,,1758,27,1769042076.0,0.98,False,i.redd.it
1qjeldz,wholesomememes,I don’t deserve such a sweet boy but each day I try to be a good mother to him everyday.,,5645,40,1769039553.0,0.99,False,i.redd.it
1qj8a9o,wholesomememes,Bring this back,,57795,315,1769025205.0,0.97,False,i.redd.it
1qj78n3,wholesomememes,proof that meaning sneaks up on you :),,5152,24,1769022899.0,0.98,False,i.redd.it
1qiqw32,wholesomememes,You're Doing a Great Job,,9760,68,1768978371.0,0.97,False,i.redd.it
1qht0qs,wholesomememes,Good job today!,,2014,55,1768888650.0,0.99,False,i.redd.it
1qhlwrz,wholesomememes,I need this,,13554,24,1768868918.0,0.98,False,i.redd.it
1qhdgzn,wholesomememes,whimsy and wonder 🤍🎀✨🦋,,3173,11,1768849718.0,0.99,False,i.redd.it
1qhaogx,wholesomememes,The sun still rises,,25158,216,1768843912.0,0.94,False,i.redd.it
1qgjs0t,wholesomememes,Setting a new trend.,,51165,180,1768768981.0,0.97,False,i.redd.it
1qga99p,wholesomememes,"""Woah that's a full rainbow, all the way... Double rainbow oh my god"".",,3616,14,1768747234.0,0.99,False,i.redd.it
1qfs4bi,wholesomememes,Absolute bliss,,4218,30,1768692020.0,0.99,False,i.redd.it
1qfczrr,wholesomememes,Friendship😍🤗,,25773,31,1768655884.0,0.97,False,i.redd.it
1qe1z9n,wholesomememes,"It was hard, but I did it and I'm proud",,15289,53,1768525978.0,0.98,False,i.redd.it
1qe0t35,wholesomememes,I Grow Like Bread Dough [OC],,23875,45,1768522921.0,0.97,False,i.redd.it
1qd6pye,wholesomememes,Celebrate science,,13700,61,1768442648.0,0.99,False,i.redd.it
1qcvlbr,wholesomememes,i gotta overthink it first,,3224,20,1768416269.0,0.99,False,i.redd.it
1qco087,wholesomememes,I Was Only 19,,19874,112,1768399235.0,0.96,False,i.redd.it
1qc3d9x,wholesomememes,"💜 in the end, it will all be ok, if it's not ok now, it's not the end (oc)",,883,11,1768338404.0,0.98,False,i.redd.it
1qbqijd,wholesomememes,Does one ever really get free? [OC],,5132,31,1768308754.0,0.98,False,i.redd.it
1qb7s7u,wholesomememes,And Grandma Wins Too,,2019,9,1768253179.0,0.99,False,i.redd.it
1qb2i3x,wholesomememes,This is your reminder to love yourself,,6797,23,1768241736.0,0.99,False,i.redd.it
1qayjcg,wholesomememes,"Speak to yourself with some kindness today, like this lil Moomin here 🤍🪞⛲️💫☁️","For anyone who has trouble reading the meme:

1st image: “Ooh, is that me?”

2nd image: “Look at my nice ears!”

3rd image: “And I’m so soft and round. No sharp edges anywhere.”

4th image: “I think I look wonderful, even though my legs are a little short.”",9767,24,1768233231.0,0.99,False,i.redd.it
1qapzud,wholesomememes,and again 😌,,5092,35,1768208232.0,0.99,False,i.redd.it
1q9v0ah,wholesomememes,Very important chart [OC],,7711,14,1768123253.0,0.98,False,i.redd.it
1q94n5a,wholesomememes,We interrupt your regularly scheduled programming to bring you this breaking news.,,19002,116,1768053288.0,0.96,False,i.redd.it
1q8t0dh,wholesomememes,"Honesty, Integrity, Professionalism?",,3199,24,1768014778.0,0.99,False,i.redd.it
1q8r54l,wholesomememes,It's the little things,,5728,15,1768009702.0,0.99,False,i.redd.it
1q8ld9f,wholesomememes,Sweet as Sugar 🤍,,28705,39,1767995211.0,0.98,False,i.redd.it
1q8jyo7,wholesomememes,I love you 🍀,,7738,55,1767991966.0,0.98,False,i.redd.it
1q85zjn,wholesomememes,A father &amp; son poem,,3499,17,1767958538.0,0.99,False,i.redd.it
1q81hvf,wholesomememes,I miss my wife,,17208,50,1767942114.0,0.98,False,i.redd.it
1q7wedg,wholesomememes,You seemed to like my last two posts about my aunt Emma so here’s a time I was trying to help her during a family beach day.,,6851,21,1767926784.0,0.97,False,i.redd.it
1q7hyif,wholesomememes,group photo according to my mom [OC],,3072,12,1767893286.0,0.98,False,i.redd.it
1q7dt9h,wholesomememes,This is resilience. Now imagine if support matched it?,,1326,13,1767884007.0,0.96,False,i.redd.it
1q6fmvd,wholesomememes,Fatherhood Assessment,,19512,80,1767793252.0,0.97,False,i.redd.it
1q5hhms,wholesomememes,Good old days,,1837,11,1767703173.0,0.99,False,i.redd.it
1q54586,wholesomememes,You all liked the last one I did with my aunt Emma so here’s another. I love you aunt Emma.,,3835,11,1767661335.0,0.99,False,i.redd.it
1q4uyh6,wholesomememes,✨🦋 happy words🦋✨,,1539,9,1767640350.0,1.0,False,i.redd.it
1q4rb27,wholesomememes,Anxious on road trips [OC],,14610,23,1767632657.0,0.96,False,i.redd.it
1q3vvu6,wholesomememes,"Just wanna let you know, if you don't got nobody, you still got me.",,7014,96,1767547840.0,0.97,False,i.redd.it
1q35fyn,wholesomememes,The Chives,,1893,16,1767472691.0,0.98,False,i.redd.it
1q34vxg,wholesomememes,🩷 we're gonna be ok (oc),,975,12,1767471369.0,0.99,False,i.redd.it
1q2y1gr,wholesomememes,"Oracle, how can i live forever?",,14219,106,1767455744.0,0.98,False,i.redd.it
1q2v8yq,wholesomememes,Thanks buddy!,,29908,32,1767448667.0,0.97,False,i.redd.it
1q2gvn2,wholesomememes,Curse removal trick,,45348,396,1767403328.0,0.97,False,i.redd.it
1q24tzi,wholesomememes,Dont doubt it,,4386,26,1767375098.0,0.99,False,i.redd.it
1q18gn4,wholesomememes,I got a feeling…,,49174,862,1767285705.0,0.93,False,i.redd.it
1q183tz,wholesomememes,happy 2026!,,4299,29,1767284822.0,0.99,False,i.redd.it
1q0vmo1,wholesomememes,How did your year go?? [OC],,15965,33,1767241581.0,0.97,False,i.redd.it
1q0fit5,wholesomememes,"Haru Urara, a Symbol of Never Giving Up",,3485,34,1767194672.0,0.97,False,i.redd.it
1pzzutm,wholesomememes,Smothered in Love,,5996,36,1767144192.0,0.99,False,i.redd.it
1pzzcl3,wholesomememes,Don't forget it! 😘,,6076,16,1767142819.0,0.98,False,i.redd.it
1pzl81z,wholesomememes,B.Y.O.B. !!!,C : @purpleacnecomics,2310,15,1767109120.0,0.98,False,reddit.com
1pz066d,wholesomememes,"Unconditional, selfless love.",,18909,69,1767047054.0,0.97,False,i.redd.it
1pyosom,wholesomememes,it's so nice to have someone,,2745,7,1767021316.0,0.98,False,i.redd.it
1py9jn5,wholesomememes,Bro didnt lie,,28826,104,1766973983.0,0.95,False,i.redd.it
1pxtu2o,wholesomememes,I’m just going to leave this here,,32908,98,1766935302.0,0.97,False,i.redd.it
1pxk7vl,wholesomememes,morel support! 🍄,,4412,17,1766902690.0,0.99,False,i.redd.it
1pxawo5,wholesomememes,This is so true,,18951,54,1766875591.0,0.97,False,i.redd.it
1px26tu,wholesomememes,Who cares! [OC],,25980,29,1766853698.0,0.97,False,i.redd.it
1pwuvye,wholesomememes,Changed address!,C:@purpleacnecomics,13878,62,1766831918.0,0.97,False,reddit.com
1pwhft1,wholesomememes,It’s always good to have a rich aunt on your mother’s side who hugs you so tightly you can’t escape (even when you’re 26).,,24010,100,1766789368.0,0.96,False,i.redd.it
1pvh0ai,wholesomememes,All in One Trip,,24221,67,1766680431.0,0.95,False,i.redd.it
1pv7bvi,wholesomememes,A wholesome title,,8558,43,1766644947.0,0.93,False,i.redd.it
1puyhsy,wholesomememes,"My annual, “It’s a Wonderful Life” post",,2213,24,1766613770.0,0.99,False,i.redd.it
1putszb,wholesomememes,Happy Holidays...all of 'em,,18798,54,1766600473.0,0.96,False,i.redd.it
1puryv3,wholesomememes,It really is nice.,,8512,49,1766595598.0,0.97,False,i.redd.it
1ptf216,wholesomememes,Nothing quite like grandparent love. Wholesome villain meme #6,,9521,22,1766447960.0,0.99,False,i.redd.it
1pt2ya0,wholesomememes,they're totally outnumbered,,19965,50,1766418720.0,0.98,False,i.redd.it
1psxq0y,wholesomememes,And that is what matters! [OC],,20638,52,1766404361.0,0.97,False,i.redd.it
1prgooa,wholesomememes,Tis the season,,9138,31,1766243895.0,0.98,False,i.redd.it
1pqojdq,wholesomememes,Chocolate milk table,I’ve learned to keep a wet washcloth on hands at all times,1539,20,1766159588.0,0.94,False,reddit.com
1pqm70z,wholesomememes,(Oc) Who’s hungry ?,,1699,4,1766153823.0,0.99,False,i.redd.it
1pqco26,wholesomememes,Cool Froggy 🐸😎,,37855,65,1766120880.0,0.98,False,i.redd.it
1pq0x45,wholesomememes,Yes and always mom!,,12497,53,1766088810.0,0.96,False,i.redd.it
1pprtza,wholesomememes,it's okay. really.,,6098,12,1766067227.0,0.99,False,i.redd.it
1ppkd8g,wholesomememes,Wood...adopt,,7980,53,1766041001.0,0.96,False,i.redd.it
1ppdnpq,wholesomememes,don't believe everything you think (oc),,2335,18,1766019734.0,0.99,False,i.redd.it
1pordgu,wholesomememes,It's the little joys in life,,17493,42,1765959915.0,0.97,False,i.redd.it
1poacbs,wholesomememes,Floor is lava,How could I be so reckless?,5433,28,1765911498.0,0.97,False,reddit.com
1po43gc,wholesomememes,Mission Accomplished,,3091,7,1765897241.0,0.97,False,i.redd.it
1pnlfn3,wholesomememes,the cycle is complete,,7152,53,1765838658.0,0.97,False,i.redd.it
1pmw38b,wholesomememes,"Troubles, she will steal 🦭💕(OC)",,1753,35,1765765696.0,0.99,False,i.redd.it
1pmla04,wholesomememes,What was she like? [OC],,2793,35,1765737220.0,0.94,False,reddit.com
1plw3gc,wholesomememes,I believe in altruism ♥️,,6466,51,1765660150.0,0.98,False,i.redd.it
1pk0l6c,wholesomememes,"Different paths, same good memories",,31146,213,1765467556.0,0.97,False,i.redd.it
1piz5iw,wholesomememes,Me in my mind 🌹[OC],,1715,26,1765362104.0,1.0,False,reddit.com
1piuwwc,wholesomememes,What's a beautiful tree without a pizza ornament?,,1888,9,1765346018.0,0.98,False,i.redd.it
1pidhju,wholesomememes,"Seriously, you guys are wonderful!",,10900,17,1765301228.0,0.98,False,i.redd.it
1pi4xda,wholesomememes,Everyone deserves a nice word,,4473,42,1765279097.0,0.98,False,i.redd.it
1phx7ei,wholesomememes,"Real Love: Growing Together, Not Perfecting Each Other",,10964,50,1765250987.0,0.98,False,i.redd.it
1pgwoso,wholesomememes,Healing Vegeta [OC],,14608,151,1765149333.0,0.91,False,i.redd.it
1pggeuc,wholesomememes,Keep going twin,,3940,33,1765107737.0,0.99,False,i.redd.it
1pe37q0,wholesomememes,like maybe the weirdest ever,,3771,7,1764862924.0,1.0,False,i.redd.it
1pcpk9k,wholesomememes,Treat urself well (oc),,8684,42,1764721810.0,0.99,False,i.redd.it
1pbz6kf,wholesomememes,"Her voice is just so nice to hear. Especially after along, awful day.",,4357,20,1764649926.0,0.99,False,i.redd.it
1pbx39v,wholesomememes,"Ill make it up to them, no matter the cost. Wholesome villain meme #5",,8449,22,1764643961.0,0.96,False,i.redd.it
1p94rg7,wholesomememes,Be here now [OC],,2274,26,1764360553.0,0.99,False,i.redd.it
1p8v2qq,wholesomememes,Vroom vroom (oc),,3101,20,1764337148.0,0.99,False,i.redd.it
1p8swhe,wholesomememes,Even just a peck on the cheek. Wholesome villain meme #4,,6451,21,1764330436.0,0.99,False,i.redd.it
1p8oydg,wholesomememes,Invention of selfie [OC],,42163,62,1764315382.0,0.96,False,i.redd.it
1p87ky6,wholesomememes,Happy Life,"It's good to like your job, but save your love for things that truly matter like your spouse. ",7817,63,1764263614.0,0.97,False,i.redd.it
1p7re6u,wholesomememes,Just something about how she speaks 🫠,,2428,10,1764212795.0,0.99,False,i.redd.it
1p7qkm4,wholesomememes,Love World &lt;3,,14730,355,1764210266.0,0.84,False,i.redd.it
1p75xb9,wholesomememes,The curse is lifted✨(oc),,12575,169,1764158384.0,0.96,False,i.redd.it
1p6yo0p,wholesomememes,Here's wholesome villain meme #3,,1462,7,1764132163.0,1.0,False,i.redd.it
1p6utpt,wholesomememes,You don’t have to be good at something to have a good time,,4414,26,1764120808.0,0.98,False,i.redd.it
1p5b69w,wholesomememes,Sardi aagayi hai guys,,7,2,1763970736.0,0.77,False,i.redd.it
1p54git,wholesomememes,smash (oc),,3351,22,1763949082.0,0.98,False,i.redd.it
1p4hj9v,wholesomememes,Trying to make villain line wholesome,,9887,29,1763886298.0,0.98,False,i.redd.it
1p3wnxa,wholesomememes,"Take your time, don’t rush, and the great result is all your. (OC)",,550,8,1763827064.0,0.95,False,i.redd.it
1p3szbu,wholesomememes,hands up!!,,6870,22,1763817375.0,0.98,False,i.redd.it
1p252us,wholesomememes,Made a framework for soft strength - feedback welcome,,1083,35,1763650173.0,0.99,False,i.redd.it
1p1dkdp,wholesomememes,It will be different this time,,12926,50,1763572543.0,0.98,False,i.redd.it
1p17l5b,wholesomememes,[OC] Mankind's Hunger,,501,3,1763558659.0,0.99,False,reddit.com
1p15vn1,wholesomememes,My love is more powerful than either of us,,3872,33,1763553784.0,0.99,False,i.redd.it
1p0ty1u,wholesomememes,Just blup blup :&gt; (oc),,4501,44,1763514810.0,0.98,False,i.redd.it
1ozm89s,wholesomememes,"It’s been a few years. My first viral post, maybe you need it.",It’s okay to not be okay. Just do your best.,6001,70,1763400066.0,0.97,False,i.redd.it
1oyrf1k,wholesomememes,Despite it all ✨,,3586,9,1763313690.0,0.99,False,i.redd.it
1oxviye,wholesomememes,Don't forget how cool you are,,2297,18,1763223015.0,0.96,False,i.redd.it
1oxhusb,wholesomememes,This has happened countless times for me,,2276,58,1763179167.0,0.99,False,i.redd.it
1ox6xzj,wholesomememes,In the sky [OC],,6677,14,1763150599.0,0.98,False,i.redd.it
1ouc317,wholesomememes,Home Cooking,"(Important context: she's a witch)

From [Love and Hex](https://www.webtoons.com/en/canvas/love-and-hex/list?title_no=695601)",1102,7,1762874280.0,0.95,False,reddit.com
1olccea,wholesomememes,Peace in mind...[OC],,269,2,1761962162.0,1.0,False,i.redd.it
1ol2jdd,wholesomememes,My 5 year plan (oc),,232,6,1761935677.0,1.0,False,i.redd.it
1od9rxk,wholesomememes,Homecoming (Love and Hex),"Context:

* The whole comic on Webtoon: [Love and Hex](https://www.webtoons.com/en/canvas/love-and-hex/list?title_no=695601)
* The [first appearance of the changeling](https://www.webtoons.com/en/canvas/love-and-hex/changeling/viewer?title_no=695601&amp;episode_no=110)
* The [beginning of the changeling's story arc](https://www.webtoons.com/en/canvas/love-and-hex/getting-changed/viewer?title_no=695601&amp;episode_no=120)
* [Singing Cricket's disappearance](https://www.webtoons.com/en/canvas/love-and-hex/just-an-old-softy/viewer?title_no=695601&amp;episode_no=139)",1048,14,1761143233.0,0.97,False,reddit.com
1ocd02r,wholesomememes,[OC - comic] Strugles of making art,,1632,35,1761053384.0,0.99,False,reddit.com
1o7u7pn,wholesomememes,Being cute fluff [OC],,21938,38,1760580654.0,1.0,False,i.redd.it
1o7d4m7,wholesomememes,Fairy Godmother [OC],"Context:

* The whole comic on Webtoon: [Love and Hex](https://www.webtoons.com/en/canvas/love-and-hex/list?title_no=695601)
* The [first appearance of the changeling](https://www.webtoons.com/en/canvas/love-and-hex/changeling/viewer?title_no=695601&amp;episode_no=110)
* The [beginning of the changeling's story arc](https://www.webtoons.com/en/canvas/love-and-hex/getting-changed/viewer?title_no=695601&amp;episode_no=120)",2006,25,1760539855.0,0.99,False,reddit.com
1o6pk56,wholesomememes,You don’t fit in everywhere… and that’s okay. [OC],"
“Boxie’s” wasn’t it.
But the next place? That’s where the real ones were.
",1008,21,1760470992.0,0.98,False,i.redd.it
1o4siam,wholesomememes,Until it’s my turn I will keep clapping for others (oc),,8208,36,1760284094.0,1.0,False,i.redd.it
1o1csdg,wholesomememes,[OC] Lets roast marshmallows in hellfire,"This is one of my older comics, may be sharing a few of the more wholesome ones here but dont know about the format. These were made for webtoon so they are at times hard to fit in a 2x2 single page. Hope multipages are fine here, if they are too long you can also tell me. Im open to suggestions if you guys have ideas for the future",6046,19,1759935349.0,1.0,False,reddit.com
1nytwmb,wholesomememes,"""Your life matters."" - Jane Goodall (1934 - 2025)",,15484,98,1759684288.0,0.99,False,v.redd.it
1nvntly,wholesomememes,a sign from the universe (oc),,10550,35,1759360753.0,0.99,False,i.redd.it
1nvf4zt,wholesomememes,Secure. Contain. Parfait,,1163,9,1759340860.0,0.99,False,i.redd.it
1nv5aqr,wholesomememes,Embarrased [OC],,22262,14,1759317088.0,0.98,False,i.redd.it
1nueeri,wholesomememes,She'll never know (until I tell her in the morning),,6624,35,1759241826.0,0.99,False,i.redd.it
1nu9jlj,wholesomememes,all about the silver linings,,3236,28,1759228045.0,0.99,False,i.redd.it
1ntw3rv,wholesomememes,Help keep r/WholesomeMemes alive! Please nominate users that create wholesome memes and comics.,"Hello friends! In our ongoing efforts to reduce spam we recently restricted posts on r/wholesomememes to approved users only - more info here: https://www.reddit.com/r/wholesomememes/s/FFvXPjfAWb - TL;DR we were only seeing irrelevant posts and spam so we are trying out approved users only. 

To expand on our limited approved user list, we invite you to nominate users from other communities to participate here. Please comment with a link to one of the user’s recent posts of a wholesome (uplifting and/or motivating) meme or comic. We will review and send a message to the user if approved.

As always, if you have any feedback or ideas on how to reduce spam while maintaining quality, please let us know. Thank you!",2213,28,1759184844.0,0.97,False,i.redd.it
1nsoonf,wholesomememes,he makes some pretty good points,,9065,19,1759067027.0,1.0,False,i.redd.it
1nrwy8j,wholesomememes,Weekends are for Winners! 🏆 Tell us what you accomplished this week!,Frib,2049,451,1758984099.0,0.96,False,i.redd.it
1nowqfq,wholesomememes,Lights out for the turtles!,,12632,34,1758669871.0,1.0,False,i.redd.it
1nll66o,wholesomememes,They still don’t trust me,,16283,49,1758331275.0,0.99,False,i.redd.it
1nktccr,wholesomememes,(OC) Even something as simple as a kind word and feeling cozy can make us feel so jolly. Don't forget to dive into them,,1867,5,1758253967.0,0.99,False,i.redd.it
1njkc67,wholesomememes,I’d fight a bear for you (oc),,9156,35,1758131838.0,0.99,False,i.redd.it
1nip6zg,wholesomememes,I hope you can see it too,,5086,46,1758046482.0,0.97,False,i.redd.it
1ngtnff,wholesomememes,you should love yourself too (oc),,12422,43,1757862410.0,1.0,False,i.redd.it
1ng6fjq,wholesomememes,Weekends are for Winners!🏅,"Hello Friends!

We want to hear all about the great things you accomplished this week! You tried so hard, and got so far, and in the end it DOES matter! 

If you want to celebrate a personal win in the form of a meme, here are some popular templates: [Success Kid](https://imgflip.com/memegenerator/Success-Kid), [Gentleman Frog](https://imgflip.com/memetemplate/313581692/Gentlemen-it-is-with-great-pleasure-to-inform-you-that), [Power Graph](https://imgflip.com/memetemplate/177984372/What-Gives-People-Feelings-of-Power) - you can upload the image directly in your comment. 

However you want to express yourself is fine!  
Just keep it wholesome please :)",186,39,1757791634.0,0.94,True,self.wholesomememes
1nf7zej,wholesomememes,Hot and you know it (oc),,3302,62,1757694917.0,0.98,False,i.redd.it
1nf0axa,wholesomememes,Better this way [OC],,28558,25,1757675386.0,1.0,False,i.redd.it
1ne1xiw,wholesomememes,A title of some kind.,,10233,21,1757573704.0,0.99,False,i.redd.it
1ndsvdq,wholesomememes,storm's coming (oc),,1887,20,1757544951.0,0.99,False,i.redd.it
1ndooo0,wholesomememes,twin’s in her healing era (oc),,2491,20,1757534439.0,0.99,False,i.redd.it
1ncyq3v,wholesomememes,A little reminder 🍄 (oc),,6502,35,1757460888.0,0.99,False,i.redd.it
1ncm1xx,wholesomememes,"“Nothing is impossible, the word itself says 'I'm possible'!” - Audrey Hepburn",,2604,27,1757431803.0,0.97,False,i.redd.it
1nb7qck,wholesomememes,Mom Knows Best [OC[,,15830,32,1757286408.0,0.99,False,i.redd.it
1n9emrn,wholesomememes,Sometimes all we need is something sweet,,18412,64,1757100627.0,0.99,False,i.redd.it
1n7w922,wholesomememes,r/WholesomeMemes posts are now restricted to approved users only,"About a year ago, we started requiring posts to be original content (OC) as almost all posts at the time were spam or reposts. This requires moderators to review and approve each post, providing curated content in our community. While this was a “win” for the community, this change led to a drastic decrease in activity (over 33 million less views and over 30k less comments) with no posts being approved for days at a time. Our position on the “Wholesome and Heartwarming” communities list dropped from #10 to #24. This wouldn’t be an issue, but it seems that spam/bot accounts are rampant in the majority of the new communities on that list. This is out of our control but something that Reddit admins should take seriously. 

More recently we added additional requirements to mark content as OC in post titles and to reply to the automod comment. For some reason this encouraged spam again where users just completed the requirements, but are submitting reposts or images that have no text, and therefore are not memes. Also, the majority of posts submitted have not been wholesome, some decidedly NOT wholesome. 

As we work on new ways to ensure only quality WHOLESOME memes are posted, we are temporarily restricting posts to approved users only. Unapproved users can continue to comment. Depending on how this goes, mods may start posting weekly or daily threads where everyone can share their wholesome memes in the comments. 

Additionally, we will not allow AI generated content moving forward. To be clear, we have not allowed AI in the past simply because the majority of content submitted has not been wholesome. In the rare instance that they resembled something wholesome, we still removed them as they are primarily coming from spam accounts.

Q: Can I be approved?  
A: At this time, we are only approving users who have previously submitted an OC wholesome meme that has been approved by r/wholesomememes mods. 

Q: I posted an OC meme that was approved! What next?  
A: Comment on THIS POST with a link to your previously approved OC wholesome meme and ask to be approved.  
  
Q: I am already an approved user, so why is my post is not showing up?  
A: Mods still need to approve each post. Please allow 24 hours for us to review and approve posts. You may send us a mod mail AFTER 24 hours have passed if you believe your post should be approved. Any mod mail messages before then will probably not receive a response.

Q: Can I be approved if I have never posted here before?  
A: No. Not at this time.

Q: My cat/dog/chinchilla is the cutest most wholesomest thing in the universe! Can I just post a picture of them?  
A: No.  
  
Q: Why not?!  
A: We define a meme as an image, comic, gif, or video with text added TO THE IMAGE. Post titles do not count. If there is no text in your image, it is not a meme.
  
Q: I added text to the picture of my pet. It’s a meme now! Why isn’t it being approved?  
A: We define wholesome as uplifting and/or motivating. If it’s not uplifting and/or motivating, it does not qualify. Cute ≠ Wholesome. 

Q: I am an approved user and I want to include a link to my website/subreddit/store in my post, what is the best way to do this?  
A: To reduce spam, please do not include links in the title, body text, or comments. These will be removed. As an exception, if you are an artist (comic or otherwise) and your post follows our other rules, you may include a link or note IN THE IMAGE only.  

Q: I want to help! Can I be a moderator?  
A: At this time we are not seeking any new moderators. Please do not ask until we have posted a request for new moderators. An application process will be used if and when we decide more moderators are needed.  

Q: Is there anything else I can do to help?  
A: Of course! If you see a post or comment that is not wholesome, please report it rather than comment on it so mods can review and take action. 

Depending on how many requests we receive, it may take a few days to get everyone approved. Please only comment once for approval requests.
  
If you have any other general questions, ideas, compliments, or just want to share something wholesome that happened to you recently, please reply with a comment on THIS POST rather than send a mod mail.   

——  
  

Edit: To help expedite this process, we will be proactively approving users that have shared original content here in the past year. If you had a post approved before September 2024 AND it was original content, you can still comment on this post with the link to your post to be considered. If your post was NOT original content, you will not be approved at this time. ",801,119,1756947029.0,0.78,True,self.wholesomememes
1n67uqe,wholesomememes,Surprise Mother! (oc),,6448,35,1756780097.0,0.99,False,i.redd.it
1n2q3mn,wholesomememes,cute honey bee (oc),,1881,37,1756419596.0,0.98,False,i.redd.it
1mtpcwc,wholesomememes,"Always on my mind, twin (oc)",,7649,24,1755531155.0,1.0,False,i.redd.it
1mthe8m,wholesomememes,Better to have loved and lost ❤️ [OC],,2950,30,1755509939.0,1.0,False,i.redd.it
1mrj6p4,wholesomememes,"It may not seem like much at first, but it all adds up [oc]",,1540,30,1755314183.0,1.0,False,i.redd.it
1me99ly,wholesomememes,Sometimes a little air does wonders to my mood 🩷 OC,,2360,24,1753986207.0,1.0,False,i.redd.it
1me39w5,wholesomememes,Be Kind to Those Around You [OC],,30709,90,1753972573.0,1.0,False,i.redd.it
1mau3cc,wholesomememes,ok thank you (oc),,4986,43,1753641851.0,1.0,False,i.redd.it
1m8x9xb,wholesomememes,They hate to see it,,7233,34,1753444873.0,1.0,False,i.redd.it
1m6qbra,wholesomememes,This goes out to the day ones❤️ (oc),,5353,34,1753218741.0,1.0,False,i.redd.it
1m50j80,wholesomememes,Let’s Shape It Up with Some Motivation – When Shapes Socialize [OC],Another comic from my shape squad! Hope it brightens your day 🦋,1214,12,1753046622.0,0.98,False,i.redd.it
1m3domu,wholesomememes,"Don’t be afraid to ask for help, but make sure you do so respectfully (OC)",,6924,67,1752872005.0,0.99,False,i.redd.it
1m1fybb,wholesomememes,Gentle reminder to always help others in need. (OC),,5832,53,1752680487.0,1.0,False,i.redd.it
1lybt9n,wholesomememes,a reminder for you (oc),,1798,25,1752356199.0,1.0,False,i.redd.it
1lut61u,wholesomememes,A gentle reminder to take a moment and enjoy life,,3518,49,1751992213.0,1.0,False,i.redd.it
1lt41wb,wholesomememes,Reflected light and a reflective mind [OC],,1242,24,1751815941.0,1.0,False,i.redd.it
1lsyprf,wholesomememes,"(OC) The feeling when you show your favorite song to your buddy and the next day, you both sing along to it",,548,19,1751800278.0,0.99,False,i.redd.it
1lsccoc,wholesomememes,[OC] Mindfulness as an antidote,,812,21,1751728984.0,0.97,False,i.redd.it
1lpz53n,wholesomememes,A Diverse Flock,,658,5,1751470850.0,1.0,False,i.redd.it
1lpdkbk,wholesomememes,you'll sea (my oc),,283,29,1751404194.0,1.0,False,i.redd.it
1lli5j1,wholesomememes,A day we'll spent (OC),,3263,21,1750989738.0,1.0,False,i.redd.it
1ljukx1,wholesomememes,Let's go for a swim [OC],,4371,31,1750819821.0,1.0,False,i.redd.it
1ljqs4p,wholesomememes,"Sometimes, the right person helps you carry more than you thought you could. [OC]","Another comic from my series “When Shapes Socialize” 🍎
Life’s all about balance — and the ones who help you find it.
Thanks for supporting this soft little world of shapes and feelings 🤍
",715,21,1750808686.0,0.99,False,i.redd.it
1liywpz,wholesomememes,The eternal sunshine of a cozy mind [OC],,589,14,1750730037.0,1.0,False,i.redd.it
1lg1rbj,wholesomememes,Now everyone is respectful [OC],,580,12,1750419331.0,1.0,False,i.redd.it
1lexhak,wholesomememes,"Sometimes life feels like it’s changing too fast, but every now and then, it all comes back full circle. 💛 [OC]","From my mini series, “When Shapes Socialize”",2571,32,1750293833.0,0.99,False,i.redd.it
1ldz2uu,wholesomememes,sow oinking (oc),,671,18,1750194790.0,1.0,False,i.redd.it
1lcn744,wholesomememes,"cat, unknown entity, human. (oc)",,8655,25,1750061230.0,0.99,False,i.redd.it
1lc62yv,wholesomememes,I’ve been feeling kind of… obtuse lately. [OC],"From my little series When Shapes Socialize 🐍

Soft comics about geometry and feelings.

You’re perfectly well-rounded, too.
",1448,21,1750009001.0,0.99,False,i.redd.it
1lc5usb,wholesomememes,Happy Father’s Day from my mini series [OC],"Happy Father’s Day 🖤

From my mini-series When Shapes Socialize — where geometry gets emotional.

Hope this little rectangle makes you smile.

",848,10,1750008419.0,0.99,False,i.redd.it
1lbpwtr,wholesomememes,Homework [OC],,3871,13,1749955558.0,1.0,False,i.redd.it
1l8x7rl,wholesomememes,How should one give flowers? [OC],,21812,26,1749659463.0,1.0,False,i.redd.it
1l7agdc,wholesomememes,[OC] The Cycle..,,919,26,1749489194.0,1.0,False,i.redd.it
1l5yj46,wholesomememes,small fry big flex (oc),,2616,16,1749339808.0,1.0,False,i.redd.it
1l55c6s,wholesomememes,One Season To Rule Them All [OC],,586,20,1749248813.0,0.94,False,i.redd.it
1l3zjbr,wholesomememes,Royal crowd work,,1683,16,1749130999.0,1.0,False,i.redd.it
1l316a5,wholesomememes,Time off isn’t the opposite of effort,"Its tough taking a break when you have a goal you need to accomplish, but rest is essential. Don't ever underestimate the magic that is happening under the hood that is your skull (especially during rest) 
Careful not to ware yourself out before you get to your finish line. Listen closely to your quietest needs.
Thank you for reading.
-Fargo",653,5,1749029331.0,1.0,False,i.redd.it
1l01pi8,wholesomememes,"Big is beautiful, stop vast-shaming yourself","If you care, then the universe cares ",16938,109,1748710259.0,0.99,False,i.redd.it
1kzx8wp,wholesomememes,[OC] Do you have “this” to start?,,919,67,1748698488.0,0.98,False,i.redd.it
1kzj15d,wholesomememes,when life gives you lemons (oc),,967,39,1748648471.0,0.99,False,i.redd.it
1kxj1dk,wholesomememes,my dad always does this 😂😂,,17898,53,1748443760.0,0.99,False,i.redd.it
1ktzx8t,wholesomememes,eat sweet be sweet (oc),,2233,43,1748049822.0,0.99,False,i.redd.it
1ktebwa,wholesomememes,Plastic ducks (oc),,1252,16,1747988450.0,0.99,False,i.redd.it
1ksysor,wholesomememes,[OC] Boomerang of laughter,,1219,27,1747940230.0,0.99,False,i.redd.it
1kry8nm,wholesomememes,Day-Trip Navigator,,4894,27,1747835195.0,0.99,False,i.redd.it
1krbhpm,wholesomememes,A perfect match [OC],,974,18,1747763743.0,1.0,False,i.redd.it
1kqnph0,wholesomememes,Always have been,,19382,87,1747689943.0,1.0,False,i.redd.it
1kqfn61,wholesomememes,Share Your Wholesome Moments :),"Hey r/wholesomememes fam! We are continuing our weekly effort to provide a casual space where you can share personal achievements, wholesome moments, and found memes (does not need to be OC in this post). 

Check out last week’s thread here: https://www.reddit.com/r/wholesomememes/s/eTZbJk9iQP

For this week, let’s try setting goals that can reasonably be accomplished by the end of the week. If you have already achieved a goal you set recently, we would love to hear about it! 

If you have an original wholesome meme (that you made) you want to share that is uplifting and/or motivating, we encourage you to make a separate post. After we got rid of spam, bots, and reposts, moderators must approve every post. This has led our community to be far less active. So we hope these weekly posts help encourage more organic conversation and visibility for the community.
",145,50,1747671077.0,0.95,True,self.wholesomememes
1koc0sm,wholesomememes,What is a pleasant dream you had recently?,,32323,373,1747429964.0,0.97,False,i.redd.it
1kmh1vn,wholesomememes,Upstream Achievement,,7889,36,1747234050.0,1.0,False,i.redd.it
1klt7fy,wholesomememes,Share your wholesome moments!,"Hello Friends! As we have been seeing less posts on r/WholesomeMemes after trying a few things to increase engagement, we would like to invite you to have a more casual wholesome experience through a weekly post.

That’s where you are right now! 

——

Our rules (which have been used for many years) state that memes should be general and not specific. So we limit personal things like achievements, romantic relationships, and conversations. This helps keep things uplifting and motivational.

Last year (2024) we also stopped allowing social media posts and started requiring memes to be original content (OC) to reduce spam/bot reposts. This has led to a major decline in activity on the sub. This is a fate the mods have accepted for eliminating spam. We are open to feedback and have some ideas for later this year, but for now this is what we are proposing. If the community likes it, we’ll do this every week. 

———

So here in this thread we encourage you to share your wholesome moments, memories, and personal achievements in the comments. This can be something as simple as commenting, “I showed up for myself today!”

We have also enabled the option to add images in comments so you can share wholesome memes you have found or ones you made that might be too specific or personal. (If the image feature is abused it will be removed.) if you made a meme that follows our rules, please share it as a post instead.

Please keep in mind that all our other rules apply. No links/spam. No personal info or usernames. No politics. No NSFW. And don’t forget to keep it wholesome!",171,58,1747160323.0,0.97,True,self.wholesomememes
1klacpw,wholesomememes,[OC] Beginning of greatness,,4402,34,1747101420.0,1.0,False,i.redd.it
1kkzhif,wholesomememes,cute axolotl (oc),,1612,27,1747073271.0,0.99,False,i.redd.it
1kjp6fj,wholesomememes,Happy Mother's Day! [OC],,8811,17,1746925672.0,1.0,False,i.redd.it
1ke4wmz,wholesomememes,He just wanted to join the group.,,21644,72,1746311269.0,1.0,False,i.redd.it
1kb8kz7,wholesomememes,Lost &amp; Found,It’s still warm and likes to be held. ,2797,23,1745989582.0,1.0,False,i.redd.it
1k79p00,wholesomememes,Late Night Snacking [OC],,17434,44,1745546676.0,0.99,False,i.redd.it
1k3w9ia,wholesomememes,A reminder that Tom &amp; Jerry depend on eachother,"Well, not in that way, but think about it. Tom gives Jerry food and Jerry return ""pretend"" that he's being chased by Tom so neither lose their house and or life, it's kinda sweet.

(My explanations are crap so bare with me please.)",2604,40,1745182428.0,0.99,False,i.redd.it
1k3sw7w,wholesomememes,A singular path doesn’t need to define your existence,,16901,110,1745173074.0,0.98,False,i.redd.it
1k1jcwo,wholesomememes,Size 16 glass slippers,,7884,48,1744912907.0,0.96,False,i.redd.it
1jy5if5,wholesomememes,Staying Calm [OC],,8879,23,1744543584.0,1.0,False,i.redd.it
1jxu3q3,wholesomememes,A Sweet Reminder,,1884,35,1744499801.0,0.99,False,i.redd.it
1jwiw38,wholesomememes,A title of some kind.,,4876,20,1744350992.0,1.0,False,i.redd.it
1jwe728,wholesomememes,Something nice [OC],,21430,42,1744334625.0,1.0,False,i.redd.it
1jvyq9h,wholesomememes,The Club-Tailed Musician,,3692,10,1744293894.0,1.0,False,i.redd.it
1juiaqt,wholesomememes,"Its okay to make misteaks, in fact their necessary to learn and grow",,8953,75,1744130946.0,0.98,False,i.redd.it
1jrk2jv,wholesomememes,In this life and the next,,7400,41,1743794067.0,0.98,False,i.redd.it
1jreaz5,wholesomememes,Help support education and media literacy!,"Hello friends! Last month we held our first [Wholesome Meme Contest](https://www.reddit.com/r/wholesomememes/comments/1j2tngo/announcing_the_first_rwholesomememes_wholesome/) and a few days ago we [announced the winner](https://www.reddit.com/r/wholesomememes/comments/1jp1qnx/after_extensive_research_and_careful/) - u/that_doodleguy ! 

Due to Reddit’s contest policy, we decided to ask our winner to choose a non-profit to highlight and share with the community in addition to a fancy new user flair. 

If you are here looking for something wholesome, look no further than a mirror! Your support can make a difference in the lives of others. Please take a moment to learn about this organization and consider supporting their cause.

——— 

Agastya International Foundation is an Indian education trust and non-profit organization based in Bangalore, India whose mission is ""to spark curiosity, nurture creativity and instil confidence"" among economically disadvantaged children and teachers in India. 

Founded in 1999 by a team of scientists, educators, and entrepreneurs Agastya runs hands-on science and art education programs in rural, semi-urban, and urban regions across 19 Indian states. It is one of the world's largest mobile and hands-on science education programs catering to economically disadvantaged children and public-school teachers.

Their campaign focused on media literacy can be found [here](https://www.globalgiving.org/projects/media-literacy-for-rural-children-in-india/).

You can find more information on their website along with social media links at the bottom of the page:

https://www.agastya.org/aboutus

———

Thank you and have a wonderful day!",168,16,1743779604.0,0.95,True,self.wholesomememes
1jqthse,wholesomememes,Bee Beautiful,,1350,27,1743712577.0,1.0,False,i.redd.it
1jq58j0,wholesomememes,Dad checking up on his son,,10487,51,1743642275.0,1.0,False,i.redd.it
1jpy7p6,wholesomememes,We don't deserve Gnomes,,6731,25,1743623979.0,1.0,False,i.redd.it
1jpos93,wholesomememes,Poolside Encouragement,,4280,5,1743601161.0,0.99,False,i.redd.it
1jp8nu3,wholesomememes,Love isn't silly at all,,2030,43,1743546082.0,0.98,False,i.redd.it
1jp2w2q,wholesomememes,Hope I didn’t fool you too hard,,4959,27,1743532011.0,0.99,False,i.redd.it
1jp2a0n,wholesomememes,"""Comic I made based on a photo. Who has a kitchen helper?"" 🐾🐾🐾🐶😅",,516,11,1743530578.0,0.98,False,i.redd.it
1jp1qnx,wholesomememes,"After extensive research and careful consideration, the r/wholesomememes mod team has made the difficult decision to end","After extensive research and careful consideration, the r/wholesomememes mod team has made the difficult decision to end the use of non-whole numbers within our community. 

Starting today, only whole numbers will be permitted. If your post or comment includes a non-whole number, it will be removed and you will be required to complete the [Wholesome Math 101](https://youtu.be/o-YBDTqX_ZU) course by the end of the month. Failure to complete the course will collapse time and space, enveloping reality in endless darkness.

Please review the following numerical standards that will be implemented starting today:

✅ Whole Numbers Only! (keep it positive!)  
❌ No Fractions (they cause division)  
❌ No Decimals (too divisive, keep it whole)  
❌ No Negative Numbers (they are too pessimistic)  
❌ No Imaginary Numbers (they aren’t real and neither is the internet, go touch some grass)  
❌ No Irrational Numbers (Being irrational is not wholesome)  
❌ No Prime Numbers (they are too exclusive, and we are an inclusive community)  

———

Just fooling! Happy April Fool’s Day! 🃏  …but if that got you excited and you want to post memes with whole numbers, check out r/WholesumMemes

——

Last month we announced our first Wholesome Meme Contest!

https://www.reddit.com/r/wholesomememes/comments/1j2tngo/announcing_the_first_rwholesomememes_wholesome/

While we only had 23 posts that were approved last month, they were all very wonderful and wholesome. Thank you to all the participants!

Congratulations to our winner u/that_doodleguy - you have been given the title (and user flair) of
#🅜🅞🅢🅣🏆🅦🅗🅞🅛🅔🅢🅞🅜🅔
for your post 
https://www.reddit.com/r/wholesomememes/comments/1j54ad6/helping_out_dad_oc/

We will also be featuring a non-profit of your choice in a pinned post for the next month! We will send you a message with more info.

#Contest Runner-Up 🥈
In second place we have u/AbelBryanMedia with this post: 
https://www.reddit.com/r/wholesomememes/comments/1jb3ymy/sharing_is_caring/

#Contest Finalist🥉
In third place we have u/JimKB with this post: 
https://www.reddit.com/r/wholesomememes/comments/1j9k2sj/yaasferatu/

#Mod Choice 😊  
And finally, we chose u/The_Tree_Beard with this post: https://www.reddit.com/r/wholesomememes/comments/1j5hqth/life_is_good/

Thank you again to all our participants as well as users that voted, commented, reported to help make our community wholesome and original! As always, if you have any feedback about the community, feel free to leave a comment or send a mod mail.",886,54,1743529317.0,0.91,True,self.wholesomememes
1jp16xd,wholesomememes,happy april (oc by me),,407,9,1743527985.0,0.99,False,i.redd.it
1jo0eh7,wholesomememes,it's what I love most,,2104,10,1743418414.0,1.0,False,i.redd.it
1jnoz6y,wholesomememes,piggy flying into space (oc by me),,617,13,1743375203.0,0.97,False,i.redd.it
1jlk9iy,wholesomememes,Litte spiders everywhere [oc],,3544,54,1743127301.0,0.99,False,i.redd.it
1jl3z8g,wholesomememes,A Little Help,,5767,30,1743082293.0,0.99,False,i.redd.it
1jkpc55,wholesomememes,when it's true love (oc by me),,464,8,1743029989.0,0.99,False,i.redd.it
1jkf9p8,wholesomememes,Happy Manatee Appreciation Day! [OC],,2096,17,1743004897.0,1.0,False,i.redd.it
1ji0xyw,wholesomememes,Happy National Puppy Day! [OC],,2189,19,1742741339.0,0.98,False,i.redd.it
1jgwd2a,wholesomememes,Little drawing I did for my friends ( they gave me an image and I had to make a comic) :),Like it? :),275,10,1742604416.0,0.95,False,i.redd.it
1jfpjip,wholesomememes,Set an example :) [oc],,7321,37,1742479170.0,0.99,False,i.redd.it
1jf62of,wholesomememes,Personality Pig,My Cup of Pup did well. Here's a Pig I did as well. It's not perfect. ,392,11,1742414035.0,0.97,False,i.redd.it
1jf46eh,wholesomememes,What what? [OC],,8758,49,1742409386.0,1.0,False,i.redd.it
1jf3it3,wholesomememes,you can do the thing,,1035,21,1742407756.0,0.99,False,i.redd.it
1jexanl,wholesomememes,2 AM water tastes so heavenly after waking up parched,,1706,21,1742391869.0,0.99,False,i.redd.it
1jbek7c,wholesomememes,you can find a way,,1068,21,1741986904.0,0.99,False,i.redd.it
1jb3ymy,wholesomememes,Sharing Is Caring,,18190,32,1741959074.0,1.0,False,i.redd.it
1j9k2sj,wholesomememes,Yaasferatu,,15845,42,1741786129.0,1.0,False,i.redd.it
1j6jwh9,wholesomememes,it's all about the bunky,,11422,36,1741448855.0,0.99,False,i.redd.it
1j5txeb,wholesomememes,Bring mom food [OC],,18199,35,1741367610.0,1.0,False,i.redd.it
1j5hqth,wholesomememes,Life is good,,5585,62,1741331177.0,1.0,False,i.imgur.com
1j54ad6,wholesomememes,Helping Out Dad [OC],,34099,56,1741290571.0,0.98,False,i.redd.it
1j4l4pg,wholesomememes,kitty cat angel (oc by me),,719,12,1741228139.0,0.98,False,i.redd.it
1j42ln9,wholesomememes,hope for the monster,,8383,63,1741179900.0,0.99,False,i.redd.it
1j3dvzg,wholesomememes,Another Clam's Pearl,,3208,26,1741103624.0,0.97,False,i.redd.it
1j33wpn,wholesomememes,A cup of pup!,One of my coloring requests. ,722,4,1741066862.0,0.98,False,i.redd.it
1j2xtn1,wholesomememes,when you're in love (oc by me),,1554,20,1741047573.0,0.99,False,i.redd.it
1j2tngo,wholesomememes,Announcing the first r/WholesomeMemes Wholesome Meme Contest!,,1029,26,1741036494.0,0.95,False,v.redd.it
1j10re3,wholesomememes,"Practice makes perfect and progress, but remember to be easy on yourself if feeling exhausted",,926,11,1740839637.0,0.99,False,i.redd.it
1j0i2tf,wholesomememes,I don't love you,,2972,14,1740776159.0,0.99,False,i.redd.it
1izxx50,wholesomememes,Befriending the Void,,4324,13,1740711696.0,1.0,False,i.redd.it
1izq8wk,wholesomememes,I made a happy ending for this meme,,15449,40,1740689755.0,0.99,False,i.redd.it
1ivph7p,wholesomememes,"don't wait for the perfect moment, take the moment and make it perfect (oc by me)",,778,32,1740248998.0,1.0,False,i.redd.it
1iutfki,wholesomememes,"Ideed, friend...indeed indeed!",,14305,117,1740151498.0,1.0,False,i.redd.it
1itzslk,wholesomememes,A Brand New Hat,,7939,26,1740061897.0,0.99,False,i.redd.it
1itwxgv,wholesomememes,"Here i am, most powerful human in the world, filled with love",,3132,38,1740053040.0,0.99,False,i.redd.it
1ir9in4,wholesomememes,when you're in love (oc by me),,4081,35,1739759675.0,1.0,False,i.redd.it
1iq182r,wholesomememes,I have no idea,,3760,19,1739625746.0,1.0,False,i.redd.it
1ipy6mg,wholesomememes,Being cute with it [OC],,15607,48,1739613257.0,1.0,False,i.redd.it
1ipbfbb,wholesomememes,and I mean NOBODY,,1920,20,1739542328.0,1.0,False,i.redd.it
1ipbc56,wholesomememes,Homemade Valentines,,11467,23,1739542060.0,1.0,False,i.redd.it
1inco4d,wholesomememes,Find Joy In The Little Things,"What are your little things?

I like a home cooked meal, tea and squishmallows.",1250,26,1739316204.0,0.97,False,i.redd.it
1imuhz0,wholesomememes,Hydro Homies,,20963,36,1739264693.0,1.0,False,i.redd.it
1imlpsf,wholesomememes,Keep going with you💋 | OC,,3009,35,1739233621.0,0.98,False,i.redd.it
1ilz9ih,wholesomememes,It's ok to feel lost,What have you gotten lost in?,5884,37,1739166760.0,1.0,False,i.redd.it
1il9ubi,wholesomememes,me to little me,What would you tell your little me?,3928,30,1739087827.0,0.99,False,i.redd.it
1ijwypr,wholesomememes,the world.,,5650,23,1738940539.0,1.0,False,i.redd.it
1iitssk,wholesomememes,i try again :),,13559,85,1738814568.0,0.99,False,i.redd.it
1iidart,wholesomememes,Slow and Steady,,4103,13,1738771198.0,0.99,False,i.redd.it
1ihsmtt,wholesomememes,A bad influence,,5861,22,1738703488.0,1.0,False,i.redd.it
1ihi41x,wholesomememes,"Don't let it hold back or be the end, it shall pass sooner",,1151,42,1738677162.0,0.93,False,i.redd.it
1ifvb0c,wholesomememes,I wouldn't change a thing,,6606,33,1738495630.0,1.0,False,i.redd.it
1ie4ycy,wholesomememes,Predict Your 2025 — Happy Lunar New Years!,,2005,164,1738291748.0,0.98,False,i.redd.it
1ibc62y,wholesomememes,"Make friends, not war (oc)",,21253,95,1737992828.0,0.99,False,i.redd.it
1iajaro,wholesomememes,do you want to know?,,7604,49,1737909839.0,0.99,False,i.redd.it
1i9tj3w,wholesomememes,hold on to that feelin' (oc),,716,51,1737829946.0,0.97,False,i.redd.it
1i8vok3,wholesomememes,Feeling down? [OC],,52449,103,1737726235.0,0.98,False,i.redd.it
1i6juww,wholesomememes,Bob and Nessy: Lake Cleanup,,17331,41,1737469940.0,0.99,False,i.redd.it
1i653ci,wholesomememes,when you find the one (OC),,1748,18,1737417388.0,0.99,False,i.redd.it
1i5n33p,wholesomememes,You lost 😌💫,,9616,61,1737368038.0,0.99,False,i.redd.it
1i52edd,wholesomememes,vrooooooooom!,,2805,21,1737304298.0,0.99,False,i.redd.it
1i4y4z6,wholesomememes,Qwest! (OC),,12156,34,1737292368.0,0.99,False,i.redd.it
1i3eg6e,wholesomememes,everything is possible,,7161,27,1737113876.0,0.99,False,i.redd.it
1i2lr0w,wholesomememes,New core memory unlocked ,,27956,74,1737022134.0,0.99,False,i.redd.it
1i0sevi,wholesomememes,Make sure your sisters are safe everyone ,,82585,294,1736812168.0,0.94,False,i.redd.it
1i0df0f,wholesomememes,It's what I can do,,8199,43,1736773293.0,1.0,False,i.redd.it
1hzo7qk,wholesomememes,trying matters,,26183,58,1736693282.0,0.99,False,i.redd.it
1hy7xkz,wholesomememes,Be the one for them to make a world full of them,,14054,56,1736525568.0,0.99,False,i.redd.it
1hwufbg,wholesomememes,Who needs an anesthesiologist,,5437,21,1736369069.0,0.99,False,i.redd.it
1hwljub,wholesomememes,"New Year, New Me",,21080,38,1736346794.0,1.0,False,i.redd.it
1huz0e4,wholesomememes,Give me a sign universe [OC],,15668,23,1736170189.0,1.0,False,i.redd.it
1hstpug,wholesomememes,Already got some workouts in 💪💪💪,,6435,34,1735929992.0,1.0,False,i.redd.it
1hrv5mk,wholesomememes,The Last Year,,5010,24,1735828856.0,0.99,False,i.redd.it
1hqqy9n,wholesomememes,How it started VS how it's going,,9311,172,1735688566.0,0.98,False,i.redd.it
1hqg2mj,wholesomememes,New Year's Eve,,50961,93,1735656244.0,0.99,False,i.redd.it
1hm6dri,wholesomememes,Reverse uno,,31488,57,1735152366.0,0.99,False,i.redd.it
1hm4n7u,wholesomememes,Merry Christmas Everyone!,,7662,78,1735146895.0,0.97,False,i.redd.it
1hm1c2v,wholesomememes,The perfect gift &lt;3,,4265,43,1735135642.0,0.99,False,i.redd.it
1hls422,wholesomememes,I was a double spy that day,This is my relationship goal,8018,19,1735094353.0,1.0,False,i.redd.it
1hlfh26,wholesomememes,every time,,17619,40,1735053084.0,0.99,False,i.redd.it
1hldhf0,wholesomememes,Deck The Halls,,2443,16,1735046707.0,1.0,False,i.redd.it
1hjhktt,wholesomememes,when you're in love (OC),,2661,26,1734810488.0,0.99,False,i.redd.it
1hi4em0,wholesomememes,"The lesser the luxury, the lesser the misery",,34975,80,1734645815.0,0.96,False,i.redd.it
1hh1bii,wholesomememes,everybody deserves a happy holiday,,24454,65,1734527665.0,0.99,False,i.redd.it
1hgbwp2,wholesomememes,Following The Recipe,,9455,47,1734446025.0,0.99,False,i.redd.it
1hetutv,wholesomememes,The little things &lt;3,,12581,98,1734273493.0,0.99,False,i.redd.it
1hei3de,wholesomememes,this applies for forgiving ourselves and others [OC],,9408,202,1734227060.0,0.97,False,i.redd.it
1hdi005,wholesomememes,when you can't carry on,,6330,40,1734112519.0,1.0,False,i.redd.it
1hc49va,wholesomememes,encouraging popsicle art with pun (original content by me),,1260,23,1733951664.0,0.99,False,i.redd.it
1hbvln8,wholesomememes,Homewrecker [OC],,14138,47,1733929863.0,0.99,False,i.redd.it
1hb8i2c,wholesomememes,"Merry Christmas, ma",,2392,17,1733855234.0,0.99,False,i.redd.it
1haw2co,wholesomememes,Helping others was never loss ,,15475,59,1733813944.0,1.0,False,i.redd.it
1hahrqm,wholesomememes,Never forgetting that ,,5304,43,1733771831.0,1.0,False,i.redd.it
1h8ziro,wholesomememes,a toast to you,,2285,35,1733598085.0,0.99,False,i.redd.it
1h7z3wh,wholesomememes,Successful in life [OC],,22717,36,1733483731.0,1.0,False,i.redd.it
1h7ts6r,wholesomememes,"Yes it does, indeed it does.",,7870,78,1733461503.0,0.99,False,i.redd.it
1h6hr0d,wholesomememes,Wholesome Magic ,,24279,43,1733323678.0,0.99,False,i.redd.it
1h6fje5,wholesomememes,The Perfect Gift,,2826,15,1733317610.0,0.99,False,i.redd.it
1h5tuqw,wholesomememes,go little rockstar,,3536,40,1733249413.0,1.0,False,i.redd.it
1h5oa6b,wholesomememes,Hope you all also have a good day ,,1884,44,1733235152.0,0.99,False,i.redd.it
1h4v2ou,wholesomememes,go to your happy place,,6894,29,1733146494.0,0.99,False,i.redd.it
1h4evff,wholesomememes,Don't worry Voyager I - we will always be there for you.,,1558,20,1733090578.0,1.0,False,i.redd.it
1h46yj6,wholesomememes,Oldest trick in the book,,12742,23,1733070351.0,1.0,False,i.redd.it
1h3twl4,wholesomememes,"This sub made my day so much better, thank you and heres my first post :D (sorry if its hard to read) (OC)",,242,38,1733023117.0,0.97,False,i.redd.it
1h3o4uv,wholesomememes,Gotta watch out for them. Especially this time of year,,9185,42,1733005687.0,0.99,False,i.redd.it
1h2x9g3,wholesomememes,Things will be easier if we stick together  ,,7245,46,1732918258.0,0.97,False,i.redd.it
1h2tv7l,wholesomememes,Avatar: The Last Airbender Wholesome GIF Competition ,"Greetings friends!

Today we are featuring a GIF competition from the r/IronGif community using content from Avatar: The Last Airbender.

The rules are simple: Watch the GIFs (or videos) below, and then go to the Straw Poll link to vote for your favorite one!

# [https://strawpoll.com/05Zdzvv4Dn6](https://strawpoll.com/05Zdzvv4Dn6)

\^ \^ \^ \^ \^ VOTE HERE \^ \^ \^ \^ \^


___
___



https://i.redd.it/fpvmjdpn1w3e1.gif
# ^ Tea with Iroh 
- u/bloopledebleep1

___
___



https://i.redd.it/z9dsyweo1w3e1.gif
# ^ How to make the best tea 
- u/QuicklyThisWay

___
___



https://reddit.com/link/1h2tv7l/video/82os9hq03w3e1/player
# ^ It eventually gets better 
- u/Sennen-Goroshi

___
___



https://reddit.com/link/1h2tv7l/video/goxncab23w3e1/player
# ^ Me and my buddy fishing for some wholesome content in these dark times 
- u/ThisIsFips

___
___



https://reddit.com/link/1h2tv7l/video/qavrhfj33w3e1/player
# ^ There’s always something new on the horizon 
- u/USSRsuicide

___
___


https://i.redd.it/1xlemc553w3e1.gif
# ^ MRW I make too much pasta once again 
- u/TheBigCheese146


___
___



Thank you to all of the participants and all of you for watching and voting!

If you are interested in learning more about making GIFs and how to participate in future competitions, check out r/IronGif and their [Discord](https://discord.gg/ANQtmAX).",59,9,1732908940.0,0.82,True,self.wholesomememes
1h2ahm4,wholesomememes,"Although people like this are rare, it always warms my heart.",,4902,39,1732843238.0,1.0,False,i.redd.it
1h22g46,wholesomememes,Thou art my soul,,1625,10,1732818606.0,0.99,False,i.redd.it
1h1xosk,wholesomememes,Giving Thanks,,8385,15,1732805762.0,0.99,False,i.redd.it
1h1tcje,wholesomememes,Remember to water your dream and and take care of it with patience and effort,,1095,8,1732790718.0,0.99,False,i.redd.it
1h1k3j6,wholesomememes,chosen family is family,,2073,38,1732755868.0,0.98,False,i.redd.it
1h19qyz,wholesomememes,"It's true, it's my favorite thing in the evenings.",,491,15,1732728532.0,0.99,False,i.redd.it
1h14zgs,wholesomememes,I would rather,,9024,32,1732716112.0,0.99,False,i.redd.it
1h14z33,wholesomememes,some people say,,3244,20,1732716088.0,0.99,False,i.redd.it
1h0nedb,wholesomememes,A moment of your time,,2207,19,1732656625.0,0.99,False,i.redd.it
1h0fl10,wholesomememes,"Best you'll get is happiness &amp; worst ""free of worries &amp; suffocations""",,2022,21,1732637669.0,0.99,False,i.redd.it
1gymium,wholesomememes,I miss playing the ps2 with my elder brother when we were young!,,6632,67,1732437778.0,1.0,False,i.redd.it
1gy2n1p,wholesomememes,Turning Chef Mode On for the Fam,,13974,41,1732377056.0,0.99,False,i.redd.it
1gxk1m8,wholesomememes,"Don't worry, you can do it!",,6884,44,1732314038.0,1.0,False,i.redd.it
1gx6y88,wholesomememes,enjoying life,"enjoy everything, do whatever you want, do what makes you happy ",3325,25,1732279400.0,1.0,False,i.redd.it
1gwkffs,wholesomememes,"I love you, bear-bear 🧸💕",,3126,23,1732209108.0,0.99,False,i.redd.it
1gw415h,wholesomememes,the family that chooses you back,,1022,5,1732151708.0,1.0,False,i.redd.it
1gvkbf8,wholesomememes,Love Yourself {oc},,4356,53,1732088390.0,0.99,False,i.redd.it
1gv0ld4,wholesomememes,Aww that's great grandma,,8975,41,1732032216.0,0.99,False,i.redd.it
1guy9hi,wholesomememes,Butterfly Wisdom,,3399,23,1732026163.0,0.99,False,i.redd.it
1gudawn,wholesomememes,Thanks past me ,,4505,39,1731958370.0,0.99,False,i.imgur.com
1gsrufi,wholesomememes,This is the story of a girl,,31790,165,1731776998.0,0.97,False,i.redd.it
1grkqlp,wholesomememes,"Don’t drive yourself Psycho, it’s okay to take care of yourself",,2252,51,1731633530.0,0.98,False,i.redd.it
1gpjvrv,wholesomememes,"Proposal: Whenever a thread gets toxic, let’s all reply with the F.U.N. song lyrics from SpongeBob.",,858,101,1731415512.0,0.9,False,i.redd.it
1gmm8mv,wholesomememes,"In the darkest of times, a little hope shines bright",,2174,39,1731082524.0,1.0,False,i.redd.it
1glwq0f,wholesomememes,Mary hd a lil lamb that cares for the homies,,3479,35,1731002496.0,1.0,False,i.redd.it
1gls15f,wholesomememes,Embrace your happiness!,Today’s smile question: what makes you happy?,2536,32,1730990622.0,0.99,False,i.redd.it
1glrdnp,wholesomememes,Birthday Cake,,7496,67,1730988851.0,0.99,False,i.redd.it
1glis5w,wholesomememes,Regardless of what's going on in the world right now remember you'll always be a good noodle! 🙂 🌟✨💫 Art by me~,,509,21,1730955367.0,0.99,False,i.redd.it
1gkw142,wholesomememes,"Fight for it with positive action and working towards constructive change in the future, not with bloodshed and violence",,3303,61,1730891303.0,0.96,False,i.redd.it
1gkfh4z,wholesomememes,Haters gon’ hate,,3759,42,1730836023.0,0.99,False,i.redd.it
1gjzpfw,wholesomememes,Encouragement for all wholesome friends [OC],H,1747,20,1730784909.0,0.99,False,i.redd.it
1gjsw0m,wholesomememes,The internet can be pretty cool sometimes ,,7381,60,1730763690.0,0.98,False,i.redd.it
1ghhvp7,wholesomememes,Daily Affirmation,Doggo belongs to u/fshlady,9884,43,1730500550.0,0.98,False,i.redd.it
1gh9ixb,wholesomememes,"I‘m proud of you, bear-bear (oc)",,5057,33,1730478565.0,1.0,False,i.redd.it
1ggzcfd,wholesomememes,Bed time story!~ Art by me ^^,,767,13,1730443176.0,1.0,False,i.redd.it
1gfuyjl,wholesomememes,Lottery Winner,,18080,61,1730316352.0,0.98,False,i.redd.it
1gfmlqu,wholesomememes,Raccoon Picnic,,3319,16,1730295131.0,0.99,False,i.redd.it
1gfmfpo,wholesomememes,Your victory matters,"Today’s smile question: what helps you smile?

For me, it’s knowing that I can help you smile with my work!",9796,73,1730294654.0,0.99,False,i.redd.it
1geekmi,wholesomememes,Spooky Season 🎃 [OC],,13454,70,1730153051.0,0.98,False,i.redd.it
1gcl740,wholesomememes,Find your way,"Today’s smile question: what is your dream?

Mine is to always help you smile!",15297,36,1729949632.0,0.99,False,i.redd.it
1gbzb14,wholesomememes,Breaking cycles is badass [OC],,15071,64,1729876088.0,0.99,False,i.redd.it
1gbhofl,wholesomememes,"Feelings are valid, always!",,6993,59,1729816038.0,1.0,False,i.redd.it
1gb2xh5,wholesomememes,A Thoughtful Gift,,55175,144,1729777358.0,0.97,False,i.redd.it
1gao6u3,wholesomememes,"We got you, bear-bear 🧸💕[OC]",,8784,48,1729725023.0,0.99,False,i.redd.it
1g8j3ig,wholesomememes,Everything reminds me of you [OC],,7463,27,1729491287.0,1.0,False,i.redd.it
1g81dic,wholesomememes,"I believe in you, bear-bear💕",,21965,63,1729438379.0,0.99,False,i.redd.it
1g649kw,wholesomememes,I‘m glad I exist and I love my life rn,,32268,234,1729207063.0,0.97,False,i.redd.it
1g5hki7,wholesomememes,Sometimes it is the bad days that help us appreciate how much we have grown ,,12550,79,1729135135.0,1.0,False,i.redd.it
1g52kex,wholesomememes,Everyone deserves emotional support!,,14412,63,1729093710.0,0.99,False,i.redd.it
1g492av,wholesomememes,The moment I felt like I had it together [OC],,28895,68,1729002588.0,1.0,False,i.redd.it
1g46mgc,wholesomememes,You’re quite the catch!,Today’s smile question: who do you want to share the world with?,5572,43,1728995699.0,0.96,False,i.redd.it
1g1mjgp,wholesomememes,father's day 🥲,,3299,42,1728687608.0,0.91,False,i.redd.it
1g1iwwj,wholesomememes,Made this for dndmemes but it felt appropriate for here as well,,27080,112,1728677491.0,0.99,False,i.redd.it
1g1huzd,wholesomememes,Original [OC],,8605,56,1728674656.0,0.99,False,i.redd.it
1g1b3qk,wholesomememes,Bob and Nessy #3,,7714,21,1728656909.0,1.0,False,i.redd.it
1g0je9z,wholesomememes,Wholesome Halloween,,4026,30,1728568577.0,1.0,False,i.redd.it
1fz8886,wholesomememes,You’re my soulmate [OC],Today’s smile question: what qualities do you look for in a soulmate?,7887,63,1728415463.0,0.98,False,i.redd.it
1fy4w5i,wholesomememes,Candy Courtesy,,6252,23,1728298901.0,0.99,False,i.redd.it
1fvvlsj,wholesomememes,"My mental health journey has been long, but so worth it :)",,9814,229,1728036361.0,0.97,False,i.redd.it
1fve8c6,wholesomememes,this deserves to be here as a reminder for artits/writters that it's ok if it's not perfect already in first try😊,,9819,82,1727979169.0,1.0,False,i.redd.it
1fuvyhu,wholesomememes,A lil comic about not being alone! ^^,,785,16,1727917351.0,0.99,False,i.redd.it
1fuu7a4,wholesomememes,I was just infodumping to her about MCR a few days ago,,9839,69,1727912039.0,0.99,False,i.redd.it
1fue09w,wholesomememes,A rocking birthday [OC],,4349,39,1727868957.0,0.99,False,i.redd.it
1ftyh7l,wholesomememes,He’s easy on the eyes too ;),I,1791,38,1727815147.0,0.99,False,i.redd.it
1fsv52e,wholesomememes,Bee Here With Me,,11292,42,1727701742.0,0.99,False,i.redd.it
1fs0byv,wholesomememes,I‘m bad at using words to cheer my friend up so I made a meme,,9008,29,1727601134.0,0.99,False,i.redd.it
1frlexn,wholesomememes,ITS OVER!!!! (Sighs) Its finally over \( ᐖ)/ ,,8338,178,1727549872.0,0.99,False,i.redd.it
1fp7f09,wholesomememes,Therapy's going well,,9209,64,1727278530.0,0.99,False,i.redd.it
1fod6pg,wholesomememes,Bob and Nessy #2,,27138,79,1727186371.0,0.99,False,i.redd.it
1focktd,wholesomememes,We’re unstoppable [OC],,2760,34,1727184736.0,0.97,False,i.redd.it
1fno05p,wholesomememes,delayed gratification,,13111,44,1727107233.0,1.0,False,i.redd.it
1fmzv7a,wholesomememes,"Changing your thinking to increase motivation to pursue your goals can be hard, but it's possible",,9551,88,1727029370.0,0.99,False,i.redd.it
1fkor8j,wholesomememes,Hope is the ultimate glow-up,,13988,108,1726762545.0,0.99,False,i.redd.it
1fi65fd,wholesomememes,Bob and Nessy,,31545,106,1726497151.0,0.94,False,i.redd.it
1fh9p41,wholesomememes,We'll win. Don't give up.,,7853,72,1726397092.0,0.97,False,i.redd.it
1fghe76,wholesomememes,Life is all about being a little better than you were yesterday.,,9628,74,1726301928.0,0.98,False,i.redd.it
1ffx8ap,wholesomememes,"Throwing you some nice uplifting things, perhaps this will improve you day a bit ^ ^",,1347,39,1726240524.0,0.98,False,i.redd.it
1ffsgem,wholesomememes,beak and squeak [OC] can’t run,,1332,28,1726227212.0,0.98,False,i.redd.it
1ffl5pk,wholesomememes,Makes you feel like a new you!,,2599,36,1726197908.0,0.99,False,i.redd.it
1ff70yu,wholesomememes,Midnight Relief,,3168,39,1726159127.0,1.0,False,i.redd.it
1fe4l9z,wholesomememes,It really does make my day,,9551,50,1726040593.0,1.0,False,i.imgur.com
1fcrndk,wholesomememes,Babysitting,,404,19,1725894336.0,0.87,False,i.redd.it
1fcqggc,wholesomememes,moments like this :'),,6942,37,1725891275.0,0.99,False,i.redd.it
1fcoskc,wholesomememes,Cupcakes all the way! ,,4365,79,1725886653.0,0.96,False,i.redd.it
1fciixh,wholesomememes,My humble contribution,,16906,54,1725861404.0,1.0,False,i.redd.it
1fbt8gv,wholesomememes,Together we're unstoppable!,,8479,133,1725784946.0,0.95,False,i.redd.it
1fbq6ax,wholesomememes,Trying to update a classic meme,,6093,58,1725771992.0,0.99,False,i.redd.it
1fb8lug,wholesomememes,The amount of good things people are capable of doing is astounding,,9607,61,1725720435.0,0.98,False,i.redd.it
1fasjfw,wholesomememes,There is always someone who believes in you!,,2840,41,1725663503.0,0.99,False,i.redd.it
1fa7tw8,wholesomememes,Just what the good guys needed!,,11622,106,1725601320.0,0.99,False,i.redd.it
1fa7ipy,wholesomememes,OC for Post-Bot Purge,Kinda at least somewhat wholesome. ,2610,37,1725600093.0,0.99,False,i.redd.it
1f9los3,wholesomememes,Good Morning [OC],,6341,32,1725540692.0,0.97,False,i.redd.it
1f9jhh4,wholesomememes,"It feels good to receive positive things (homemade meme, I hope you enjoy it)",,1186,17,1725533620.0,0.99,False,i.redd.it
1f9gknh,wholesomememes,Qwest? (OC),,27981,72,1725521081.0,0.97,False,i.redd.it
1f94k94,wholesomememes,Bo frikin yeah!,,5035,105,1725483727.0,0.98,False,i.redd.it
1f90sxq,wholesomememes,Thank you.,,12447,22,1725474658.0,0.99,False,i.redd.it
1f8zje9,wholesomememes,Old-timey selfie,,1179,16,1725471657.0,0.99,False,i.redd.it
1f8u6xl,wholesomememes,dinner time! 😋,,9985,280,1725458716.0,0.86,False,i.redd.it
1f8ttxy,wholesomememes,Personal Triumph,,10212,79,1725457809.0,0.98,False,i.redd.it
1f8rl3j,wholesomememes,He makes me feel safe and loved.,,2535,57,1725451616.0,0.98,False,i.redd.it
1f8q84q,wholesomememes,"Y'all, I am really moved",,21842,63,1725447147.0,0.97,False,i.redd.it
1f8pdb7,wholesomememes,Friendly reminder there doesn’t need to be anything “wrong” with you to necessitate therapy. You can go just to talk to someone about everyday life stuff,,855,31,1725443901.0,0.97,False,i.imgur.com
1f8ov0w,wholesomememes,Newborns smell amazing,,3943,269,1725441732.0,0.84,False,i.redd.it
1f8o3tq,wholesomememes,It's just really hard for him.,,1872,21,1725438508.0,0.99,False,i.redd.it
1f8mnl7,wholesomememes,Trying new things is scary but can lead to some positive changes! ,,6210,59,1725432118.0,0.99,False,i.redd.it
1f8kyjq,wholesomememes,"Indomitable Human Spirit sure is something. Make nice memes, y'all.",,640,5,1725425484.0,1.0,False,i.redd.it
1f8j2xg,wholesomememes,[OC] For my gamers out there !,"I made that a while ago, I don't remember where I posted it, but here it is again ! We need OC posts, I'm doing my part !",3864,64,1725419259.0,0.99,False,i.redd.it
1f8frt6,wholesomememes,I am so proud of my kid,,313,3,1725409747.0,0.99,False,i.imgflip.com
1f8dutq,wholesomememes,Sometimes it’s hard to choose.,,435,48,1725404430.0,0.92,False,i.redd.it
1f89vp7,wholesomememes,Here's my contribution ,,203,1,1725394029.0,0.98,False,i.redd.it
1f89k3j,wholesomememes,My attempt at making a wholesome meme,,330,14,1725393272.0,0.99,False,i.redd.it
1f89d0p,wholesomememes,The longest game of hide and seek [OC],,1571,60,1725392784.0,0.99,False,i.redd.it
1f898f8,wholesomememes,My daughter made me cry happy tears last night after a rough couple of weeks.,,262,1,1725392469.0,0.98,False,i.redd.it
1f88xcb,wholesomememes,Love exist 💕 //OC,Art by me,489,6,1725391737.0,0.99,False,i.redd.it
1f88rhz,wholesomememes,You guys seemed to like my other post so I made this one too,,238,2,1725391352.0,0.99,False,i.redd.it
1f88621,wholesomememes,FROG IS PROUD,,216,5,1725389970.0,1.0,False,i.redd.it
1f87ypa,wholesomememes,Goodbye Summer. Hello fall.,,552,11,1725389493.0,0.99,False,i.redd.it
1f87ync,wholesomememes,Posted by a real human!,,349,5,1725389490.0,0.96,False,i.redd.it
1f87hdi,wholesomememes,"A day may come when the courage of men fails, when we forsake our friends and fellowship, but it is not this day!",,207,1,1725388365.0,0.99,False,i.redd.it
1f87fib,wholesomememes,When you realize all the memes you loved were all bots,,228,9,1725388241.0,0.95,False,i.redd.it
1f86zet,wholesomememes,We need more positivity and joy,,243,1,1725387189.0,0.98,False,i.redd.it
1f86pja,wholesomememes,Good to see the humans back ,,7788,19,1725386546.0,0.99,False,i.redd.it
1f86olj,wholesomememes,When giving up isn't an option.,,2362,21,1725386489.0,0.99,False,i.redd.it
1f86lyz,wholesomememes,"It's not funny, but it is both wholesome and sincerely true! (Go Human Beings!) ",,989,13,1725386325.0,0.99,False,i.redd.it
1f85zld,wholesomememes,Your brain on video games [OC],,3495,16,1725384846.0,0.99,False,i.redd.it
1f85k8a,wholesomememes,Sometimes the turn tables in your direction,,12150,34,1725383844.0,0.99,False,i.redd.it
1f850j9,wholesomememes,Thank you! We appreciate you! You're great! :D,,1244,5,1725382581.0,0.99,False,i.redd.it
1f84p6l,wholesomememes,Glad to be able to step up for my friend!,"She was going through a breakup and I sent her texts and did an Amazon order to send her some self-care stuff. 

Support looks different for everyone, and we won't always have the capacity or the means to do everything we wish we could, but doing what we can is important 😤👍 

If you've only got 10% of your energy to give, and you gave 10%, then you gave 100% 🫶",479,3,1725381846.0,1.0,False,i.redd.it
1f844y9,wholesomememes,Let's show them bots!,,2006,5,1725380508.0,0.99,False,i.redd.it
1f83zus,wholesomememes,You do you!,,196,13,1725380181.0,0.99,False,i.redd.it
1f83m9p,wholesomememes,since the sub needs more oc heres an attempt lol,,303,2,1725379303.0,0.98,False,i.redd.it
1f82rn6,wholesomememes,"A warm nice cup of tea, especially when made by someone dear, can soothe your mind [OC]",,312,5,1725377237.0,0.99,False,i.redd.it
1f82of9,wholesomememes,"Felt the air with my hands, it felt a lot like water",,218,3,1725377018.0,0.99,False,i.redd.it
1f82coz,wholesomememes,It will be a very nice day! ,,722,8,1725376223.0,0.97,False,i.redd.it
1f8209g,wholesomememes,I love prevailing together!,,575,4,1725375373.0,1.0,False,i.redd.it
1f81p9y,wholesomememes,Just like that smell coming from a fresh-from-the-box game console that was the smashing hit during your childhood (OC Gif Meme),,746,23,1725374618.0,0.99,False,i.redd.it
1f81jgg,wholesomememes,Saw this on a run a while back,,97,5,1725374207.0,1.0,False,i.redd.it
1f81bkt,wholesomememes,Breaking free (oc),This is really my cat and a squirrel we've been feeding 🐈🐿️,755,14,1725373653.0,0.95,False,i.redd.it
1f81aa3,wholesomememes,A good talk with a good friend can go a long way,"A little piece of advise a friend of mine gave me in one of those long talks we had recently. Also, now that the sub is free of the bot menace, I wanted to put my grain of sand, being always a lurker around here. Have a great day everyone :)",961,29,1725373556.0,0.99,False,i.redd.it
1f80s9u,wholesomememes,I heard we're fighting Dead Internet Theory?,,3628,26,1725372277.0,0.99,False,i.redd.it
1f802vg,wholesomememes,"I love this ""Only OC"" rule",,7632,26,1725370449.0,0.99,False,i.redd.it
1f7zt1c,wholesomememes,Sometimes just being a lot is helpful,,5260,35,1725369725.0,0.99,False,i.redd.it
1f7zqll,wholesomememes,Buy yourself an icecream ,,30804,370,1725369552.0,0.97,False,i.redd.it
1f7zpwq,wholesomememes,Team Human #1,,7772,34,1725369502.0,0.98,False,i.redd.it
1f7zp7f,wholesomememes,You are cute as a capybara,Humans (primates) and capybara (rodents) both belong to the an evolutionary clade called [Euarchontoglires](https://en.m.wikipedia.org/wiki/Euarchontoglires).,5145,51,1725369453.0,0.99,False,i.redd.it
1f7zf8q,wholesomememes,I think the bots being gone is very wholesome ,,12637,100,1725368704.0,0.98,False,i.redd.it
1f7zdbl,wholesomememes,It's all about how you see the return to work (OC),,1686,25,1725368564.0,0.98,False,i.redd.it
1f7ygfw,wholesomememes,We need your OC wholesome memes please!,,34022,454,1725365927.0,0.94,False,i.redd.it
1f64m2f,wholesomememes,They know how to spoil them grandkids!,,16388,85,1725159727.0,0.98,False,i.redd.it
1f61w69,wholesomememes,Showing your kids how important self-care is ,,15888,76,1725150908.0,0.98,False,i.redd.it
1f5v7cw,wholesomememes,r/WholesomeMemes will only allow original content (OC),"Hey friendos! 

The best way for us to take back our community from spam and bots is to be very selective of the content we allow here. 

Here are the main things we are looking for:

* Is it wholesome?
   * Uplifting, life-affirming, kind.
   * This is subjective at the discretion of moderators. 
* Is it a meme?
   * A meme is an image or video/gif with text included in or on the image.
   * Screenshots of social media or news are not memes.
   * OC Comics are allowed as long as they are wholesome.
* Is it original content (OC)?
   * If you did not personally make the meme, do not post it!
   * Edited comics are also allowed as long as you are the one that edited it.
   * No reposts are allowed! It doesn’t matter if it has not been posted in the community before. If you did not make it, it is considered a repost. The only exception being that you personally made a meme and did not share it in our community EVER. We only want original content.

Please be sure to read all of our rules on the sidebar. Make sure that your comments are wholesome too as we do not tolerate hatred or bigotry of any kind. If you see a post or comment that breaks our rules, please report it so mods can take action. All posts for the time being will need to be approved by a moderator, so please allow up to a 24 hours for us approve your meme or follow up with any reports. Moderators are humans too, so if we make a mistake or if you have any feedback, please send us a modmail so we can take action.

https://preview.redd.it/njde91t5u1md1.jpg?width=1000&amp;format=pjpg&amp;auto=webp&amp;s=31d6937c22f7c26a0b3ddb1edcda44deaf3001ab",2672,59,1725132083.0,0.98,True,self.wholesomememes
1f532xj,wholesomememes,Kids these days! [OC],,32511,224,1725044160.0,0.84,False,i.redd.it
1f4adp4,wholesomememes,what if they do?,,36870,350,1724957718.0,0.95,False,i.redd.it
1f3u9q6,wholesomememes,Thanks to everyone who helped me keep trying when I didn't believe in myself,,5889,54,1724907326.0,0.99,False,i.redd.it
1f3cdvh,wholesomememes,I find nature so therapeutic,,6858,34,1724857170.0,1.0,False,i.redd.it
1f3azcv,wholesomememes,Good Night,,11025,157,1724853705.0,0.94,False,i.redd.it
1f32shg,wholesomememes,Im super excited for Saturday!,,3087,101,1724824371.0,0.98,False,i.redd.it
1f31noc,wholesomememes,A sight to behold 💕💗💖💞,,1191,10,1724820033.0,0.99,False,i.redd.it
1f2x3vn,wholesomememes,Gotta help fast,,1294,14,1724805726.0,0.99,False,i.imgur.com
1f2tx3t,wholesomememes,the best feeling,,15034,50,1724797017.0,0.98,False,i.redd.it
1f2b1ty,wholesomememes,There's hope for us yet!,,10101,122,1724743199.0,0.94,False,i.redd.it
1f10y6r,wholesomememes,It will get better ,,7126,33,1724604764.0,0.99,False,i.redd.it
1f0vz9s,wholesomememes,Nothing you wear is more important than your smile :),,2553,18,1724591423.0,1.0,False,i.redd.it
1f0dai0,wholesomememes,I Remember These Days!!!,,3230,13,1724527259.0,1.0,False,i.redd.it
1f056g4,wholesomememes,Giving out love [OC],,684,5,1724505788.0,1.0,False,i.redd.it
1ezbiqx,wholesomememes,me when... ,,900,5,1724416261.0,0.98,False,i.redd.it
1ezbdcc,wholesomememes,Especially when you are an introvert ,,12419,36,1724415818.0,1.0,False,i.redd.it
1ez9oz5,wholesomememes,It is going to be my second bachelor’s degree :),The subject is Computer Science in case you’d like to know it,2205,72,1724410310.0,0.98,False,i.redd.it
1ez97ya,wholesomememes,I'm really excited 😁,,21972,198,1724408510.0,0.96,False,i.redd.it
1ez7s53,wholesomememes,Ready for war,,10589,50,1724402762.0,0.99,False,i.redd.it
1eygj7h,wholesomememes,Spread kindness wherever. ❤️,,5708,18,1724324841.0,1.0,False,i.redd.it
1eyfqgd,wholesomememes,Sneezed when…,,43828,95,1724321923.0,0.98,False,i.redd.it
1eyeju4,wholesomememes,The artist updated this comic and it fits here now,,9283,40,1724317164.0,0.99,False,i.redd.it
1ey2ixs,wholesomememes,Very important bike,,19637,26,1724278090.0,0.99,False,i.redd.it
1ey1mft,wholesomememes,thought this was cute ,,1946,16,1724275837.0,0.99,False,i.redd.it
1exz3fm,wholesomememes,Different people have different needs ,,83907,323,1724269652.0,0.96,False,i.redd.it
1exqdl5,wholesomememes,Look Mom I brought you little something,,6932,29,1724248821.0,0.99,False,i.redd.it
1exgmbj,wholesomememes,Zorro Sighting?🤣🤣🤣,,1188,33,1724214546.0,0.99,False,i.redd.it
1ex7490,wholesomememes,Never give up,,9340,36,1724188157.0,0.99,False,i.redd.it
1ex4zul,wholesomememes,Awkward And Annoying Wins out!! 🤣,,4892,15,1724183088.0,0.99,False,i.redd.it
1ex1dzg,wholesomememes,Hello Handsome.,,55931,267,1724174405.0,0.96,False,i.redd.it
1ex084b,wholesomememes,"The more you care, the cooler you are.",,19156,158,1724171720.0,0.99,False,i.redd.it
1ews9ef,wholesomememes,Good old days,,1505,10,1724150325.0,0.99,False,i.redd.it
1ewru7h,wholesomememes,Key to a happy life,,1568,39,1724148681.0,0.99,False,i.redd.it
1ewpsm9,wholesomememes,"Chill, is all good",,6416,78,1724140151.0,0.98,False,i.redd.it
1ewok1q,wholesomememes,W grandpa ,,1188,14,1724135045.0,0.99,False,i.redd.it
1ewkw27,wholesomememes,Who Wouldn't Want Friends Like This? 😻😸,,8859,51,1724122374.0,0.99,False,i.redd.it
1ewei8j,wholesomememes,Awesome grandma,,29054,104,1724104849.0,0.97,False,i.redd.it
1ew8w6a,wholesomememes,You are important ❤️,,13534,46,1724091333.0,0.97,False,i.redd.it
1ew0wrm,wholesomememes,Wholesome friendship ,,4173,10,1724071715.0,0.99,False,i.redd.it
1evy7jd,wholesomememes,This is so cute!,,3782,15,1724062683.0,0.99,False,i.redd.it
1evxhv0,wholesomememes,I'm a businessman,,3194,37,1724059815.0,0.99,False,i.redd.it
1evwvrc,wholesomememes,Forever be my baby.,,21622,31,1724057193.0,0.99,False,i.redd.it
1evkukl,wholesomememes,Be proud of those brown eyes :],,5686,81,1724017399.0,0.99,False,i.redd.it
1eve99k,wholesomememes,Hugh Jackman is truly wholesome,,65809,245,1724000732.0,0.93,False,i.redd.it
1ev65km,wholesomememes,Wholesome masculinity (Aragorn),,43896,987,1723977183.0,0.92,False,i.redd.it
1ev2aml,wholesomememes,I realized that I’m a dinosaur,,4957,9,1723960883.0,0.99,False,i.redd.it
1euxwlt,wholesomememes,Good old days,,1177,4,1723945605.0,0.99,False,i.redd.it
1euku9f,wholesomememes,It’s all coming together,,13025,37,1723909779.0,0.99,False,i.redd.it
1etpkmb,wholesomememes,What's the kindest thing you've done?,,5789,112,1723816908.0,0.98,False,i.redd.it
1etnb7j,wholesomememes,We really dont deserve animals!,,2532,36,1723810827.0,0.97,False,i.redd.it
1et82sm,wholesomememes,steady as she goes ;b,,2709,10,1723759860.0,1.0,False,i.redd.it
1esv5j3,wholesomememes,A beautiful thought,,13251,54,1723728416.0,0.99,False,i.redd.it
1esnx22,wholesomememes, Absolutely loved this movie.,,2386,46,1723702094.0,0.99,False,i.redd.it
1erzbxp,wholesomememes,Just here to remind you 🫶,,2730,69,1723635465.0,0.99,False,i.redd.it
1er8vl0,wholesomememes,The Funniest Grandma,,2983,23,1723558229.0,0.98,False,i.redd.it
1er5rtr,wholesomememes,I’m going to try to start doing this as well.,,11574,266,1723549632.0,0.97,False,i.redd.it
1er3zxq,wholesomememes,What's a compliment that you'll always remember?,,38105,1595,1723543384.0,0.94,False,i.redd.it
1er1bnc,wholesomememes,Billy Joel being wholesome,,29874,354,1723532416.0,0.95,False,i.redd.it
1eqqpr8,wholesomememes,He got skills,,6286,57,1723500094.0,0.99,False,i.redd.it
1eql6hp,wholesomememes,So Cool   ,,4746,51,1723486928.0,0.98,False,i.redd.it
1eq9asm,wholesomememes,YOU CAN DO IT,,17018,256,1723455103.0,0.95,False,i.redd.it
1eq5l3d,wholesomememes,A father being wholesome,,17034,226,1723440157.0,0.94,False,i.redd.it
1epnthg,wholesomememes,"Wholesome romantic, smooth or all three",,16214,101,1723390912.0,0.95,False,i.redd.it
1eoxh4f,wholesomememes,Heartwarming of the Day,,21919,362,1723308235.0,0.97,False,i.redd.it
1eos7ed,wholesomememes,Wholesome Creation,,3720,8,1723294007.0,0.99,False,i.redd.it
1eoo9iv,wholesomememes,Life saver,,3492,24,1723279140.0,1.0,False,i.redd.it
1eoo98s,wholesomememes,This made me smile,,2679,19,1723279102.0,0.99,False,i.redd.it
1enz2f9,wholesomememes,What's your vibe?,,4654,324,1723208367.0,0.99,False,i.redd.it
1entmek,wholesomememes,Superhero Dad,,3590,45,1723188460.0,0.99,False,i.redd.it
1enrylh,wholesomememes,birthday surprise,,3895,40,1723182010.0,0.98,False,i.redd.it
1enhwvh,wholesomememes,He's truly awesome,,3700,32,1723152585.0,0.98,False,i.redd.it
1en9xv4,wholesomememes,Instant pasta Friendship Bracelet ,,2886,53,1723133317.0,0.98,False,i.redd.it
1en0idu,wholesomememes,Well done Jordyn's Deli!! Inclusivity for the win!,,11739,105,1723105123.0,0.99,False,i.redd.it
1em7giv,wholesomememes,You are who you are and you are beautiful that way. ,You are who you are and you are beautiful that way. ,2234,92,1723023134.0,0.96,False,i.redd.it
1em7fo9,wholesomememes,She's an absolute legend!,,23503,164,1723023037.0,0.98,False,i.redd.it
1em5qa4,wholesomememes,Who wants a fort?,,3972,42,1723016008.0,1.0,False,i.redd.it
1em3tvj,wholesomememes,Its his favourite thing,,2302,16,1723008572.0,0.99,False,i.redd.it
1elr52k,wholesomememes,The Date ♡,,7153,31,1722973375.0,0.97,False,i.redd.it
1ek7p13,wholesomememes,I like the hell out of him,,31258,337,1722810194.0,0.95,False,i.redd.it
1ejw397,wholesomememes,Salute to all healthcare workers!,,2942,42,1722780435.0,0.99,False,i.redd.it
1ehno62,wholesomememes,Where’s the package?,,14094,101,1722536164.0,0.96,False,i.redd.it
1eh8opt,wholesomememes,August Wishes,,3794,65,1722489534.0,0.99,False,i.redd.it
1egvv7q,wholesomememes,Jon Bon Jovi ,,2810,43,1722453718.0,0.99,False,i.redd.it
1egvb8r,wholesomememes,Employee of the month,,7071,36,1722452410.0,1.0,False,i.redd.it
1egobd6,wholesomememes,Compassion,,52510,774,1722435417.0,0.96,False,i.redd.it
1egm4f1,wholesomememes,Olympic Gold,,49570,156,1722429527.0,0.96,False,i.redd.it
1egf9nw,wholesomememes,To boost their confidence :),,3167,19,1722403600.0,0.99,False,i.redd.it
1efwbxf,wholesomememes,Behold Darkness!!!,,2892,20,1722353428.0,0.99,False,i.redd.it
1efpb6y,wholesomememes,Wholesome kid,,10629,19,1722333004.0,0.99,False,i.redd.it
1efgvlz,wholesomememes,urgent message,,2779,23,1722302745.0,0.98,False,i.redd.it
1eexbw7,wholesomememes,"""I can do this all day""",,4988,65,1722253221.0,0.99,False,i.redd.it
1eejoqn,wholesomememes,Shoebee Do! ,,5692,31,1722205975.0,1.0,False,i.redd.it
1ee6dwr,wholesomememes,Unexpectedly wholesome,,6144,9,1722169918.0,0.99,False,i.redd.it
1ee16j0,wholesomememes,"It ain't much, but it's honest work ",,8879,63,1722148581.0,0.97,False,i.redd.it
1eds437,wholesomememes,"Thoughts about this, Anyone ??",,7170,98,1722118376.0,0.98,False,i.redd.it
1ecxh1j,wholesomememes,Don’t let them,,2524,74,1722024129.0,0.96,False,i.redd.it
1ebvfpv,wholesomememes,Home security,,9304,26,1721915545.0,1.0,False,i.redd.it
1eblkvt,wholesomememes,I turned 32 today... ,,4490,211,1721880256.0,0.96,False,i.redd.it
1ebd9tj,wholesomememes,This is wholesome Harold,,6248,29,1721856727.0,0.99,False,i.redd.it
1eb48rn,wholesomememes,Just remember to always be kind,,27572,179,1721834747.0,0.96,False,i.redd.it
1eaxfz9,wholesomememes,I'm too ticklish,,4646,28,1721814577.0,0.99,False,i.redd.it
1eaj1j0,wholesomememes,It’s ok to be a dinosaur,,6683,21,1721768627.0,0.99,False,i.redd.it
1ea6cgf,wholesomememes,Give yourself some grace!!!,,3283,25,1721736950.0,0.99,False,i.redd.it
1ea3b56,wholesomememes,She's a sweetheart ,,4874,31,1721726025.0,0.99,False,i.redd.it
1e996f7,wholesomememes,Biting GF problems,,22952,286,1721637160.0,0.93,False,i.redd.it
1e962gv,wholesomememes,Yes. I'm newly in love. ,,10998,63,1721624562.0,0.98,False,i.redd.it
1e93rd4,wholesomememes,Thoughtful ❤️,,37090,64,1721616652.0,0.97,False,i.redd.it
1e8xfor,wholesomememes,The best lot ,,6481,13,1721598147.0,0.99,False,i.redd.it
1e7uixn,wholesomememes,Protect this man,,86068,375,1721478526.0,0.95,False,i.redd.it
1e7jc5a,wholesomememes,Movin' on up,,12683,75,1721436643.0,0.97,False,i.redd.it
1e76jpn,wholesomememes,I can’t wait to go home ,,10169,69,1721403059.0,0.96,False,i.redd.it
1e74s8n,wholesomememes,Be Bold!!!,,7315,33,1721398504.0,0.97,False,i.redd.it
1e6jsef,wholesomememes,Genuine question.,,126,2,1721330804.0,0.97,False,i.redd.it
1e6f5sp,wholesomememes,Growing old together with the photos to prove it ,,32870,147,1721318891.0,0.94,False,i.redd.it
1e6f59l,wholesomememes,I appreciate you and all that you do!,,3385,24,1721318847.0,0.99,False,i.redd.it
1e60n1e,wholesomememes,Sign on local gas station store ! ,Be Nice to Someone Today! ,482,13,1721270165.0,0.98,False,i.redd.it
1e5lsr1,wholesomememes,Hug 'em [OC],,8767,51,1721231942.0,0.97,False,i.redd.it
1e5g066,wholesomememes,Alternative version of my meme,,1031,40,1721216300.0,0.94,False,i.redd.it
1e5edfj,wholesomememes,When you shake the hand of the celebrity who you wanted to meet for a long time,,530,5,1721210386.0,0.98,False,i.redd.it
1e5b0m2,wholesomememes,Also applies to other pets,,526,2,1721196770.0,0.96,False,i.redd.it
1e4ifky,wholesomememes,I’ve just realized that I am that homie,"Idk, it looks like my life principle is “never leave a man behind”",24573,130,1721114339.0,0.97,False,i.redd.it
1e49c4p,wholesomememes,planting trees are cool af,,26381,171,1721085355.0,0.96,False,i.redd.it
1e45m7f,wholesomememes,For those that may need the reminder ☺️ ,,2430,27,1721076116.0,0.99,False,i.redd.it
1e45krl,wholesomememes,Simply existing sometimes is okay too though!! 🫶 ,,2170,29,1721076026.0,0.99,False,i.redd.it
1e41vw8,wholesomememes,The letters of the day are R and C — resourceful and creative!,,2060,22,1721067362.0,0.99,False,i.redd.it
1e41mch,wholesomememes,she looks so angelic,,24701,226,1721066720.0,0.95,False,i.redd.it
1e41jya,wholesomememes,Dream Team (oc),,876,6,1721066563.0,0.99,False,i.redd.it
1e3yo10,wholesomememes,Always be yourself,,11601,508,1721059753.0,0.9,False,i.redd.it
1e3y01b,wholesomememes,May you live in boring times,,4086,83,1721058190.0,0.99,False,i.imgur.com
1e3r0be,wholesomememes,"There's always an extra room for dessert, always.",,3507,36,1721037641.0,0.99,False,i.redd.it
1e3i1jp,wholesomememes,Love my bros &lt;3,,39286,580,1721005151.0,0.94,False,i.redd.it
1e3d9ju,wholesomememes,I believe ,,632,5,1720992261.0,0.98,False,i.redd.it
1e35hcx,wholesomememes,Happy lil Remy ,,20259,81,1720972073.0,0.97,False,i.redd.it
1e2z9en,wholesomememes,Buh bye babe 👋🏼,,881,9,1720953566.0,0.98,False,i.redd.it
1e2fzrr,wholesomememes,Cherished for 43 years!,,19906,61,1720892047.0,0.99,False,i.redd.it
1e2fsmf,wholesomememes,What a Bro,,7289,33,1720891538.0,0.99,False,i.redd.it
1e28vsw,wholesomememes,And they lived happily ever after,,4158,18,1720872477.0,0.99,False,i.redd.it
1e26pk6,wholesomememes,Spend time with your loved ones,,5877,26,1720864341.0,0.99,False,i.redd.it
1e24upx,wholesomememes,They deserve it ,,1419,23,1720856792.0,0.98,False,i.redd.it
1e24llo,wholesomememes,Fluffy Stress Relievers,,1188,3,1720855777.0,0.99,False,i.redd.it
1e244tm,wholesomememes,My nephew just made his first meme! So proud of him :),,172,15,1720853964.0,0.94,False,i.redd.it
1e1h2x4,wholesomememes,A paying customer,,47641,295,1720789198.0,0.95,False,i.redd.it
1e1dnox,wholesomememes,It's a good day.,,1558,31,1720777546.0,0.97,False,i.redd.it
1e1cv6v,wholesomememes,I'd like a lunch like that,,22929,273,1720774338.0,0.98,False,i.redd.it
1e17w15,wholesomememes,Just father and daughter things ♥️,,13257,70,1720755766.0,0.98,False,i.redd.it
1e17g7b,wholesomememes,Monsters have a sensitive side! ,,2931,26,1720754347.0,0.99,False,i.redd.it
1e16is7,wholesomememes,Can I have your attention for one moment,,4541,116,1720751446.0,0.98,False,i.redd.it
1e16ace,wholesomememes,Pinky was a Great Friend! Narf!,,12358,78,1720750719.0,1.0,False,i.redd.it
1e11nth,wholesomememes,Rest in peace legends.,,1889,30,1720737058.0,0.99,False,i.redd.it
1e10eo9,wholesomememes,So much wholesomeness:’),,941,20,1720733761.0,0.98,False,i.redd.it
1e0wvrc,wholesomememes,Holding hands,,1801,20,1720724833.0,0.99,False,i.redd.it
1e0vu7m,wholesomememes,Tracing grandpa's footsteps,,4260,39,1720722155.0,0.99,False,i.redd.it
1e0udrx,wholesomememes,"Kind reminder, we are all here doing this life thing for the first time. Give yourself some grace ✨✨",,1175,17,1720718523.0,0.99,False,i.redd.it
1e0u45o,wholesomememes,You can trust people that you hug. ,20 second hugs too.. not that backyard-grilling-meetup chest bump either. Awkward sustained hugging with the possibility of sobbing.,619,8,1720717843.0,0.99,False,i.redd.it
1e0l5a4,wholesomememes,Yes ...you ,,1891,54,1720691721.0,0.97,False,i.redd.it
1e0isj2,wholesomememes,Pure happiness,,3858,20,1720681783.0,0.99,False,i.redd.it
1e01ib6,wholesomememes,Oh grandpa ,,21345,123,1720632304.0,0.97,False,i.redd.it
1dzzxum,wholesomememes,Human kindness ,,4153,40,1720628527.0,0.99,False,i.redd.it
1dzqdjt,wholesomememes,Still cute,,23750,116,1720599105.0,0.95,False,i.redd.it
1dzp1t3,wholesomememes,A happy couple,,3639,24,1720593690.0,1.0,False,i.redd.it
1dzntez,wholesomememes,Anyone else love storms? 😪⛈️,,2676,45,1720588939.0,0.99,False,i.redd.it
1dzn6ov,wholesomememes,Made me smile.,,7986,10,1720586677.0,1.0,False,i.redd.it
1dzm4u6,wholesomememes,"I'll take care of you when your old, mom, I love you",,967,24,1720583128.0,0.98,False,i.redd.it
1dzjq62,wholesomememes,I’m ready to pay the reward money!,,478,3,1720575683.0,0.97,False,i.redd.it
1dz6vr3,wholesomememes,gets a case of the giggles,,7226,58,1720542802.0,0.97,False,i.redd.it
1dyvhhf,wholesomememes,You can do anything,,5176,62,1720506443.0,0.99,False,i.redd.it
1dy3mk8,wholesomememes,Wholesome cows,,6566,76,1720426743.0,0.99,False,i.redd.it
1dxxz2g,wholesomememes,Rocky's Birthday Party,,2136,20,1720406292.0,0.98,False,i.imgur.com
1dxjgj4,wholesomememes,Got this idea in a mirror maze,,2753,113,1720367010.0,0.92,False,i.redd.it
1dx49gd,wholesomememes,Enjoy it to the fullest,,4019,60,1720313420.0,0.98,False,i.redd.it
1dwzx4p,wholesomememes,Character limit :),,6801,180,1720300766.0,0.95,False,i.redd.it
1dwuarh,wholesomememes,No one pumps up your self esteem like Nana!,,899,18,1720285460.0,0.98,False,i.redd.it
1dw9ovy,wholesomememes,"(not my comic) I really like this kid - he understands how dad's tired and let's him sleep, although promised movie night.",,5069,49,1720216820.0,0.99,False,i.redd.it
1dw97og,wholesomememes,Happy to be adopted by a loving family,,4375,38,1720215513.0,0.98,False,i.redd.it
1dw8phr,wholesomememes,heart of gold!,,7445,17,1720214148.0,0.99,False,i.redd.it
1dw8d9u,wholesomememes,Made it out of mismatched fabric and still felt like a princess,,940,18,1720213254.0,0.98,False,i.redd.it
1dw4zpj,wholesomememes,Support is key,,668,12,1720204475.0,1.0,False,i.redd.it
1dw17gf,wholesomememes,"Late Chadwick Boseman, selfless class act showing kindness and compassion for others",,10385,48,1720194742.0,0.99,False,i.redd.it
1dvwzo2,wholesomememes,I will make you believe it!,,4411,32,1720183105.0,0.99,False,i.redd.it
1dvv3ya,wholesomememes,I found this in r/shitposting of all places.,Still good though.,30114,355,1720176513.0,0.95,False,i.redd.it
1dvrko0,wholesomememes,You can do it,,7088,87,1720161750.0,0.99,False,i.redd.it
1dvoy9k,wholesomememes,Buddy Gator - Starry Night,,445,2,1720151737.0,0.99,False,i.imgur.com
1dvj1bs,wholesomememes,Welcome to one of my favorite comics of all time,,14295,112,1720131968.0,0.96,False,i.redd.it
1dvcg9v,wholesomememes,a change of mind can change everything,,3267,24,1720114240.0,0.99,False,i.redd.it
1dvah7i,wholesomememes,This is what really happens,,4543,24,1720109111.0,0.98,False,i.redd.it
1dugyc4,wholesomememes,A Ripple Effect,,8395,56,1720019968.0,0.99,False,i.redd.it
1dudfnu,wholesomememes,Happy moments for the boy and his new family,,8060,33,1720010634.0,0.99,False,i.redd.it
1dtc4l8,wholesomememes,He gets the best seat in the venue,,7190,60,1719890803.0,0.98,False,i.redd.it
1drgqmw,wholesomememes,A friend who stays back for you...,,9400,68,1719683226.0,0.99,False,i.redd.it
1dr9oxc,wholesomememes,be yourself 🩷,,4695,46,1719662577.0,0.99,False,i.redd.it
1dr7hfr,wholesomememes,Way of thinking,,1868,10,1719653749.0,0.99,False,i.redd.it
1dr6u78,wholesomememes,Im trying my best,,4887,51,1719650849.0,0.99,False,i.redd.it
1dq8ht2,wholesomememes,An Excellent Necromancer,,5951,29,1719540484.0,0.99,False,i.redd.it
1dq8fpw,wholesomememes,Buddy Gator - Ice Cream Cone,,1845,14,1719540296.0,0.99,False,i.imgur.com
1dq6mev,wholesomememes,25 years ago today! How it used to be done. ,,8475,57,1719534590.0,0.99,False,i.redd.it
1dq3m7c,wholesomememes,what a delightful surprise 😮 ,"** Credit: pubity,  Via: @keys_wallet_phone**  ",9463,44,1719526098.0,0.99,False,i.redd.it
1dpsdwf,wholesomememes,What a twist,,2227,15,1719497865.0,0.99,False,i.redd.it
1dplp56,wholesomememes,Some of my fondest memories with friends were beach trips,,1084,41,1719474311.0,0.92,False,i.redd.it
1dpkjox,wholesomememes,A lot of us need to see this :),,1962,27,1719469537.0,0.99,False,i.redd.it
1dpj6ni,wholesomememes,some days it's really that simple ,,13158,83,1719464297.0,0.98,False,i.redd.it
1dp3s1u,wholesomememes,A good deed is its own reward!,,682,20,1719421525.0,0.97,False,i.redd.it
1dp3pa2,wholesomememes,The flavor of peace,,15340,97,1719421331.0,0.97,False,i.redd.it
1dp2csx,wholesomememes,Wholesome cow ,,2829,34,1719418026.0,0.99,False,i.redd.it
1dp0hb6,wholesomememes,Wholesome gift,,1323,8,1719413463.0,1.0,False,i.redd.it
1doypee,wholesomememes,Accept your flaws,,3257,35,1719408722.0,0.99,False,i.redd.it
1doy3we,wholesomememes,Rare Tiktok interaction,,597,4,1719407022.0,0.98,False,i.redd.it
1dow1qb,wholesomememes,Hold on (@worry__lines),"Hang with me, homie",518,5,1719400444.0,0.99,False,i.redd.it
1doq5ed,wholesomememes,"Yes, entrances are always this elaborate",,1642,31,1719376697.0,0.99,False,i.redd.it
1doklru,wholesomememes,This is completely accurate,,2992,18,1719359507.0,1.0,False,i.redd.it
1dok8vr,wholesomememes,"""Hi gay, I'm Dad""",,482,18,1719358481.0,1.0,False,i.redd.it
1do952o,wholesomememes,"a wholesome ""accident""",,369,1,1719330278.0,0.99,False,i.redd.it
1do6152,wholesomememes,Grandpa literally said &lt;3,,396,10,1719322159.0,1.0,False,i.redd.it
1do4j8q,wholesomememes,Banana pose,,4208,19,1719317702.0,1.0,False,i.redd.it
1dnw77y,wholesomememes,Hard work still paid off I guess,,259,4,1719285460.0,1.0,False,i.redd.it
1dnngeg,wholesomememes,"I'm late for Father's day, but show this to your dads. Also not [OC]",,487,5,1719260753.0,0.96,False,i.redd.it
1dnlwaw,wholesomememes,I LOVE HER!!!,,782,8,1719256905.0,0.98,False,i.redd.it
1dni1oz,wholesomememes,Two fathers' special moments,,32674,66,1719247333.0,0.96,False,i.redd.it
1dnfcec,wholesomememes,A dad playing dress up for his daughter,,5441,23,1719240648.0,0.99,False,i.redd.it
1dn5nno,wholesomememes,The real TRUTH,,5876,30,1719205581.0,0.99,False,i.redd.it
1dn5mei,wholesomememes,Happy Grandma,,2342,3,1719205456.0,0.99,False,i.redd.it
1dn5l1g,wholesomememes,Pesky coats,,907,5,1719205316.0,0.98,False,i.redd.it
1dn2zoc,wholesomememes,Buddy Gator - Camping,,207,4,1719196485.0,0.97,False,i.imgur.com
1dn1lht,wholesomememes,Gentle Villain,,153,0,1719192106.0,1.0,False,i.redd.it
1dn0sb7,wholesomememes,We have all done a version of this for the person we like :),,2374,16,1719189569.0,0.99,False,i.redd.it
1dmugoo,wholesomememes,does this count as wholesome lines?,,171,22,1719171925.0,0.78,False,i.redd.it
1dmt4kq,wholesomememes,You should be more positive on yourself,,121,8,1719168365.0,0.84,False,i.redd.it
1dmruyu,wholesomememes,It’s a spicy,,1456,6,1719165001.0,0.99,False,i.redd.it
1dmq5mn,wholesomememes,Crack that wick!,,203,3,1719160431.0,0.97,False,i.redd.it
1dmpgns,wholesomememes,I see this as a massive fucking W!,,229,5,1719158597.0,0.9,False,i.redd.it
1dmns5q,wholesomememes,"Ofcourse, it's the other way around",,1263,8,1719154038.0,0.99,False,i.redd.it
1dmnqgk,wholesomememes,Keanu Reeves is the best!!,,36982,317,1719153900.0,0.95,False,i.redd.it
1dmmm9f,wholesomememes,Grandpas are the best &lt;3,,1329,11,1719150709.0,0.99,False,i.redd.it
1dmbu67,wholesomememes,LOL bro seriously,,5339,29,1719109307.0,0.99,False,i.redd.it
1dm3ggy,wholesomememes,Need a Hug Today? 🦙🌈🩵,,480,11,1719084524.0,0.97,False,i.redd.it
1dm3ftn,wholesomememes,Dad taking his son to places,,4727,21,1719084472.0,0.99,False,i.redd.it
1dlzrl0,wholesomememes,The Two Best Things About Music...,,348,6,1719074448.0,0.98,False,i.redd.it
1dlyeqr,wholesomememes,He built her a stairway to heaven,**Credit: Michael Lee**  ,10907,73,1719070688.0,0.98,False,i.redd.it
1dlx24r,wholesomememes,Siblings rivalry/love,,674,46,1719066931.0,0.86,False,i.redd.it
1dlrqb2,wholesomememes,They didn’t lie when they said that love knows no bounds🥺❤️,,2351,15,1719048083.0,0.99,False,i.redd.it
1dlq6da,wholesomememes,Wholesome snapping turtle,,936,10,1719041358.0,0.99,False,i.redd.it
1dlmfj9,wholesomememes,Don't judge by their appearance,,11561,88,1719027123.0,0.99,False,i.redd.it
1dlfx2e,wholesomememes,Wholesome siblings moment ,,8400,16,1719007279.0,0.99,False,i.redd.it
1dlbdi9,wholesomememes,I don’t think we should praise every half decent actor but these guys seem different,,11266,518,1718995459.0,0.92,False,i.redd.it
1dl8j68,wholesomememes,a reminder,,4167,30,1718988311.0,0.99,False,i.redd.it
1dl5gom,wholesomememes,I love it when influential people do things like this.,,663,15,1718980418.0,0.97,False,i.redd.it
1dl3ihl,wholesomememes,You will find joy again,,3840,40,1718975014.0,0.99,False,i.redd.it
1dl1aol,wholesomememes,Mother shows how proud she is of her son making tutorials for everyone!,,1593,8,1718967728.0,0.99,False,i.redd.it
1dkv11h,wholesomememes,There’s a reason I’m so obsessed with my man,,1709,60,1718942723.0,0.97,False,i.redd.it
1dksu50,wholesomememes,Buddy Gator - Stay Warm,,205,2,1718935578.0,0.98,False,i.imgur.com
1dkem85,wholesomememes,I can't help smiling when I see these little guys,**Credit: scienceexplored**,7538,107,1718897714.0,0.99,False,i.redd.it
1dkam6z,wholesomememes,RIP Bob Ross,,4585,16,1718887147.0,0.99,False,i.redd.it
1dk7gj1,wholesomememes,Shoutout to you Dad,,1328,19,1718875720.0,0.99,False,i.redd.it
1dk1xkh,wholesomememes,It’s a matter of respect. ,,7220,31,1718853818.0,1.0,False,i.redd.it
1dk0if6,wholesomememes,He knows what's really important ,,3982,16,1718849280.0,1.0,False,i.redd.it
1djzstw,wholesomememes,blessed curse ,,3564,28,1718847154.0,0.99,False,i.redd.it
1djv0i9,wholesomememes,It's a win for natural sustainability,,27968,326,1718833597.0,0.98,False,i.redd.it
1djrng0,wholesomememes,It’s a winner,,14905,37,1718825057.0,0.98,False,i.redd.it
1djhare,wholesomememes,A group of kind hearted women helping people in need,,2288,36,1718798054.0,0.99,False,i.redd.it
1djghyk,wholesomememes,Every time I see a little kitten all alone I just melt,,1947,9,1718795279.0,0.99,False,i.redd.it
1djavb9,wholesomememes,Encouraging and motivating them for a better future,,234,3,1718772490.0,0.98,False,i.redd.it
1djaayi,wholesomememes,The perfect Neighbour doesn't exist,,29254,426,1718770432.0,0.96,False,i.redd.it
1dja8l9,wholesomememes,A rescued baby meets hero firefighter who saved him 23 years ago,,670,6,1718770202.0,0.99,False,i.redd.it
1dj5p7f,wholesomememes,The stars [OC],,257,2,1718755971.0,0.97,False,i.redd.it
1dj423h,wholesomememes,giving them what I didn't had,,11922,100,1718751406.0,0.96,False,i.redd.it
1dj2tl8,wholesomememes,What every niece should aspire to be.,,5236,23,1718748072.0,0.99,False,i.redd.it
1dj1z76,wholesomememes,A special reunion between brothers after 75 years,,1643,19,1718745911.0,0.96,False,i.redd.it
1diztbk,wholesomememes,A comment I found on a YouTube tutorial. Almost made me cry a bit. Luckily it was just eye sweat.,,1314,14,1718740450.0,0.99,False,i.redd.it
1dizk1q,wholesomememes,"Yo, this is actually kinda cool ",,46444,217,1718739784.0,0.97,False,i.redd.it
1div3cg,wholesomememes,Spending time with grandparents on a date ,,3315,21,1718728646.0,0.99,False,i.redd.it
1dis02d,wholesomememes,Forgot to make this on Father’s Day,,117,1,1718720824.0,0.97,False,i.redd.it
1diq4mk,wholesomememes,Full circle moment.,,43972,148,1718715717.0,0.96,False,i.redd.it
1dip539,wholesomememes,A young man doing a good deed,,5274,58,1718712706.0,0.98,False,i.redd.it
1dikuu4,wholesomememes,Nice to have a chance to show her something after all the time she spent on me as a kid ,,962,8,1718695794.0,0.99,False,i.redd.it
1dihl6w,wholesomememes,"In a gardening group, many were complaining about snails",,206,1,1718683206.0,0.97,False,imgur.com
1di73z5,wholesomememes,Swapping sad grass for native plants,**Credit: razor-alert**,72200,836,1718653670.0,0.95,False,i.redd.it
1di4qqa,wholesomememes,To the corner with you!,,103,2,1718647789.0,1.0,False,i.redd.it
1di43ky,wholesomememes,"It Brings Her Comfort, That's Why She asks Me to about talk",,1238,12,1718646172.0,1.0,False,i.redd.it
1dhyq0g,wholesomememes,You’re all my homies ,,3049,29,1718632656.0,0.99,False,i.redd.it
1dhuhvx,wholesomememes,Took me back at least 25 years,,599,37,1718618676.0,0.93,False,i.redd.it
1dhstgm,wholesomememes,Dad has a lot to learn on fishing,,462,6,1718611356.0,0.97,False,i.redd.it
1dhpsft,wholesomememes,Wholesome 😭,,1211,10,1718598852.0,0.99,False,i.redd.it
1dhn57e,wholesomememes,Wholesome moment ,,3648,18,1718589631.0,0.99,False,i.redd.it
1dhmrcm,wholesomememes,Buddy Gator - Meteor Strike,,172,6,1718588375.0,0.96,False,i.imgur.com
1dhkkjm,wholesomememes,"Happy Father's Day to those who lost sons, and to those whose fathers lost their way",,835,17,1718581298.0,1.0,False,i.redd.it
1dhkbmi,wholesomememes,I love her dearly,,6583,17,1718580538.0,0.99,False,i.redd.it
1dhii7a,wholesomememes,Food meme for Cheetos ,,50,1,1718575233.0,0.87,False,i.redd.it
1dhhy4i,wholesomememes,Both are adorable,,8642,35,1718573680.0,0.99,False,i.redd.it
1dhhcah,wholesomememes,Canada &amp; US Getting Along Better,,550,17,1718571972.0,0.98,False,i.redd.it
1dhc0hc,wholesomememes,Penguins for pride ,,8823,341,1718557271.0,0.93,False,i.redd.it
1dhbic1,wholesomememes,Happy Father's Day!,,442,0,1718555847.0,0.98,False,i.redd.it
1dhayah,wholesomememes,Happy Father’s Day,,205,1,1718554270.0,0.98,False,i.redd.it
1dhacl1,wholesomememes,You can't beat homegrown veggies,,1021,68,1718552615.0,0.91,False,i.redd.it
1dh9ljw,wholesomememes,I’m so proud of you ,,1811,22,1718550498.0,0.99,False,i.redd.it
1dh7472,wholesomememes,A true legend,,29271,479,1718542915.0,0.95,False,i.redd.it
1dh4pq5,wholesomememes,"Having my 1yo kid coming to sleep between me and my wife every morning, I find this heart-melting",,1749,28,1718533798.0,0.99,False,i.redd.it
1dh3rb3,wholesomememes,Kid knows he is valued &amp; loved by his Pops. Happy Fathers Day.,,261,9,1718529446.0,0.99,False,i.redd.it
1dh2tb1,wholesomememes,no one should be left out,,3958,17,1718525135.0,1.0,False,i.redd.it
1dh2fm3,wholesomememes,Forever be my barbie,,584,6,1718523457.0,0.99,False,i.redd.it
1dh18mw,wholesomememes,Always Perfect,,8074,42,1718518304.0,0.99,False,i.redd.it
1dgzoxv,wholesomememes,Definitely!,,1422,31,1718512134.0,0.99,False,i.redd.it
1dgubqj,wholesomememes,Sometimes you just need to see some cows ,,34441,181,1718493650.0,0.97,False,i.redd.it
1dgohz4,wholesomememes,If only ...,,1093,12,1718476641.0,0.99,False,i.redd.it
1dgk6be,wholesomememes,The best homie,,10625,33,1718464464.0,0.99,False,i.redd.it
1dgj42t,wholesomememes,How to bee kind,**Credit: thehappygardens**,43638,771,1718461490.0,0.94,False,i.redd.it
1dgggtd,wholesomememes,All we really have are memories [OC],,247,0,1718453075.0,0.99,False,i.redd.it
1dggbds,wholesomememes,Someone make this into a movie right now!,,200,4,1718452542.0,1.0,False,i.redd.it
1dg5nzv,wholesomememes,Found a really cool person today!,,170,23,1718411665.0,0.86,False,i.redd.it
1dg12q6,wholesomememes,Miss you ♥️,,595,6,1718398574.0,0.99,False,i.redd.it
1dg09tw,wholesomememes,Love me like you do,,169,7,1718396441.0,0.97,False,i.redd.it
1dfxttp,wholesomememes,Burden [OC],,744,14,1718389970.0,0.97,False,i.redd.it
1dfxc5y,wholesomememes,Don't be sad,,1818,13,1718388712.0,0.99,False,i.redd.it
1dfutqr,wholesomememes,Full circle 😊,,159,1,1718382174.0,1.0,False,i.redd.it
1dfu0jh,wholesomememes,ice cream wins,*Credit: Liz Climo*,378,2,1718380072.0,0.99,False,i.redd.it
1dfsgwu,wholesomememes,Or else!!!,,551,11,1718376104.0,0.99,False,i.redd.it
1dfogdz,wholesomememes,"Rest, My Friends. I am certain your journey here was stressful. You deserve a break.",,2848,43,1718363999.0,0.98,False,i.redd.it
