id,subreddit,title,score,num_comments,created_utc,upvote_ratio,is_self,domain
1pi3cju,AskReddit,"Professionals who enter people's homes (plumbers, electricians, cleaners): What is something the condition of a house tells you about the owner that they don't realize they are revealing?",8593,3243,1765273214.0,0.95,True,self.AskReddit
1pi6lpo,AskReddit,What’s a “bare minimum” adult skill more people fail at than you expected?,1425,1556,1765284661.0,0.97,True,self.AskReddit
1pi4prm,AskReddit,"What's a ""dead meme"" from 5-10 years ago that you still find genuinely funny, even if no one else does?",1700,2858,1765278341.0,0.95,True,self.AskReddit
1phzb7s,AskReddit,"Men, how would you react if a bunch of women whistled and shouted 'sexy' at you on the street?",1884,2646,1765257914.0,0.89,True,self.AskReddit
1pi4hzb,AskReddit,"If you could pass one single, simple rule that all 8 billion humans had to follow to make the world less annoying, what would it be?",674,1294,1765277571.0,0.93,True,self.AskReddit
1pidxcq,AskReddit,"Boomers in the US hold $17 trillion dollars in assets.  What happens to the younger generations when they die and leave all that wealth to us, the younger generations?",206,212,1765302190.0,0.81,True,self.AskReddit
1pie1o7,AskReddit,"If Drug Dealers have to forfeit all assets when busted, why don't corporations when they do something egregious (thinking Monsanto/Agent Orange)?",162,46,1765302447.0,0.98,True,self.AskReddit
1pi5jnm,AskReddit,You look outside your window and realize a zombie outbreak has just begun. People are attacking each other in the streets. What would be the very first thing you'd do in that moment?,388,957,1765281291.0,0.87,True,self.AskReddit
1phplof,AskReddit,"If you Had to Waste $30 Million in a month to Inherit $300 Million, How would you do it?",5834,7122,1765230919.0,0.82,True,self.AskReddit
1pho1bp,AskReddit,What was your “could never be me” but did indeed become you?,5498,2998,1765227296.0,0.97,True,self.AskReddit
1phrg31,AskReddit,How did you discover a kink you have?,3341,2124,1765235342.0,0.89,True,self.AskReddit
1phr0y4,AskReddit,What's that one car you WON'T drive because of the stereotype associated with it?,3049,4362,1765234307.0,0.91,True,self.AskReddit
1phvzwq,AskReddit,What is the most annoying sound in the world when you are trying to sleep?,1373,2996,1765247561.0,0.96,True,self.AskReddit
1pi4m5v,AskReddit,"If someone offered you a box with everything you've ever lost, what's the first thing you'd look for?",249,1036,1765277998.0,0.92,True,self.AskReddit
1pib245,AskReddit,"Men, What's a compliment a woman said that stuck with you?",94,255,1765295845.0,0.92,True,self.AskReddit
1pibz17,AskReddit,What looks delicious but is actually disgusting?,82,373,1765297888.0,0.87,True,self.AskReddit
1pi9h2f,AskReddit,What's something that you know you shouldn't do but do it anyways?,83,189,1765292147.0,0.96,True,self.AskReddit
1pif70h,AskReddit,Nearest blue object to you is going to kill you. What is going to kill you?,48,454,1765305175.0,0.84,True,self.AskReddit
1phqtl2,AskReddit,"Cheaters who didn't get caught, how do you feel about it now?",1394,1102,1765233801.0,0.85,True,self.AskReddit
1phdef4,AskReddit,What’s the most unsexy thing someone did that somehow made them hotter ?,7551,1844,1765203175.0,0.92,True,self.AskReddit
1phnwo9,AskReddit,What's something people Hate because the Internet told them to?,1343,3423,1765227002.0,0.92,True,self.AskReddit
1pi7goj,AskReddit,"If you've ever gotten punished for defending yourself in a school fight, what happened?",62,113,1765287050.0,0.97,True,self.AskReddit
1phzi72,AskReddit,What’s a green flag you noticed early in the relationship with your partner?,243,144,1765258590.0,0.95,True,self.AskReddit
1piaam0,AskReddit,What is the biggest mystery in you or someone you know’s life that has yet to be solved?,35,54,1765294090.0,0.92,True,self.AskReddit
1pi69du,AskReddit,"What's a small thing that brings you intense, disproportionate joy?",60,204,1765283600.0,0.92,True,self.AskReddit
1pi0kfb,AskReddit,What is the most terrifying thing you could be chased by?,173,497,1765262209.0,0.94,True,self.AskReddit
1pieoey,AskReddit,What is the craziest true story someone has told you?,17,16,1765303829.0,1.0,True,self.AskReddit
1pib5wi,AskReddit,What was the first ticket/fine you got?,25,117,1765296077.0,0.9,True,self.AskReddit
1pib3vh,AskReddit,what do you do first thing in the morning ?,24,114,1765295957.0,1.0,True,self.AskReddit
1piez6g,AskReddit,OnlyFans Redditors…how do you feel about your content being available forever?,14,2,1765304603.0,1.0,True,self.AskReddit
1pif4jk,AskReddit,What album could you listen to all the way through nearly every day if you had to?,14,45,1765304995.0,1.0,True,self.AskReddit
1pi954d,AskReddit,"If you could absorb the ability of any non-fictional animal, what would it be (Like an ant can carry ten times its weight, etc.)?",24,134,1765291349.0,0.81,True,self.AskReddit
1pi0nxu,AskReddit,What’s one privilege most people don’t even realize they have?,108,198,1765262555.0,0.93,True,self.AskReddit
1phmbrr,AskReddit,What’s the worst adult animated show?,792,1462,1765223465.0,0.87,True,self.AskReddit
1pic367,AskReddit,What’s the most original name for a pet you’ve ever heard?,18,113,1765298142.0,0.88,True,self.AskReddit
1pi8y9v,AskReddit,What small habit improved your daily workflow way more than you expected?,27,35,1765290885.0,0.94,True,self.AskReddit
1phe8r1,AskReddit,"People who make their bed every morning, what's your secret motivation?",1900,2463,1765205303.0,0.95,True,self.AskReddit
1phn72d,AskReddit,"You have 1 minute with your 15 year old self, what are you saying?",635,1237,1765225410.0,0.95,True,self.AskReddit
1pievsf,AskReddit,"People who get up early on their days off, what's your secret?",11,48,1765304370.0,1.0,True,self.AskReddit
1pi8ksw,AskReddit,What’s one thing you think society pretends to care about but secretly doesn’t?,24,97,1765289921.0,0.89,True,self.AskReddit
1pi1siw,AskReddit,Why are you still awake?,69,321,1765266871.0,0.8,True,self.AskReddit
1pi9bd5,AskReddit,Where would you move if you had a chance?,19,53,1765291758.0,0.95,True,self.AskReddit
1pidpwa,AskReddit,How do you make friends?,11,70,1765301738.0,0.92,True,self.AskReddit
1pie5vd,AskReddit,What grosses you out the most?,18,54,1765302693.0,1.0,True,self.AskReddit
1pibws7,AskReddit,Who’d prefer been back in an age when social media wasn’t a thing and you actually had to go and meet people to socialise?,12,16,1765297754.0,0.94,True,self.AskReddit
1pide6m,AskReddit,What is a funny childhood story that still makes you laugh every time you think about it?,10,16,1765301025.0,1.0,True,self.AskReddit
1pi6b0j,AskReddit,"Ten years from now, what do you think you'll picture when you say ""the good old days""?",22,66,1765283743.0,1.0,True,self.AskReddit
1piey1g,AskReddit,What’s something everyone pretends to like but you hate?,12,24,1765304519.0,1.0,True,self.AskReddit
1pidme6,AskReddit,"Do you ever feel like your decisions are shaped more by other people and your environment than by your own choices? If so, how do you deal with it?",8,24,1765301523.0,1.0,True,self.AskReddit
1phl5o5,AskReddit,What did you do during your midlife crisis?,498,921,1765220830.0,0.95,True,self.AskReddit
1pi1t3m,AskReddit,What’s the most painfully unfair situation you had to accept because there was no other choice?,42,63,1765266935.0,0.88,True,self.AskReddit
1pi7e5x,AskReddit,what song would you listen to while hitting the hardest set of your life in the gym?,17,62,1765286862.0,0.91,True,self.AskReddit
1pie9ep,AskReddit,What's your favorite piece of obscure media?,7,15,1765302893.0,1.0,True,self.AskReddit
1pi5ko9,AskReddit,"If you got to be a teenager all over again with the same knowledge you have now, what would you do differently?",19,102,1765281392.0,0.81,True,self.AskReddit
1pi94wz,AskReddit,What the worst thing you have seen a co worker do at the Christmas party that magically was all forgotten about come monday?,12,3,1765291337.0,0.93,True,self.AskReddit
1pi71hd,AskReddit,What would you do if you knew you would not fail?,13,54,1765285905.0,0.9,True,self.AskReddit
1pi5u0a,AskReddit,What are your best wake-up methods for someone who consistently sleeps through alarms?,18,118,1765282242.0,0.92,True,self.AskReddit
1picp5m,AskReddit,"Where did the term ""Yankees"" for northern Americans come from?",7,15,1765299508.0,0.73,True,self.AskReddit
1phdd2k,AskReddit,What do you consider as “the bare minimum” in a relationship?,902,502,1765203077.0,0.95,True,self.AskReddit
1pi5by5,AskReddit,What is your favourite country to travel to strictly for food?,16,55,1765280552.0,0.88,True,self.AskReddit
1pi3xqg,AskReddit,What’s the most inappropriate thought you’ve ever had at a completely wrong moment?,22,52,1765275508.0,0.84,True,self.AskReddit
1pi7edm,AskReddit,What is the best way to fix a messed up sleep schedule?,12,38,1765286877.0,1.0,True,self.AskReddit
1ph2waj,AskReddit,"People who work in lost and found departments (airports, railways, malls), what’s the most personal item no one ever came back for?",5750,967,1765167199.0,0.96,True,self.AskReddit
1piegzc,AskReddit,What do guys not understand about girls?,5,20,1765303343.0,1.0,True,self.AskReddit
1pi5cjo,AskReddit,What is the most bizarre reason for your breakup?,17,83,1765280609.0,0.9,True,self.AskReddit
1ph84bk,AskReddit,What are your thoughts on doing 20 years in the military for a fast retirement?,2007,2051,1765185985.0,0.88,True,self.AskReddit
1pie6sp,AskReddit,Do you think most people find love? How likely is it to end up alone?,5,25,1765302748.0,1.0,True,self.AskReddit
1picjtz,AskReddit,"What’s one thing we had in the ""90s"" that we’ve lost today, but still deeply want back?",6,92,1765299178.0,0.75,True,self.AskReddit
1pi8tb6,AskReddit,Who in your life can make you laugh even when you’re having a bad day?,9,17,1765290540.0,1.0,True,self.AskReddit
1pidsoc,AskReddit,What day of the year feels the most special?,5,8,1765301912.0,1.0,True,self.AskReddit
1pidlkz,AskReddit,What one message to your future self in next 15years?,6,14,1765301474.0,1.0,True,self.AskReddit
1pibm23,AskReddit,What’s the weirdest item your cat has proudly delivered to you like a gift?,7,25,1765297083.0,0.89,True,self.AskReddit
1pid2wi,AskReddit,What’s the single best dessert you have ever eaten?,5,31,1765300333.0,0.86,True,self.AskReddit
1pi8tht,AskReddit,You can bring one historical figure to 2025. Who do you choose and what do you show them?,8,21,1765290553.0,1.0,True,self.AskReddit
1picnje,AskReddit,What are some 'must have' apps you have on your phone that not a lot of people know about?,5,10,1765299410.0,0.86,True,self.AskReddit
1phsg7z,AskReddit,What’s the moment you realized you needed to slow down and take care of yourself?,117,59,1765237946.0,0.96,True,self.AskReddit
1pieg3r,AskReddit,What time do you go to bed?,4,24,1765303293.0,1.0,True,self.AskReddit
1pie7qe,AskReddit,"If you could join any band (together or dissolved), which would you choose and why?",4,6,1765302801.0,1.0,True,self.AskReddit
1phcisn,AskReddit,What’s the sneakiest way you got revenge that nobody ever traced it back to you?,728,412,1765200879.0,0.95,True,self.AskReddit
1pi5fwy,AskReddit,Which is the best book you have ever read?,13,44,1765280924.0,1.0,True,self.AskReddit
1pi2ko1,AskReddit,"What terrible scandals did you learn about that ""radicalised"" you, i.e., made you completely shift your perspective on something/someone from positive to negative?",21,74,1765270104.0,0.68,True,self.AskReddit
1pia1iz,AskReddit,What old fashion trend do you wish would make a comeback?,6,35,1765293514.0,1.0,True,self.AskReddit
1pia04v,AskReddit,"Airport security of reddit, what's the weirdest thing a passenger has tried to bring past security?",6,15,1765293421.0,1.0,True,self.AskReddit
1pidhqs,AskReddit,"Apart from watching movies and gaming, what do you guys do in your free time?",3,70,1765301240.0,0.8,True,self.AskReddit
1piddvk,AskReddit,Is takingpaid leave vacation for a month just to play videogames and chill at home weird ? Why?,2,20,1765301006.0,0.6,True,self.AskReddit
1pid9xu,AskReddit,What are things people always seem to need?,4,12,1765300764.0,1.0,True,self.AskReddit
1pi9onr,AskReddit,What is the biggest oxymoron in your life?,7,21,1765292653.0,1.0,True,self.AskReddit
1pid625,AskReddit,What is one question your younger self would ask you now?,4,17,1765300528.0,0.84,True,self.AskReddit
1pifhim,AskReddit,What's the most amazing fact about the human body?,3,2,1765305921.0,1.0,True,self.AskReddit
1piazrx,AskReddit,What inspired your Reddit username?,6,20,1765295700.0,0.87,True,self.AskReddit
1pifbeo,AskReddit,"Do you regret leaving your ex? If so, why?",3,12,1765305511.0,1.0,True,self.AskReddit
1pifa4l,AskReddit,What will you do if you were chased by a guy with a mchatte?,4,45,1765305409.0,0.75,True,self.AskReddit
1phth24,AskReddit,Which famous superhero is genuinely fucked up?,84,206,1765240612.0,0.85,True,self.AskReddit
1picpgj,AskReddit,"How would a letter make you feel? If you were facing prison time, with a letter from a friend make you feel better or worse?",3,4,1765299528.0,0.72,True,self.AskReddit
1pif6ok,AskReddit,What is something that made people sad but you happy?,3,4,1765305149.0,1.0,True,self.AskReddit
1pif3nk,AskReddit,"What was a ""gut feeling"" you had that turned out to be 100% true and possibly saved you?",3,1,1765304928.0,1.0,True,self.AskReddit
1pial3v,AskReddit,"What smell wakes you up the fastest, even if you're exhausted?",6,24,1765294775.0,0.87,True,self.AskReddit
1piex06,AskReddit,What’s a lie you told so long ago that you’re scared someone will randomly bring up today?,3,1,1765304448.0,1.0,True,self.AskReddit
1phw4nm,AskReddit,"For couples out there, what is one attitude your partner has that you wish you could change instantly?",50,60,1765247925.0,0.89,True,self.AskReddit
1picbc1,AskReddit,What is the best series on netflix now?,4,11,1765298648.0,0.75,True,self.AskReddit
1piesya,AskReddit,"Men of Reddit, what’s something you struggle with but rarely talk about?",3,4,1765304153.0,1.0,True,self.AskReddit
1pies1k,AskReddit,What are some ways to overcome wrist cramps from an old injury when you are trying to draw art?,3,4,1765304085.0,1.0,True,self.AskReddit
1pia9yd,AskReddit,"Looking back, what would you tell your 35 yr old self?",5,15,1765294049.0,1.0,True,self.AskReddit
1pia5lf,AskReddit,"If you’ve ever experienced something paranormal or unexplainable, what happened?",5,10,1765293776.0,1.0,True,self.AskReddit
1piejap,AskReddit,What’s a thought that hits you at night that ruins your sleep?,3,5,1765303486.0,1.0,True,self.AskReddit
1piehhg,AskReddit,"If you could forget one movie to rewatch fresh, what would it be?",3,16,1765303370.0,0.8,True,self.AskReddit
1piefch,AskReddit,"Therapists of Reddit, do you ever want to talk to the people your patients talk about? Why?",3,1,1765303250.0,1.0,True,self.AskReddit
1pi8hi8,AskReddit,What idiom or proverb did you grow up hearing?,6,20,1765289691.0,1.0,True,self.AskReddit
1pi9x7u,AskReddit,What's an animal that's stronger than you but you could confidently fight and somehow win. What are you choosing?,4,14,1765293231.0,0.84,True,self.AskReddit
1pi9wth,AskReddit,"What’s one everyday item you use without even thinking about it, but your day would fall apart without it?",5,20,1765293205.0,1.0,True,self.AskReddit
1pi2261,AskReddit,"What is something you used to think didn’t matter in relationships, but over time realized it’s one of the most important foundations of a healthy partnership, and what made you change your mind about it?",19,18,1765267956.0,0.86,True,self.AskReddit
1pi5l83,AskReddit,What’s something you believe everyone should try at least once?,11,43,1765281446.0,1.0,True,self.AskReddit
1pi9r25,AskReddit,Who is your favorite prime Minister and why?,5,11,1765292817.0,1.0,True,self.AskReddit
1pie7dl,AskReddit,What are your favorite candy\sweets?,3,17,1765302782.0,1.0,True,self.AskReddit
1pie4rf,AskReddit,How do you prefer to communicate with loved ones?,3,8,1765302630.0,1.0,True,self.AskReddit
1pi9nqh,AskReddit,"What is something a teacher has said to you, positive or negative , that still sticks with you today?",5,8,1765292591.0,0.86,True,self.AskReddit
1ph8k3p,AskReddit,What is the weirdest reason why you wouldn’t date someone?,1041,1822,1765187749.0,0.96,True,self.AskReddit
1pi993u,AskReddit,What is the creepiest internet mystery that has never been solved ?,7,25,1765291612.0,0.73,True,self.AskReddit
1piazee,AskReddit,What’s something society acts like is normal but is actually insane?,4,32,1765295676.0,0.83,True,self.AskReddit
1piayz1,AskReddit,What's your favorite curse word or phrase?,4,22,1765295649.0,0.84,True,self.AskReddit
1pid965,AskReddit,What's something harder said than done?,3,12,1765300715.0,1.0,True,self.AskReddit
1piakzx,AskReddit,Could you trust your best friend with your bank account? And why ?,4,25,1765294768.0,1.0,True,self.AskReddit
1pid2os,AskReddit,Who is the last person thats seen you naked?,2,46,1765300321.0,0.6,True,self.AskReddit
1ph7mco,AskReddit,What is something you refuse to believe?,1150,1245,1765183981.0,0.93,True,self.AskReddit
1pi7aoy,AskReddit,What’s one thing you never feel guilty spending money on?,7,48,1765286599.0,1.0,True,self.AskReddit
1piad1u,AskReddit,What’s the most harmless thing you’ve ever done that made someone irrationally angry?,4,14,1765294247.0,1.0,True,self.AskReddit
1picu8j,AskReddit,"What is one thing that has zero correlation with intelligence, yet people believe otherwise?",4,29,1765299809.0,0.83,True,self.AskReddit
1pictib,AskReddit,What do you think the purpose of life is?,4,17,1765299767.0,0.83,True,self.AskReddit
1pgwxjl,AskReddit,"What is a 'dirty secret' of your industry that implies the general public has no clue about, but everyone in your field knows?",7188,6311,1765149981.0,0.92,True,self.AskReddit
1pi8fiw,AskReddit,What’s a moment that made you realise you’d grown up?,5,16,1765289549.0,0.86,True,self.AskReddit
1pia3d2,AskReddit,How do you gym and not be tired for the rest of the day?,5,8,1765293634.0,1.0,True,self.AskReddit
1pick9p,AskReddit,"Those who ended a 5+ year relationship, what are you doing now?",3,30,1765299208.0,0.8,True,self.AskReddit
1pi8aov,AskReddit,What's something you wish you could admit without being judged?,6,14,1765289206.0,1.0,True,self.AskReddit
1pi8aim,AskReddit,What is the best thing you can do while sitting on the toilet?,4,22,1765289194.0,0.75,True,self.AskReddit
1pgvz7b,AskReddit,"Prison guards of reddit, have you ever seen one of your inmates after they got released? If so, how did it go?",8228,986,1765147469.0,0.95,True,self.AskReddit
1picipg,AskReddit,You have to survive a zombie apocalypse with the last movie character you have seen. How doomed are you?,3,18,1765299105.0,0.8,True,self.AskReddit
1pi3e7v,AskReddit,What would instantly improve your quality of life if it became free?,12,34,1765273404.0,1.0,True,self.AskReddit
1picdhb,AskReddit,What's a small thing that makes your day instantly better?,3,14,1765298782.0,0.8,True,self.AskReddit
1piccy7,AskReddit,What was your dream career when you were a child?,4,25,1765298749.0,0.83,True,self.AskReddit
1pi9tvs,AskReddit,you were given 1 million dollars but you have to spend it all in one hour what will you buy?,5,197,1765293006.0,0.53,True,self.AskReddit
1phqzcb,AskReddit,What’s the last thing you’ve googled?,80,267,1765234196.0,0.91,True,self.AskReddit
1pic98k,AskReddit,What is the best book on physics/programming/math you have ever read in your life?,3,4,1765298521.0,0.8,True,self.AskReddit
1phpyev,AskReddit,What are you thoughts on parents who kick their children out at 18?,89,413,1765231739.0,0.79,True,self.AskReddit
1pi9pzw,AskReddit,"If the Supreme Court kills independent agencies and trump starts appointing morons in the FED, FTC, etc. what happens in the markets?",4,13,1765292747.0,0.67,True,self.AskReddit
1pifj67,AskReddit,At what specific moment did you stop seeing your parents as authority figures and realize they were just regular people trying their best?,2,2,1765306023.0,0.75,True,self.AskReddit
1pi9liu,AskReddit,What are unpopular red flags in relationships?,4,11,1765292444.0,1.0,True,self.AskReddit
1pi077l,AskReddit,What’s a moment when you realized you were officially an Adult?,21,45,1765260955.0,0.93,True,self.AskReddit
1piffw8,AskReddit,What's the best way to get started on Reddit as a complete newbie?,2,2,1765305821.0,0.75,True,self.AskReddit
1pi3mg1,AskReddit,What are some tips to get proper 8 hour sleep even in stressful times?,9,35,1765274320.0,0.92,True,self.AskReddit
1pibye6,AskReddit,When did you quit eating fast food?,3,24,1765297849.0,1.0,True,self.AskReddit
1pi7rps,AskReddit,"If you could have any superpower, what would it be and why?",4,25,1765287855.0,0.84,True,self.AskReddit
1pibwev,AskReddit,What’s a characteristic that you dislike about yourself?,3,12,1765297731.0,1.0,True,self.AskReddit
1pifcl1,AskReddit,"Guys, what do you like about guns?",2,22,1765305595.0,0.67,True,self.AskReddit
1pifbtp,AskReddit,What’s the weirdest message you’ve ever received?,2,2,1765305539.0,1.0,True,self.AskReddit
1pi9cya,AskReddit,"What are the biggest factors that actually boost your intrinsic motivation (the stuff that makes you want to do it for YOU, not rewards)?",5,3,1765291862.0,1.0,True,self.AskReddit
1pif8g5,AskReddit,"In Greece, Greek olive oil is actually more expensive than it is abroad. What’s something that’s made in your country but is cheaper to buy when traveling?",2,1,1765305287.0,1.0,True,self.AskReddit
1pif6nq,AskReddit,Redditors: What is something that a local business or restaurant did that made you say “I’ll NEVER come back here again!”?,3,1,1765305147.0,1.0,True,self.AskReddit
1pif6gl,AskReddit,What would the human equivalent of dog food be?,2,7,1765305134.0,0.75,True,self.AskReddit
1pi95tv,AskReddit,What is a small habbit that unexpectedly improved your life?,4,14,1765291396.0,1.0,True,self.AskReddit
1pif3qa,AskReddit,What's something some has said to you that you've never forgotten?,2,2,1765304935.0,1.0,True,self.AskReddit
1pif327,AskReddit,"What excuse could work if you can't graduate in May, with everyone else in your class, but in July instead?",2,3,1765304886.0,1.0,True,self.AskReddit
1pi94kl,AskReddit,What’s a song you’ll never skip— no matter how many times you’ve heard it?,4,22,1765291312.0,0.75,True,self.AskReddit
1pi94k6,AskReddit,What’s the most subtle way someone has flirted with you that you noticed immediately?,4,14,1765291311.0,1.0,True,self.AskReddit
1pif2fx,AskReddit,What's the most generous yet simple kind of kindness you received today?,2,1,1765304841.0,1.0,True,self.AskReddit
1pibj93,AskReddit,What YouTube video had the biggest impact on you?,3,13,1765296911.0,0.67,True,self.AskReddit
1pif1gi,AskReddit,Soundproofing. How do we treat a window to block outside noise from coming into the house?,2,3,1765304771.0,1.0,True,self.AskReddit
1pif1c4,AskReddit,What's something only someone who really loves you will tell you?,2,3,1765304763.0,1.0,True,self.AskReddit
1pif156,AskReddit,What is your opinion on prenups?,2,4,1765304747.0,1.0,True,self.AskReddit
1pi92m8,AskReddit,What are some offline activities for a 2 week period (at least 10)?,4,3,1765291183.0,0.83,True,self.AskReddit
1pif0pi,AskReddit,"People who’ve worked with the ultra-wealthy, what’s the most unsettling example you’ve seen of money being used purely for control or exclusivity rather than actual need?",2,0,1765304716.0,0.75,True,self.AskReddit
1pif05e,AskReddit,What’s the worst way HR or management burned you?,2,2,1765304677.0,1.0,True,self.AskReddit
1pi91dg,AskReddit,What do you think people misunderstand about you most often?,4,18,1765291102.0,1.0,True,self.AskReddit
1pibflm,AskReddit,What will you do first when you wake up tomorrow morning?,2,14,1765296677.0,0.67,True,self.AskReddit
1pieyou,AskReddit,"If the devil challenged you for your soul, what’s the one thing you could do to save it?",2,11,1765304567.0,1.0,True,self.AskReddit
1piewzv,AskReddit,What is the most unhinged thing someone has done after you rejected them?,2,4,1765304447.0,1.0,True,self.AskReddit
1pievf4,AskReddit,What’s a difficult truth people need to hear?,2,11,1765304346.0,1.0,True,self.AskReddit
1pi8wpf,AskReddit,"What's your relationship with cursing/swearing- a casual slip, sailor mouth, not at all, or a variation?",4,6,1765290777.0,0.84,True,self.AskReddit
1pibakk,AskReddit,What do you say to insecure friends who brag about things?,3,13,1765296359.0,1.0,True,self.AskReddit
1pieubl,AskReddit,"If AGI is not here yet, what will it truly look like?",2,5,1765304264.0,1.0,True,self.AskReddit
1pib9ym,AskReddit,what is the best scent of perfume that you like the best?,3,7,1765296321.0,1.0,True,self.AskReddit
1phwnh5,AskReddit,What was the first movie you recall watching that knocked your socks off?,30,121,1765249386.0,0.87,True,self.AskReddit
1pi73sk,AskReddit,What is the best concert you’ve ever seen?,4,31,1765286076.0,0.84,True,self.AskReddit
1piepx1,AskReddit,How on earth does that Cinnabon lady from Green Bay have a GoFundme set up for her and it’s made her over $100k?,2,4,1765303931.0,0.67,True,self.AskReddit
1pi8qg6,AskReddit,What’s something that looked easy as a kid but turned out to be insanely hard as an adult?,3,15,1765290333.0,0.81,True,self.AskReddit
1pib1zk,AskReddit,What’s a 'tiny inconvenience' that can ruin your whole day way more than it should?,3,2,1765295838.0,1.0,True,self.AskReddit
1pi8nwv,AskReddit,What is an example of fairly old tech being as good as or better than a newer model or piece of tech?,5,38,1765290149.0,1.0,True,self.AskReddit
1phczb8,AskReddit,What character had so much potential but was killed off very early?,361,681,1765202104.0,0.93,True,self.AskReddit
1piel8i,AskReddit,"Why in combat sports athletes make it clear they're in it for the money, while in other sports athletes say it's for passion/love?",1,5,1765303613.0,0.67,True,self.AskReddit
1piel6b,AskReddit,How do you get rid of huge pack rats out in the country?,2,7,1765303610.0,1.0,True,self.AskReddit
1phsdx2,AskReddit,[Serious] What's the worst AI dependency you've ever seen in real life?,57,134,1765237776.0,0.75,True,self.AskReddit
1pi47an,AskReddit,What's your lucky number from 1-9?,8,27,1765276482.0,0.9,True,self.AskReddit
1piej38,AskReddit,how do you yall feel about AI in classrooms?,2,7,1765303474.0,1.0,True,self.AskReddit
1pieiww,AskReddit,"What’s your ideal lazy vacation (cruise, all inclusive resort, staycation)?",2,5,1765303456.0,1.0,True,self.AskReddit
1pi8k6r,AskReddit,What’s something your pet did that almost got you in trouble?,4,2,1765289879.0,1.0,True,self.AskReddit
1piaw78,AskReddit,Why did you leave?,3,14,1765295473.0,1.0,True,self.AskReddit
1pieez0,AskReddit,What’s something guys think girls care about but they actually don’t?,2,31,1765303228.0,0.63,True,self.AskReddit
1piee7a,AskReddit,"Do you regret the wedding if not the marriage? If so, why?",2,3,1765303187.0,1.0,True,self.AskReddit
1pi43ku,AskReddit,"Hello Reddit, what was the one bit of dirty talk that made you laugh rather than turn you on?",10,25,1765276087.0,0.92,True,self.AskReddit
1piedz0,AskReddit,"How do you feel when a friend is openly attracted to you yet accepts your friendship? Do you feel influential, flattered, or more accountable for them?",2,2,1765303173.0,1.0,True,self.AskReddit
1piedp5,AskReddit,What is a very specific fact/story that you've been meaning to share on this subreddit but nobody asked the specific question yet?,2,1,1765303158.0,1.0,True,self.AskReddit
1pi8g7d,AskReddit,What’s one small habit that completely changed your life for the better?,4,13,1765289599.0,1.0,True,self.AskReddit
1piedh1,AskReddit,What is the most liberty someone has taken to your guest hospitality?,2,2,1765303143.0,1.0,True,self.AskReddit
1piec25,AskReddit,"What's a lie someone close to you told you, that was devasting when you found out the truth?",2,6,1765303054.0,1.0,True,self.AskReddit
1piebgh,AskReddit,Who was the best boss you ever had? What made them so great?,2,8,1765303018.0,1.0,True,self.AskReddit
1pie91p,AskReddit,What are your best tips for living a healthier lifestyle (in an overall sense)?,2,9,1765302873.0,1.0,True,self.AskReddit
1pie8yh,AskReddit,"What popular trends or fads are not for you, and why do you think they’re still so popular?",2,2,1765302867.0,1.0,True,self.AskReddit
1pie76m,AskReddit,What is that one thing that instantly makes you smile?,2,11,1765302771.0,1.0,True,self.AskReddit
1pie6qd,AskReddit,What event would you stop in history and why?,2,12,1765302745.0,1.0,True,self.AskReddit
1pie6ap,AskReddit,When was a time you walked into an establishment and could clearly tell the employees were bored out of their minds?,2,3,1765302718.0,1.0,True,self.AskReddit
1pie69w,AskReddit,"People who have survived a natural disaster (hurricane, earthquake, wildfire, etc.), what's something you wish you'd known beforehand?",2,1,1765302717.0,1.0,True,self.AskReddit
1pie5zy,AskReddit,"What's the most unbelievable thing you know for a fact happened, but you can't prove it?",2,3,1765302700.0,1.0,True,self.AskReddit
1pie5p3,AskReddit,"When eating dinner , do you sit at the dinner table or with your plate on your lap on the couch?",2,1,1765302683.0,1.0,True,self.AskReddit
1pie5in,AskReddit,What's the worst condition you've seen a car in?,2,1,1765302673.0,1.0,True,self.AskReddit
1pie4zy,AskReddit,What do you need right now?,2,11,1765302644.0,1.0,True,self.AskReddit
1pie4mt,AskReddit,"What's a ""nice"" thing that people do that is actually so annoying?",2,3,1765302623.0,1.0,True,self.AskReddit
1pie4gl,AskReddit,What’s a habit you can’t break no matter how hard you try ?,2,8,1765302614.0,1.0,True,self.AskReddit
1pi87bj,AskReddit,What is the stupidest idea that actually worked?,5,18,1765288971.0,0.86,True,self.AskReddit
1pie0os,AskReddit,What makes you feel the most confident?,2,6,1765302388.0,1.0,True,self.AskReddit
1pie0l1,AskReddit,How does it make you feel when your partner cries?,2,4,1765302382.0,1.0,True,self.AskReddit
1piafdq,AskReddit,What's your strongest craving today?,3,34,1765294400.0,1.0,True,self.AskReddit
1pi3u51,AskReddit,What are some reasons relationships haven't work out for you?,7,21,1765275135.0,0.9,True,self.AskReddit
1pidxtq,AskReddit,How was your first time in an MRI machine?,2,25,1765302219.0,1.0,True,self.AskReddit
1piadoi,AskReddit,What to do as a college student to earn money??,3,17,1765294286.0,1.0,True,self.AskReddit
1pidxig,AskReddit,Which celebrities do you find attractive both currently AND early in their career?,2,12,1765302200.0,1.0,True,self.AskReddit
1pidsw8,AskReddit,What's the most overrated &amp; underrated pixar film?,2,2,1765301925.0,1.0,True,self.AskReddit
1pidsvi,AskReddit,"What company do you really dislike, but you still have to use their services?",2,14,1765301923.0,1.0,True,self.AskReddit
1pidsma,AskReddit,"While raising your own children, what perspective did you gain about how your parents raised you?",2,3,1765301908.0,1.0,True,self.AskReddit
1pidsiq,AskReddit,What do you regret doing when you were younger?,2,6,1765301903.0,1.0,True,self.AskReddit
1pidrd7,AskReddit,What is one thing you’d do over again in your life if you had a chance to?,2,3,1765301833.0,1.0,True,self.AskReddit
1pidr0u,AskReddit,What’s a green flag in relationships that people don’t appreciate enough?,1,3,1765301810.0,0.67,True,self.AskReddit
1phtpi6,AskReddit,What did you have a gut feeling about that nobody else saw or understood?,43,122,1765241262.0,0.82,True,self.AskReddit
1pidli2,AskReddit,What makes us laugh when someone falls or trips?,2,3,1765301470.0,1.0,True,self.AskReddit
1pi67rn,AskReddit,"[Serious] How should you, as someone who won't be conscripted, prep to survive war if both your government and the US government have been warning the citizens of your country that war is coming to your country very, very soon?",4,14,1765283462.0,0.75,True,self.AskReddit
1pi54s2,AskReddit,Which songs make you feel better when you feel really discouraged?,7,14,1765279837.0,0.89,True,self.AskReddit
1pi9xwx,AskReddit,Experts of Reddit what’s the one “this should be impossible” moment in your career that still has zero logical explanation?,3,0,1765293276.0,1.0,True,self.AskReddit
1piddkj,AskReddit,What would you prefer that your Smart TV not do?,2,20,1765300985.0,0.75,True,self.AskReddit
1pi7j4c,AskReddit,What would you change in your country if you were dictator and faced little to no opposition?,4,4,1765287235.0,1.0,True,self.AskReddit
1pid9xi,AskReddit,What’s something you can say to a woman to make her fall in love?,2,6,1765300764.0,0.75,True,self.AskReddit
1pid92i,AskReddit,What are some good news sources for Indian and world news (Something similar to palki sharma)?,2,0,1765300709.0,1.0,True,self.AskReddit
1pi7hvk,AskReddit,What's something that you did is Socially acceptable but not normal?,4,11,1765287142.0,0.84,True,self.AskReddit
1pi9pt8,AskReddit,What’s your favorite place you’ve visited? What stood out?,4,13,1765292734.0,1.0,True,self.AskReddit
1pid7sk,AskReddit,"As an adult, what would your Make-A-Wish be?",2,10,1765300632.0,1.0,True,self.AskReddit
1pi7h0i,AskReddit,What’s something someone said once that you’ll never forget?,3,13,1765287074.0,0.81,True,self.AskReddit
1pid7b2,AskReddit,When was a time you actually let yourself enjoy a quiet moment instead of waiting for something to go wrong?,2,0,1765300602.0,1.0,True,self.AskReddit
1pi7gqo,AskReddit,"Do you consider the destruction of the Library of Alexandria to be one of the greatest intellectual tragedies in human history? If not, what was worse?",5,11,1765287055.0,1.0,True,self.AskReddit
1pi9p07,AskReddit,"What part of your life feels like a loop you can’t escape—where every day ends the same, every hope fades the same, and you’re starting to wonder if this is all your life will ever be?",3,1,1765292676.0,1.0,True,self.AskReddit
1pid73i,AskReddit,What movies are trending in the world right now?,2,2,1765300590.0,1.0,True,self.AskReddit
1pi7fv8,AskReddit,What’s the first trait you notice in a narcissistic person?,4,20,1765286989.0,1.0,True,self.AskReddit
1pi4wtf,AskReddit,What’s a story you never get tired of telling?,6,8,1765279040.0,1.0,True,self.AskReddit
1pi9m4f,AskReddit,"If you could live in a cartoon show's world for the next month, what would it be?",3,9,1765292481.0,1.0,True,self.AskReddit
1pi4vlh,AskReddit,Which is your dream destination to travel to?,6,22,1765278916.0,1.0,True,self.AskReddit
1pi7di7,AskReddit,How do you make meeting up with your ex memorable?,4,16,1765286813.0,0.75,True,self.AskReddit
1pi9kyo,AskReddit,What's something that makes your day a little better?,3,18,1765292411.0,1.0,True,self.AskReddit
1pi9kta,AskReddit,What is the craziest thing about life/the universe that you actually believe in?,4,4,1765292403.0,1.0,True,self.AskReddit
1pid2az,AskReddit,What is something you had to learn the hard way?,2,5,1765300296.0,1.0,True,self.AskReddit
1pid2ah,AskReddit,What are some anime Christmas/new years specials?,2,0,1765300295.0,1.0,True,self.AskReddit
1pi9jhn,AskReddit,How can one stop making up worst things that could happen scenarios in their head and actually believing it happened when it didn't?,3,8,1765292310.0,1.0,True,self.AskReddit
1phz4tf,AskReddit,What’s a common saying that you can’t stand every time you hear it?,16,189,1765257277.0,0.75,True,self.AskReddit
1pid0iu,AskReddit,What valuable company is nobody building ?,2,1,1765300186.0,1.0,True,self.AskReddit
1pi9i5h,AskReddit,"What role would you most like to have in a band (drummer, singer…)?",3,11,1765292222.0,1.0,True,self.AskReddit
1picynb,AskReddit,"People who loves to Travel, where do u want to travel the most in your free/stress time to relax- Sea side or Mountain ??",2,6,1765300074.0,1.0,True,self.AskReddit
1picxrx,AskReddit,"If you had 24 hours left to live, how would you spend it?",2,3,1765300022.0,1.0,True,self.AskReddit
1picxrd,AskReddit,What's a manga/anime that you think is severely underrated and not well known or has been forgotten about?,2,3,1765300021.0,1.0,True,self.AskReddit
1pi9ds4,AskReddit,What’s a common lie adults tell kids that you never forgot?,3,16,1765291919.0,1.0,True,self.AskReddit
1pi9dli,AskReddit,"With the widespread mistrust people have toward strangers nowadays, how do you show people that you’re being genuine, honest?",4,5,1765291906.0,0.83,True,self.AskReddit
1pi5p7q,AskReddit,what was the brand and model of the first touchscreen phone you ever owned?,6,15,1765281794.0,0.87,True,self.AskReddit
1pi739w,AskReddit,"What is something that most people consider normal, but that seems extremely strange to you?",3,20,1765286037.0,0.81,True,self.AskReddit
1pi35rd,AskReddit,What do you think is the most interesting psychology phenomenon?,7,23,1765272470.0,0.9,True,self.AskReddit
1pi98c0,AskReddit,What’s the craziest thing you’ve said to get out of work?,3,4,1765291559.0,1.0,True,self.AskReddit
1phsptb,AskReddit,What’s the first thing you do after getting back home from work?,46,246,1765238623.0,0.91,True,self.AskReddit
1pi970k,AskReddit,What tv show did your whole family sit down to watch together every week ?,2,18,1765291473.0,0.63,True,self.AskReddit
1pi96th,AskReddit,What's the weirdest thing a guest has done in your home?,3,14,1765291459.0,1.0,True,self.AskReddit
1pi5ke0,AskReddit,"Santa is real, you were nice and you get to have the gift you want but you can't ask for money and it needs to be something that can be wrapped. What are you getting?",3,36,1765281365.0,0.64,True,self.AskReddit
1pickyi,AskReddit,"You blink and suddenly find yourself in a room with aliens, the equivalent of virtual reality glasses removed from you. Your whole life has been just a popular computer game that almost everyone in this world has played. How will you react to this?",2,2,1765299252.0,0.75,True,self.AskReddit
1phzh5m,AskReddit,What are you looking for from your life ?,16,46,1765258485.0,0.88,True,self.AskReddit
1pi92im,AskReddit,How does a person overcome childhood trauma?,3,6,1765291177.0,1.0,True,self.AskReddit
1pi4hym,AskReddit,What pokemon do you assume tastes the best?,7,17,1765277568.0,0.82,True,self.AskReddit
1picgrc,AskReddit,How do you think our mind shapes the way we perceive reality?,2,5,1765298986.0,0.75,True,self.AskReddit
1pi30du,AskReddit,"Parents of identical twins, have you ever legitimately lost track of whos who as infants and had to ""reassign"" names?",8,4,1765271892.0,0.83,True,self.AskReddit
1pi5g2p,AskReddit,What is the easiest way to make money?,4,56,1765280940.0,0.67,True,self.AskReddit
1piccqu,AskReddit,How do you make friends as an adult who doesn’t go outside?,2,7,1765298737.0,0.75,True,self.AskReddit
1picc5r,AskReddit,What are some creative career paths that don’t require a degree and are heavily influential in communities?,2,8,1765298702.0,0.75,True,self.AskReddit
1pic8d7,AskReddit,Is it better to be brutally honest or to lie for politeness sake? Why?,3,31,1765298467.0,0.67,True,self.AskReddit
1pic2ms,AskReddit,What’s a simple pleasure that never fails to make you happy?,2,12,1765298108.0,1.0,True,self.AskReddit
1pic20s,AskReddit,What is your favourite book/author?,2,11,1765298072.0,1.0,True,self.AskReddit
1pic1fk,AskReddit,What’s a “something” that’s HUGE in another country but barely recognised in the UK?,3,14,1765298037.0,0.71,True,self.AskReddit
1pi8n98,AskReddit,Which famous person do you share your birthday (day and month) with?,3,18,1765290101.0,1.0,True,self.AskReddit
1pic0tt,AskReddit,What's the weirdest thing you've ever Googled?,2,13,1765297997.0,1.0,True,self.AskReddit
1pic0cw,AskReddit,Who is the top 5 rappers of all time?,3,21,1765297970.0,0.71,True,self.AskReddit
1pibzz1,AskReddit,What is the coldest outside temperature you have been in and where was that?,2,6,1765297946.0,1.0,True,self.AskReddit
1pibzwt,AskReddit,What’s the most useful thing you learned way too late?,2,6,1765297941.0,1.0,True,self.AskReddit
1pibxde,AskReddit,"What do you think of this quotation “Every day, computers are making people easier to use”?",2,6,1765297793.0,0.75,True,self.AskReddit
1pibvye,AskReddit,what are some signs early on that a relationship should become serious?,2,4,1765297701.0,1.0,True,self.AskReddit
1pi8igc,AskReddit,What is one place you’ve never visited but would love to explore someday?,3,4,1765289757.0,1.0,True,self.AskReddit
1pi8iff,AskReddit,If you had to commit a crime to ensure that crime is never committed again what would it be?,2,22,1765289755.0,0.63,True,self.AskReddit
1pibvgb,AskReddit,What makes English so hard to learn?,2,13,1765297670.0,0.63,True,self.AskReddit
1pibtwy,AskReddit,How do you keep yourself sane?,2,12,1765297573.0,0.75,True,self.AskReddit
1pi22js,AskReddit,"If you can have one ability of an animal/insect, what would it be?",8,33,1765267997.0,0.8,True,self.AskReddit
1pibpj8,AskReddit,What's something you saw in video games/films that you used in real life that worked well?,2,4,1765297301.0,1.0,True,self.AskReddit
1pi38f9,AskReddit,What's the first thing you think when u see a homeless guy begging for money on the sidewalk?,7,43,1765272755.0,1.0,True,self.AskReddit
1pibo3u,AskReddit,What’s a historical fact most people get wrong?,2,18,1765297212.0,0.63,True,self.AskReddit
1pibl8k,AskReddit,What’s something you stopped doing that unexpectedly made your life much better?,2,29,1765297031.0,0.75,True,self.AskReddit
1pibkes,AskReddit,What's something you'd go back in time to tell your younger self?,2,10,1765296981.0,1.0,True,self.AskReddit
1pibk74,AskReddit,What’s your go-to comfort food in December when it’s cold outside?,2,9,1765296968.0,0.75,True,self.AskReddit
1pi0ya7,AskReddit,You have ten years left. How are you gonna live it?,12,62,1765263604.0,0.8,True,self.AskReddit
1pi4wjw,AskReddit,What's an unspoken rule of basic courtesy that society seems to have completely forgotten?,4,11,1765279010.0,0.71,True,self.AskReddit
1phxhtl,AskReddit,What’s the scariest childhood story that you still remember today?,21,42,1765251860.0,0.86,True,self.AskReddit
1pi3w95,AskReddit,What’s one tiny habit you quit that unexpectedly freed up massive mental energy?,7,12,1765275352.0,1.0,True,self.AskReddit
1pibhm3,AskReddit,"You suddenly realize everyone else stopped moving ,cars frozen, people frozen, time itself paused except for you. What’s the first thing you do?",2,29,1765296808.0,0.62,True,self.AskReddit
1pi8409,AskReddit,"Have you ever spent years disliking or avoiding a certain ‘type’ of person (personality, ideology, behavior, or even physical traits)… only for life to randomly bring exactly that kind of person into your life? How did it happen, and how did it change you?",3,7,1765288742.0,1.0,True,self.AskReddit
1pi83k0,AskReddit,"If you could learn when your death date is, would you want to know?",3,16,1765288709.0,1.0,True,self.AskReddit
1pibd5o,AskReddit,"If Universal Basic Income was given to you for the rest of your life and it was a livable amount, what would you do with your life? Would you keep working? Pick up a craft?",2,20,1765296523.0,0.67,True,self.AskReddit
1pibcpb,AskReddit,What mystery would you like to solve?,2,5,1765296497.0,1.0,True,self.AskReddit
1pibc8f,AskReddit,"What’s something you did as a kid that your parents told you was “okay,” but you could tell deep down it really hurt them?",2,2,1765296469.0,1.0,True,self.AskReddit
1pi80yu,AskReddit,What baby reaction shows curiosity developing?,3,1,1765288527.0,1.0,True,self.AskReddit
1pi7zlz,AskReddit,What’s the dumbest way you’ve ever injured yourself?,3,15,1765288429.0,0.72,True,self.AskReddit
1pi2z6y,AskReddit,"What one work of art: a song, book, painting, film, or poem, can you definitively say altered the entire trajectory of your life?",7,12,1765271759.0,1.0,True,self.AskReddit
1pib85k,AskReddit,What would your thoughts be if you saw someone you know in an r or x rated photo in a Reddit forum?,2,8,1765296208.0,1.0,True,self.AskReddit
1pi4ozi,AskReddit,What's the social purpose of announcing you're leaving a party multiple times before you actually go?,3,7,1765278264.0,0.67,True,self.AskReddit
1pib6e7,AskReddit,"Women, what do you secretly envy about men but would never say publicly?",2,9,1765296108.0,1.0,True,self.AskReddit
1pib5se,AskReddit,What’s a petty thing you do that gives you unreasonable satisfaction?,2,2,1765296070.0,1.0,True,self.AskReddit
1pi7twj,AskReddit,What are the little things that make you happy ?,3,16,1765288012.0,1.0,True,self.AskReddit
1pi7ttn,AskReddit,"If you could time travel, would you go back in time or travel to the future? Why?",3,6,1765288005.0,1.0,True,self.AskReddit
1pi7q6g,AskReddit,"A question to those who watch many tv shows, how to finish watching them faster than average people?",3,4,1765287746.0,1.0,True,self.AskReddit
1piaz0x,AskReddit,Which tv/movie characters do people hate but maybe don’t deserve it?,2,3,1765295653.0,1.0,True,self.AskReddit
1piaz0b,AskReddit,"Which websites have been shut down for a long time, but you still remember them?",2,13,1765295652.0,1.0,True,self.AskReddit
1pi5sf3,AskReddit,How aware are you of psychological abuse?,5,17,1765282095.0,0.78,True,self.AskReddit
1piayas,AskReddit,What is an example of a good president/bad person?,2,6,1765295606.0,0.75,True,self.AskReddit
1piaxmx,AskReddit,"[SERIOUS] From your perspective, what is the most significant social or behavioral norm we adhere to today that future generations will likely look back on as irrational or harmful?",3,11,1765295565.0,1.0,True,self.AskReddit
1piawfi,AskReddit,Growing up you were told you can't do certain things because you got older. What's one thing you refused to give up?,2,10,1765295487.0,1.0,True,self.AskReddit
1piav93,AskReddit,What condiment would you choose if you only got to use one for the rest of your life?,2,11,1765295414.0,1.0,True,self.AskReddit
1piasr6,AskReddit,"What technology, device, or item that’s currently easily available now would have saved you in the past?",2,1,1765295251.0,1.0,True,self.AskReddit
1pi2ot8,AskReddit,What keeps you going?,7,17,1765270598.0,1.0,True,self.AskReddit
1piaog9,AskReddit,What's your biggest regret in life?,2,9,1765294981.0,0.75,True,self.AskReddit
1pi7gbf,AskReddit,What made you cut someone off instantly?,4,4,1765287024.0,1.0,True,self.AskReddit
1pial0u,AskReddit,How little communication is too little in a long distance relationship?,2,15,1765294770.0,1.0,True,self.AskReddit
1pi7d5k,AskReddit,What’s an important thing that Santa can do this year?,3,12,1765286784.0,1.0,True,self.AskReddit
1pi5hs4,AskReddit,Which Is better omniscience or omnipotence?,4,17,1765281103.0,0.84,True,self.AskReddit
1pi0aw2,AskReddit,What was the worst movie you’ve ever watched and why was it the worst?,11,106,1765261304.0,0.74,True,self.AskReddit
1pi7ams,AskReddit,What’s on your Christmas wish list?,3,15,1765286595.0,1.0,True,self.AskReddit
1pgsguo,AskReddit,What you think is true but just can't prove?,6427,7708,1765138777.0,0.94,True,self.AskReddit
1piagem,AskReddit,What do you think is normal that everyone else thinks is weird?,2,5,1765294469.0,1.0,True,self.AskReddit
1pi79fz,AskReddit,"Daycare workers of Reddit, what is a non-obvious way of figuring out if a toddler comes from a happy/unhappy home?",3,2,1765286499.0,0.81,True,self.AskReddit
1piafgc,AskReddit,What’s a fear you didn’t realise you had until someone casually mentioned it?,2,2,1765294404.0,1.0,True,self.AskReddit
1pi476k,AskReddit,what red flags do you pay attention to in the early stages of a relationship?,5,12,1765276469.0,0.86,True,self.AskReddit
1pi77pm,AskReddit,"Which bothers you more; getting left on read, or getting left on delivered?",3,9,1765286372.0,1.0,True,self.AskReddit
1piacg5,AskReddit,Who has already adopted eSIM technology?,2,2,1765294211.0,1.0,True,self.AskReddit
1pi76ek,AskReddit,What early signal shows a baby recognizing familiar people?,3,3,1765286273.0,1.0,True,self.AskReddit
1pi5c6v,AskReddit,What game did you try to complete 100% but quit because of that one section that's too difficult?,4,17,1765280573.0,0.83,True,self.AskReddit
1pia9tq,AskReddit,what’s the easiest way to make money with no experience and degrees?,2,9,1765294041.0,1.0,True,self.AskReddit
1pi430o,AskReddit,What weird thing do you do all the time that no one ever notices?,3,7,1765276028.0,0.72,True,self.AskReddit
1pi2exm,AskReddit,What's a lyric to a song that you think was better when you sang it incorrectly?,7,16,1765269440.0,0.82,True,self.AskReddit
1pia7uu,AskReddit,What’s the most creative way you’ve heard of someone proposing?,2,2,1765293923.0,1.0,True,self.AskReddit
1pia6vx,AskReddit,"If you could go back 10 years and change one mistake, what would it be and why?",2,4,1765293860.0,1.0,True,self.AskReddit
1pia5dq,AskReddit,Who’s the baddest IG/ Social media model in your opinion?,2,0,1765293760.0,0.67,True,self.AskReddit
1pia5cv,AskReddit,What New Year's resolutions are you pondering or already committed to for '26?,2,5,1765293758.0,1.0,True,self.AskReddit
1pi703o,AskReddit,What’s the strangest coincidence you’ve ever experienced?,3,7,1765285795.0,1.0,True,self.AskReddit
1pi2d1j,AskReddit,What is the country you wish to visit in your lifetime and why?,7,49,1765269221.0,0.82,True,self.AskReddit
1pia2v3,AskReddit,What do you think about Cynthia Erivo?,2,6,1765293603.0,1.0,True,self.AskReddit
1pi9ye1,AskReddit,"What is a profession where you basically have to be a jerk to other people, to be good at your job?",2,30,1765293307.0,0.75,True,self.AskReddit
1pi9yaf,AskReddit,"If you could know the absolute truth about one thing—any mystery, any person, any moment, any possibility—but you’d have to live with that truth forever, what would you choose to know and why?",2,3,1765293300.0,1.0,True,self.AskReddit
1pi6ucv,AskReddit,"If you have given a chance to make one Law, what would it be?",3,12,1765285357.0,1.0,True,self.AskReddit
1pi9xy4,AskReddit,What changed when you lost weight?,2,11,1765293277.0,0.75,True,self.AskReddit
1pi9vw8,AskReddit,What do you wear in a sauna or steam room at a day spa?,2,5,1765293142.0,1.0,True,self.AskReddit
1pi9v0n,AskReddit,What are some alternative subjects that SHOULD be taught in school?,3,11,1765293083.0,1.0,True,self.AskReddit
1pi6rev,AskReddit,What usually happens when a USPS package is delivered     to a parcel lock but the recipient no longer lives there?,3,3,1765285137.0,1.0,True,self.AskReddit
1pi9tvm,AskReddit,What is the food that you crave for when you are so hungry ?,3,8,1765293006.0,1.0,True,self.AskReddit
1pi2x2q,AskReddit,What’s something you learned the hard way?,6,35,1765271532.0,1.0,True,self.AskReddit
1pi3to8,AskReddit,What is something that you commonly do but others think it's unusual?,5,13,1765275084.0,1.0,True,self.AskReddit
1pi3tgm,AskReddit,You now have to really use the bathroom. How screwed are you?,5,11,1765275061.0,1.0,True,self.AskReddit
1pi9t3k,AskReddit,What's the biggest difference between how relationships work in movies vs. real life?,2,10,1765292954.0,1.0,True,self.AskReddit
1pifqhp,AskReddit,What is the scariest thing that's ever happened to you?,1,2,1765306445.0,1.0,True,self.AskReddit
1pi1jbr,AskReddit,"When you’re up at 2am, what do you find yourself doing?",9,44,1765265803.0,0.91,True,self.AskReddit
1pifpvr,AskReddit,whats your story with your evil MIL?,1,0,1765306406.0,1.0,True,self.AskReddit
1pifppm,AskReddit,"If you could visit any year in the future,  which would you choose and why?",1,2,1765306396.0,1.0,True,self.AskReddit
1pifpig,AskReddit,what’s a game you pretend to dislike but secretly love?,2,4,1765306385.0,1.0,True,self.AskReddit
1pifp31,AskReddit,what are the newest hottest brands ?,1,1,1765306360.0,1.0,True,self.AskReddit
1pifox8,AskReddit,What do you use reddit for? Or why do you like reddit ?,0,2,1765306352.0,0.5,True,self.AskReddit
1pifo95,AskReddit,"Girls, how do you act when someone accidentally mentions your insecurities?",1,0,1765306312.0,1.0,True,self.AskReddit
1pi9q9y,AskReddit,What caused your last breakup?,2,16,1765292765.0,1.0,True,self.AskReddit
1pifo84,AskReddit,"If you could go back and say straight up, ""fuck you"" to a famous person's face you've met, who would it be?",1,0,1765306311.0,1.0,True,self.AskReddit
1pi9pwx,AskReddit,If you had a super power what would it be?,2,15,1765292741.0,1.0,True,self.AskReddit
1pi9pf8,AskReddit,What advice do you give to someone new here on Reddit?,2,9,1765292708.0,1.0,True,self.AskReddit
1pi9pa0,AskReddit,What is your biggest flaw and how can you work on it?,2,3,1765292698.0,1.0,True,self.AskReddit
1pi2uff,AskReddit,What’s the best gift you’ve ever received?,5,12,1765271220.0,0.86,True,self.AskReddit
1pifmnv,AskReddit,[Serious] What career have you or somebody you know unexpectedly entered - and done well enough in - without a degree?,0,1,1765306218.0,0.5,True,self.AskReddit
1pifmj6,AskReddit,What's the one car your WONT ever drive and why?,1,4,1765306211.0,0.67,True,self.AskReddit
1pifmfy,AskReddit,Selling art in Europe. How?,0,1,1765306206.0,0.5,True,self.AskReddit
1pi9onh,AskReddit,What’s something small that instantly improves your day?,3,10,1765292652.0,1.0,True,self.AskReddit
1piflfh,AskReddit,What was the most embarrassing job interview you’ve had?,1,6,1765306149.0,0.67,True,self.AskReddit
1pifldl,AskReddit,What's a good universal prize that everyone would want during holiday party games this year?,1,2,1765306145.0,0.67,True,self.AskReddit
1pi9nr5,AskReddit,What is the most ridicule rule you had to follow as a kid?,2,1,1765292592.0,0.75,True,self.AskReddit
1pi9njw,AskReddit,What’s something everyone does but rarely admits?,2,16,1765292578.0,0.75,True,self.AskReddit
1pi9nh1,AskReddit,Do you rinse out your mouth after brushing your teeth and why?,3,21,1765292573.0,1.0,True,self.AskReddit
1pifknz,AskReddit,What do y'all think about the meme reset in 2026?,1,2,1765306109.0,0.67,True,self.AskReddit
1pifkb4,AskReddit,What kind of person do you find truly worthy of respect?,1,11,1765306090.0,0.67,True,self.AskReddit
1pifk2t,AskReddit,Which Kinks are absolutely not for you ?,0,11,1765306077.0,0.5,True,self.AskReddit
1pi9mtd,AskReddit,Which culture do you like best?,3,4,1765292527.0,1.0,True,self.AskReddit
1pi9mmm,AskReddit,"Good morning Reddit, what game would you say has shaped your playstyle the most?",2,14,1765292515.0,1.0,True,self.AskReddit
1pifjd9,AskReddit,What food do you eat in a way that horrifies others?,1,2,1765306035.0,0.67,True,self.AskReddit
1pifj3y,AskReddit,"what do you say knowledge is, certainty or doubt?",1,2,1765306019.0,1.0,True,self.AskReddit
1pifj37,AskReddit,"Men, what would you like to try in sex, what do you dream about?",0,3,1765306018.0,0.33,True,self.AskReddit
1pifinj,AskReddit,where did you meet your gf/bf first time?,0,1,1765305990.0,0.5,True,self.AskReddit
1pifig1,AskReddit,What would you do if a random number called you and said are all your windows locked?,0,3,1765305977.0,0.33,True,self.AskReddit
1pifi3t,AskReddit,Why did we create an internet that is based around fake people creating rage bait videos/posts to get clicks?,0,6,1765305956.0,0.5,True,self.AskReddit
1pifi3j,AskReddit,How did your last relationship end?,0,4,1765305956.0,0.5,True,self.AskReddit
1pifhk1,AskReddit,Which TV character has the best character development you’ve ever seen ?,0,3,1765305923.0,0.5,True,self.AskReddit
1pifhb6,AskReddit,What do you think you would do in a parking lot at night?,0,9,1765305908.0,0.5,True,self.AskReddit
1pifgzu,AskReddit,"New Yorkers of Reddit: What’s the weirdest, most ‘only-in-NYC’ thing you’ve ever witnessed that no one outside the city would believe when you tell them?",0,2,1765305889.0,0.5,True,self.AskReddit
1pifgrk,AskReddit,What are you bringing to your company's holiday potluck and whose dish will you NOT be eating and why?,1,1,1765305873.0,1.0,True,self.AskReddit
1pifgow,AskReddit,What’s one movie that’s better than the book?,0,7,1765305869.0,0.5,True,self.AskReddit
1pi9j7s,AskReddit,What is your favorite quote to live by?,2,16,1765292292.0,1.0,True,self.AskReddit
1piff8m,AskReddit,"In the past, when were you first introduced to Tom Clancy by either playing his games (using his name) or by reading his novels?",0,5,1765305777.0,0.5,True,self.AskReddit
1piff3k,AskReddit,what’s the easiest way to go through life?,1,3,1765305768.0,0.67,True,self.AskReddit
1pi9i3f,AskReddit,What are your top 3 desired qualities in a partner aside from their looks and why?,3,11,1765292217.0,1.0,True,self.AskReddit
1phwzcn,AskReddit,What’s the best couple song you remember that truly struck your heart?,16,25,1765250332.0,0.84,True,self.AskReddit
1pife3z,AskReddit,"Despite your sense of humor, what is a meme that you do not understand?",0,1,1765305699.0,0.5,True,self.AskReddit
1pifdv0,AskReddit,What showed you that this person hasn’t really been hit by life yet?,1,4,1765305683.0,0.67,True,self.AskReddit
1pifdoi,AskReddit,Confession time: what is something you never told your parents?,0,5,1765305672.0,0.5,True,self.AskReddit
1pi3kz6,AskReddit,what's the most bizarre job you (ot some one you know) actually gets paid to do ?,5,2,1765274156.0,1.0,True,self.AskReddit
1pifcg1,AskReddit,"What is a song that people generally seem to love, but you cannot stand?",1,6,1765305585.0,0.66,True,self.AskReddit
1pi9ezh,AskReddit,"In the Wild West Era, who would you be?",3,12,1765292001.0,1.0,True,self.AskReddit
1pifba0,AskReddit,what is a reasonable cost for HOA for a condo?,1,1,1765305502.0,1.0,True,self.AskReddit
1pi9dys,AskReddit,What’s a tiny lie you tell every day that makes life 10x easier?,3,14,1765291933.0,1.0,True,self.AskReddit
1pi4q6u,AskReddit,Who is the best leader in the world which will inspire generations to come?,4,26,1765278382.0,1.0,True,self.AskReddit
1pi9dqe,AskReddit,How does the statement “you are not alone” make you feel when you are feeling down?,3,7,1765291916.0,1.0,True,self.AskReddit
1pifak2,AskReddit,What’s the most harmless kink you’ve discovered you like?,1,9,1765305447.0,1.0,True,self.AskReddit
1pi9ctx,AskReddit,What's your toxic trait?,2,7,1765291854.0,1.0,True,self.AskReddit
1pif9t7,AskReddit,What do you hate about yourself?,0,7,1765305383.0,0.5,True,self.AskReddit
1pif9rt,AskReddit,what’s something you wish you knew when you were 18?,0,3,1765305380.0,0.5,True,self.AskReddit
1pi9cd1,AskReddit,Southern (USA) folks: what is high school football culture like by you?,2,3,1765291822.0,1.0,True,self.AskReddit
1pif9cf,AskReddit,"What is nuke a bullet you dodged, but a tactical nuke you dodged?",0,3,1765305350.0,0.5,True,self.AskReddit
1pif9bt,AskReddit,How can one transform into one who doesn’t stay up late?,0,3,1765305348.0,0.5,True,self.AskReddit
1pif992,AskReddit,How can one transform into one who doesn’t stay up late?,0,0,1765305342.0,0.5,True,self.AskReddit
1pi9brk,AskReddit,What factors are important to consider when choosing a long-lasting laptop?,3,7,1765291783.0,1.0,True,self.AskReddit
1pif8r6,AskReddit,What is the next step someone should take setting up a Nonprofit ?,0,5,1765305308.0,0.5,True,self.AskReddit
1pif8ku,AskReddit,What are we using for stain remover?,1,4,1765305295.0,1.0,True,self.AskReddit
1pif8b5,AskReddit,Do only beautiful women get boyfriends? Why or why not?,0,14,1765305276.0,0.46,True,self.AskReddit
1pif8ar,AskReddit,"Parents who initially refused, but later gave in and let your teen get a VR headset, what changed your mind?",0,4,1765305275.0,0.33,True,self.AskReddit
1pif89u,AskReddit,Who’s the GOAT of sports philanthropy?,1,0,1765305273.0,1.0,True,self.AskReddit
1pi3hl4,AskReddit,What is the most important decision you ever made in your life that changed everything for you ?,5,15,1765273775.0,1.0,True,self.AskReddit
1pi99ud,AskReddit,What is the best flavor in napoleon ice cream?,3,9,1765291661.0,0.8,True,self.AskReddit
1pif753,AskReddit,What’s the last song you discovered on the radio ?,1,2,1765305187.0,1.0,True,self.AskReddit
1pi4mr8,AskReddit,"If you had to start from zero today with no job, what’s the first thing you would do to earn money fast but legally?",4,37,1765278048.0,0.83,True,self.AskReddit
1pif66l,AskReddit,what’s the hottest meme right now is it 67 ?,0,2,1765305114.0,0.5,True,self.AskReddit
1pif5w2,AskReddit,What does “Your request has been rate limited” followed by a timeout mean if I am just opening Reddit and haven’t been using it?,1,7,1765305091.0,0.67,True,self.AskReddit
1pif5vr,AskReddit,"What would the human equivalent of dog food be, if a human had to eat the same thing it’s whole life?",1,2,1765305091.0,0.6,True,self.AskReddit
1pif5pu,AskReddit,What’s the best thing to invest in 2026?,1,3,1765305079.0,1.0,True,self.AskReddit
1pif5lh,AskReddit,What name would you choose for yourself if you could pick it at birt?,1,5,1765305071.0,0.67,True,self.AskReddit
1pif56j,AskReddit,Does reddit is a dating app ? What do you think?,0,4,1765305041.0,0.5,True,self.AskReddit
1pif4g0,AskReddit,What's something some has said to you that you've never forgotten?,1,5,1765304989.0,1.0,True,self.AskReddit
1pif4cu,AskReddit,"When did you start to feel mental and physical decline, and how did you change your life after?",1,0,1765304982.0,1.0,True,self.AskReddit
1pi95ui,AskReddit,overnight workers of reddit what advice would you give to someone who's about to start working overnights?,2,9,1765291398.0,1.0,True,self.AskReddit
1pif39c,AskReddit,"What do you think makes Clarkson, Hammond, and May such a successful motoring trio compared to others ?",1,10,1765304900.0,1.0,True,self.AskReddit
1pif32t,AskReddit,"At what age did you start to feel 'old' physically vs mentally, and how did it surface?",1,0,1765304888.0,1.0,True,self.AskReddit
1pi4k11,AskReddit,How do you feel about AI being used to put deceased actors into new movies?,4,16,1765277776.0,0.7,True,self.AskReddit
1pif2jw,AskReddit,What is your all time favorite movie?,1,7,1765304849.0,1.0,True,self.AskReddit
1ph83nu,AskReddit,"What is a sign of a ""cry for help"" that isn't obvious to the average person?",439,195,1765185908.0,0.93,True,self.AskReddit
1pi4jg4,AskReddit,"If pizza could have feelings, how would it feel about being eaten?",3,16,1765277716.0,0.6,True,self.AskReddit
1pgv137,AskReddit,What's the biggest mistake you made while having sex?,3742,1674,1765145074.0,0.91,True,self.AskReddit
1pi920y,AskReddit,Why did you choose medical weight loss over lifestyle change/nutriton (No judgment)?,2,8,1765291146.0,0.75,True,self.AskReddit
1pif03s,AskReddit,"What’s something from your childhood that you didn’t appreciate back then, but now wish you could experience one more time?",1,4,1765304673.0,1.0,True,self.AskReddit
1piezfv,AskReddit,"Men who have mezophilia, how do you cope with it? How does it manifest for you?",1,3,1765304624.0,1.0,True,self.AskReddit
1piezea,AskReddit,What is your type?,1,5,1765304620.0,1.0,True,self.AskReddit
1piezd4,AskReddit,How’s the police where you live?,1,5,1765304617.0,1.0,True,self.AskReddit
1piezae,AskReddit,"[Serious] Therapists of Reddit, what did a client say that made you upset?",1,1,1765304611.0,1.0,True,self.AskReddit
1pi3bsk,AskReddit,What’s the smallest thing you’ve done to make someone’s day better?,6,13,1765273131.0,1.0,True,self.AskReddit
1pieyhg,AskReddit,What’s a TV show you wish you could watch again for the first time?,1,8,1765304552.0,1.0,True,self.AskReddit
1pi10o1,AskReddit,"Everyone has stuff they have to do each day, what’s one thing you genuinely look forward to every single day?",8,56,1765263835.0,0.84,True,self.AskReddit
1pi8y6z,AskReddit,How did you learn to be truly accepting of yourself? Or to stop using social validation so much for self-validation?,2,3,1765290879.0,1.0,True,self.AskReddit
1pi8xhw,AskReddit,People say the medical field is far from loyal. Would you say phlebotomist are included? Why or why not?,2,3,1765290832.0,1.0,True,self.AskReddit
1pi8wxl,AskReddit,What's the longest time you've ever spent on reddit in one scrolling session?,2,1,1765290793.0,1.0,True,self.AskReddit
1pieus0,AskReddit,"Using one adjective, how do you feel right now?",1,8,1765304299.0,1.0,True,self.AskReddit
1pi8vsn,AskReddit,What is definitely worth the side effects/downsides?,2,2,1765290711.0,1.0,True,self.AskReddit
1pi8vlg,AskReddit,"If a person is pregnant and allergic or lactose intolerant, what happens with their own milk are they allergic to their own milk?",2,3,1765290697.0,1.0,True,self.AskReddit
1pieu05,AskReddit,"Which food item/lifestyle activity today do you think will be the most associated with cancer in 20 years, if not already?",1,5,1765304236.0,1.0,True,self.AskReddit
1pietk3,AskReddit,What annoys you most about other people?,1,11,1765304201.0,1.0,True,self.AskReddit
1pietgb,AskReddit,What's the biggest green flag you saw in a person in your life?,1,4,1765304193.0,1.0,True,self.AskReddit
1pi5z64,AskReddit,What’s a piece of advice you regret not listening to?,3,14,1765282702.0,1.0,True,self.AskReddit
1pi4c64,AskReddit,If you had todays knowledge 10 years back what was the 1st thing u would do?,3,14,1765276986.0,0.81,True,self.AskReddit
1pi8t4t,AskReddit,How difficult is it to get into ENT training as an IMG? What are the chances of being jobless after PLABS?,2,0,1765290528.0,1.0,True,self.AskReddit
1pi2bnt,AskReddit,What movies are like a Call of Duty campaign?,6,11,1765269056.0,0.8,True,self.AskReddit
1pi8t1l,AskReddit,How does one can not simply walk into Mordor?,2,3,1765290523.0,0.75,True,self.AskReddit
1pieqqc,AskReddit,"movie theater employees, whats your story about chasing a kid out of an R rated movie?",1,3,1765303984.0,1.0,True,self.AskReddit
1pi4b2i,AskReddit,Do you like sleeping alone? Why?,3,17,1765276868.0,0.81,True,self.AskReddit
1piepx4,AskReddit,Women with many DM requests on social media who are struggling to find a relationship. Why not respond to DMs as a way to find a man?,1,17,1765303931.0,0.67,True,self.AskReddit
1pieps6,AskReddit,What’s a high school moment that you still randomly think about?,1,8,1765303924.0,1.0,True,self.AskReddit
1piep8c,AskReddit,What makes Thailand so unique and special ?,1,4,1765303888.0,1.0,True,self.AskReddit
1pi5vw2,AskReddit,What’s the pettiest reason you stopped talking to someone?,3,27,1765282414.0,1.0,True,self.AskReddit
1pieoc9,AskReddit,"What’s a moment where you instantly realized you were the ‘dumb one’ in the situation, even if just for a minute?",1,0,1765303824.0,1.0,True,self.AskReddit
1pienzp,AskReddit,What song has been your most recent earworm?,1,4,1765303801.0,1.0,True,self.AskReddit
1piend0,AskReddit,What were your dreams when someone random asked you?,1,2,1765303760.0,1.0,True,self.AskReddit
1pi8oi3,AskReddit,What T.V ads from the 80's &amp; 90's are etched into your mind forever? Why?,2,21,1765290195.0,0.75,True,self.AskReddit
1piemuq,AskReddit,What's the biggest red flag you saw in a person?,0,9,1765303729.0,0.5,True,self.AskReddit
1piemmn,AskReddit,What did you dream about today?,1,6,1765303713.0,1.0,True,self.AskReddit
1piemkk,AskReddit,What's the best tip for fighting someone taller than you?,1,29,1765303709.0,1.0,True,self.AskReddit
1pi8nzn,AskReddit,What’s something your job hides from people that outsiders would be shocked to know?,2,3,1765290155.0,1.0,True,self.AskReddit
1piembc,AskReddit,what is the way out of a thinking block?,1,5,1765303690.0,1.0,True,self.AskReddit
1pi8nqy,AskReddit,What are some ways you help other drivers on the road?,2,15,1765290137.0,0.75,True,self.AskReddit
1piel5n,AskReddit,"How do you feel when a friend is openly attracted to you yet accepts your friendship? Do you feel influential, flattered, or more accountable for them?",0,0,1765303609.0,0.5,True,self.AskReddit
1piekty,AskReddit,"People who watch porn, how did it affect your sex and personal life?",2,10,1765303584.0,0.67,True,self.AskReddit
1piektf,AskReddit,What’s something ridiculously small that makes you feel WAY more powerful than you actually are?,1,2,1765303584.0,1.0,True,self.AskReddit
1pieks5,AskReddit,"People who support the death penalty, why?",1,3,1765303582.0,1.0,True,self.AskReddit
1pi8kaq,AskReddit,What’s something you didn’t realize was important until you grew older?,2,11,1765289886.0,1.0,True,self.AskReddit
1piei6x,AskReddit,what is your deepest darkest kink?,1,23,1765303412.0,0.67,True,self.AskReddit
1piehbr,AskReddit,What's the best tip for marketing a tech item?,1,5,1765303360.0,1.0,True,self.AskReddit
1pieff0,AskReddit,Trump giving farmers $12B out of collected tariffs.  What happens if the policy is reversed and there is no collected tariff monies?,1,2,1765303253.0,1.0,True,self.AskReddit
1phvp6j,AskReddit,"If you were given the chance to travel back to the past, which age would you go back to? why?",18,62,1765246737.0,0.91,True,self.AskReddit
1pieenj,AskReddit,what yall think about the chickens wit da red on der head?,0,1,1765303212.0,0.33,True,self.AskReddit
1phcwdg,AskReddit,What’s a small everyday thing that stresses you out way more than it should?,177,117,1765201889.0,0.96,True,self.AskReddit
1pied7n,AskReddit,"Reddit Wedding Photographers: What does a beginner actually NEED to succeed in the industry- skills, gear, habits, or lessons you wish you learned earlier?",1,1,1765303127.0,1.0,True,self.AskReddit
1pi41zb,AskReddit,What are your feelings about the 'pay forever' model of today's day and age? What can be done to stop it?,2,16,1765275921.0,0.67,True,self.AskReddit
1pi413i,AskReddit,"What costs nothing, yet completely changed your life?",4,24,1765275838.0,0.83,True,self.AskReddit
1pi8bnk,AskReddit,What’s a holiday tradition your family has that you assumed was normal… until you grew up and realized NO ONE else does it?,2,3,1765289272.0,1.0,True,self.AskReddit
1pi8bnb,AskReddit,"Military members of Reddit, what’s the proudest moment you’ve had in the military and why?",2,6,1765289272.0,1.0,True,self.AskReddit
1pi8bl4,AskReddit,What’s a moment that still haunts you a little?,2,3,1765289268.0,1.0,True,self.AskReddit
1pi8b8s,AskReddit,What is the best in-universe fictional show?,2,15,1765289243.0,1.0,True,self.AskReddit
1pi89zt,AskReddit,What new skills are you planning on learning in 2026?,2,3,1765289160.0,1.0,True,self.AskReddit
1pie5yr,AskReddit,"Families of Reddit, what was it like when you discovered one of your own was a bully?",1,0,1765302698.0,0.67,True,self.AskReddit
1pi89k5,AskReddit,"Gen xers of reddit, what was it like growing up and hearing about the seemingly constant brutal serial killing activity over the 80s and 90s?",1,28,1765289129.0,0.55,True,self.AskReddit
1pi88j6,AskReddit,"What is considered ""basic"" today that will become a ""premium luxury"" service due to AI?",2,1,1765289057.0,0.75,True,self.AskReddit
1pie3yr,AskReddit,What is something a woman should let their male partner handle 100% of the time?,1,7,1765302585.0,0.6,True,self.AskReddit
1pie3sp,AskReddit,"If you were heading to prison and could only watch one TV series for over 10 years, which one would you choose?",1,6,1765302574.0,1.0,True,self.AskReddit
1pie3r1,AskReddit,What’s a movie you’ll always stop and watch if it’s on TV?,1,6,1765302571.0,1.0,True,self.AskReddit
1pi87um,AskReddit,What's a tiny decision that accidentally changed your whole life?,2,4,1765289010.0,1.0,True,self.AskReddit
1pie31d,AskReddit,What's your dream job? Did you ever try to pursue it?,1,8,1765302528.0,1.0,True,self.AskReddit
1pie303,AskReddit,"Family business kids, what's one thing that sorted personal finance for you?",1,0,1765302526.0,1.0,True,self.AskReddit
1pie2bg,AskReddit,"People who have actually eaten other people's lunch at work, what is going through your head?",1,4,1765302486.0,1.0,True,self.AskReddit
1pie1ls,AskReddit,So what do you want for Christmas?,0,0,1765302443.0,0.5,True,self.AskReddit
1pi8655,AskReddit,"If you could live for a month in any city in the world, which one would it be?",2,11,1765288888.0,1.0,True,self.AskReddit
1pie11m,AskReddit,What is your best and worst trait?,1,8,1765302410.0,1.0,True,self.AskReddit
1pidzke,AskReddit,What’s an ick you developed as you got older?,0,1,1765302323.0,0.5,True,self.AskReddit
1pi848n,AskReddit,How can you communicate with tourists which will visit Tunisia and present your services like a local guide tour?,2,3,1765288760.0,1.0,True,self.AskReddit
1pi3uqh,AskReddit,What do you think is the most important question or topic to bring up on a first date?,5,16,1765275196.0,0.86,True,self.AskReddit
1pidysx,AskReddit,Do you use AI daily ? Why and it is worth ?,1,10,1765302279.0,0.67,True,self.AskReddit
1pidysj,AskReddit,What's the first thing you'd do if you were the opposite sex?,0,7,1765302279.0,0.4,True,self.AskReddit
1pidypa,AskReddit,Why the karma is a boomerang in reddit?,0,2,1765302274.0,0.5,True,self.AskReddit
1pidyhs,AskReddit,"From reading Reddit, people seem to get married young in the states (very early 20s or younger). How old were you?",1,7,1765302260.0,1.0,True,self.AskReddit
1pidybv,AskReddit,"If Maxwell was Convicted an Epstien held on Under Age Sex Trafficking, Who Were the Rapists Comitting the Crime?",1,5,1765302250.0,1.0,True,self.AskReddit
1pi836w,AskReddit,What is the most mischievous thing you did in your school day? Did it have any repercussions or is it an exciting memory you love to discuss with your friends even today?,2,3,1765288683.0,1.0,True,self.AskReddit
1pi3tsl,AskReddit,What's something people often get wrong about your country?,4,12,1765275097.0,0.84,True,self.AskReddit
1pidwoq,AskReddit,What are the most important factors for you when choosing a college?,1,6,1765302152.0,1.0,True,self.AskReddit
1pi81t3,AskReddit,"[Serious] If a Constitutional Convention were held, what changes to the US Constitution would you like to see?",2,49,1765288586.0,0.6,True,self.AskReddit
1pidw9d,AskReddit,What’s one little change at work that actually made everyone’s day way easier?,1,3,1765302130.0,1.0,True,self.AskReddit
1pi81ru,AskReddit,"18+ Australians, what's your opinion on the social media ban on the 10th?",2,17,1765288583.0,1.0,True,self.AskReddit
1pi812n,AskReddit,What are your thoughts on giving a homeless person change?,2,47,1765288534.0,0.63,True,self.AskReddit
1pi80te,AskReddit,What is that one thing you wish you had ?,2,11,1765288515.0,1.0,True,self.AskReddit
1pidv4a,AskReddit,What's is the best anime movie to watch?,1,7,1765302061.0,0.67,True,self.AskReddit
1pidukv,AskReddit,Do you know a case of edipo syndrome? how did It go?,1,2,1765302028.0,1.0,True,self.AskReddit
1pi804f,AskReddit,You have given a superpower for 2 days sk that you can remember everything you read in these 2 days. What will you read?,2,1,1765288466.0,1.0,True,self.AskReddit
1pidtqp,AskReddit,what is your biggest plotwist in life that turn your negative mindset into positive?,1,0,1765301980.0,1.0,True,self.AskReddit
1pidtme,AskReddit,Those of you who work 4/10s do you like it?,1,6,1765301974.0,1.0,True,self.AskReddit
1pi7z85,AskReddit,What were the romances you had after you entered the workforce?,2,1,1765288401.0,0.75,True,self.AskReddit
1pi1t1l,AskReddit,"You're taken hostage, but after half an hour they free you out of pure annoyance. What did you rant about?",7,13,1765266929.0,0.82,True,self.AskReddit
1phrho3,AskReddit,What is the most random/strangest compliment you've ever received?,31,49,1765235451.0,0.97,True,self.AskReddit
1pi7y2i,AskReddit,"Millions of children and teens are losing access to accounts as Australia rolls out its world-first social media ban. Do you think this is a good idea or a bad idea? Is it enforceable or unenforceable, and what’s your opinion?",2,28,1765288315.0,0.67,True,self.AskReddit
1pidre0,AskReddit,Who is this mysterious “The White Man” people speak of?,0,6,1765301835.0,0.5,True,self.AskReddit
1pi7xd2,AskReddit,What’s the dumbest thing you did in 2025 that actually made you happier?,2,6,1765288262.0,1.0,True,self.AskReddit
1pidqnb,AskReddit,What's the point in ghosting?,1,8,1765301785.0,1.0,True,self.AskReddit
1pi7wxw,AskReddit,What's your favorite place or circumstance to listen to music?,2,5,1765288232.0,1.0,True,self.AskReddit
1phyh08,AskReddit,"How do you deal with a manager who’s insecure, unqualified, and abuses their authority?",10,21,1765254858.0,0.86,True,self.AskReddit
1pidpie,AskReddit,What’s something you do the ‘lazy way : even though you know the proper way?,1,17,1765301715.0,0.67,True,self.AskReddit
1pi7uow,AskReddit,What's your best school memory?,2,6,1765288068.0,1.0,True,self.AskReddit
1pi57os,AskReddit,What is your favorite color and why?,3,22,1765280124.0,0.8,True,self.AskReddit
1pi7trl,AskReddit,How do you make besan ke laddu?,2,9,1765288001.0,1.0,True,self.AskReddit
1pi7tfl,AskReddit,What is your big regret in life?,2,2,1765287977.0,1.0,True,self.AskReddit
1pidm9y,AskReddit,What sad or disturbing secret is behind something everyone thinks is good?,1,2,1765301516.0,1.0,True,self.AskReddit
1pidlp7,AskReddit,Who would you want to be in an alternate universe?,1,7,1765301481.0,1.0,True,self.AskReddit
1pi7sqs,AskReddit,What simple interaction seems to help babies learn quickly?,2,2,1765287931.0,1.0,True,self.AskReddit
1pi561a,AskReddit,What do you want for Christmas?,4,32,1765279958.0,0.83,True,self.AskReddit
1pidkgu,AskReddit,What's your thoughts on AI and all the big companies pushing for it?,0,9,1765301406.0,0.5,True,self.AskReddit
1pi55m2,AskReddit,"[Serious] What do people do when they say that they are gonna ""go clubbing"" on Friday nights in Western cultures? How does ""clubbing"" work in the West? How common is it in the West?",4,11,1765279918.0,0.75,True,self.AskReddit
1pi55fg,AskReddit,What’s the weirdest thing a guest has done in your home?,3,11,1765279900.0,1.0,True,self.AskReddit
1pidjom,AskReddit,What hings you could do past the time if you were immortal- considering boredom would be a huge problem?,1,0,1765301358.0,1.0,True,self.AskReddit
1pidj4j,AskReddit,"Those who are bi or bi-curious, when did you figure it out? have you told your spouse?",1,8,1765301326.0,0.67,True,self.AskReddit
1pi7qa8,AskReddit,"For the 'don't need anything' people of Reddit, what are some good Christmas gift suggestions?",2,16,1765287752.0,1.0,True,self.AskReddit
1pidid3,AskReddit,What are your thoughts on liking pictures of other people while in a relationship?,0,22,1765301279.0,0.5,True,self.AskReddit
1pidi67,AskReddit,"Recruiters of Reddit, What is something about the job market people are often wrong about?",1,0,1765301267.0,1.0,True,self.AskReddit
1pi545p,AskReddit,How do you think AI will change our daily lives in the next 5 years?,3,11,1765279778.0,0.8,True,self.AskReddit
1pidgho,AskReddit,"What's the most inspirational thing you saw, heard, read, or were told today?",1,1,1765301164.0,1.0,True,self.AskReddit
1pidfbs,AskReddit,What cheap purchase improved your life more than you expected?,1,26,1765301093.0,1.0,True,self.AskReddit
1pidf8c,AskReddit,"If humans suddenly developed a sixth sense overnight, what everyday behavior would become completely chaotic?",1,2,1765301088.0,1.0,True,self.AskReddit
1pi7n9y,AskReddit,What do you do when you're going through a rough patch?,2,5,1765287534.0,1.0,True,self.AskReddit
1pi52ey,AskReddit,What are you confused with now?,3,11,1765279600.0,1.0,True,self.AskReddit
1pi7n2b,AskReddit,Who forgets things from their childhood?,2,9,1765287517.0,0.75,True,self.AskReddit
1pi3j80,AskReddit,What’s the weirdest thing you’ve ever done while home alone that you’d never admit if someone was watching?,4,13,1765273956.0,1.0,True,self.AskReddit
1pide41,AskReddit,You wake up one day as the president of your country. What's the first thing you do?,1,12,1765301021.0,1.0,True,self.AskReddit
1piddit,AskReddit,What was the last thing that surprised you?,1,5,1765300982.0,1.0,True,self.AskReddit
1pidcul,AskReddit,Why you hate snitches?,0,5,1765300938.0,0.33,True,self.AskReddit
1pidcg4,AskReddit,When’s the last time your wife went to her mom’s house at 2am?,0,6,1765300915.0,0.33,True,self.AskReddit
1pidccg,AskReddit,Are you ready for Christmas? What did you buy?,1,4,1765300909.0,1.0,True,self.AskReddit
1pidcbj,AskReddit,What did you dream about last night?,1,0,1765300907.0,1.0,True,self.AskReddit
1pidbyt,AskReddit,What are the foods with less calories more protein content?,1,2,1765300885.0,1.0,True,self.AskReddit
1pidbw7,AskReddit,"What, in your opinion, is the greatest invention in the last 50 years?",1,2,1765300882.0,1.0,True,self.AskReddit
1pidbuf,AskReddit,"Ladies who have attended a party where they had a male stripper, what was the wildest thing that actually went on?",1,3,1765300879.0,0.6,True,self.AskReddit
1pidbfn,AskReddit,[Serious] What was your worst job interview experience?,1,5,1765300855.0,1.0,True,self.AskReddit
1phl513,AskReddit,How have you been protecting your mental health?,64,180,1765220790.0,0.9,True,self.AskReddit
1pidafp,AskReddit,What's the lore behind your username?,1,21,1765300796.0,1.0,True,self.AskReddit
1pi7jai,AskReddit,Parents: What’s your biggest learning struggle for kids?,2,1,1765287249.0,1.0,True,self.AskReddit
1pid9wj,AskReddit,How does it feel when a person gives you more attention than they normally would because they’re attracted to you while still keeping the boundaries you set?,1,0,1765300763.0,0.67,True,self.AskReddit
1pid9tc,AskReddit,What caused the downfall of fast food in your opinion?,0,14,1765300756.0,0.5,True,self.AskReddit
1pid9nn,AskReddit,"When did you have your first crush, and how old were you at the time?",0,5,1765300745.0,0.5,True,self.AskReddit
1pid9mq,AskReddit,Craziest thing you found in someone’s (who passed away) phone?,1,2,1765300743.0,1.0,True,self.AskReddit
1pi7hf7,AskReddit,What are the challenges that your face as a gym owner?,2,3,1765287107.0,0.75,True,self.AskReddit
1pi7g5w,AskReddit,"If America no longer has “the American dream”, which country currently does?",1,20,1765287012.0,0.53,True,self.AskReddit
1pi4wr4,AskReddit,What was your most awkward/ embarrassing moment with your brother/ sister in-law?,3,3,1765279033.0,1.0,True,self.AskReddit
1pid57m,AskReddit,"If You Got 3 Wishes, What Will It Be?",1,6,1765300474.0,1.0,True,self.AskReddit
1pi7ewi,AskReddit,What is the best $10 you've ever spent?,2,5,1765286917.0,1.0,True,self.AskReddit
1pid4pb,AskReddit,What is your favorite quote and why?,1,5,1765300445.0,1.0,True,self.AskReddit
1pid4m8,AskReddit,Hot takes only! Whats something that you think is overrated?,1,6,1765300440.0,1.0,True,self.AskReddit
1pid35q,AskReddit,"If you could whisper one thing in the ears of all members of the opposite sex, what would it be?",0,7,1765300349.0,0.33,True,self.AskReddit
1pid2fj,AskReddit,How are we telling our parents and relatives that the reels they send us are actually ai?,1,14,1765300304.0,1.0,True,self.AskReddit
1pi7cma,AskReddit,"To those who have gained a lot of weight, what is the biggest change you went through?",2,6,1765286743.0,1.0,True,self.AskReddit
1pid209,AskReddit,what’s the very last thing you’d choose to do if the world was ending right in front of you?,1,3,1765300278.0,1.0,True,self.AskReddit
1pid1zw,AskReddit,What Television Shows would you like to appear on?,1,2,1765300277.0,1.0,True,self.AskReddit
1pid0w5,AskReddit,What’s an everyday thing in your culture that would shock someone visiting for the first time?,1,11,1765300207.0,1.0,True,self.AskReddit
1pid0u0,AskReddit,People who survived childhood bullying: How are you doing now?,1,6,1765300204.0,1.0,True,self.AskReddit
1phwvf0,AskReddit,What video or movie actually scared you when watching it?,13,43,1765250018.0,0.85,True,self.AskReddit
1piczex,AskReddit,What’s a moment where you realized you’ve been doing something wrong your entire life?,1,2,1765300119.0,1.0,True,self.AskReddit
1piczci,AskReddit,"If you could 'gift' a list of pieces of the internet (links to anything), what would you include?",1,1,1765300115.0,1.0,True,self.AskReddit
1picxgj,AskReddit,What’s a decision you made that seemed harmless at the time — but you regret now?,1,1,1765300003.0,1.0,True,self.AskReddit
1picx6z,AskReddit,What things you do daily to not feel like npc?,1,2,1765299986.0,1.0,True,self.AskReddit
1pi78lg,AskReddit,What always reassures you?,2,6,1765286436.0,1.0,True,self.AskReddit
1picwjg,AskReddit,What’s a moment where you accidentally embarrassed yourself so badly you still think about it in the shower?,1,1,1765299947.0,1.0,True,self.AskReddit
1pi77tw,AskReddit,What’s the dumbest thing you believed as a kid for way too long?,2,6,1765286381.0,1.0,True,self.AskReddit
1pi77bz,AskReddit,What’s a completely normal thing you didn’t learn until embarrassingly late in life?,2,5,1765286343.0,1.0,True,self.AskReddit
1pi4pw6,AskReddit,What’s a fear you’ve had since childhood that still affects you?,3,10,1765278353.0,1.0,True,self.AskReddit
1pi76h6,AskReddit,What would the world be like if everyone were shy?,2,3,1765286277.0,1.0,True,self.AskReddit
1pi25r6,AskReddit,What is that one day from your life which you’d love to relive again?,5,4,1765268364.0,0.86,True,self.AskReddit
1picu5j,AskReddit,"Women that proposed to their boyfriend, how did it go?",1,0,1765299803.0,1.0,True,self.AskReddit
1picu4f,AskReddit,People with no rhythm when you dance. What’s going on?,0,6,1765299801.0,0.5,True,self.AskReddit
1pictn1,AskReddit,how old is your oldest piece of clothes?,1,20,1765299775.0,1.0,True,self.AskReddit
1pi75u2,AskReddit,What screams “I grew up poor” even if you’re rich now?,2,10,1765286228.0,1.0,True,self.AskReddit
1pi75b3,AskReddit,What do you think about death?,2,36,1765286189.0,0.75,True,self.AskReddit
1picsw0,AskReddit,What do you do when you aren’t working?,1,6,1765299727.0,1.0,True,self.AskReddit
1picssa,AskReddit,Who is shoveling snow or watching the fluffy white descending today? Who is sitting on a beach feeling so smug?,1,10,1765299722.0,1.0,True,self.AskReddit
1pi74nd,AskReddit,To what extent does it make sense to let your partner think they’re right about an argument?,2,42,1765286139.0,1.0,True,self.AskReddit
1picrwr,AskReddit,"If you could give someone a harmless but mildly annoying curse, what would it be?",1,8,1765299669.0,0.67,True,self.AskReddit
1picrml,AskReddit,In 1971 Indo-Pak war Pakistan's which nuclear submarine was destroyed by india?,1,1,1765299655.0,0.67,True,self.AskReddit
1pi73x3,AskReddit,What simple piece of advice would you like everyone to understand?,2,11,1765286087.0,0.75,True,self.AskReddit
1picqft,AskReddit,What’s a harmless opinion that somehow starts World War III whenever you say it?,1,7,1765299589.0,0.67,True,self.AskReddit
1picpqr,AskReddit,"Have you ever randomly developed a massive, embarrassing crush/lust on a close friend you’ve known for years with ZERO warning? How did you handle it without blowing up your life?",0,27,1765299545.0,0.5,True,self.AskReddit
1phzlbz,AskReddit,What scam did you fall for and how can we avoid it?,8,18,1765258896.0,0.79,True,self.AskReddit
1picpep,AskReddit,What movie lives in your head rent free?,1,7,1765299524.0,0.67,True,self.AskReddit
1picoby,AskReddit,Have you or anyone close to you ever been misdiagnosed with something and still ran with it anyway? If so what happen?,1,0,1765299459.0,0.67,True,self.AskReddit
1picn9k,AskReddit,What would you do if your HOA was holding a vote and they are counting people who don't vote as a yes?,1,5,1765299391.0,0.6,True,self.AskReddit
1pi3412,AskReddit,What’s an app feature you never use but everyone else seems obsessed with?,5,14,1765272290.0,0.86,True,self.AskReddit
1pi6zm3,AskReddit,What's the worst gift you've received in a Secret Santa or White Elephant?,2,2,1765285757.0,1.0,True,self.AskReddit
1picllf,AskReddit,"Fellow earthlings, who moved to a completely different city/country - what surprised you the most?",0,7,1765299290.0,0.5,True,self.AskReddit
1pi6z3j,AskReddit,What makes baby sleep patterns so unpredictable?,2,2,1765285716.0,1.0,True,self.AskReddit
1picizz,AskReddit,"What is a behavior that you used to have, but after seeing others do the same thing, you cringed and did everything you could to change yourself?",1,5,1765299124.0,1.0,True,self.AskReddit
1picig9,AskReddit,What are your culture’s superstitions or ‘do-nots’ around menstruation?,1,2,1765299089.0,0.67,True,self.AskReddit
1pi6wnu,AskReddit,How did you power through your studies?,1,8,1765285533.0,0.57,True,self.AskReddit
1pici97,AskReddit,What’s the dumbest thing you’ve ever done?,1,3,1765299077.0,0.67,True,self.AskReddit
1pichn9,AskReddit,What company have you had the worst experience with?,1,4,1765299040.0,1.0,True,self.AskReddit
1pichml,AskReddit,"If your week had a title like a movie, what would it be?",1,4,1765299039.0,1.0,True,self.AskReddit
1pichc2,AskReddit,What is something that you once considered a punishment But now you like ?,1,9,1765299020.0,1.0,True,self.AskReddit
1pi6uic,AskReddit,What single word or sentence will define your 2025?,2,14,1765285368.0,1.0,True,self.AskReddit
1phujpc,AskReddit,What animal would be most terrifying if it could speak?,17,83,1765243525.0,0.84,True,self.AskReddit
1picej5,AskReddit,"No job will take you, how will you make $2,500 a month with WiFi, a phone and laptop? Can you scale up?",0,12,1765298847.0,0.5,True,self.AskReddit
1pi6sz9,AskReddit,"If there was one animal that would be first to ask ""why"", which would it be?",2,4,1765285253.0,1.0,True,self.AskReddit
1phyqz6,AskReddit,"If you had the chance, what advice would you give to your 10 year old self?",9,32,1765255839.0,0.85,True,self.AskReddit
1piccyv,AskReddit,What scents do you find sexy?,1,6,1765298750.0,1.0,True,self.AskReddit
1piccn9,AskReddit,What looks disgusting but is actually delicious?,1,4,1765298732.0,0.6,True,self.AskReddit
1piccmt,AskReddit,"Do you discuss sex/ sex lives within your multi-gendered friend group? If so, how did that come about and has it ever gone beyond just discussions?",1,26,1765298731.0,0.99,True,self.AskReddit
1piccj2,AskReddit,How well did the mindset of “everything works out for me” worked for you? Did the Universe actually deliver?,1,1,1765298723.0,1.0,True,self.AskReddit
1picc2a,AskReddit,"What traditions are there in holiday gift giving in your family? If you got married, what traditions did you keep from your folks and blend with your spouses family? Are there stories that you share regarding these traditions from generation to generation?",1,0,1765298697.0,1.0,True,self.AskReddit
1picbe9,AskReddit,Any grown adults watching stranger things?? How do you like it?,0,48,1765298652.0,0.5,True,self.AskReddit
1picb6z,AskReddit,What's a small habit you added to your daily routine that ended up improving your life a lot?,1,7,1765298640.0,1.0,True,self.AskReddit
1picav4,AskReddit,"Cool aunts and uncles of Reddit, what is the best gift you have given to your nieces and nephews that they loved but their parents hated?",1,7,1765298622.0,1.0,True,self.AskReddit
1picask,AskReddit,"Hey elder ones, what is the thing that the younger ones did for which u'd have been murdered by your parents by they aren't?",1,2,1765298618.0,1.0,True,self.AskReddit
1picana,AskReddit,What music genre would people be surprised that you love listening to?,1,5,1765298608.0,0.67,True,self.AskReddit
1picae5,AskReddit,What is something that you've owned for ages only to discover a hidden secret several months or years later?,1,2,1765298593.0,1.0,True,self.AskReddit
1picade,AskReddit,What did you dream about last night? the random the better ??,1,3,1765298592.0,0.67,True,self.AskReddit
1pica9d,AskReddit,Who has the films Mark Twitchell made?,1,0,1765298586.0,1.0,True,self.AskReddit
1pi6pye,AskReddit,You wake up as your 10-year-old self tomorrow with all your current memories. What’s the first thing you do?,2,5,1765285014.0,1.0,True,self.AskReddit
1pic99y,AskReddit,"What is a 'dead meme' from 5-10 years ago that you still find genuinely funny, even if no one else does?",1,1,1765298524.0,1.0,True,self.AskReddit
1pic92j,AskReddit,"If you lived in a sitcom, who would be your annoying neighbor?",1,3,1765298511.0,0.67,True,self.AskReddit
1pic8lm,AskReddit,What’s something you didn’t realize was expensive until you became an adult?,1,7,1765298483.0,1.0,True,self.AskReddit
1pic8gn,AskReddit,What is something you are tired of seeing online?,1,11,1765298473.0,0.67,True,self.AskReddit
1pic7tl,AskReddit,"If you were told that in a week you were going to study at MIT, and you didn’t know anything, what would you study during that week?",0,3,1765298432.0,0.5,True,self.AskReddit
1pic7kt,AskReddit,"How did we go from the 1980's mythos of ""Greed is Good"" to the contemporary mythos of ""Vanity is Good""?",1,1,1765298416.0,0.67,True,self.AskReddit
1pic79f,AskReddit,"Has reddit ever gotten you a job, if so how was your experience?",1,3,1765298399.0,1.0,True,self.AskReddit
1pic6nm,AskReddit,What has stopped or is stopping you from achieving your life’s dream?,1,13,1765298358.0,0.67,True,self.AskReddit
1pic5c3,AskReddit,"Teens who asked out their crush, what happened and are you still together?",0,7,1765298275.0,0.5,True,self.AskReddit
1pic589,AskReddit,"People with brown/black eyes, how does it feel when someone tells you have beautiful eyes?",1,14,1765298270.0,0.67,True,self.AskReddit
1pi2tw9,AskReddit,How do you deal with losing someone you were close to?,5,5,1765271159.0,1.0,True,self.AskReddit
1phedwp,AskReddit,What is the worst thing that has ever happened in your country?,114,534,1765205652.0,0.85,True,self.AskReddit
1pic49y,AskReddit,What’s something you didn’t realize was weird until someone pointed it out?,1,9,1765298209.0,1.0,True,self.AskReddit
1pi6kp9,AskReddit,"How has your workload changed since the start of the ""AI revolution""?",2,8,1765284578.0,0.75,True,self.AskReddit
1pic2mv,AskReddit,What’s a tiny decision you made that accidentally changed your whole life?,1,5,1765298109.0,0.67,True,self.AskReddit
1pic2h7,AskReddit,What’s something everyone loves but you think is mid?,1,5,1765298100.0,1.0,True,self.AskReddit
1pi48ks,AskReddit,What’s something you realized only after getting older?,3,12,1765276617.0,1.0,True,self.AskReddit
1pic1j6,AskReddit,What’s a habit your country has that the rest of the world would find strange?,2,13,1765298043.0,0.75,True,self.AskReddit
1pic0el,AskReddit,What reason was there snooping in your current relationship? How is it going?,0,2,1765297972.0,0.5,True,self.AskReddit
1pic05p,AskReddit,"If aliens landed tomorrow, what would be the first thing you’d do?",1,12,1765297956.0,1.0,True,self.AskReddit
1pic00y,AskReddit,What are you’re beliefs about god? Is it something you just passively believe or something you came to as an active conclusion?,0,8,1765297949.0,0.5,True,self.AskReddit
1pibztv,AskReddit,What’s the most unusual place you’ve ever farted?,0,0,1765297936.0,0.5,True,self.AskReddit
1pi6i7n,AskReddit,What is a specific 'golden age' of the internet or technology that you feel lucky to have experienced before it was ruined or changed forever?,2,10,1765284369.0,0.75,True,self.AskReddit
1pi46ei,AskReddit,What painful lesson did you have to learn the hard way?,3,9,1765276387.0,0.81,True,self.AskReddit
1pi6gq4,AskReddit,What’s a small thing people do to “show off” that secretly annoys everyone else?,2,16,1765284242.0,0.75,True,self.AskReddit
1pibxar,AskReddit,What's a funny name for the little pieces of poop stuck to the side of the bowl?,1,2,1765297788.0,0.67,True,self.AskReddit
1pibx28,AskReddit,"People who can't cook, why haven't you learnt yet?",1,3,1765297771.0,1.0,True,self.AskReddit
1pi6ghv,AskReddit,"We often feel secure in our cities, but what is a specific vulnerability in our modern infrastructure that keeps you awake at night?",2,1,1765284222.0,1.0,True,self.AskReddit
1pi6gfd,AskReddit,What’s a habit you picked up from a stranger and never let go of?,2,5,1765284215.0,1.0,True,self.AskReddit
1pi2pdu,AskReddit,Never mind a happy life; what makes a life exciting?,4,11,1765270664.0,0.84,True,self.AskReddit
1pibwr1,AskReddit,"People who REFUSE to go outside their country for any reason, why?",0,17,1765297752.0,0.43,True,self.AskReddit
1pibvpi,AskReddit,What’s a compliment someone gave you once that you still think about on bad days?,1,4,1765297686.0,1.0,True,self.AskReddit
1pibvpc,AskReddit,What would you choose? To ask yourself from the past or from the future?,1,7,1765297686.0,1.0,True,self.AskReddit
1pi6eaj,AskReddit,"If you could have any animal’s superpower, which one would you choose and why?",2,12,1765284034.0,0.75,True,self.AskReddit
1pibtns,AskReddit,How do you do a country democratic?  And what did the US do wrong with afghanistan?,0,10,1765297557.0,0.5,True,self.AskReddit
1phl9pj,AskReddit,Imagine meeting someone from 2010 and having to explain one thing that’s happening right now. What’s the one current reality that would absolutely break their brain?,52,159,1765221084.0,0.76,True,self.AskReddit
1phs4os,AskReddit,What things break relationships/marriages?,21,63,1765237110.0,0.88,True,self.AskReddit
1pibsj1,AskReddit,"When you were a kid, who did you idolize?",1,6,1765297484.0,1.0,True,self.AskReddit
1pibshl,AskReddit,How does sexual desire fit into humanity and culture? What importance does it hold besides procreation?,0,1,1765297482.0,0.5,True,self.AskReddit
1pibs66,AskReddit,How did you ruin a song you used to love a lot?,1,5,1765297465.0,1.0,True,self.AskReddit
1pibrsb,AskReddit,What’s a “small lie” you told once that somehow became your entire personality?,0,1,1765297440.0,0.5,True,self.AskReddit
1pi2mj3,AskReddit,What luxury would you be prepared to give up to help the planet?,3,23,1765270331.0,0.72,True,self.AskReddit
1pi40ir,AskReddit,What is your favourite joke?,3,7,1765275783.0,0.81,True,self.AskReddit
1pi3zz2,AskReddit,What's the most overpriced thing you ever bought?,3,11,1765275741.0,0.81,True,self.AskReddit
1pibmgn,AskReddit,Who did you find out was a cheater on their partner?,0,8,1765297107.0,0.5,True,self.AskReddit
1piblzq,AskReddit,What are some of the telltale signs that someone is a narcissist from your experience?,1,6,1765297079.0,0.67,True,self.AskReddit
1piblzd,AskReddit,What would you rate Reddit?,1,5,1765297078.0,0.6,True,self.AskReddit
1pibka9,AskReddit,"For those old enough to remember, which VHS/DVD covers scared you as a kid?",1,7,1765296973.0,1.0,True,self.AskReddit
1pibjq9,AskReddit,"What’s the best December weather you’ve experienced, and where was it?",1,2,1765296939.0,1.0,True,self.AskReddit
1pi0h39,AskReddit,What is your favourite candy?,7,17,1765261888.0,0.89,True,self.AskReddit
1pibirz,AskReddit,What is the Best things to stick your dick in that feels good ?,0,12,1765296881.0,0.4,True,self.AskReddit
1pibigf,AskReddit,"How will middle-aged Gen Alphas celebrate NYE when Dec. 31, 2066 rolls over?",1,2,1765296860.0,0.67,True,self.AskReddit
1pibhrh,AskReddit,What’s the best thing you’ve ever thrifted or got second hand?,1,5,1765296819.0,1.0,True,self.AskReddit
1pi3w2k,AskReddit,Fixing sleep schedule and day routine. What and how do you suggest one do that?,3,5,1765275333.0,1.0,True,self.AskReddit
1pi64yg,AskReddit,"Which do you prefer, A 9-5 or an Online Job? And why?",2,8,1765283216.0,0.75,True,self.AskReddit
1pi1erf,AskReddit,what is something you did years ago but are still proud of?,6,17,1765265294.0,0.87,True,self.AskReddit
1pibfx6,AskReddit,What do you think the slogan for the 2028 election should be?,0,23,1765296697.0,0.5,True,self.AskReddit
1pibfvg,AskReddit,What’s the weirdest piece of merchandise you’ve ever owned or seen?,1,1,1765296694.0,1.0,True,self.AskReddit
1pi2g1m,AskReddit,"When was your most recent ""dang, this sub-reddit sucks"" moment?",4,17,1765269570.0,1.0,True,self.AskReddit
1phzimu,AskReddit,"If you had one shot/one opportunity, to seize everything you ever wanted, in one moment, how would you capture it?",7,25,1765258633.0,0.64,True,self.AskReddit
1pibf46,AskReddit,Where was the best place you ever had sex?,1,20,1765296645.0,1.0,True,self.AskReddit
1pibehu,AskReddit,"With all the US/EU political tension going on, are there any US folks that still like the EU for what it is?",0,3,1765296607.0,0.33,True,self.AskReddit
1pibe98,AskReddit,What did you do for yourself today? Do you think you're living life to the fullest?,1,7,1765296592.0,0.67,True,self.AskReddit
1pibduj,AskReddit,"You wake up tomorrow and nobody remembers you, no family, no friends, no records of you ever existing. What’s the first thing you do?",1,5,1765296566.0,0.67,True,self.AskReddit
1pibd1o,AskReddit,When do you know that it’s time to shave down there?,0,10,1765296517.0,0.33,True,self.AskReddit
1pibd1b,AskReddit,"What's something you pretend doesn't bother you, but actually does?",1,5,1765296516.0,0.67,True,self.AskReddit
1pibcq6,AskReddit,Morning shower or night shower? And why ?,1,22,1765296498.0,0.6,True,self.AskReddit
1pibboe,AskReddit,Have you ever been the very first to step out of a Metro Station? What's the funniest or most unexpected thing you've ever been the first to do?,1,1,1765296433.0,1.0,True,self.AskReddit
1pibbjz,AskReddit,Morning shower or night shower? And why ?,0,8,1765296425.0,0.5,True,self.AskReddit
1phzg23,AskReddit,What is the most disturbing experience u ever had ?,7,36,1765258380.0,0.89,True,self.AskReddit
1piba78,AskReddit,"If you consider your relationship with your phone to be healthy, what does a normal, non phone-centered day look like for you?",1,2,1765296335.0,1.0,True,self.AskReddit
1pib94q,AskReddit,What is the most hurtful thing you can say to someone in a fight that would make them crumble?,1,5,1765296269.0,1.0,True,self.AskReddit
1pi3qsc,AskReddit,Which a the best song ever released on this planet ?,3,46,1765274769.0,0.6,True,self.AskReddit
1pib8fg,AskReddit,"Men who are emotionally attuned to their partners, how does this manifest for you in day to day life, and do you feel like you get enough appreciation for it?",1,2,1765296224.0,1.0,True,self.AskReddit
1pi5ytu,AskReddit,What’s a habit you picked up from someone you don’t speak to anymore?,2,1,1765282673.0,1.0,True,self.AskReddit
1pib8af,AskReddit,What is the best food to have for breakfast and can fill u up?,1,6,1765296215.0,1.0,True,self.AskReddit
1pib86l,AskReddit,What’s a perfectly normal thing that feels illegal when you’re doing it?,0,10,1765296210.0,0.5,True,self.AskReddit
1pib7rr,AskReddit,"(This is not brainrot question, this is about internet question) why original turkish skibidi dissapeared?",0,0,1765296185.0,0.33,True,self.AskReddit
1pib7hd,AskReddit,What are some ways in which your idiocy ironically saved your ass?,1,0,1765296169.0,1.0,True,self.AskReddit
1pib767,AskReddit,What’s a moment made you feel like you finally became an adult?,1,10,1765296153.0,1.0,True,self.AskReddit
1pib5o7,AskReddit,What did you find out about something or somebody that truly shopped you?,0,2,1765296063.0,0.33,True,self.AskReddit
1pi2asl,AskReddit,What's the most questionable thing you've ever looked up online that you immediately deleted your search history for ?,4,2,1765268949.0,1.0,True,self.AskReddit
1pib4dp,AskReddit,What is something you saw that you shouldn’t have and now you can never unlearn what you saw?,1,5,1765295989.0,1.0,True,self.AskReddit
1pib4ak,AskReddit,"Those of you who moved far away from where you grew up, what was the experience like and why’d you do it ?",1,2,1765295983.0,1.0,True,self.AskReddit
1pib36v,AskReddit,What’s a moment you didn’t realise was life-changing until years later?,1,1,1765295914.0,1.0,True,self.AskReddit
1pi3nll,AskReddit,What is an unspoken rule at your job that outsiders would never understand?,3,2,1765274438.0,1.0,True,self.AskReddit
1piazwn,AskReddit,"When Millennials finally control the government, do you think they will be quicker to cede power to future generations? Or will they follow the Boomer example of staying in office as long as they possibly can?",0,10,1765295708.0,0.5,True,self.AskReddit
1pi3lmf,AskReddit,What is that sound that plays on videos when they get cut off like compilation videos that have cool moments and the sounds is like a bass buzz sound?,3,12,1765274227.0,1.0,True,self.AskReddit
1piaxxm,AskReddit,"First responders of Reddit, what do you wish someone had told you before you joined the field?",1,1,1765295584.0,1.0,True,self.AskReddit
1pi5rst,AskReddit,What is a ''useless'' talent you possess that you are weirdly proud ?,2,23,1765282037.0,0.75,True,self.AskReddit
1piaxt0,AskReddit,"Question for girls, how do they try to be more feminine?",1,0,1765295576.0,0.67,True,self.AskReddit
1piaxs2,AskReddit,What’s a smell that instantly teleports you back to childhood?,1,3,1765295575.0,1.0,True,self.AskReddit
1piaxh7,AskReddit,"For people with ADHD, what’s the biggest thing you struggle with in your relationship with your girlfriend or your ex that you still have feelings for?",0,0,1765295555.0,0.33,True,self.AskReddit
1piaxbe,AskReddit,"What’s a ""hard pill to swallow"" that genuinely improved your life once you accepted it?",0,4,1765295544.0,0.5,True,self.AskReddit
1pi5qw5,AskReddit,What would you do if it's your last day to live?,2,14,1765281951.0,1.0,True,self.AskReddit
1pi3jq5,AskReddit,What band gives you that fuzzy nostalgic feeling?,3,9,1765274014.0,1.0,True,self.AskReddit
1piavun,AskReddit,"Professionals who enter people's homes (plumbers, electricians, cleaners): What is something the condition of a house tells you about the owner that they don't realize they are revealing?",1,3,1765295451.0,0.67,True,self.AskReddit
1pi3ja9,AskReddit,What design changed ruined a website for you?,3,5,1765273965.0,1.0,True,self.AskReddit
1piavbr,AskReddit,"Homeless (current and previous) people on reddit, what is the most nessecary/appreaciated “gift” during winter time, that most non-homeless people don’t realise?",0,2,1765295418.0,0.5,True,self.AskReddit
1pi5pyz,AskReddit,If the world shall end soon. How would the world end?,2,14,1765281865.0,1.0,True,self.AskReddit
1pi25cv,AskReddit,What’s the worst Christmas gift you’ve ever received?,3,21,1765268318.0,0.81,True,self.AskReddit
1piaus9,AskReddit,"We’re always hearing about corrupt politicians, whose one from your country who did good?",1,1,1765295385.0,1.0,True,self.AskReddit
1piaulc,AskReddit,Has anyone tried the Awake - Smart Alarm on an Infinix phone? How’s it working for you?,1,0,1765295372.0,1.0,True,self.AskReddit
1pi5pjl,AskReddit,Which place are you most excited to visit in your lifetime?,2,10,1765281825.0,1.0,True,self.AskReddit
1piatak,AskReddit,What is something that you thinking about and smile? And why?,1,7,1765295285.0,1.0,True,self.AskReddit
1pi5ocd,AskReddit,Where in your city feels like it runs on different rules?,2,2,1765281714.0,1.0,True,self.AskReddit
1pi3hoq,AskReddit,What's the worst meme of all time?,3,15,1765273787.0,0.8,True,self.AskReddit
1pias3u,AskReddit,What are some great stocking stuffers for females?,0,7,1765295210.0,0.5,True,self.AskReddit
1piari6,AskReddit,what  marriage and divorce taught you life lesson?,1,8,1765295172.0,0.67,True,self.AskReddit
1pi5n35,AskReddit,What’s the ”Rolls-Royce brands” of everyday items?,3,16,1765281618.0,1.0,True,self.AskReddit
1piarcs,AskReddit,What’s the question you think everyone should ask themselves?,0,4,1765295163.0,0.5,True,self.AskReddit
1piaqwj,AskReddit,"What's the biggest risk you've taken on a date, and did it pay off?",1,5,1765295136.0,0.67,True,self.AskReddit
1piaqhb,AskReddit,What are your goals for 2026?,1,8,1765295109.0,0.67,True,self.AskReddit
1piaqef,AskReddit,What’s a truth you learned too late?,1,8,1765295105.0,0.67,True,self.AskReddit
1piaq5b,AskReddit,"What's something you do that always makes you look suspicious, even though you're doing nothing wrong?",1,2,1765295089.0,0.67,True,self.AskReddit
1piapp6,AskReddit,What do you get compliments on the most? What would you like to be complimented on more?,0,4,1765295061.0,0.5,True,self.AskReddit
1phzx7s,AskReddit,What are some tips for a newly living together couple?,7,24,1765260038.0,0.89,True,self.AskReddit
1piapiu,AskReddit,What is the first plane you have travelled in ?,0,4,1765295050.0,0.5,True,self.AskReddit
1piaojr,AskReddit,What’s a moment that completely shifted your perspective?,0,13,1765294988.0,0.33,True,self.AskReddit
1pi5kt0,AskReddit,What’s a fact that genuinely blew your mind the first time you learned it?,2,12,1765281405.0,0.76,True,self.AskReddit
1piane1,AskReddit,What’s a food you loved until you saw how it was actually made?,1,8,1765294913.0,0.67,True,self.AskReddit
1pianaq,AskReddit,"Millennials, how often did you stay with your grandparents, and if you have children how often do your kids stay with THEIR grandparents and why?",0,8,1765294906.0,0.5,True,self.AskReddit
1pi3eaq,AskReddit,How do you feel about Christmas and the approaching year 2026?,3,18,1765273412.0,1.0,True,self.AskReddit
1piamnf,AskReddit,How do you feel about the state of healthcare in your country? What do you do when you get sick?,0,6,1765294867.0,0.5,True,self.AskReddit
1pi5jhr,AskReddit,What’s a moment from childhood that still sticks with you today?,2,3,1765281273.0,1.0,True,self.AskReddit
1pi5j0k,AskReddit,Religious believers and non believers what made you that way and why?,2,33,1765281226.0,1.0,True,self.AskReddit
1pial29,AskReddit,You cab talk to one fictional character. Which character would you choose and why?,1,1,1765294772.0,1.0,True,self.AskReddit
1pi5its,AskReddit,What’s the biggest lesson you learned in the past year?,2,5,1765281207.0,1.0,True,self.AskReddit
1piakl8,AskReddit,If you could permanently fix ONE economic issue in the USA what would it be?,1,8,1765294741.0,1.0,True,self.AskReddit
1pi3d24,AskReddit,What's something you have learned in life that completely changed your perspective on everything?,3,5,1765273269.0,1.0,True,self.AskReddit
1piake6,AskReddit,How do you forget a girl you loved to the fullest?,2,14,1765294727.0,0.75,True,self.AskReddit
1piajxq,AskReddit,Who do you cope with loneliness when you live alone and have no friends or family to talk to ?,1,3,1765294701.0,1.0,True,self.AskReddit
1pi5i78,AskReddit,What’s something you only realized was expensive after you became an adult?,2,14,1765281145.0,0.67,True,self.AskReddit
1piainq,AskReddit,Where to find map of continent with country borders to print?,1,4,1765294617.0,1.0,True,self.AskReddit
1pi3bs6,AskReddit,What makes remote work objectively better or worse than office work for different types of people?,3,3,1765273129.0,1.0,True,self.AskReddit
1piaidb,AskReddit,How do you cope with heartbreak?,1,6,1765294598.0,1.0,True,self.AskReddit
1piai7x,AskReddit,What hypothetical question compels you to wish for -- possibly to search -- for an answer?,1,0,1765294587.0,1.0,True,self.AskReddit
1pi3bcn,AskReddit,What does everyone use as pre workout?,3,14,1765273081.0,1.0,True,self.AskReddit
1piahhw,AskReddit,What is the biggest 'oh no' moment you have ever witnessed or caused at a wedding?,1,3,1765294538.0,1.0,True,self.AskReddit
1piah65,AskReddit,What mental load tasks do you have and how do you measure them as a function of time in comparison with your job and your other tasks for the family?,1,0,1765294517.0,1.0,True,self.AskReddit
1ph5ifa,AskReddit,"What is a subtle sign that someone is actually a really good person, even if they seem rough on the exterior?",438,215,1765175756.0,0.93,True,self.AskReddit
1piagho,AskReddit,What is the best way to get karmas on reddit?,0,14,1765294474.0,0.5,True,self.AskReddit
1piafqf,AskReddit,Is it true that men tend to fall in love more deeply when they’re apart from someone rather than when they’re together? Why or why not?,1,3,1765294425.0,0.67,True,self.AskReddit
1pi5f07,AskReddit,"What's a small ""why not?"" moment that completely shifted your life path?",2,7,1765280840.0,0.67,True,self.AskReddit
1pi1vcb,AskReddit,Which childhood superstition did you actually believe was real?,4,6,1765267198.0,0.7,True,self.AskReddit
1piactf,AskReddit,How do you install netmirror app on ipad air 5th gen?,0,0,1765294234.0,0.5,True,self.AskReddit
1pi388x,AskReddit,What lesson did you learn from your last relationship?,3,14,1765272736.0,1.0,True,self.AskReddit
1pi5czs,AskReddit,What’s the best Christmas gift you’ve ever received? Or the Christmas memory that stuck with you the most?,2,8,1765280649.0,0.75,True,self.AskReddit
1piac0b,AskReddit,What’s something everyone pretends to enjoy but you secretly hate?,1,13,1765294183.0,0.56,True,self.AskReddit
1piabuv,AskReddit,How do you turn someone into a Goomba?,0,0,1765294172.0,0.4,True,self.AskReddit
1piaabn,AskReddit,What is the dirtiest thing u ever did in ur life?,1,5,1765294072.0,1.0,True,self.AskReddit
1pgsovz,AskReddit,"Marijuana industry workers, what is something an average consumer or outsider would be surprised to learn about the products or behind the scenes processes?",2762,1079,1765139332.0,0.94,True,self.AskReddit
1pi5b38,AskReddit,Which toilet do you use in a public bathroom?,2,15,1765280469.0,0.67,True,self.AskReddit
1pia8sq,AskReddit,"When music artists whose music you loved do fucked up things, do you stop listening to their music? Why or why not?",1,8,1765293981.0,1.0,True,self.AskReddit
1phvtty,AskReddit,what's the scariest disease to get for you?,11,55,1765247094.0,0.79,True,self.AskReddit
1pia7yn,AskReddit,"Workers, have you ever experienced a rude customer? If so, what happened?",1,5,1765293930.0,0.67,True,self.AskReddit
1pia7x4,AskReddit,What is your checklist of things to figure out when you go to a dealership to buy a used car?,1,3,1765293927.0,1.0,True,self.AskReddit
1pia74u,AskReddit,HELP! Work Debate: What food or snack disappeared that you still think about?,0,5,1765293876.0,0.5,True,self.AskReddit
1pia6xr,AskReddit,what is the most disturbing video have you ever seen?,1,10,1765293864.0,0.6,True,self.AskReddit
1pia6m3,AskReddit,"Canadian Redditors, what are your theories on why casino ads on YouTube seemed so common before and now have almost vanished?",0,0,1765293842.0,0.5,True,self.AskReddit
1pia689,AskReddit,How is Dhurandar? Worth watching in the theatre or should we wait for OTT? Honest opinions please?,0,0,1765293817.0,0.5,True,self.AskReddit
1pia5kh,AskReddit,what are tell signs wife/husband is cheating?,0,9,1765293774.0,0.5,True,self.AskReddit
1pi58o4,AskReddit,What is something that is unusually much satisfying although the people might not agree to it?,2,4,1765280224.0,1.0,True,self.AskReddit
1pi580f,AskReddit,What is your biggest red flag when looking for a new job?,2,11,1765280158.0,1.0,True,self.AskReddit
1pia3yl,AskReddit,what are ways to avoid getting attached to partner before marriage?,1,7,1765293670.0,0.6,True,self.AskReddit
1pia2y8,AskReddit,What's a cereal you had as a kid that is no longer made?,1,3,1765293608.0,0.67,True,self.AskReddit
1pi1pgb,AskReddit,What time do you go to bed?,3,13,1765266503.0,0.81,True,self.AskReddit
1pia1zi,AskReddit,How do overcome anxiety ?,1,4,1765293545.0,1.0,True,self.AskReddit
1pi31s7,AskReddit,What's the biggest loss you have made in 2025?,3,8,1765272038.0,1.0,True,self.AskReddit
1pi55m7,AskReddit,How did you finally learn the correct version of a word or phrase you accidentally misused for years?,2,5,1765279919.0,0.75,True,self.AskReddit
1pi55f4,AskReddit,"If you could erase one awkward moment from your past, which would it be?",3,9,1765279899.0,1.0,True,self.AskReddit
1pi9zly,AskReddit,"Have you ever had a moment where you suddenly felt like something was definitely wrong, but you couldn’t explain why until later? What happened?",1,0,1765293389.0,1.0,True,self.AskReddit
1pi54di,AskReddit,What are the best mobile phone games?,2,1,1765279798.0,1.0,True,self.AskReddit
1pi9yw3,AskReddit,What goal(s) are you still hoping to accomplish before 2025 is in the rear view?,1,8,1765293342.0,0.67,True,self.AskReddit
1pi0gs0,AskReddit,What did you refuse to tell your therapist and why?,4,11,1765261858.0,0.67,True,self.AskReddit
1pi9wvg,AskReddit,What boundaries are accessible table if you were cheated on and made the choice to stay?,1,0,1765293208.0,0.6,True,self.AskReddit
1pi52mg,AskReddit,What Chewing Gum has the best and longest lasting flavor?,2,4,1765279622.0,1.0,True,self.AskReddit
1pi52hf,AskReddit,How you usually use this app?,2,6,1765279607.0,1.0,True,self.AskReddit
1pi525z,AskReddit,What’s your go to icebreaker when you meet new people?,2,10,1765279575.0,1.0,True,self.AskReddit
1pi2y6t,AskReddit,What is considered normal in your country but weird to other nations?,3,28,1765271650.0,1.0,True,self.AskReddit
1pi9th0,AskReddit,What destructive habits do you fall into when you crave intimacy?,0,2,1765292979.0,0.33,True,self.AskReddit
1phyhv5,AskReddit,How did you lose your virginity?,6,140,1765254938.0,0.55,True,self.AskReddit
1pi4zpg,AskReddit,What’s the strangest rule a parent or teacher ever made you follow?,2,8,1765279326.0,1.0,True,self.AskReddit
1pi9rl8,AskReddit,"If every country had to submit one dish to compete in a global “Food Olympics,” what dish would your country absolutely win gold with?",1,21,1765292854.0,0.6,True,self.AskReddit
1pi9prq,AskReddit,"Any police here on Reddit? How often do you have to deal with Sovereign Citizens and 1st Amendment ""Auditors""?",1,1,1765292731.0,0.6,True,self.AskReddit
1pi9o6l,AskReddit,What is your view on people who say they’re not political or that they hate politics?,1,26,1765292620.0,0.6,True,self.AskReddit
1pi4wnn,AskReddit,"If you won the lottery today, how are you celebrating?",2,27,1765279021.0,1.0,True,self.AskReddit
1pi9n6n,AskReddit,"Koreans, how do yall feel about Koreaboos?",0,2,1765292552.0,0.5,True,self.AskReddit
1pi9n3c,AskReddit,What made you realize you're gay?,0,3,1765292547.0,0.33,True,self.AskReddit
1pi2t1q,AskReddit,"In you opinion, what is the best school system ?",3,4,1765271064.0,0.81,True,self.AskReddit
1pi9kuf,AskReddit,What is the BEST episode of television in your opinion and why?,1,8,1765292405.0,0.67,True,self.AskReddit
1pi9jh2,AskReddit,What’s the first thing you do when you’re stressed?,1,6,1765292310.0,1.0,True,self.AskReddit
1pi9ipi,AskReddit,What all features user want or may want in a Period or PMS tracker ?,0,4,1765292260.0,0.5,True,self.AskReddit
1pi4s43,AskReddit,At what point in life did you stop feeling real and start feeling like survival?,2,4,1765278574.0,1.0,True,self.AskReddit
1pi4r9j,AskReddit,What’s the strangest food combo you swear is actually delicious?,2,13,1765278488.0,0.75,True,self.AskReddit
1pi9exu,AskReddit,"You recently moved and have a butt ton of old address labels. They’re so nice, you don’t want to throw them away. How would you upcycle/reuse them?",0,4,1765291998.0,0.33,True,self.AskReddit
1pi9dgs,AskReddit,What's the dumbest way you've ever lost money?,1,14,1765291898.0,0.67,True,self.AskReddit
1pi998r,AskReddit,What did you say as a compliment to a complete stranger today?,2,8,1765291623.0,1.0,True,self.AskReddit
1pi9921,AskReddit,What comment from the past randomly comes to mind the most?,2,2,1765291609.0,1.0,True,self.AskReddit
1pi979v,AskReddit,What is the best oreo flavor?,1,15,1765291490.0,0.67,True,self.AskReddit
1pi9695,AskReddit,"What small moment ended up changing how you think about things fundamentally, forced you to change your core principles and Make an Amendment to your personal constitution ?",2,0,1765291423.0,0.75,True,self.AskReddit
1pi2igv,AskReddit,"Which actor or actress can make any movie watchable, no matter how bad it is?",3,19,1765269851.0,0.72,True,self.AskReddit
1pi4jgp,AskReddit,What made you laugh today?,2,15,1765277717.0,1.0,True,self.AskReddit
1pi92xi,AskReddit,What is the best waterpick type tooth cleansing thingy?,1,5,1765291204.0,1.0,True,self.AskReddit
1pi92wx,AskReddit,"You have 30 seconds with your 12 year old self, what do you say?",0,0,1765291203.0,0.5,True,self.AskReddit
1pi92k6,AskReddit,What does ‘peace’ look like in your life right now?,1,7,1765291179.0,1.0,True,self.AskReddit
1pi915i,AskReddit,What’s a white elephant gift that is guaranteed to be a hit?,1,2,1765291086.0,0.67,True,self.AskReddit
1pi90bv,AskReddit,What’s the funniest misunderstanding of an acronym you have seen?,1,2,1765291028.0,1.0,True,self.AskReddit
1pi8zoz,AskReddit,What would be the most inappropriate ad insert?,1,4,1765290985.0,1.0,True,self.AskReddit
1pi8zov,AskReddit,We know the tales old as time but what are tales as old as this decade?,2,0,1765290985.0,1.0,True,self.AskReddit
1pi4ge1,AskReddit,"What’s something that would be seen as “out of character” for you, but you’ve always wanted to do?",2,4,1765277407.0,0.76,True,self.AskReddit
1pi8xzx,AskReddit,What is your favorite subreddits and communities where you can meet and engage with people?,1,8,1765290866.0,1.0,True,self.AskReddit
1pi0zxr,AskReddit,"What’s something everyone pretends to understand, but you secretly don’t get at all?",4,12,1765263765.0,0.83,True,self.AskReddit
1pi8xv4,AskReddit,"If you will live forever, what is something you stopped doing that you will continue?",1,4,1765290857.0,0.67,True,self.AskReddit
1pi4f2i,AskReddit,"What's something you saw on someone's phone,that changed how you see them forever?",2,4,1765277281.0,0.76,True,self.AskReddit
1pi4f0x,AskReddit,What is the moment you realized someone was not a good person?,2,3,1765277277.0,0.76,True,self.AskReddit
1pi0z6z,AskReddit,"What are some of the most widely known and remembered posts/comments you've seen on Reddit (like the ""I also choose this guy's wife"")?",5,7,1765263688.0,0.86,True,self.AskReddit
1pi2dof,AskReddit,If popular TV shows premiered in theaters and then released on streaming at a later date. Would you attend?,2,14,1765269296.0,0.67,True,self.AskReddit
1pi8uri,AskReddit,When is the last time you had sex ?,2,31,1765290640.0,0.6,True,self.AskReddit
1pi2cif,AskReddit,What’s a belief you dropped as an adult that made your life way better?,3,17,1765269152.0,0.81,True,self.AskReddit
1pi8t0q,AskReddit,"College dropouts, how did you turn it around after dropping out?",1,3,1765290521.0,1.0,True,self.AskReddit
1pi2b7u,AskReddit,What is the creative project you are struggling with and what do you need to do to get started?,3,7,1765269003.0,0.81,True,self.AskReddit
1pi2awt,AskReddit,What is your experience with hypnosis?,3,5,1765268964.0,0.81,True,self.AskReddit
1phxojq,AskReddit,"If you were the last person on earth, what would you do?",5,40,1765252405.0,0.7,True,self.AskReddit
1pi2auy,AskReddit,What is one decision you made that accidentally changed your entire life ?,3,6,1765268958.0,1.0,True,self.AskReddit
1pi8r6m,AskReddit,why don't you say whatever speech you've got rehearsed and get this over with?,1,6,1765290386.0,0.6,True,self.AskReddit
1pi49zr,AskReddit,How can the person get used to the feeling of loneliness and overcome it?,2,4,1765276759.0,1.0,True,self.AskReddit
1pi49jx,AskReddit,"Dear Americans, what are you planning to eat for breakfast this morning before you start your day?",2,13,1765276714.0,1.0,True,self.AskReddit
1pi4932,AskReddit,"What’s something obvious for everyone, but you only just realized?",2,3,1765276671.0,1.0,True,self.AskReddit
1pi8o9g,AskReddit,What is one song you can’t go a day without listening to ?,0,5,1765290177.0,0.5,True,self.AskReddit
1pi8nff,AskReddit,What does nationality mean to you?,1,0,1765290115.0,1.0,True,self.AskReddit
1pi8m14,AskReddit,What’s something you learned way too late in life?,1,13,1765290009.0,0.6,True,self.AskReddit
1pi8khf,AskReddit,Redditors who used to work at a restaurant what happened behind the scenes that customers didn’t notice there?,0,4,1765289898.0,0.5,True,self.AskReddit
1phyh71,AskReddit,What are some surprising double standards you've noticed on Reddit?,5,103,1765254875.0,0.56,True,self.AskReddit
1pi8jtk,AskReddit,What’s an everyday mystery you still don’t have an answer to?,1,1,1765289853.0,1.0,True,self.AskReddit
1pi45ci,AskReddit,What is your go to book to develop discipline?,2,7,1765276275.0,0.76,True,self.AskReddit
1pi8ixh,AskReddit,metallurgy and mining professional: what advice or tips would you give for fresh grad metallurgist starting out?,1,0,1765289790.0,1.0,True,self.AskReddit
1pi24rf,AskReddit,At what age would you say you became very interested in gardening/herbs?,3,9,1765268251.0,0.81,True,self.AskReddit
1pi43ux,AskReddit,How do you handle biases in your personal life or at work?,2,6,1765276116.0,0.76,True,self.AskReddit
1pi42ul,AskReddit,"Which youtuber, twitch streamer or influencer in general, that you know, are faking the niceness for the cameras?",2,4,1765276013.0,0.76,True,self.AskReddit
1pi8f8t,AskReddit,What is unique about Honey Badger?,0,5,1765289529.0,0.5,True,self.AskReddit
1pi231h,AskReddit,Which trendy terms do you find annoying and overused?,3,8,1765268051.0,0.81,True,self.AskReddit
1pi8f2v,AskReddit,What makes you feel like doom slayer?,1,4,1765289515.0,0.67,True,self.AskReddit
1pi22mv,AskReddit,What's the most unethical ways to make money?,3,13,1765268007.0,0.81,True,self.AskReddit
1pi8ea4,AskReddit,What selections from a Thai restaurant menu will appeal to a diverse set of palates?,1,4,1765289458.0,1.0,True,self.AskReddit
1pi0lvz,AskReddit,What’s your battery percentage?,3,34,1765262352.0,0.67,True,self.AskReddit
1pi8e23,AskReddit,"Why, if so, are kind/genuine people easy targets for toxicity/negativity/blame?",0,4,1765289443.0,0.5,True,self.AskReddit
1pi8cw3,AskReddit,What’s your quickest method to identify Reddit ads? Sponsored posts blend in too well at first glance.  How to spot them immediately?,1,4,1765289360.0,1.0,True,self.AskReddit
1pi218k,AskReddit,"If you could erase one invention from history, what would it be and why?",3,17,1765267857.0,1.0,True,self.AskReddit
1pi8c55,AskReddit,What’s something society romanticizes that shouldn’t be romanticized?,1,12,1765289306.0,0.67,True,self.AskReddit
1pi8c3s,AskReddit,Where does sawdust come from?,1,7,1765289303.0,0.6,True,self.AskReddit
1pi405h,AskReddit,What’s the most chaotic thing you’ve done while drunk that you only remembered the next morning?,2,5,1765275756.0,0.76,True,self.AskReddit
1pi0k0m,AskReddit,What’s an offer that seemed too good to be true but actually was true?,4,14,1765262171.0,0.71,True,self.AskReddit
1pi8bdx,AskReddit,Which biceps workout gives you cent percent satisfaction?,0,3,1765289253.0,0.5,True,self.AskReddit
1pi893y,AskReddit,What automotive feature or option took much longer than you expected to catch on become the norm?,1,2,1765289096.0,1.0,True,self.AskReddit
1pi88u0,AskReddit,What you think is true but just can't prove?,1,3,1765289078.0,1.0,True,self.AskReddit
1pi0i1t,AskReddit,What do you wish you could experience again for the first time?,4,23,1765261984.0,0.83,True,self.AskReddit
1pi0hsi,AskReddit,"Parents of Reddit, your toddler wants your meal, doesn't want to eat their meal and starts crying. What happens next?",4,11,1765261956.0,0.75,True,self.AskReddit
1pi888u,AskReddit,How do you know if a memory is good or bad (do you base it off anxiety)? Also does planning determine whether it is good or bad?,1,1,1765289038.0,1.0,True,self.AskReddit
1pi1ylb,AskReddit,What's one thing you hate about modern society?,3,23,1765267553.0,0.64,True,self.AskReddit
1pi87a1,AskReddit,What is your preferred method of smoking he devils lettuce?,0,2,1765288968.0,0.33,True,self.AskReddit
1pi3wt2,AskReddit,"If you have to tell the same person who appeared in your dream last night about the dream, who exactly are you telling?",2,1,1765275409.0,0.75,True,self.AskReddit
1pi86ze,AskReddit,Why doesn't Reddit have a sitewide policy against hate?,0,17,1765288946.0,0.5,True,self.AskReddit
1pi86xe,AskReddit,What was your worst decision in your whole life?,0,4,1765288943.0,0.5,True,self.AskReddit
1pi1xee,AskReddit,What is the strangest thing you've seen/experienced during sleep paralysis?,3,15,1765267416.0,0.81,True,self.AskReddit
1pi85xh,AskReddit,What’s one mistake you keep repeating even though you KNOW it’s bad for you? Everyone has one. Be honest?,1,7,1765288874.0,1.0,True,self.AskReddit
1pi0ff9,AskReddit,What’s a small habit that instantly reveals someone’s personality?,3,17,1765261731.0,0.81,True,self.AskReddit
1pi3ve4,AskReddit,"If a fictional character was brought to the real world, should they be tried for their crimes? How bad would a character have to be before someone should hold them accountable or take preventive measures?",2,3,1765275262.0,0.75,True,self.AskReddit
1pi83pe,AskReddit,What’s the most harmless lie you still tell yourself?,1,4,1765288720.0,1.0,True,self.AskReddit
1pi83ai,AskReddit,What's your favorite fromsoftware game?,0,6,1765288689.0,0.5,True,self.AskReddit
1pi82so,AskReddit,What’s something common that needs to be talked about more?,1,2,1765288657.0,1.0,True,self.AskReddit
1pi1uc2,AskReddit,"What should a girl tell a boy in her class, if she likes him but she knows that he doesn’t like her?",3,13,1765267080.0,0.81,True,self.AskReddit
1pi1u6w,AskReddit,What’s the most ridiculous thing you’ve convinced yourself is normal?,3,11,1765267064.0,0.81,True,self.AskReddit
1pi80br,AskReddit,What’s an old timey slang word or phrase you’d like to see make a comeback?,1,7,1765288481.0,1.0,True,self.AskReddit
1pi8002,AskReddit,what did you feel when you fell in love for the second time ?,1,6,1765288458.0,1.0,True,self.AskReddit
1pi7zs3,AskReddit,What’s one thing you thought everyone did until you realized they don’t?,1,5,1765288443.0,1.0,True,self.AskReddit
1pi7zr5,AskReddit,Has a rule ever been put in place because of something that you did? What was it?,1,4,1765288440.0,1.0,True,self.AskReddit
1pi7z68,AskReddit,"If you could choose one meal to eat for the rest of your life , what would it be ?",1,4,1765288397.0,1.0,True,self.AskReddit
1pi7yo1,AskReddit,What's the or funniest avice you received for a lasting marriage?,1,6,1765288361.0,1.0,True,self.AskReddit
1pi7ynk,AskReddit,"what does developing a crush look like for you? do you get a lot of them, or just a few? do they ever overlap?",1,0,1765288360.0,1.0,True,self.AskReddit
1pi7yid,AskReddit,"Looking back, what in your life did you not handle well or do you regret?",1,0,1765288347.0,1.0,True,self.AskReddit
1pi7xg6,AskReddit,How do you view online privacy these days? Has your opinion changed over time?,1,6,1765288269.0,1.0,True,self.AskReddit
1pi7x8n,AskReddit,Where did all the epstein news go?,1,6,1765288251.0,0.6,True,self.AskReddit
1pi7wlv,AskReddit,"What is something you used to consider a 'waste of money' when you were broke, but now consider a necessity for your mental health?",1,1,1765288209.0,1.0,True,self.AskReddit
1pi3pje,AskReddit,What is the most annoying sound in the world when you are trying to sleep?,2,17,1765274632.0,1.0,True,self.AskReddit
1pi7vsl,AskReddit,What is the greatest plot twist in cinema history and why?,1,13,1765288151.0,1.0,True,self.AskReddit
1pi7vir,AskReddit,How do you stay consistent with LinkedIn outreach without burning out?,0,1,1765288130.0,0.5,True,self.AskReddit
1pi7u7d,AskReddit,What is one thing you stopped expecting from people because it became too rare?,1,13,1765288033.0,1.0,True,self.AskReddit
1pi7u6l,AskReddit,"Do you have a themed Christmas tree, if so what's the theme and let's see it?",1,1,1765288032.0,1.0,True,self.AskReddit
1pi1prx,AskReddit,How do you feel about the shift in your country's culture?,3,9,1765266542.0,0.72,True,self.AskReddit
1pi7tft,AskReddit,"If you could swap noses with any animal, which one would it be?",1,1,1765287978.0,0.67,True,self.AskReddit
1phcsa7,AskReddit,What are you listening to rn?,86,291,1765201592.0,0.87,True,self.AskReddit
1pi7s6v,AskReddit,"What’s the most creepy, cursed, or unsettling thing you’ve ever searched or generated using ChatGPT, Gemini, Grok or any other AI Tool and what was the response you got back?",1,2,1765287891.0,0.6,True,self.AskReddit
1pidjok,AskReddit,Why so many people are unable to accept Ukraine &amp; Ukrainian people?,0,11,1765301358.0,0.25,True,self.AskReddit
1pi3ljt,AskReddit,How did the first peoples of America come about?,2,7,1765274219.0,1.0,True,self.AskReddit
1pi3lap,AskReddit,What's the silliest thing you've received a warning on Reddit for?,2,5,1765274191.0,1.0,True,self.AskReddit
1pi7pol,AskReddit,What products are not worth their retail price?,1,7,1765287708.0,1.0,True,self.AskReddit
1pi1mxm,AskReddit,What is your favourite motion picture soundtrack?,3,12,1765266224.0,0.81,True,self.AskReddit
1pi3k77,AskReddit,What’s one thing you would change about yourself if you could?,2,5,1765274069.0,1.0,True,self.AskReddit
1pi7od3,AskReddit,What is the most disturbing fact you know about Meta?,1,4,1765287610.0,1.0,True,self.AskReddit
1pi7o1b,AskReddit,What modern convenience do people dramatically overrate?,1,7,1765287589.0,0.67,True,self.AskReddit
1pi7nqt,AskReddit,How are all of you?,1,6,1765287570.0,1.0,True,self.AskReddit
1pi7lg9,AskReddit,What is the nicest thing you’ve ever done for someone or had done for/to you?,1,1,1765287403.0,0.67,True,self.AskReddit
1phyrz2,AskReddit,what's the one charity you've actually donated to?,5,25,1765255938.0,0.86,True,self.AskReddit
1phyrs9,AskReddit,Who or what is responsible for the suffering in your life?,7,21,1765255920.0,0.89,True,self.AskReddit
1pi7kfb,AskReddit,What do you do when life gets so overwhelming that you don’t even know where to start putting things back together?,1,9,1765287330.0,0.67,True,self.AskReddit
1pi7kbk,AskReddit,Anyone with and traumatic childhood and whats the story?,1,6,1765287323.0,0.67,True,self.AskReddit
1pi3hk9,AskReddit,What's the most common phrase or object you've had to explain the history of to a kid?,2,2,1765273772.0,1.0,True,self.AskReddit
1pi3h6h,AskReddit,What’s a small purchase that ruined your budget for the whole month?,2,6,1765273729.0,1.0,True,self.AskReddit
1pi3h2p,AskReddit,What’s the biggest lie adults tell teenagers knowingly or unknowingly?,2,12,1765273718.0,1.0,True,self.AskReddit
1pi7jco,AskReddit,What’s a surprisingly common habit that ruins relationships?,0,12,1765287253.0,0.5,True,self.AskReddit
1pi7j8w,AskReddit,What’s something cheap that feels expensive?,1,19,1765287245.0,1.0,True,self.AskReddit
1pi3gtw,AskReddit,What were the give away signs that your FWB was developing feelings for you?,2,6,1765273692.0,1.0,True,self.AskReddit
1pi7iz4,AskReddit,What’s a subtle red flag you didn’t notice until someone pointed it out?,1,3,1765287225.0,0.66,True,self.AskReddit
1pi3gpb,AskReddit,What’s the nicest thing a stranger has ever done for you?,2,6,1765273678.0,1.0,True,self.AskReddit
1phyq6m,AskReddit,Who’s the best comedian you’ve seen do standup in person?,7,27,1765255754.0,0.89,True,self.AskReddit
1pi7ijl,AskReddit,"You have 1 minute with your 15 year old self, what are you saying?",1,4,1765287192.0,0.6,True,self.AskReddit
1pi7ifi,AskReddit,What is the first thing you put in mind when your sister in law and your brother in a public place?,1,2,1765287184.0,0.67,True,self.AskReddit
