id,subreddit,title,score,num_comments,created_utc,upvote_ratio,is_self,domain
1phxv56,worldnews,"/r/WorldNews Live Thread: Russian Invasion of Ukraine Day 1384, Part 1 (Thread #1531)",480,185,1765252950.0,0.96,False,reddit.com
1pi5lwe,worldnews,Zelenskyy refuses to cede land to Russia as he rallies European support,14747,672,1765281511.0,0.97,False,apnews.com
1pi842b,worldnews,Trump hints at walking away from Ukraine and calls Europe ‘weak’ and ‘decaying’,4904,999,1765288746.0,0.94,False,theguardian.com
1piebi6,worldnews,Russians Planned Explosions on Planes Flying to the USA from Europe,1775,117,1765303021.0,0.98,False,militarnyi.com
1pi4lpj,worldnews,"As Russia’s Africa Corps fights in Mali, witnesses describe atrocities from beheadings to rapes",3906,162,1765277955.0,0.97,False,apnews.com
1pi73xt,worldnews,Millions of children and teens lose access to accounts as Australia’s world-first social media ban begins,2488,425,1765286088.0,0.96,False,theguardian.com
1pi7x5t,worldnews,EU says it will ‘make sure’ Elon Musk’s X pays €120M fine,2088,139,1765288246.0,0.97,False,politico.eu
1piag6j,worldnews,UK rejects Trump’s claim that European leaders ‘talk too much’ about Ukraine,1481,101,1765294454.0,0.98,False,politico.eu
1piciad,worldnews,An-22 Military Transport Plane Crashes in Russia After Repairs,1097,77,1765299079.0,0.98,False,militarnyi.com
1pi616v,worldnews,"'It burns for 3 days' — Ukrainian drone strike sparked huge fire at Russia's Temryuk Seaport, SBU source says",1738,36,1765282882.0,0.98,False,kyivindependent.com
1phu4v2,worldnews,Trump threatens new tariffs unless Mexico hands over more water,15325,1507,1765242398.0,0.93,False,rawstory.com
1piae63,worldnews,The Chinese government circulated sexually explicit deepfakes of dissident Yao Zhang according to the Government of Canada,594,58,1765294320.0,0.94,False,ca.news.yahoo.com
1pi3x4d,worldnews,"As Germany appeals to China for peace, Zelenskyy says Beijing has no interest in ending Russia’s war against Ukraine",1435,141,1765275441.0,0.96,False,euromaidanpress.com
1pidc0y,worldnews,Zelenskyy responds to Trump’s demand for elections: Always ready,353,95,1765300889.0,0.95,False,newsukraine.rbc.ua
1pi1fcj,worldnews,Britain is close to losing its dominance in Atlantic to Russia – Navy chief,1996,216,1765265361.0,0.92,False,newsukraine.rbc.ua
1pi5sxn,worldnews,Trump thrashes European leaders in wide-ranging interview: ‘I think they’re weak’,825,270,1765282144.0,0.87,False,politico.com
1phwgs2,worldnews,"“A critical moment” Deal to release £100 billion for Ukraine is expected to be finalized within days, Keir Starmer says",2348,111,1765248878.0,0.97,False,lbc.co.uk
1pi2pe2,worldnews,Norway Seeks a 500-km Ground-Based Missile System for USD 1.9 Billion to Put Murmansk Within Range,639,75,1765270664.0,0.97,False,en.defence-ua.com
1pi9pld,worldnews,"EU approves new defense program, opens path for Ukraine's industry integration",189,3,1765292719.0,0.97,False,kyivindependent.com
1phwmg1,worldnews,"Russia deepens ties with India, seeks joint drone production",1705,698,1765249307.0,0.94,False,newsukraine.rbc.ua
1pi28y1,worldnews,Lithuania Declares State of Emergency Over Balloons from Belarus,584,60,1765268730.0,0.96,False,bloomberg.com
1pi1ql8,worldnews,Thailand-Cambodia fighting spreads along border as death toll rises,625,65,1765266639.0,0.95,False,yahoo.com
1phdz0u,worldnews,Tsunami warning issued for Japan’s east coast after 7.6-magnitude earthquake,22509,1097,1765204637.0,0.97,False,edition.cnn.com
1picxdr,worldnews,"There's a 'super glut' of oil coming in 2026 on weak demand and booming supply, top commodities firm says",101,34,1765299998.0,0.93,False,businessinsider.com
1pi9ntz,worldnews,Canada 'continues to monitor' U.S. boat strikes in Caribbean as questions swirl and allies squirm,134,40,1765292597.0,0.85,False,cbc.ca
1phncw9,worldnews,Elon Musk's X bans European Commission from making ads after €120m fine,4200,327,1765225764.0,0.95,False,bbc.com
1pi2sro,worldnews,"Tokyo ‘closely monitoring’ backlash from China, Japanese PM tells lawmakers",399,52,1765271033.0,0.9,False,scmp.com
1pi73c4,worldnews,Honduras issues arrest warrant for ex-president Hernandez after US pardon,150,3,1765286042.0,0.95,False,aljazeera.com
1pi8yqp,worldnews,"US peace proposal down to 20 points, anti-Ukrainian ideas cut, Zelenskyy says",117,2,1765290918.0,0.94,False,euromaidanpress.com
1picc1a,worldnews,Ukraine completes identification of 449 people killed during Russian occupation of Izium,73,2,1765298695.0,0.96,False,gwaramedia.com
1pi3fem,worldnews,"UN environment report 'hijacked' over fossil fuels - A key UN report on the state of the global environment has been ""hijacked"" by the United States and other countries who were unwilling to go along with the scientific findings, the co-chair has told the BBC.",245,13,1765273533.0,0.94,False,bbc.com
1phueou,worldnews,"False claims Afrikaners are persecuted threaten South Africa’s sovereignty, says president",1008,360,1765243144.0,0.8,False,theguardian.com
1phi0fr,worldnews,European Council president warns US not to interfere in Europe’s affairs,4137,175,1765213838.0,0.97,False,theguardian.com
1phjfr9,worldnews,Germany news: Berlin rejects US criticism of Europe,3205,212,1765217015.0,0.96,False,dw.com
1pi446k,worldnews,Zelensky meets Pope Leo XIV as he continues seeking support amid peace talks,152,7,1765276149.0,0.92,False,kyivindependent.com
1pi0cbz,worldnews,"Australia social media ban set to take effect, sparking a global crackdown",315,114,1765261436.0,0.93,False,reuters.com
1pi5m44,worldnews,British PM: Deal to release frozen Russian assets for Ukraine days away,112,5,1765281533.0,0.97,False,english.nv.ua
1pi8e08,worldnews,"European Union and Canada strengthen their digital partnership with a focus on artificial intelligence, digital identity wallets and independent media",74,18,1765289438.0,0.9,False,ec.europa.eu
1pi6s7f,worldnews,Russia’s Occupation Chief Offers Belarus Stolen Ukrainian Coastline for “Resorts”,81,5,1765285202.0,0.89,False,united24media.com
1phgblk,worldnews,"Bucharest elects centrist mayor, rejects far right",3180,25,1765210039.0,0.97,False,politico.eu
1pi8m2q,worldnews,"Attempted coup d'état in Benin: France provided ""support"" to loyalist forces, says the Élysée",48,5,1765290012.0,0.93,False,lefigaro.fr
1pi7u3d,worldnews,Australia social media ban takes effect in world first,50,25,1765288025.0,0.79,False,reuters.com
1phiss1,worldnews,"Canada to open new fast track to permanent residency for 5,000 foreign doctors",1952,192,1765215608.0,0.95,False,cbc.ca
1pic4pb,worldnews,EU pushes ahead with overhaul of migration rules as ‘return hubs’ approved,27,1,1765298235.0,0.89,False,infomigrants.net
1pi42vd,worldnews,Ancient Egyptian pleasure boat found by archaeologists off Alexandria coast | Egypt,87,5,1765276015.0,0.94,False,theguardian.com
1pidpkj,worldnews,Australia's social media ban for children takes effect in world first,20,7,1765301718.0,0.84,False,reuters.com
1phppev,worldnews,"Trump greenlights Nvidia H200 AI chip sales to China, says Xi responded positively",752,221,1765231162.0,0.9,False,cnbc.com
1pi8g34,worldnews,Lithuania declares state of emergency over Belarus balloons,35,2,1765289591.0,0.86,False,news.sky.com
1pibbjs,worldnews,China Unleashes Largest Maritime Show of Force in East Asia as Over 100 Naval and Coast Guard Vessels Flood Contested Waters,24,3,1765296424.0,0.82,False,defencesecurityasia.com
1pi9klq,worldnews,Sudanese militia leader sentenced to 20 years for Darfur atrocities,29,0,1765292389.0,0.92,False,ctvnews.ca
1pi89se,worldnews,US State department social media vetting policy is causing consular H1b processing delays across the globe,38,15,1765289145.0,0.82,False,cnbctv18.com
1pi8tcb,worldnews,New mutant mpox strain discovered in England,29,10,1765290543.0,0.81,False,advocate.com
1pi92ai,worldnews,Putin Adds War Supporters to Russia’s Human Rights Council,29,3,1765291163.0,0.9,False,themoscowtimes.com
1phn0o6,worldnews,"Norway is building the world’s longest, deepest undersea road tunnel",861,86,1765225013.0,0.97,False,edition.cnn.com
1pie14y,worldnews,"Russia Sentences Three Ukrainian POWs to Almost 20 Years in Prison for ""Terrorism""",16,2,1765302417.0,0.94,False,united24media.com
1pi2t2e,worldnews,Former chief of China’s food and drug watchdog ousted from Communist Party,76,16,1765271066.0,0.86,False,scmp.com
1phzjfi,worldnews,Myanmar military air strike on a tea shop kills 18 watching a football match on TV,131,4,1765258709.0,0.95,False,apnews.com
1php2v4,worldnews,Zelenskyy: American weapons via PURL no substitute for US security guarantees,583,20,1765229680.0,0.97,False,pravda.com.ua
1ph8k3m,worldnews,“That’s what we get paid for”: Ukraine’s spy chief confirms ability to eavesdrop on Kremlin’s inner circle,5077,112,1765187749.0,0.98,False,euromaidanpress.com
1phzzyc,worldnews,Beijing court orders Malaysia Airlines to pay damages to families of MH370 victims,118,4,1765260284.0,0.92,False,apnews.com
1pi5jxl,worldnews,Thousands rally in Lithuania against threat to media freedom,35,2,1765281320.0,0.85,False,lrt.lt
1pi86xn,worldnews,South Korea Scrambles Fighters as China and Russia Push Bomber Run Into KADIZ,25,0,1765288943.0,0.82,False,united24media.com
1phvgz8,worldnews,Dozens injured after magnitude 7.5 quake strikes northern Japan,227,22,1765246093.0,0.94,False,bbc.com
1pide68,worldnews,International Court of Justice accepts Russia's counterclaim against Ukraine in Genocide Convention case,13,4,1765301025.0,0.69,False,pravda.com.ua
1ph8vfh,worldnews,Canadian Armed Forces see a surge in recruits,4108,318,1765188926.0,0.97,False,ctvnews.ca
1phlfc6,worldnews,"/r/WorldNews Live Thread: Russian Invasion of Ukraine Day 1383, Part 1 (Thread #1530)",689,111,1765221426.0,0.96,False,reddit.com
1pidnh9,worldnews,Zelenskiy says 'refined documents' on peace plan will soon be sent to U.S.,11,1,1765301588.0,0.92,False,reuters.com
1piei04,worldnews,UK armed forces member dies in accident in Ukraine - BBC News,10,5,1765303400.0,0.73,False,bbc.com
1pie9ku,worldnews,"China to limit access to Nvidia's H200 chips despite Trump export approval, FT reports",8,11,1765302905.0,0.79,False,reuters.com
1pidykf,worldnews,President Milei will sign a decree convening extraordinary sessions of Congress to advance his reforms,9,3,1765302265.0,0.85,False,batimes.com.ar
1phxa1k,worldnews,Japan rebuffs EU plea to join Russian assets plan,105,39,1765251210.0,0.87,False,politico.eu
1pieacc,worldnews,"Police raid Argentine Football Association in money laundering probe, source says",7,1,1765302951.0,0.77,False,edition.cnn.com
1pi6rp1,worldnews,Nigerian troops held in Burkina Faso after ‘unfriendly’ emergency landing,18,0,1765285161.0,0.85,False,theguardian.com
1pi1lm7,worldnews,France’s Macron warns China of possible tariffs over trade gap,37,21,1765266074.0,0.77,False,qazinform.com
1phruw6,worldnews,US to allow Nvidia H200 chip shipments to China,174,31,1765236402.0,0.9,False,reuters.com
1ph0h5l,worldnews,Thailand launches airstrikes on Cambodia as Trump’s peace agreement hangs in balance,10490,1697,1765159934.0,0.97,False,cnn.com
1phy3kp,worldnews,Japan’s GDP Plummets: Economic Concerns Rise,73,4,1765253656.0,0.88,False,tipranks.com
1phduuo,worldnews,China's trade surplus tops $1 trillion as its exports surge,874,149,1765204349.0,0.93,False,apnews.com
1pi7rzg,worldnews,Myanmar military air strike on a tea shop kills 18 watching a football match on TV,13,4,1765287875.0,0.92,False,abcnews.go.com
1pi3qho,worldnews,Congolese President Accuses Rwanda of Violating Peace Deal,22,1,1765274738.0,0.82,False,reuters.com
1phjex8,worldnews,Russia is preparing new restrictions on the export of cash rubles and gold as part of a broader push to clamp down on the shadow economy,427,24,1765216964.0,0.96,False,themoscowtimes.com
1phaw2k,worldnews,"Zelenskyy responds to Trump's criticism, highlights territorial disagreements in ""peace plan""",1179,226,1765196073.0,0.94,False,pravda.com.ua
1phbt50,worldnews,Netherlands allocates additional EUR 700m to support Ukraine,1025,23,1765198878.0,0.98,False,pravda.com.ua
1pib7j5,worldnews,Nigerian air force plane's emergency landing puts Burkina Faso defense forces on high alert,6,0,1765296172.0,0.8,False,apnews.com
1phvda3,worldnews,Tony Blair reportedly dropped from Trump’s Gaza ‘board of peace’ shortlist | Former UK leader loses out on key role in transitional authority after objections from Arab and Muslim nations,90,16,1765245809.0,0.87,False,theguardian.com
1phszl2,worldnews,"India denounces Pakistan's strikes, backs Afghan sovereignty amid border clashes",113,35,1765239341.0,0.83,False,tribuneindia.com
1ph7802,worldnews,"China’s trade surplus tops record US$1 trillion, defying trade war uncertainty",2042,246,1765182341.0,0.95,False,scmp.com
1ph68h3,worldnews,Three more Farage bloc MEPs alleged to have followed Russian asset’s script,2239,64,1765178449.0,0.97,False,theguardian.com
1ph1ax0,worldnews,"Water leak in the Louvre damages hundreds of works, museum says",5195,230,1765162352.0,0.98,False,theguardian.com
1pgw0c3,worldnews,Russian troops caught in kill zone as Ukraine reclaims Ivanivka in daring counterattack,14021,353,1765147547.0,0.97,False,euromaidanpress.com
1pi8q09,worldnews,Microsoft unveils $23 billion in new AI investments with big focus on India,7,3,1765290302.0,0.58,False,reuters.com
1phnnyr,worldnews,13 inmates found dead in Ecuadorian prison plagued by violence,169,3,1765226461.0,0.92,False,cnn.com
1phcuh6,worldnews,"Russia Sends First Sanctioned LNG Shipment to China, Defying US Pressure",538,67,1765201752.0,0.94,False,united24media.com
1phhjtw,worldnews,China to provide $100 million humanitarian aid for Gaza,255,107,1765212827.0,0.7,False,reuters.com
1ph8te9,worldnews,Saudi Arabia Extends Alcohol Sales to Higher-Earning Residents,861,149,1765188712.0,0.94,False,bloomberg.com
1phq810,worldnews,Japan tells residents to evacuate as powerful earthquake strikes north-east,92,6,1765232374.0,0.92,False,theguardian.com
1phtasr,worldnews,Powerful wave kills 4 and leaves 1 missing at a popular seawater pool on Spain's Tenerife island,61,7,1765240143.0,0.88,False,apnews.com
1phpizv,worldnews,Japan protests after China military jet locks radar on Japanese aircraft,92,5,1765230742.0,0.89,False,apnews.com
1pi7mfm,worldnews,"Honduras is still waiting for the final presidential election count, over a week after the vote",4,1,1765287473.0,0.67,False,apnews.com
1phc0g2,worldnews,"Europe needs protection from its own allies, EU chief Costa says | Euractiv",418,45,1765199439.0,0.93,False,euractiv.com
1phtfrv,worldnews,Russian drone attacks cut power in Sumy in northern Ukraine,49,1,1765240516.0,0.9,False,reuters.com
1pidjkf,worldnews,"Microsoft to invest $17.5 billion in India, CEO Nadella says",2,5,1765301352.0,0.56,False,reuters.com
1pi5ri9,worldnews,"PIJ claims Gaza terrorists handed over last hostage, despite Ran Gvili's remains still in captivity",5,0,1765282007.0,0.59,False,jpost.com
1phme29,worldnews,"European leaders discuss ""positive progress"" on making use of frozen Russian assets",102,1,1765223602.0,0.89,False,reuters.com
1phjkgj,worldnews,Louvre workers announce strike over work conditions and security after $102M heist,129,25,1765217297.0,0.91,False,apnews.com
1phcv7a,worldnews,Namibia loses bid to overturn ban on rhino horn trade,251,13,1765201804.0,0.93,False,bbc.co.uk
1phii5k,worldnews,Starmer holds crisis talks with Zelenskyy in search for 'decent peace for Ukraine',127,8,1765214943.0,0.91,False,news.sky.com
1phr61f,worldnews,India Weighs Power Plan Shift to Expand Coal Through 2047,47,15,1765234645.0,0.8,False,bloomberg.com
1pifq0u,worldnews,COVID schemes' fraud and error cost taxpayers £11bn,1,0,1765306414.0,1.0,False,news.sky.com
1pgs6pi,worldnews,Italy's Meloni pledges emergency aid to Ukraine in call with Zelenskiy,5730,76,1765138095.0,0.98,False,reuters.com
1phxruy,worldnews,Ivory Coast's incumbent leader Ouattara is sworn in for a fourth term,14,0,1765252686.0,0.8,False,apnews.com
1piess8,worldnews,Report: IDF shot 3 year old girl,0,14,1765304142.0,0.49,False,cair.com
1pieovj,worldnews,IDF to potentially investigate reports that it murdered 3 year old girl,2,7,1765303858.0,0.53,False,bbc.com
1phnbrx,worldnews,Death toll rises to 5 after explosion outside a police station in Mexico's Michoacán state,53,1,1765225692.0,0.87,False,abcnews.go.com
1pguq59,worldnews,"Hamas chief rejects key points of Trump peace plan, calls for Israel's destruction",3350,515,1765144330.0,0.89,False,jns.org
1piditi,worldnews,Fresh fighting on Thailand Cambodia border sees tens of thousands flee,1,0,1765301306.0,0.56,False,news.sky.com
1phegzk,worldnews,Sharks and Rays Gain Sweeping Protections From Wildlife Trade - A global treaty has extended trade protections to more than 70 shark and ray species whose numbers are in sharp decline.,135,4,1765205861.0,0.95,False,nytimes.com
1phgajd,worldnews,The Vatican returns sacred artifacts held for a century to their Indigenous owners,103,9,1765209974.0,0.86,False,cnn.com
1phhf0k,worldnews,"One of PNG's rare conjoined twins dies after urgent surgery in Sydney, brother survives",78,4,1765212531.0,0.86,False,abc.net.au
1pgkxjn,worldnews,Kremlin says new US security strategy accords largely with Russia's view,9788,653,1765120993.0,0.95,False,reuters.com
1phivuw,worldnews,Nigeria police probe suspected organ-harvesting ring after grisly discovery,57,2,1765215800.0,0.88,False,reuters.com
1phet96,worldnews,"Magnitude 7.2 earthquake rocks Japan, triggers tsunami warning",89,3,1765206608.0,0.92,False,globalnews.ca
1pgz2jg,worldnews,Trump says Zelenskyy ‘isn’t ready’ yet to accept US-authored proposal to end Russia-Ukraine war,1154,408,1765155907.0,0.86,False,apnews.com
1phehzb,worldnews,Chinese court orders Malaysia Airlines to pay US$3.3 million in compensation over missing MH370 plane,78,15,1765205933.0,0.85,False,channelnewsasia.com
1pgombw,worldnews,"New US security strategy aligns with Russia's vision, Moscow says",3593,317,1765129892.0,0.95,False,bbc.co.uk
1pgtadz,worldnews,"Canada has legal duty to provide safe water, housing to remote First Nations, federal judge rules",1971,285,1765140802.0,0.89,False,cbc.ca
1ph3xf0,worldnews,French police have closed in on all suspects in the Louvre heist,432,32,1765170372.0,0.97,False,qazinform.com
1phljyy,worldnews,"Protesting Greek farmers force their way onto Crete airport tarmac, causing flight suspensions",33,1,1765221721.0,0.84,False,euronews.com
1phmoss,worldnews,Somalia nears revival of Somali Airlines after three decades of inactivity,24,3,1765224261.0,0.74,False,hiiraan.com
1ph0my0,worldnews,"Chinese carrier conducting intense air operations near Japan, Tokyo says",642,131,1765160403.0,0.92,False,reuters.com
1phcncz,worldnews,Syria jubilantly marks a year since Assad's fall with parades - and leader makes new pledge,80,4,1765201222.0,0.87,False,news.sky.com
1ph9eya,worldnews,Zelenskiy Says No Accord So Far on Eastern Ukraine in US Talks,132,9,1765190953.0,0.9,False,bloomberg.com
1phgm4t,worldnews,"Pakistan to sell 75% stake in national airline, bidding to begin ‘soon’",39,9,1765210692.0,0.81,False,arabnews.com
1phesnm,worldnews,Thailand launches air strikes on Cambodia as border tensions reignite,48,10,1765206573.0,0.88,False,straitstimes.com
1phgxca,worldnews,Majority of Ontario fraud cases tossed since 2020 due to limited resources: Crowns’ association,34,3,1765211401.0,0.79,False,cbc.ca
1phl8pj,worldnews,Israeli government accused of intimidation and harassment after raid on UN building in Jerusalem,22,4,1765221019.0,0.57,False,news.sky.com
1phlw71,worldnews,Corruption at NATO: prosecutors probe suspect contracts won by Israeli giant Elbit - LA LETTRE,22,1,1765222495.0,0.63,False,lalettre.fr
1ph7ras,worldnews,Royal Navy unveils new Atlantic strategy to counter Russian threat - BBC News,146,4,1765184524.0,0.93,False,bbc.com
1pgp0hl,worldnews,Pentagon announces it has killed four men in another boat strike in Pacific,2165,268,1765130829.0,0.95,False,theguardian.com
1pgvj7b,worldnews,Norway tightens ties to EU,977,45,1765146331.0,0.97,False,newsinenglish.no
1ph95tn,worldnews,"Nearly 1,000 people dead, 1 million displaced in Indonesia floods",91,1,1765190010.0,0.89,False,dpa-international.com
1pgwz32,worldnews,Russian strike hits medicines warehouse of major Ukrainian pharmaceutical distributor,651,24,1765150098.0,0.95,False,pravda.com.ua
1phfql2,worldnews,"United Arab Emirates-backed separatists tighten grip of southern Yemen, and airspace briefly closed",34,3,1765208742.0,0.85,False,abcnews.go.com
1ph9rt5,worldnews,Global cereal production surpassing three billion tonnes for first time,67,21,1765192237.0,0.88,False,fao.org
1pham3a,worldnews,Christmas tree lighting held in Bethlehem for the first time since Gaza war began,53,20,1765195175.0,0.7,False,npr.org
1pgvy4m,worldnews,Militants from Russia's African Corps committing atrocities in Mali,615,9,1765147394.0,0.97,False,pravda.com.ua
1pgkc9e,worldnews,Russian Shadow Fleet Tanker Stuck off Bulgaria After Tugboat Abandons Tow,2457,90,1765119527.0,0.98,False,united24media.com
1ph6v8u,worldnews,China’s trade surplus tops US$1 trillion for first time on strong exports to non-US markets,98,58,1765180920.0,0.82,False,straitstimes.com
1phdsxv,worldnews,"Israeli surveillance targets US and allies at joint base planning Gaza aid and security, say sources",27,1,1765204214.0,0.61,False,theguardian.com
1ph6gb0,worldnews,"Somalia’s Jubaland withdraws from federal system, calls itself independent government",92,6,1765179305.0,0.9,False,somaliguardian.com
1ph92na,worldnews,Thailand launches airstrikes along border with Cambodia as ceasefire falters,49,7,1765189683.0,0.88,False,cbsnews.com
1pgx977,worldnews,South Korea’s Hyundai feeds rapid naval upgrades in the Philippines,368,25,1765150879.0,0.96,False,defensenews.com
1pge650,worldnews,Germany scrambles to unlock €165bn in frozen Russian assets for Ukraine,4505,491,1765099192.0,0.96,False,euromaidanpress.com
1ph9m5s,worldnews,Norway police detain suspected shooter in Oslo shopping centre,39,0,1765191674.0,0.9,False,reuters.com
1piee6r,worldnews,"‘Zelensky Has to Get on the Ball,’ Trump Says in Critique of Ukraine’s War Strategy",0,12,1765303186.0,0.33,False,kyivpost.com
1ph3cgm,worldnews,South Korea: Government developing app showing real-time location of stalkers,115,21,1765168559.0,0.93,False,bbc.com
1pgjlf6,worldnews,Deadly attack on kindergarten reported in Sudan,1415,95,1765117597.0,0.96,False,bbc.com
1pglfbs,worldnews,Victoria passes controversial laws allowing life sentences for offenders as young as 14,935,206,1765122206.0,0.93,False,tanea.com.au
1phbsyn,worldnews,Storm Bram named as weather warnings issued for UK and Ireland,18,5,1765198865.0,0.79,False,news.sky.com
1pgvu0s,worldnews,Bolsonaro’s eldest son says he’ll run for Brazil presidency in 2026,247,46,1765147100.0,0.84,False,apnews.com
1ph1ukw,worldnews,Thailand launches airstrikes along border with Cambodia as tensions reignite,97,3,1765164001.0,0.92,False,apnews.com
1ph2x3n,worldnews,Thailand launches air strikes at Cambodia as border tensions reignite,86,8,1765167270.0,0.91,False,reuters.com
1pgtmom,worldnews,"African swine fever outbreak in Spain may have leaked from research lab, officials say",269,23,1765141635.0,0.93,False,theguardian.com
1picr9k,worldnews,Trump says Ukraine should hold elections,0,94,1765299634.0,0.45,False,thehill.com
1phh49p,worldnews,UN sets 2026 aid appeal below 1% of global arms spending – DW,9,2,1765211852.0,0.61,False,dw.com
1pgvxao,worldnews,Zelenskiy says Ukraine's peace talks with US constructive but not easy,184,10,1765147337.0,0.94,False,reuters.com
1pib4l3,worldnews,‘We’re living in terror’: fears in southern Syria over Israel’s growing occupation,0,18,1765296001.0,0.41,False,theguardian.com
1pgnlme,worldnews,"Iranian rights lawyer found dead, sparking allegations of state involvement",457,3,1765127465.0,0.96,False,iranintl.com
1ph1vjt,worldnews,Mid-air military stand-off triggers duelling protests in China-Japan row latest,68,3,1765164080.0,0.85,False,scmp.com
1ph1hen,worldnews,Japan revises economic data to show bigger contraction in July-September period,74,6,1765162885.0,0.91,False,apnews.com
1pi82or,worldnews,Trump says Russia holds stronger negotiating position on ending war in Ukraine,0,27,1765288649.0,0.41,False,pravda.com.ua
1ph1323,worldnews,"Ukraine war briefing: Peace talks with US constructive but ‘not easy’, says Zelenskyy",66,14,1765161719.0,0.86,False,theguardian.com
1ph5exl,worldnews,Tensions flare again at Cambodia–Thailand border — air-​strikes after ceasefire collapse,28,3,1765175401.0,0.79,False,hindustantimes.com
1pgw11m,worldnews,"Nigerian government secures release of 100 kidnapped schoolchildren, Channels TV says",126,2,1765147599.0,0.92,False,edition.cnn.com
1pgi5oe,worldnews,"Benin coup attempt to oust President Talon foiled by loyalist troops, minister says",712,117,1765113477.0,0.96,False,bbc.com
1ph0xy3,worldnews,Real Wages in Japan Fall for 10th Straight Month in Oct.,60,6,1765161298.0,0.87,False,jen.jiji.com
1pg1960,worldnews,"Ukraine will not accept any peace deal requiring territorial concessions, Syrskyi tells UK broadcaster",14983,521,1765058401.0,0.97,False,kyivindependent.com
1ph6s09,worldnews,Sri Lanka: Cyclone Ditwah kills over 600,22,2,1765180598.0,0.7,False,dw.com
1pg5wrg,worldnews,"""The US continues to buy nuclear fuel from us for their nuclear power plants."" - Putin",5732,223,1765071337.0,0.95,False,indiatoday.in
1pgbmo0,worldnews,"Russia terminates military agreements with Portugal, France and Canada",2099,73,1765089500.0,0.97,False,euronews.com
1pg7zgk,worldnews,NATO fighters scrambled in Poland as Russia bombards Ukraine,3862,144,1765077564.0,0.97,False,abcnews.go.com
1pi1fpg,worldnews,"Australia deporting refugee to Nauru may cause his ‘imminent’ and ‘preventable’ death, court hears | Nauru",0,10,1765265399.0,0.47,False,theguardian.com
1pgf611,worldnews,Farage turns on broadcasters over racism allegations as number of claims hits 28,1011,124,1765102989.0,0.93,False,theguardian.com
1pgej45,worldnews,Zelensky to visit London amid push for peace,1037,71,1765100588.0,0.95,False,kyivindependent.com
1pi81wn,worldnews,"Trump: ""Long before Putin, it was an understanding that Ukraine would not be going into NATO""",0,30,1765288593.0,0.39,False,pravda.com.ua
1ph1v05,worldnews,Trump lauds 'good relationship' with Carney but won't say if they'll restart trade talks,31,14,1765164035.0,0.69,False,cbc.ca
1pg0ixj,worldnews,Ukraine’s Intelligence Hackers Cripple Major Russian Logistics Network,8362,73,1765056506.0,0.98,False,kyivpost.com
1pgp0vl,worldnews,Italy to open Europe's first marine sanctuary for dolphins,159,4,1765130853.0,0.96,False,phys.org
1pgkgzb,worldnews,"Russia launches missile and drone attacks on central, northern Ukraine, targeting energy infrastructure",279,9,1765119844.0,0.91,False,kyivindependent.com
1pi90gu,worldnews,Trump believes Ukraine should hold presidential election,0,52,1765291038.0,0.33,False,pravda.com.ua
1pgv1mi,worldnews,Nigerian government secures release of 100 abducted schoolchildren,69,2,1765145109.0,0.87,False,news.sky.com
1pgk9pp,worldnews,Netanyahu says Israel and Hamas will enter ceasefire's second phase soon,234,173,1765119341.0,0.84,False,apnews.com
1pg6j69,worldnews,"Chinese jets directed fire-control radar at Japanese aircraft, Japan says",2376,280,1765073184.0,0.94,False,reuters.com
1pgn2hi,worldnews,France's Macron threatens China with tariffs over trade surplus - Les Echos,156,38,1765126196.0,0.87,False,reuters.com
1pfsf06,worldnews,"Chernobyl radiation shield has stopped working after Russian drone strikes, UN warns",30629,2287,1765036186.0,0.95,False,politico.eu
1pgowzw,worldnews,Russia Targets Strategic Pechenihy Dam—Ukraine Responds with Contingency Measures,90,2,1765130599.0,0.92,False,united24media.com
1pgrquh,worldnews,China Accuses Japan of Disrupting Pre-Announced Naval Drills,55,16,1765137049.0,0.74,False,chinadailyasia.com
1pg7u7c,worldnews,"Australia expects platforms to ""stop under-16s from using VPNs"" to evade social media ban",1099,262,1765077111.0,0.94,False,techradar.com
1pge142,worldnews,Possible coup in Benin,347,51,1765098659.0,0.92,False,apnews.com
1pgpurl,worldnews,"Nigeria seeks French help to combat insecurity, Macron says",52,26,1765132852.0,0.81,False,reuters.com
1pg9yv8,worldnews,"Venezuela’s Nobel Winner Will Go to Norway for Peace Prize, Official Says",595,143,1765083827.0,0.9,False,nytimes.com
1pgh8ms,worldnews,"2 killed as Russian overnight attack hits infrastructure in Ukraine, officials say",139,0,1765110610.0,0.86,False,abcnews.go.com
1pg9ju1,worldnews,Asim Munir Now In Control Of Pakistan's Nuclear Button,504,55,1765082499.0,0.89,False,ndtv.com
1pg8t6g,worldnews,"/r/WorldNews Live Thread: Russian Invasion of Ukraine Day 1382, Part 1 (Thread #1529)",567,186,1765080150.0,0.95,False,reddit.com
1pgcv4d,worldnews,"At least 25 people dead after major fire at nightclub in Goa, India",262,56,1765094111.0,0.9,False,news.sky.com
1pgk1og,worldnews,"Philippines in Advanced Talks to Acquire KF-21 Boramae Fighter Jets from South Korea, Signaling a Strategic Shift in South China Sea Air Power",71,3,1765118772.0,0.82,False,defencesecurityasia.com
1pgv255,worldnews,Taipei rally voices migrant workers' anger over work-year limit - Focus Taiwan,19,0,1765145144.0,0.65,False,focustaiwan.tw
1pfx9l4,worldnews,Average price of rice in Japan hits new record high,2288,142,1765048185.0,0.97,False,japantimes.co.jp
1pgmmld,worldnews,Benin government says armed forces foil coup attempt,42,8,1765125133.0,0.79,False,reuters.com
1pgn8e4,worldnews,China’s National Security Office in Hong Kong Summons Foreign Journalists,36,4,1765126589.0,0.79,False,nytimes.com
1pggygz,worldnews,"Iran continues crackdown on dissent with human rights lawyer found dead, arrests and disappearances",76,3,1765109656.0,0.82,False,jpost.com
1pgdv35,worldnews,Soldiers appear on Benin state television announcing apparent coup | News,126,18,1765098026.0,0.88,False,aljazeera.com
1pgojln,worldnews,India: Goa nightclub fire kills 25 staff and tourists,28,8,1765129710.0,0.71,False,bbc.com
1pg585q,worldnews,"US Promises Pre-Christmas Arms Boost for Ukraine, Pushes for Europe-Led NATO by 2027",463,76,1765069270.0,0.93,False,kyivpost.com
1pg0jn8,worldnews,Russia unleashes massive drone and missile attack on Ukraine | CBC News,814,36,1765056558.0,0.93,False,cbc.ca
1pg2i69,worldnews,"Up to 8,000 people could need hospital care before flu wave reaches peak, health leaders warn",604,44,1765061718.0,0.92,False,news.sky.com
1pgkwcy,worldnews,Milei to delay lawmakers' vacation to push forward with reforms,27,1,1765120909.0,0.71,False,batimes.com.ar
1pfihc5,worldnews,Bombed Chornobyl shelter no longer blocks radiation and needs major repair – IAEA,10623,542,1765002781.0,0.97,False,theguardian.com
1pfyr66,worldnews,At least 18 migrants die as inflatable boat sinks off Greek island of Crete,683,87,1765051890.0,0.87,False,france24.com
1pfqove,worldnews,Four arrested after Tower of London display case containing State Crown defaced,1670,121,1765031554.0,0.96,False,bbc.com
1pfn2sg,worldnews,"No calls, emails beyond official work hours: Right to Disconnect Bill introduced in Indian Parliament",2966,73,1765020273.0,0.97,False,indiatoday.in
1pg7s63,worldnews,"A fire at a popular nightclub in India's Goa state kills 23, state's chief minister says",140,2,1765076937.0,0.88,False,apnews.com
1pgckyx,worldnews,Hong Kong national security law provision used for first time to make arrest,53,0,1765093017.0,0.83,False,scmp.com
1pgcbp4,worldnews,"At least 3 killed, 6 wounded in explosion in Mexico's Michoacán state",55,1,1765092028.0,0.86,False,latimes.com
1pg669y,worldnews,"Awash in oil money, Guyana unveils a new digital school to boost education in the Caribbean",149,1,1765072119.0,0.94,False,apnews.com
1pg4gly,worldnews,Indigenous cultural belongings return to Canada from Vatican after long journey,173,2,1765067100.0,0.87,False,cbc.ca
1pfs4ko,worldnews,"Von der Leyen, Merz: Talks with Belgium over the potential use of billions in frozen Russian assets to fund Ukraine were ‘constructive’.",760,41,1765035420.0,0.96,False,politico.eu
1pfpxtz,worldnews,"U.K. sanctions British Sikh businessman, group over pro-Khalistan terrorism in India",957,129,1765029501.0,0.89,False,thehindu.com
1pgck9n,worldnews,"Quad slams Red Fort(India) blast, says bring culprits to justice",34,5,1765092938.0,0.7,False,timesofindia.indiatimes.com
1pffr91,worldnews,"‘Superbugs’ surge to record levels in South Korea, with infections near 45,000",6310,375,1764993630.0,0.97,False,straitstimes.com
1pg8iun,worldnews,"Nakamura’s wish fulfilled, leprosy care resumes in Afghanistan",70,2,1765079244.0,0.86,False,asahi.com
1pgcksa,worldnews,Hong Kong Holds Vote as Officials Move Against ‘Anti-China’ Elements,35,0,1765092996.0,0.78,False,nytimes.com
1pfxcpi,worldnews,Iran arrests marathon organisers over women not wearing hijab - BBC News,284,18,1765048397.0,0.9,False,bbc.com
1pgaf3b,worldnews,Albanese warns of ‘difficult’ bushfire season ahead as cooler conditions bring relief to disaster-ravaged NSW,38,4,1765085302.0,0.79,False,theguardian.com
1pfs14r,worldnews,Syrian president says Israel is ‘fighting ghosts’ and must abide by deconfliction accord,502,156,1765035178.0,0.8,False,cnn.com
1pg7962,worldnews,"Ship in Bab el-Mandeb Strait attacked by suspected pirates, officials say",60,2,1765075367.0,0.9,False,apnews.com
1pfyc4c,worldnews,Russia hits Ukraine as US reports progress in talks with Kyiv,201,15,1765050844.0,0.92,False,bbc.com
1pgfrbx,worldnews,India's Goa state orders probe after nightclub fire kills 25,12,1,1765105239.0,0.65,False,reuters.com
1pffrvo,worldnews,ICC prosecutor says Putin warrant won’t disappear even if Ukraine peace talks are successful,2872,23,1764993679.0,0.98,False,abcnews.go.com
1pfgfyv,worldnews,"Giving up territory would be 'unjust peace', says Ukraine's armed forces chief",2354,198,1764995832.0,0.96,False,news.sky.com
1pg8ezp,worldnews,Goa fire incident: At least 25 dead in cylinder blast at Arpora nightclub; CM orders detailed probe,30,1,1765078904.0,0.74,False,economictimes.indiatimes.com
1pfqoag,worldnews,"G7, EU mull ban on Russian oil maritime services, but experts skeptical",317,6,1765031510.0,0.96,False,kyivindependent.com
1ph96gp,worldnews,Musk says EU 'should be abolished' after fine against X,0,61,1765190074.0,0.46,False,lemonde.fr
1pfiome,worldnews,US Urged Europeans to Oppose EU Plan for Loan to Support Ukraine,1183,215,1765003517.0,0.92,False,bloomberg.com
1pfn6l3,worldnews,Pakistan army labels imprisoned ex-leader Imran Khan ‘mentally ill’ after he criticizes army chief,475,19,1765020670.0,0.94,False,thestar.com
1pf4u8t,worldnews,"Putin arrest warrant will stand even if US-led peace talks agree Ukraine amnesty, ICC prosecutors say",8707,146,1764964315.0,0.97,False,reuters.com
1pflcmo,worldnews,New clashes break out between Pakistan and Afghanistan,584,66,1765013724.0,0.95,False,bbc.com
1pftxvh,worldnews,EU’s Kallas calls US “biggest ally” despite critical security strategy,137,39,1765040066.0,0.85,False,en.yenisafak.com
1pfhypv,worldnews,Berlin: Police can secretly enter homes for state trojan installation,988,119,1765000906.0,0.94,False,heise.de
1pfop79,worldnews,"Ukraine's Zaporizhzhia nuclear plant temporarily lost power overnight, IAEA says",257,6,1765025848.0,0.92,False,reuters.com
1pfs5bf,worldnews,China warns foreign media in Hong Kong over fire coverage,155,28,1765035471.0,0.87,False,reuters.com
1pfmw5c,worldnews,Canada drops terror sanctions on Syria and its interim government,343,71,1765019592.0,0.86,False,ctvnews.ca
1pf0zq0,worldnews,"French navy shoots at 5 drones buzzing nuclear submarine base, AFP reports",8184,289,1764955413.0,0.99,False,politico.eu
1ph10pt,worldnews,"UK asylum policy causes more violence and deaths, say rights groups",0,5,1765161526.0,0.46,False,theguardian.com
1pfrvm8,worldnews,'We should stick together': Top EU diplomat defends alliance with US,107,26,1765034781.0,0.83,False,dpa-international.com
1ph7u0n,worldnews,"United States says peace deal ending Ukraine war is “really close,” but key issues remain",0,27,1765184834.0,0.33,False,investing.com
1pff91g,worldnews,Judge says referendum proposal on Alberta independence would be unconstitutional,751,140,1764992065.0,0.93,False,cbc.ca
1pfsq3a,worldnews,EU members seek fewer 'Solidarity Pool' relocations of asylum seekers,69,11,1765036988.0,0.82,False,euronews.com
1pfzzcs,worldnews,"Lamola to Washington: Congrats on the G20 crown, try not to trip over the facts",26,1,1765055085.0,0.71,False,iol.co.za
1petwml,worldnews,"Sweden to cut development aid to five countries, divert money to Ukraine",12261,670,1764937977.0,0.97,False,reuters.com
1pffsqq,worldnews,"/r/WorldNews Live Thread: Russian Invasion of Ukraine Day 1381, Part 1 (Thread #1528)",562,108,1764993751.0,0.94,False,reddit.com
1pfxv8o,worldnews,Civil Defense continues to clear the land of war remnants,33,0,1765049664.0,0.77,False,sana.sy
1pf5i3z,worldnews,EU defense chief: Stop relying on Washington and craft our own peace plan – POLITICO,2094,117,1764965884.0,0.98,False,euromaidanpress.com
1perf6v,worldnews,Russian Troops Shoot Ukrainian POW in Donetsk Region Moments After Surrendering,15927,2034,1764929418.0,0.96,False,united24media.com
1pgy11v,worldnews,Coalition approves NIS 2.35 billion for hasbara budget 2026 | The Jerusalem Post,0,6,1765152997.0,0.42,False,jpost.com
1pf2v98,worldnews,Trump is meeting Mexican President Sheinbaum in person for the first time at World Cup draw,2077,135,1764959682.0,0.95,False,apnews.com
1pfikcx,worldnews,Whistleblower accuses Foreign Office of ‘censoring’ warning of Sudan genocide,193,3,1765003085.0,0.93,False,theguardian.com
1pewe2a,worldnews,Germany votes to bring back voluntary military service programme for 18-year-olds,3613,430,1764944692.0,0.97,False,bbc.com
1pf1mah,worldnews,"Canada's unemployment rate fell to 6.5% in November, a steep drop from previous month",1614,251,1764956844.0,0.94,False,cbc.ca
1pf4zqt,worldnews,First batch of Argentina's F-16 fighter jets due to arrive from Denmark,711,91,1764964679.0,0.95,False,batimes.com.ar
1pf123a,worldnews,France intercepts illegal drone overflight at nuclear submarine base,1085,28,1764955563.0,0.97,False,apnews.com
1pf26a3,worldnews,G7 and EU are in talks to replace a price cap on Russian oil exports with a full maritime services ban,893,27,1764958092.0,0.97,False,reuters.com
1pf763f,worldnews,Rubio slams EU’s €120M fine on X as ‘attack’ on US tech and users,472,188,1764969926.0,0.74,False,dailysabah.com
1pf6wa9,worldnews,Taiwan bans Chinese social media app RedNote for one year on fraud risks,453,9,1764969261.0,0.94,False,cnbc.com
1pf9p5k,worldnews,Pro-Kremlin RT Network Launches India Service With Putin’s Blessing,278,54,1764976239.0,0.9,False,themoscowtimes.com
1pf7j8j,worldnews,Outcry in Italy over sex education bill to crack down on ‘gender ideology’,350,142,1764970810.0,0.82,False,theguardian.com
1pfhwev,worldnews,UK sanctions imposed on a person and organisation involved in terrorism in landmark action,74,5,1765000689.0,0.85,False,gov.uk
1peu4q0,worldnews,"Germany seeks to recruit 80,000 more active soldiers – DW",1306,80,1764938673.0,0.97,False,dw.com
1pfdoo2,worldnews,Hundreds of Australians complain of wrongful social media account closures but ombudsman can’t help,108,16,1764987315.0,0.88,False,theguardian.com
1pff5f2,worldnews,South Korean man jailed following DOC undercover gecko-smuggling sting,81,10,1764991747.0,0.92,False,rnz.co.nz
1pez3w5,worldnews,"US will exclude SA from G20, welcome Poland into the fold, says Rubio",612,182,1764951155.0,0.92,False,news24.com
1pf8o3k,worldnews,Canada removes Syria from list of foreign state supporters of terrorism - National | Globalnews.ca,176,13,1764973595.0,0.85,False,globalnews.ca
1pey20b,worldnews,"Moldova drafting Transnistria reintegration plan with Western partners, but keeping details under wraps",592,91,1764948713.0,0.97,False,euromaidanpress.com
1pev388,worldnews,Elon Musk’s X fined €120m by EU in first clash under new digital laws,820,64,1764941397.0,0.95,False,theguardian.com
1pfcyng,worldnews,"US sets 2027 deadline for Europe-led NATO defense, officials say",84,31,1764985215.0,0.83,False,reuters.com
1pf6vt6,worldnews,Vladimir Putin offers India 'uninterrupted' fuel supplies at summit in New Delhi with Narendra Modi,173,176,1764969230.0,0.81,False,abc.net.au
1pekk5m,worldnews,Canada Declares Stellantis in Default for Moving Jeep Production to U.S.,4665,373,1764905248.0,0.97,False,nytimes.com
1peps5q,worldnews,Europe warns Zelenskyy against making concessions to Russia without firm US security guarantees – WSJ,1812,247,1764923046.0,0.96,False,pravda.com.ua
1pf7t2u,worldnews,Deterring Taiwan conflict a priority: US - Taipei Times,147,29,1764971485.0,0.9,False,taipeitimes.com
1pfcr6j,worldnews,Australian defence minister to visit Japan as 'strategic alignment' grows,72,4,1764984606.0,0.88,False,reuters.com
1pgz2fj,worldnews,"Zelensky’s Government Sabotaged Oversight, Allowing Corruption to Fester",0,29,1765155899.0,0.22,False,nytimes.com
1pf78in,worldnews,"10,000 removal warrants in Canada Border Services Agency inventory have been active for more than a year",133,25,1764970091.0,0.79,False,ctvnews.ca
1peumsr,worldnews,Israel implants world's first-ever 3D-printed cornea,595,118,1764940129.0,0.79,False,jpost.com
1pfdbcq,worldnews,PLA holds urban warfare drill as Taipei looks to boost ‘asymmetric capabilities’,57,0,1764986240.0,0.86,False,scmp.com
1pewj28,worldnews,German military service reform triggers major youth protests,442,417,1764945030.0,0.85,False,politico.eu
1pe9618,worldnews,Zelensky's jet in near-miss with four drones: Report,22306,1200,1764876117.0,0.96,False,newsweek.com
1pf0yx2,worldnews,Iran's currency falls to a new low as nuclear sanctions squeeze its ailing economy,188,27,1764955362.0,0.9,False,nbcnews.com
1pecfqp,worldnews,Putin Says Russia Will Take All of Ukraine's Donbas Region Militarily or Otherwise,7007,1632,1764883780.0,0.94,False,english.aawsat.com
1pggrag,worldnews,"Trump's envoy Kellogg says peace deal on Ukraine ""really close"" and depends on two issues",0,22,1765108956.0,0.36,False,pravda.com.ua
1pf8pk6,worldnews,Kenyan parliament report condemns British army unit BATUK over decades of abuses,66,15,1764973700.0,0.74,False,africanews.com
1pe6zt4,worldnews,Finnish president warns Europe that US likely talked with Russia while negotiating with Ukraine,13353,293,1764871357.0,0.97,False,kyivindependent.com
1pexlps,worldnews,"Norway to buy two more submarines, long-range missiles",166,3,1764947633.0,0.94,False,reuters.com
1pf4tss,worldnews,"‘More should be done’: UN pushes Syrian regime on justice for Druze, Alawites and minority groups",64,10,1764964286.0,0.8,False,jpost.com
1pepmmx,worldnews,Drone footage shows devastated Ukrainian town almost encircled by Russian forces,472,54,1764922433.0,0.9,False,yahoo.com
1pevx4x,worldnews,Lithuania to declare 'emergency situation' over Belarus balloons,150,0,1764943531.0,0.92,False,euractiv.com
1pf2hfq,worldnews,IndiGO: Travel chaos worsens in India with hundreds of flights cancelled,66,8,1764958790.0,0.82,False,bbc.com
1pepyql,worldnews,US Urged Europeans to Oppose EU Plan for Loan to Support Ukraine,402,105,1764923802.0,0.88,False,bloomberg.com
1pdynk0,worldnews,"Macron warned US could ‘betray’ Ukraine in leaked leaders’ call, Spiegel reports",27658,2471,1764850988.0,0.95,False,politico.eu
1penekj,worldnews,'India-Russia friendship a time-tested one': PM Modi receives Vladimir Putin at airport,533,222,1764914124.0,0.87,False,deccanherald.com
1pewbae,worldnews,German parliament backs controversial military service law amid Russian threat,116,1,1764944513.0,0.92,False,reuters.com
1pezzed,worldnews,"10,000 farmers expected in Brussels for EU-wide protest on 18 December",68,3,1764953128.0,0.87,False,brusselstimes.com
1pf26yu,worldnews,Argentina announces return to international debt markets,52,13,1764958135.0,0.8,False,batimes.com.ar
1pg4dse,worldnews,UNGA votes to extend UNRWA's mandate by three years,0,6,1765066883.0,0.46,False,jpost.com
1petz1b,worldnews,Greek parliament approves purchase of rocket systems from Israel,142,20,1764938182.0,0.89,False,reuters.com
1pel9i5,worldnews,Australia says the world will follow social media ban as Meta starts blocking teens,664,117,1764907328.0,0.92,False,reuters.com
1pe0gmd,worldnews,Four unidentified military-style drones breached no-fly zone to target Zelenskyy's arrival in Dublin,10870,492,1764856126.0,0.98,False,thejournal.ie
1pes647,worldnews,Russia blocks Apple's FaceTime in mounting push against foreign tech platforms,178,13,1764932239.0,0.91,False,reuters.com
1pdvz2j,worldnews,"Pope Francis left funds in his will to buy ambulances for Ukraine, nun says",36142,360,1764841564.0,0.97,False,kyivindependent.com
1pebquz,worldnews,Berlin deploys fighter jets to Poland after Russian drone incursions,1906,48,1764882183.0,0.98,False,reuters.com
1pel9ru,worldnews,"/r/WorldNews Live Thread: Russian Invasion of Ukraine Day 1380, Part 1 (Thread #1527)",520,176,1764907349.0,0.96,False,reddit.com
1pew330,worldnews,Europe Faces ‘Civilizational Erasure’ according to new National Security Strategy,72,141,1764943942.0,0.65,False,nytimes.com
1peuo15,worldnews,PM Orpo: Finland must apologise to Sámi people,81,24,1764940225.0,0.72,False,yle.fi
1pezc7w,worldnews,"Indo-US advanced imaging satellite NISAR completes orbital tests, declared operational",45,1,1764951675.0,0.8,False,tribuneindia.com
1peon4m,worldnews,EU targets Russian LNG carriers still using European ports,231,8,1764918563.0,0.95,False,politico.eu
1pexkud,worldnews,Hong Kong faces low election turnout as residents mourn deadly fire,51,3,1764947574.0,0.83,False,reuters.com
1pemlec,worldnews,Macron Urges Xi to Help End War in Ukraine,317,119,1764911460.0,0.91,False,nytimes.com
1pesa6h,worldnews,Colombia’s Petro invites Trump to cocaine lab demolition amid attack threat,95,30,1764932624.0,0.86,False,aljazeera.com
1pevtwx,worldnews,China in diplomatic push to isolate Japan in feud over Taiwan issue,52,21,1764943306.0,0.75,False,npr.org
1pebcag,worldnews,Putin says there are points he can't agree to in the U.S. proposal to end Ukraine war,1222,210,1764881248.0,0.93,False,npr.org
1pesuz6,worldnews,Swiss tobacco ad ban to protect minors to begin in 2027,66,8,1764934682.0,0.86,False,swissinfo.ch
1pe7jqn,worldnews,Putin Found 'Morally Responsible' for Nerve Agent Death in U.K.,1587,40,1764872556.0,0.97,False,themoscowtimes.com
1pe1b1q,worldnews,"Ukraine Hits Over 50 Key Russian Targets, Degrading Military and Economic Strength",3235,60,1764858293.0,0.98,False,united24media.com
1pf1g8x,worldnews,"India central bank cuts key rate, boosts liquidity to support 'goldilocks' economy",22,4,1764956469.0,0.67,False,reuters.com
1peql2r,worldnews,"Taiwan, Japan voice concern over Chinese military movements",100,1,1764926186.0,0.87,False,reuters.com
1perp56,worldnews,Putin and Modi to discuss Russia-India trade and defense ties amid US pressure,74,36,1764930477.0,0.79,False,apnews.com
1pe8y83,worldnews,U.S. Suspends Some Sanctions on Russian Oil Giant Lukoil - The Moscow Times,1187,95,1764875637.0,0.94,False,themoscowtimes.com
1pertcf,worldnews,Agreed on economic cooperation plan till 2030': PM Modi in joint statement with Putin,65,16,1764930914.0,0.81,False,timesofindia.indiatimes.com
1pe3fpk,worldnews,Poland arrests 100 men in child sex abuse investigation,2095,90,1764863437.0,0.98,False,ctvnews.ca
1peudky,worldnews,Nvidia partner Foxconn reports 26% revenue spike as AI boom continues,40,5,1764939408.0,0.8,False,cnbc.com
1pex0gw,worldnews,"Korean Industry Ministry and ARM sign deal to train over 1,400 chip specialists in Korea",33,2,1764946234.0,0.81,False,koreajoongangdaily.joins.com
1pegfgc,worldnews,Thailand seizes more than $300m in assets and issues 42 arrest warrants in cyberscam crackdown,399,1,1764893764.0,0.97,False,theguardian.com
1pdvf9l,worldnews,"Ukrainian Children Abducted by Russia Reportedly Sent to North Korea, US Senators Examine Evidence",6753,187,1764839377.0,0.97,False,united24media.com
1pes47s,worldnews,Geminid shooting stars: One of 2025's most exciting meteor showers begins tonight,54,4,1764932046.0,0.89,False,space.com
1pes7h4,worldnews,"World food prices fall for third month in November, UN’s FAO says",48,31,1764932377.0,0.77,False,straitstimes.com
1pevh46,worldnews,Emmanuel Macron visits China — warm optics but limited progress,29,3,1764942415.0,0.76,False,reuters.com
1penatk,worldnews,"Russia continues tech crackdown by blocking Snapchat, FaceTime access",107,27,1764913776.0,0.89,False,aljazeera.com
1peh5x2,worldnews,Japan considers income tax hike in 2027 to cover increase in defense spending,269,51,1764895717.0,0.93,False,japantoday.com
1pdxmys,worldnews,Berlin open to using Russian assets frozen in Germany to help Ukraine,2926,59,1764847678.0,0.98,False,yahoo.com
1pelm6m,worldnews,"In Japan, Prime Minister Takaichi tries to avoid a ‘Truss shock’",128,27,1764908394.0,0.84,False,asahi.com
1peskgd,worldnews,Hong Kong gov't slams 'biased' Wall Street Journal editorial on Tai Po fire,33,5,1764933656.0,0.73,False,hongkongfp.com
1pdz8vh,worldnews,"Russia's president 'morally responsible' for UK Novichok death, inquiry finds",1638,49,1764852790.0,0.97,False,euronews.com
1pef7l6,worldnews,"Lithuanian PM: Actions by Belarus, including balloons entering Lithuanian airspace and the detention of Lithuanian trucks on Belarusian territory, could be considered acts of terrorism",229,6,1764890634.0,0.93,False,lrt.lt
1pep63p,worldnews,Hong Kong Baptist University suspends student union after messages urging gov’t heed concerns on Tai Po fire,48,1,1764920639.0,0.85,False,hongkongfp.com
1penm6d,worldnews,"Thousands of flights cancelled across India over the past 3 days, including 550 in just one day following new pilot rest norms effective from November 1, leading to crew scheduling snags.",51,2,1764914839.0,0.79,False,ndtv.com
1pefgl7,worldnews,"Canada and Mexico should not be export hubs for China, says USTR",161,75,1764891258.0,0.84,False,reuters.com
1pdulhf,worldnews,France confirms 2 MERS coronavirus cases in returning travelers,2607,193,1764836058.0,0.95,False,bnonews.com
1pdrz9x,worldnews,Women's Institute to ban transgender women after U.K. Supreme Court ruling,4309,1227,1764826691.0,0.92,False,advocate.com
1pedkf1,worldnews,Taiwan to ban China's Xiaohongshu app for one year on fraud concerns,184,54,1764886457.0,0.87,False,reuters.com
1pe7yeh,worldnews,Putin says Russia disagrees with parts of US plan to end Ukraine war,297,89,1764873442.0,0.87,False,bbc.com
1pdsmzz,worldnews,Condoms and contraceptives to become more expensive in China as Beijing accelerates push to lift birth rate,2976,608,1764828876.0,0.96,False,abc.net.au
1pdwev7,worldnews,"Europe's plan to use $105 billion of frozen Russian assets tantamount to war, says Russia's Medvedev",1319,232,1764843239.0,0.93,False,cnbc.com
1pen0ft,worldnews,Putin and Modi to discuss strategic ties amid US pressure,39,5,1764912819.0,0.73,False,unb.com.bd
1peczu6,worldnews,One of world's longest serving democratic leaders loses election in St. Vincent and the Grenadines,153,13,1764885095.0,0.91,False,apnews.com
1peei6z,worldnews,South Korea's president denies nuclear ambitions amid submarine deal,111,30,1764888806.0,0.9,False,abcnews.go.com
1pe1c1p,worldnews,Poland invests €2.3 billion in Swedish submarines to modernise navy,482,49,1764858364.0,0.96,False,euronews.com
1pecy8g,worldnews,"United Nations paid $11M to Syrian security firm owned by Assad intelligence services, documents show",114,4,1764884983.0,0.92,False,icij.org
1pdpvgd,worldnews,Neo-Nazi Matthew Gruter leaves Australia after visa revoked by minister,2920,138,1764820201.0,0.97,False,abc.net.au
1pe2m8c,worldnews,"PFAS: France's tap water is widely polluted with TFA, the most common 'forever chemical'",346,42,1764861496.0,0.96,False,lemonde.fr
1pebeyh,worldnews,US and Kenya sign first of what are expected to be dozens of ‘America First’ global health deals,116,40,1764881428.0,0.86,False,apnews.com
1peiiiw,worldnews,Cannabis Takes Root in Sagaing as Myanmar’s Post-Coup Drug Boom Expands,44,5,1764899435.0,0.81,False,irrawaddy.com
1pe35st,worldnews,"Thousands of graphic photos reveal the fate of loved ones tortured, disappeared under Assad regime | CBC News",268,1,1764862794.0,0.95,False,cbc.ca
1pdjb5j,worldnews,"Taiwan Cheered, China Upset After Trump Signs New Taiwan Legislation Into Law",5945,304,1764802607.0,0.94,False,usnews.com
1pe22o8,worldnews,"Abu Shabab militia chief shot in Gaza gunfight, dies in Israeli hospital",288,11,1764860212.0,0.89,False,jpost.com
1pdtdl7,worldnews,High levels of ‘forever chemical’ found in cereal products across Europe – study,1265,141,1764831479.0,0.97,False,theguardian.com
1pdz77t,worldnews,Ukraine's commander-in-chief says Ukrainian forces hold northern Pokrovsk and block attempts to bypass city,419,28,1764852654.0,0.95,False,pravda.com.ua
1pe7r9l,worldnews,"Russia restricts FaceTime, its latest step in controlling online communications",125,14,1764873015.0,0.92,False,apnews.com
1pdtobe,worldnews,Tim Hortons lobbied Canadian MPs for more temporary foreign workers over last 18 months,951,167,1764832567.0,0.96,False,cbc.ca
1pe2fd7,worldnews,Czech POW sentenced to 13 years in jail by Russian court for fighting for Ukraine,199,28,1764861042.0,0.93,False,kyivindependent.com
1pef8ll,worldnews,"China, Russia discuss Ukraine, reach 'consensus' on Japan during Chinese minister's visit",41,59,1764890705.0,0.71,False,reuters.com
1pedn7g,worldnews,"Kenya, US agency to proceed with $1 billion debt-for-food swap",49,2,1764886645.0,0.85,False,reuters.com
1pdwudi,worldnews,Beijing ‘absolutely does not accept’ Japanese leader’s seeming Taiwan climbdown,391,48,1764844864.0,0.88,False,scmp.com
1pe1tbw,worldnews,India Finalizes $2 Billion Russia Sub Deal as Putin Visits,178,54,1764859563.0,0.81,False,bloomberg.com
1pdm2g9,worldnews,King Charles decries ‘Russian aggression’ in pledge on defending Europe,2206,96,1764809659.0,0.97,False,theguardian.com
1pdzljm,worldnews,"China massing military ships across region in show of maritime force, sources say",221,110,1764853789.0,0.88,False,reuters.com
1pecda2,worldnews,South Korea Starts Domestic Short-Range Air-to-Air Missile Program for the KF-21 Fighter Jet,45,1,1764883624.0,0.86,False,armyrecognition.com
1pdqmgp,worldnews,"WW1 toxic compound sprayed on Georgian protesters, BBC evidence suggests",996,27,1764822476.0,0.96,False,bbc.com
1pe1fq0,worldnews,Taiwan rolls out handbook on how to prepare for natural disasters – and a Chinese invasion,155,22,1764858613.0,0.9,False,edition.cnn.com
1pe0sjt,worldnews,"EU needs its own Ukraine peace plans, says defense commissioner",164,52,1764856975.0,0.92,False,politico.eu
1pe86of,worldnews,"Anti-Hamas Gaza faction leader Yasser Abu Shabab reported killed, in blow to Israeli policy",61,21,1764873951.0,0.75,False,nbcnews.com
1pe376y,worldnews,Swiss Army opts for most economical pistol model,101,64,1764862888.0,0.84,False,swissinfo.ch
1pdndyx,worldnews,UK and Norway forge combat fleet to hunt Russian submarines amid undersea threat | LBC,1245,55,1764813295.0,0.97,False,lbc.co.uk
1pduzp3,worldnews,"Macron calls on China to help end war in Ukraine, rebalance trade",344,86,1764837646.0,0.93,False,lemonde.fr
1pd6kqi,worldnews,Canada joins key EU defence programme as PM Carney pivots away from US,10482,917,1764774233.0,0.96,False,aljazeera.com
1pe5m3o,worldnews,"""Roskomnadzor"" blocked Snapchat in Russia: the app was allegedly used for ""terrorism and fraud""",71,23,1764868335.0,0.86,False,unn.ua
1pe19ju,worldnews,Alaknanda: Indian researchers find galaxy like Milky Way from 12 billion years ago,121,5,1764858187.0,0.87,False,bbc.com
1pef8mm,worldnews,Milei in pole position as LLA claims first minority in Congress,19,2,1764890708.0,0.68,False,batimes.com.ar
1pdaxp1,worldnews,Russia’s Oil and Gas Revenues Fall 34% Year-on-Year in November,4182,101,1764783778.0,0.98,False,themoscowtimes.com
1pe6sqm,worldnews,"Khamenei Publishes Series of Posts on Women’s Rights, Sparks Wide Reactions",42,8,1764870962.0,0.77,False,irannewswire.org
1pe7kp4,worldnews,South Korea's Lee vows 'strict accountability' for martial law perpetrators a year after Yoon’s ‘self-coup' attempt,40,2,1764872614.0,0.87,False,cnbc.com
1pdq40p,worldnews,"/r/WorldNews Live Thread: Russian Invasion of Ukraine Day 1379, Part 1 (Thread #1526)",545,131,1764820944.0,0.97,False,reddit.com
1pdxbvr,worldnews,PM: Finland not prepared to offer security guarantees to Ukraine | Yle News,141,46,1764846596.0,0.83,False,yle.fi
1pe5zxx,worldnews,Former Venezuelan spy chief says Maduro runs 'narco-terrorist organisation',42,111,1764869179.0,0.61,False,euronews.com
1pe6f19,worldnews,Four arrested in Eastbourne and Brighton in right-wing terror investigation,39,1,1764870129.0,0.77,False,news.sky.com
1pd30uj,worldnews,"Family of Colombian fisherman killed in strike in the Caribbean files formal complaint against US: “By carrying out this extrajudicial killing, the United States has violated the American Declaration of the Rights and Duties of Man”",9197,265,1764765467.0,0.96,False,english.elpais.com
1pdja22,worldnews,"Belgium Opposes Seizing Russian Assets, Says Moscow’s Defeat Is “a Fairy Tale”",1203,668,1764802534.0,0.85,False,united24media.com
1pe2eo3,worldnews,Penultimate hostage returns: Sudthisak Rinthalak identified as deceased captive returned to Israel,59,2,1764860998.0,0.88,False,jpost.com
1pe5711,worldnews,IndiGo: Over 300 flights cancelled as airline in India faces 'staff shortage crisis',42,20,1764867422.0,0.72,False,bbc.com
1pe9t4g,worldnews,Italy Says Joining NATO’s Ukraine Weapons Program Is ‘Premature’ Amid Peace Talks,24,17,1764877678.0,0.65,False,kyivpost.com
1pe0a1q,worldnews,Anti-Hamas militia leader Yasser Abu Shabab killed in Gaza Strip - reports,71,25,1764855653.0,0.8,False,news.sky.com
1pczt9f,worldnews,Ukraine Hits Two Oil Facilities in Russia in Overnight Drone Wave,20586,528,1764754305.0,0.97,False,kyivpost.com
1pdt5kt,worldnews,"Bulldozed corpses and unmarked graves, CNN investigates the fate of Gaza’s missing aid seekers",258,8,1764830682.0,0.81,False,edition.cnn.com
1pe3xkn,worldnews,"US halted plans to sanction Chinese spy agency to maintain trade truce, FT says",46,4,1764864558.0,0.83,False,reuters.com
1pdxf3d,worldnews,Switzerland records first case of West Nile fever,105,5,1764846918.0,0.95,False,swissinfo.ch
1pdug2o,worldnews,'Human rights crisis in Pakistan': Over 40 lawmakers write to US secretary of state Marco Rubio; express concern over Sharif-Munir regime,184,28,1764835471.0,0.89,False,timesofindia.indiatimes.com
1pe0thj,worldnews,"Macron urges Chinese firms to invest in France, EU as tech gap widens. China once exported cheap goods to Europe – now, French leader urges its firms to transfer tech expertise",62,22,1764857041.0,0.78,False,scmp.com
1pe6aub,worldnews,Caputo: Argentina negotiating loan of up to US$7 billion with banks,30,15,1764869867.0,0.79,False,batimes.com.ar
1pd8z6a,worldnews,Britain says Putin’s war threats are ‘claptrap’,3281,233,1764779580.0,0.97,False,politico.eu
1pe0nzw,worldnews,"Putin ‘morally responsible’ for British Novichok death, inquiry finds",58,2,1764856659.0,0.86,False,reuters.com
1pdrbno,worldnews,Remains of Thai national Sudthisak Rinthalak identified; one hostage remains in Gaza,282,9,1764824630.0,0.92,False,ynetnews.com
1pe0hhx,worldnews,UK and Norway sign formal naval cooperation agreement - Navy Lookout,55,0,1764856188.0,0.9,False,navylookout.com
1pd5wzz,worldnews,NATO allies pledge over $1 billion for US arms for Ukraine,3453,123,1764772741.0,0.98,False,kyivindependent.com
1pdrhpz,worldnews,Europe strikes a deal to phase out Russian natural gas imports by late 2027 | CNN Business,220,16,1764825142.0,0.95,False,cnn.com
1pdui9a,worldnews,Heatwave warning for large parts of Australia as temperatures expected to reach low 40s,118,48,1764835711.0,0.87,False,theguardian.com
1pe1bk3,worldnews,"Russian troops advance in Vovchansk, Ukraine’s army holds city’s south, war monitors report",31,1,1764858328.0,0.77,False,gwaramedia.com
1pda5cy,worldnews,Russia blocks access to U.S. children’s gaming platform Roblox,1480,233,1764782098.0,0.94,False,ctvnews.ca
1pdaa3f,worldnews,"EU plans to send €90 billion aid package to Ukraine in two years, as Kremlin allocates 40% of its budget for war in 2026",1147,73,1764782378.0,0.96,False,euromaidanpress.com
1pe11dn,worldnews,"In Yemen, Separatist Forces Backed by UAE March Into Oil-Rich Region",23,1,1764857611.0,0.77,False,nytimes.com
1pd7dlk,worldnews,Greece to Repay €5.29 Billion Early Under First Bailout Loans,1519,73,1764776035.0,0.98,False,greekreporter.com
1pe16qm,worldnews,Argentina: Mileis´s lawmaker tainted by narco allegations resigns her senate seat.,22,3,1764857993.0,0.76,False,buenosairesherald.com
1pdyehk,worldnews,Deep-sea search for missing Malaysia Airlines Flight 370 to resume,31,3,1764850193.0,0.83,False,cbc.ca
1pe0m61,worldnews,U.S. commerce chief says Taiwan will help train American chip workers - Focus Taiwan,27,13,1764856525.0,0.7,False,focustaiwan.tw
1pd1i5e,worldnews,"Druzhba Pipeline ‘Will Keep Exploding and Burning,’ Ukraine Says After New Dec. 1 Strike",3020,56,1764760583.0,0.98,False,kyivpost.com
1pcxkiu,worldnews,"Japan PM’s pledge to ‘work, work, work, work, and work’ wins catchphrase of year",6876,769,1764745697.0,0.94,False,theguardian.com
1pdtqus,worldnews,"Uganda stops granting refugee status for Eritreans, Somalis and Ethiopians",66,0,1764832826.0,0.9,False,theguardian.com
1pdv8du,worldnews,Japan considering raising international traveler departure tax even more than previously reported,46,14,1764838630.0,0.82,False,japantoday.com
1pdz4bx,worldnews,"Honduras election swings again, conservative Asfura takes slim lead",23,3,1764852411.0,0.74,False,reuters.com
1pdql13,worldnews,"Cuba reconnects grid, begins restoring power to Havana after partial collapse",102,7,1764822355.0,0.91,False,reuters.com
1pcx8iv,worldnews,Colombia issues new statement on Trump’s military threat,5508,444,1764744481.0,0.97,False,newsweek.com
1pduss6,worldnews,"Hong Kong warns ‘external forces’ working to exploit apartment fire, as death toll rises to 159",49,10,1764836857.0,0.8,False,uk.news.yahoo.com
1pdn6gi,worldnews,British troops accused of human rights violations and sexual abuse in Kenya,147,19,1764812714.0,0.85,False,theguardian.com
1pdbikr,worldnews,European Commission plans ‘reparations loan’ to Ukraine using frozen Russian assets,622,49,1764785023.0,0.95,False,theguardian.com
1pd97q2,worldnews,"120,000 Home Cameras Were Hacked for Sexual Videos, South Korean Police Say",751,102,1764780098.0,0.96,False,nytimes.com
1pdtn2h,worldnews,"Macron urges Xi to step up efforts on Ukraine, rebalancing global trade",50,2,1764832437.0,0.85,False,reuters.com
1pduiuj,worldnews,Nigeria's defense minister resigns amid security crisis,40,0,1764835776.0,0.85,False,amp.dw.com
1pdvna6,worldnews,World | Over 30 injured in tram collision in southern Poland,34,0,1764840251.0,0.84,False,bnonews.com
1pd158d,worldnews,"Russia, China agree to thwart efforts to revive ‘Japanese militarism’",1880,367,1764759339.0,0.94,False,globalnation.inquirer.net
1pdw7up,worldnews,Pakistan to hold bidding to sell loss-making State-owned PIA airline,22,1,1764842523.0,0.71,False,thehindu.com
1pdu7q2,worldnews,"Talks On Trade, Su-57 Fighter Jets: What To Expect From Vladimir Putin's India Visit",34,10,1764834615.0,0.74,False,ndtv.com
1pd6k4o,worldnews,"Rubio says Iran, Hezbollah built a foothold in Venezuela, raising US security concerns",758,587,1764774194.0,0.86,False,english.alarabiya.net
1pdcun3,worldnews,Lebanon and Israel hold their first direct talks in over 40 years,348,27,1764787833.0,0.93,False,today.lorientlejour.com
1peubql,worldnews,Hamas officials create new security guidelines amid fear of Israeli assassination attempt - report,0,1,1764939258.0,0.44,False,jpost.com
1pdlrdb,worldnews,Search for Malaysia Airlines flight MH370 to resume 11 years after it went missing,111,60,1764808818.0,0.87,False,news.sky.com
1pdt31m,worldnews,Von der Leyen distances herself from diplomatic fraud scandal,34,3,1764830432.0,0.84,False,politico.eu
1pcztx3,worldnews,Germany Launches Special Police Unit to Detect and Shoot Down Drones as Incursions Surge,1523,22,1764754375.0,0.98,False,kyivpost.com
1pdhx7h,worldnews,Five IDF soldiers wounded in Hamas attack on troops in Rafah; PM vows response,145,50,1764799272.0,0.7,False,timesofisrael.com
1pdq4c9,worldnews,EU plans looser environmental rules to allow more mining,47,8,1764820970.0,0.81,False,politico.eu
1pcnuk5,worldnews,NATO Official: Putin Is Bluffing About Readiness for War With Europe,9920,675,1764717410.0,0.97,False,united24media.com
1pdqo55,worldnews,South Korea's Lee discusses role in mediating Japan-China tensions,38,28,1764822620.0,0.73,False,nhk.or.jp
1pda3f3,worldnews,US on track for €4.3bn in weapons sales for Ukraine through NATO,302,50,1764781984.0,0.94,False,euronews.com
1pdpxfy,worldnews,"Copies of Iranian Shaheds, US suicide drones set to be deployed to Mideast",42,6,1764820380.0,0.78,False,iranintl.com
1pd56gn,worldnews,Russia Labels International Federation for Human Rights as “Undesirable Organization”,451,25,1764771031.0,0.94,False,united24media.com
1pdbbu7,worldnews,EU looks at legally forcing industries to reduce purchases from China,217,60,1764784638.0,0.92,False,theguardian.com
1pd74rb,worldnews,"EU agrees to end Russian gas imports by late 2027; Hungary, Slovakia oppose",316,37,1764775494.0,0.95,False,reuters.com
1pd1cm7,worldnews,"Germany steps up funding for US weapons for Ukraine, minister says",692,46,1764760043.0,0.96,False,yahoo.com
1pdjv1x,worldnews,Trump signs bill on Taiwan into law - Taipei Times,72,12,1764803946.0,0.85,False,taipeitimes.com
1pdsrg6,worldnews,"Investigation into pre-Budget leaks is under way, MPs told",21,1,1764829309.0,0.76,False,bbc.com
1pd1tdh,worldnews,Europeans accuse Putin of feigning interest in peace after talks with US envoys,571,17,1764761629.0,0.97,False,apnews.com
1pdhkyf,worldnews,"floods in Indonesia, Sir Lanka, Thailand and Vietnam have killed 1200 people",83,3,1764798500.0,0.9,False,nytimes.com
1pd4ae9,worldnews,Hungary to sue EU over 'Brussels diktat' to phase out Russian energy,352,82,1764768852.0,0.86,False,euronews.com
1pdg0nz,worldnews,Hong Kong high-rise fire death toll rises to 159 as authorities arrest 6 over failed fire alarms,92,2,1764794875.0,0.94,False,apnews.com
1pd5jt2,worldnews,"Putin threatens Europe with war if it wants one, as Ukraine peace talks falter",239,161,1764771888.0,0.82,False,cnbc.com
1pdbv4v,worldnews,Spain faces 2.3 million citizenship requests from Franco-era exiles,104,6,1764785762.0,0.93,False,euronews.com
1pd6r3a,worldnews,Germany deploys Arrow air defence to counter Russian missile threat,175,9,1764774642.0,0.94,False,reuters.com
1pd5bzl,worldnews,Von der Leyen pushes ahead with reparations loan for Ukraine as Belgium maintains its opposition,194,79,1764771394.0,0.91,False,euronews.com
1pcvjmu,worldnews,Search for Malaysia Airlines flight MH370 to resume over 11 years after plane went missing,996,192,1764738803.0,0.95,False,theguardian.com
1pcxe3d,worldnews,Russia says no Ukraine compromise reached after five-hour Putin talks with Trump envoys,664,174,1764745042.0,0.94,False,reuters.com
1pd8bsc,worldnews,Hundreds of Endangered Seals Found Dead on Russia’s Caspian Coast,122,4,1764778152.0,0.9,False,themoscowtimes.com
1pdfo5w,worldnews,Sudan: Amnesty accuses paramilitary of war crimes at refugee camp,52,2,1764794083.0,0.86,False,ctvnews.ca
1pd8eea,worldnews,Swiss Senate rejects soldiers taking home ammunition,112,24,1764778311.0,0.93,False,swissinfo.ch
1pdbrxc,worldnews,Former EU foreign policy chief Mogherini charged with 'fraud and corruption',74,1,1764785569.0,0.9,False,france24.com
1pchcq9,worldnews,"Russian Cosmonaut Allegedly Photographed Confidential SpaceX Docs, Removed From NASA Crew-12 Mission",5158,236,1764702472.0,0.98,False,united24media.com
1pdaiom,worldnews,King Charles welcomes German president Frank-Walter Steinmeier to Windsor Castle for historic state visit,73,3,1764782896.0,0.87,False,news.sky.com
1pcc8wf,worldnews,"Putin says that if Europe wants war, then Russia is ready",8692,1762,1764691351.0,0.94,False,reuters.com
1pdi0d2,worldnews,Attack on La Stampa headquarters in Turin: over thirty identified - L'Unione Sarda English,27,0,1764799480.0,0.8,False,unionesarda.it
1pd04zh,worldnews,"Rafah crossing will open to let Gazans cross into Egypt, Israel says",259,104,1764755567.0,0.86,False,abc.net.au
1pceqsa,worldnews,Pope Leo Warns Trump Not To Launch War Against Venezuela’s Maduro,5046,258,1764696851.0,0.96,False,newsweek.com
1pd9sei,worldnews,Trump signs Taiwan Assurance Implementation Act into law,60,35,1764781339.0,0.8,False,focustaiwan.tw
1pd8268,worldnews,Thailand lifts ban on afternoon alcohol sales,68,5,1764777574.0,0.89,False,channelnewsasia.com
1pd373e,worldnews,"France and China must jointly 'safeguard international trade rules', Xi tells Macron",119,57,1764765960.0,0.84,False,france24.com
1pd3n7k,worldnews,From Classrooms to Boot Camps: Russia Militarizes Schools in Temporarily Occupied Donbas,99,5,1764767196.0,0.88,False,united24media.com
1pcu5u4,worldnews,"/r/WorldNews Live Thread: Russian Invasion of Ukraine Day 1378, Part 1 (Thread #1525)",539,154,1764734544.0,0.97,False,reddit.com
1pd0gki,worldnews,Australia to enforce social media age limit with fines up to $33 mn,165,95,1764756782.0,0.91,False,business-standard.com
1pd5eum,worldnews,Fitch : Greece is placed in the narrow core of countries that will manage to maintain surpluses - It will show the largest debt reduction in Europe in 2019-2026,77,3,1764771574.0,0.9,False,en.protothema.gr
1pdc6mq,worldnews,Israel receives coffin that Hamas says contains Gaza hostage's body,35,7,1764786450.0,0.71,False,bbc.com
1pcynxn,worldnews,Turkey Weighs Opening Armenia Border That’s Shut Since the 90s | The move would do away with Europe’s last closed frontier of the Cold War-era,203,10,1764749790.0,0.94,False,bloomberg.com
1pd6vls,worldnews,Sanchar Saathi: India scraps order to pre-install state-run cyber safety app on smartphones,56,4,1764774918.0,0.85,False,bbc.com
1pcidso,worldnews,Putin Warns of Possible Strikes on Ukrainian Allies’ Ships,1964,297,1764704754.0,0.94,False,bloomberg.com
1pcn869,worldnews,Tanzania's president justifies brutal killings during election protests,1030,81,1764715887.0,0.95,False,gazettengr.com
1pd9s22,worldnews,Argentina: Senator-elect accused of US drug arrest blocked from taking seat,35,3,1764781319.0,0.81,False,batimes.com.ar
1pcjzlp,worldnews,2 former South African apartheid police officers are convicted of killing an activist 38 years ago,1349,15,1764708371.0,0.97,False,apnews.com
1pd6cye,worldnews,"AI companies' safety practices fail to meet global standards, study shows",45,2,1764773757.0,0.83,False,reuters.com
1pcovyn,worldnews,"European Commission plans to make a legal proposal this week to use frozen Russian assets to fund Ukraine, sources tell Reuters",714,43,1764720072.0,0.98,False,reuters.com
1pcvim0,worldnews,"Russia-US talks on Ukraine peace deal end without breakthrough, Putin aide says",256,53,1764738711.0,0.91,False,edition.cnn.com
1pda98f,worldnews,Spain plans wild boar cull amid swine fever outbreak that hit exports,28,14,1764782327.0,0.79,False,reuters.com
1pd8ot4,worldnews,Israel receives remains of possible hostage and plans to reopen Gaza crossing into Egypt,27,3,1764778942.0,0.71,False,ctvnews.ca
1pd8mwm,worldnews,China blasts UK for delaying decision again on massive London embassy,33,24,1764778829.0,0.7,False,apnews.com
1pczrc8,worldnews,India trashes Pakistan's claim of denial of overflight to send aid to Sri Lanka,73,15,1764754086.0,0.74,False,thehindu.com
1pcuy39,worldnews,Russia Okays Key Defence Pact With India Ahead Of Putin's Visit: We Value Our Ties,179,82,1764736919.0,0.87,False,ndtv.com
1pc3sn1,worldnews,"Apple refuses India’s order to preload state cyber safety app Sanchar Saathi, cites privacy risks",5817,154,1764666270.0,0.98,False,telegraphindia.com
1pchva7,worldnews,"More than 1,000 Amazon workers warn rapid AI threatens Democracy, Jobs and Earth's climate",754,90,1764703597.0,0.93,False,theguardian.com
1pccrtl,worldnews,Germany: Bundeswehr ammo delivery ransacked by thieves,1254,210,1764692536.0,0.96,False,dw.com
1pczsi9,worldnews,Swiss intelligence snooping violates constitution: court ruling,55,0,1764754220.0,0.87,False,swissinfo.ch
1pcb1cw,worldnews,US Closes One of the Communication Channels With Germany Regarding Assistance to Ukraine,1355,161,1764688587.0,0.95,False,militarnyi.com
1pc7252,worldnews,Russia Is Building Su-35 Fighter Jets for Iran—Secret Files Reveal the Numbers and Delivery Timeline,2172,219,1764678139.0,0.96,False,united24media.com
1pd2n4y,worldnews,Eva Kaili to Mogherini: Belgium ‘not a safe place’ for politicians,30,6,1764764307.0,0.74,False,politico.eu
1pcfpd5,worldnews,"NATO says Myrnohrad is ""virtually encircled"" and Russians control over 95% of Pokrovsk",725,156,1764698901.0,0.89,False,pravda.com.ua
1pcdjcj,worldnews,"Japan's ban on marriage equality is constitutional, according to a Tokyo court",836,209,1764694233.0,0.89,False,advocate.com
1pcaf6h,worldnews,Afghanistan's Taliban rulers carry out public execution in sports stadium,1082,211,1764687113.0,0.95,False,euronews.com
1pbw2jn,worldnews,Russia Starts Issuing Draft Notices at Airports to New Citizens and Returning Expats,14948,741,1764641162.0,0.97,False,united24media.com
1pce0be,worldnews,Pope Leo urges against US incursion of Venezuela as he warns Western countries to be ‘less fearful’ of immigrants,664,105,1764695260.0,0.84,False,cnn.com
1pctc9n,worldnews,Pope prays at site of Beirut port blast at end of Lebanon visit,98,10,1764732193.0,0.86,False,bbc.com
1pd018a,worldnews,"Brazil's Lula and Trump discuss trade, sanctions in phone call",27,1,1764755168.0,0.8,False,reuters.com
1pcwj8l,worldnews,"China, Russia 'reach consensus' on issues concerning Japan",41,10,1764742027.0,0.71,False,nhk.or.jp
1pct5rv,worldnews,Iran's judiciary sues US for $22b. damages caused by 2022 protests following Mahsa Amini's death,55,15,1764731675.0,0.73,False,jpost.com
1pcyc9r,worldnews,"Findings transferred by Hamas from Gaza not connected to hostages, PMO confirms",25,3,1764748567.0,0.66,False,jpost.com
1pcgdzx,worldnews,Putin accuses Europeans of sabotaging U.S.-led peace efforts in Ukraine,196,128,1764700378.0,0.77,False,pbs.org
1pc15mm,worldnews,Rubio Calls German Counterpart as Merz Rejects ‘Dictated Peace’ for Ukraine,1612,168,1764656262.0,0.97,False,kyivpost.com
1pckucq,worldnews,Death toll from Indonesia floods and landslides passes 700,100,4,1764710304.0,0.91,False,reuters.com
1pbnmoo,worldnews,Canadian air passenger traffic to U.S. down for 9th consecutive month,11456,878,1764620401.0,0.97,False,globalnews.ca
1pcchgn,worldnews,"Ukraine, US discuss safeguards against Russian strikes, potential ceasefire violations, Zelensky says",233,10,1764691891.0,0.96,False,kyivindependent.com
1pcifzg,worldnews,India orders phone makers to pre-install state-owned web safety app,111,27,1764704891.0,0.79,False,yahoo.com
1pche9l,worldnews,Guinea-Bissau electoral commission unable to finalize results after armed men steal vote tally,118,5,1764702567.0,0.95,False,apnews.com
1pcberv,worldnews,Sudan Offers Russia 25-Year Red Sea Naval Base Deal in Exchange for Weapons,225,62,1764689441.0,0.92,False,united24media.com
1pcflf3,worldnews,Fabergé egg fetches record $30.2 million at rare auction | CNN,130,51,1764698668.0,0.79,False,cnn.com
1pco12x,worldnews,Key European Union vote on Mercosur trade deal expected mid-December,50,5,1764717868.0,0.88,False,batimes.com.ar
1pc7g82,worldnews,Briton detained in Ukraine on suspicion of spying for Russia to make 'easy money',301,11,1764679355.0,0.95,False,news.sky.com
1pbuzd4,worldnews,Putin says Russia has taken control of 2 Ukrainian cities. Ukraine denies claims,2309,162,1764638219.0,0.95,False,abcnews.go.com
1pbgu3b,worldnews,A man has unexpectedly been cured of HIV after receiving a transplant of non-HIV resistant stem cells,17192,303,1764605503.0,0.98,False,newscientist.com
1pcekz1,worldnews,N. Korea may possess more than 400 nuclear weapons by 2040: analyst,108,87,1764696503.0,0.81,False,upi.com
1pc90y3,worldnews,"Defence Ministry: Russia dropped 44,000 glide bombs at Ukraine during 2025",211,8,1764683666.0,0.93,False,gwaramedia.com
1pclvwq,worldnews,Milei's government to send labour reform bill to Congress on December 9,46,4,1764712698.0,0.8,False,batimes.com.ar
1pblih7,worldnews,Canada clinches deal to join Europe’s €150B defense scheme,6225,405,1764615684.0,0.98,False,politico.eu
1pbpvwy,worldnews,Pope Leo Tells Students 'Don't Ask AI to Do Your Homework' During Virtual Appearance at Youth Conference,3549,206,1764625555.0,0.97,False,people.com
1pbzi52,worldnews,China cracks down on calls for accountability over deadly Hong Kong blaze,772,85,1764650924.0,0.91,False,aljazeera.com
1pcfznj,worldnews,China floods the world with gasoline cars it can't sell at home,63,57,1764699521.0,0.64,False,reuters.com
1pcbh8m,worldnews,European defence sector's turnover surges 13.8% to €183bn in 2024,100,3,1764689593.0,0.96,False,euronews.com
1pbsc38,worldnews,Canada reaches deal to join EU military procurement fund,1961,118,1764631437.0,0.97,False,theglobeandmail.com
1pc72zy,worldnews,"Resilient in face of Trump tariffs, world economy is forecast to grow 3.2% this year, OECD says",172,86,1764678211.0,0.84,False,apnews.com
1pccccs,worldnews,The Cold Moon Rises December 4: Final Supermoon of 2025 Marks Rare 18.6-Year Lunar Standstill,85,8,1764691565.0,0.83,False,abovethenormnews.com
1pcdsdh,worldnews,Apple could face EU-wide collective claims after top European court backs Dutch jurisdiction,57,0,1764694781.0,0.91,False,uk.advfn.com
1pbykx8,worldnews,"/r/WorldNews Live Thread: Russian Invasion of Ukraine Day 1377, Part 1 (Thread #1524)",604,193,1764648147.0,0.97,False,reddit.com
1pb9dlu,worldnews,EU tells Trump: You can’t pardon Putin for war crimes in Ukraine,27730,907,1764584887.0,0.96,False,politico.eu
1pc3m0v,worldnews,President Lee says S. Korea's own nuclear armament 'impossible',220,71,1764665538.0,0.92,False,english.kyodonews.net
1pbubio,worldnews,"South Korea police say 120,000 home cameras hacked for 'sexploitation' footage",766,77,1764636479.0,0.96,False,bbc.com
1pc7c7r,worldnews,Hong Kong Orders Probe After Wang Fuk Court Fire Kills 151 | Full Report,83,10,1764679001.0,0.94,False,headlinesmonitor.com
1pbeitm,worldnews,"NATO may get 'more aggressive' in countering Russia’s hybrid attacks, top military official says",4388,225,1764600190.0,0.98,False,kyivindependent.com
1pc8oqz,worldnews,"Kenyan Lawmakers Accuse British Army of Murder, Sexual Assault",64,6,1764682775.0,0.75,False,bloomberg.com
1pbwimq,worldnews,"Hong Kong highrise netting did not meet code, officials say, with death toll at 151 people",418,33,1764642370.0,0.93,False,cbc.ca
1pbbyoe,worldnews,Trump reportedly gave Maduro ultimatum to relinquish power in Venezuela,5258,942,1764593482.0,0.95,False,theguardian.com
1pbg382,worldnews,"Third Russia-Linked Oil Tanker Suffers Explosions at Sea | An oil tanker carrying diesel suffered four external explosions near Dakar, Senegal, its manager said",2843,83,1764603827.0,0.98,False,bloomberg.com
1pbqwcd,worldnews,Son of senior Hamas official Ghazi Hamad killed fleeing Rafah tunnel - report,827,61,1764627905.0,0.89,False,jpost.com
1pbk1kt,worldnews,Top Russian banker says the EU faces 50 years of litigation if it takes Russia's frozen assets,1737,393,1764612517.0,0.9,False,reuters.com
1pc790z,worldnews,Belgian police raid European External Action Service in anti-fraud operation,52,0,1764678730.0,0.9,False,euronews.com
1pdaal8,worldnews,Romanian military forces destroy Ukrainian Sea Baby drone in Black Sea,0,9,1764782408.0,0.5,False,newsukraine.rbc.ua
1pccj7d,worldnews,"Iran court fines US $22 billion over Woman, Life, Freedom protests",25,8,1764692005.0,0.71,False,iranintl.com
1pc5dwh,worldnews,‘Like a tsunami’: Asia reels from deadly cyclones and monsoon rains | CNN,61,4,1764672416.0,0.89,False,edition.cnn.com
1pc7g8j,worldnews,Taiwan Charges Tokyo Electron in TSMC Secrets Theft Case,42,1,1764679356.0,0.9,False,bloomberg.com
1pc43ia,worldnews,One million people evacuated in Indonesia as death toll from floods surpasses 650,73,0,1764667464.0,0.9,False,theguardian.com
1pb7toy,worldnews,Ukraine’s interceptor drone downs Russia’s jet-propelled Shahed UAV in historic first,7194,111,1764578933.0,0.98,False,euromaidanpress.com
1pc5zwm,worldnews,Pope urges crowds in Lebanon to fix troubled country at last overseas event,48,5,1764674573.0,0.86,False,reuters.com
1pbfhqi,worldnews,"Trump to hold Venezuela Oval Office meeting, sources say",1822,230,1764602492.0,0.93,False,cnn.com
1pc57z5,worldnews,U.S. envoy in Moscow for high-stakes Ukraine peace talks with Putin,52,54,1764671795.0,0.74,False,nbcnews.com
1pbbbq3,worldnews,"F-16 ammunition, air defenses — Netherlands announces $290 million Ukraine aid package",2940,16,1764591583.0,0.98,False,kyivindependent.com
1pbreyb,worldnews,US envoy to meet Putin in Moscow - as NATO could consider 'pre-emptive strike',401,62,1764629163.0,0.9,False,news.sky.com
1pc5txa,worldnews,China sends another letter to UN chief over Takaichi's Taiwan remark,39,32,1764673996.0,0.67,False,nhk.or.jp
1pb8oxh,worldnews,"Hong Kong authorities say netting on buildings that caught fire, killing 151, did not meet code",4032,160,1764582294.0,0.98,False,uk.news.yahoo.com
1pc4bwp,worldnews,Landfill work gets underway for US base transfer within Okinawa - The Mainichi,44,0,1764668375.0,0.91,False,mainichi.jp
1pbpets,worldnews,"Thousands in Philippines protest corruption, demand return of stolen funds",351,15,1764624474.0,0.97,False,npr.org
1pbx6q8,worldnews,"12 dead, dozens missing as landslide submerges boats in Peru port",112,1,1764644233.0,0.92,False,thehindu.com
1pbziaf,worldnews,India and China trade barbs after passenger detained at Shanghai airport,78,5,1764650936.0,0.83,False,bbc.com
1pbj3gy,worldnews,Zelenskyy says US peace plan ‘looks better’ with revisions but work continues,634,49,1764610473.0,0.95,False,apnews.com
1pbdomt,worldnews,Dutch soldiers to take charge of Patriot air defence in Poland,1123,18,1764598087.0,0.98,False,dutchnews.nl
1pbb3jq,worldnews,Russia Faces Fast Growing South Korean K9 Artillery Arsenal on its NATO Borders as Estonia Receives New Shipment,1508,44,1764590864.0,0.97,False,militarywatchmagazine.com
1pc190l,worldnews,"Honduras election: presidential candidates locked in “technical tie”, official says",51,6,1764656584.0,0.91,False,bbc.com
1pbq2ts,worldnews,"Congo declares its latest Ebola outbreak over, after 43 deaths",227,3,1764626005.0,0.94,False,apnews.com
1pbfh4e,worldnews,WHO warning over shortage of obesity jabs,762,398,1764602452.0,0.86,False,bbc.co.uk
1pc2b7m,worldnews,"Fiscal discipline beyond electoral cycle : Greek government announced multi year budget plan, cost until 2029.",35,1,1764660455.0,0.82,False,skai.gr
1pbjq0i,worldnews,Zelenskyy Meets Macron in Paris to Discuss Peace Plan and Security Guarantees,433,17,1764611846.0,0.97,False,united24media.com
1pazypr,worldnews,"WW1 toxic compound sprayed on Georgian protesters, BBC evidence suggests",9899,239,1764553612.0,0.97,False,bbc.com
1pbcv2w,worldnews,"Israel set to fully deploy 'game-changing, cutting-edge' Iron Beam laser system this month",765,200,1764595957.0,0.86,False,jpost.com
1pbonl4,worldnews,"Philippines eyes acquiring most advanced South Korea fighter jet, KF-21",155,2,1764622735.0,0.94,False,philstar.com
1pbu57k,worldnews,"Thousands rally in Bulgaria against 2026 budget, clash with police",78,1,1764636025.0,0.95,False,reuters.com
1pb46wr,worldnews,Venezuela calls on OPEC to counter US threats,2447,367,1764565917.0,0.95,False,aljazeera.com
1pbk1bu,worldnews,"HIV infections in Argentina rise as state condom distribution drops, NGO warns",198,14,1764612503.0,0.92,False,buenosairesherald.com
1pbbruc,worldnews,Zelenskyy arrives in Paris for talks with Macron as US-led peace talks advance,521,11,1764592951.0,0.95,False,euronews.com
1pbrhk6,worldnews,'Many options' on table for Venezuela as US mulls land attacks on drug traffickers,76,70,1764629333.0,0.79,False,news.sky.com
1pbh04p,worldnews,Zelensky: ‘Tough issues’ still have to be worked through,238,40,1764605869.0,0.93,False,thehill.com
1pbpb6e,worldnews,"Flooding in Indonesia, Thailand and Sri Lanka kills more than 1,160 people as recovery efforts continue",91,1,1764624241.0,0.95,False,abc.net.au
1pbng28,worldnews,"Carney shuffles cabinet, brings back Trudeau-era minister Marc Miller",107,18,1764619988.0,0.87,False,ctvnews.ca
1pbgwwa,worldnews,"After uproar, Dublin shelves plan to remove Chaim Herzog’s name from park",227,85,1764605670.0,0.81,False,jewishinsider.com
1pbevy3,worldnews,French mayor jailed in sex-tape blackmail case,284,11,1764601082.0,0.94,False,lemonde.fr
1pbk7sv,worldnews,India said to pitch new arms deal with Russia during Putin visit,152,29,1764612887.0,0.85,False,thehindubusinessline.com
1pbg9u0,worldnews,US and UK agree zero-tariffs on pharmaceuticals,214,25,1764604243.0,0.92,False,news.sky.com
1pbdnvh,worldnews,Thousands in Philippines protest corruption and demand return of stolen funds from flood projects,249,2,1764598032.0,0.96,False,apnews.com
1pbg6mu,worldnews,Australia police bust Sydney child sex abuse ring – DW,157,6,1764604039.0,0.96,False,dw.com
1pbp7eb,worldnews,Southeast Asia storm deaths near 800 as scale of disaster revealed,51,0,1764623999.0,0.88,False,reuters.com
1pbi1xm,worldnews,Lithuania capital airport closes again over balloons,97,4,1764608225.0,0.92,False,uk.news.yahoo.com
1pakocp,worldnews,Polish President cancels meeting with Orban following his visit to Putin,9275,109,1764515743.0,0.98,False,newsukraine.rbc.ua
1pbgixk,worldnews,Tai Po fire: 2 arrested for allegedly inciting hatred of gov't - reports,72,7,1764604820.0,0.9,False,hongkongfp.com
1pb2thm,worldnews,"/r/WorldNews Live Thread: Russian Invasion of Ukraine Day 1376, Part 1 (Thread #1523)",614,108,1764561749.0,0.95,False,reddit.com
1paq4zo,worldnews,"Private US–Russia Plan for Ukraine ‘Like Nord Stream but Times a Hundred’, Warns Sikorski",2687,124,1764528773.0,0.96,False,kyivpost.com
1pbgohd,worldnews,Slovenia gives cash constitutional protection,51,8,1764605158.0,0.86,False,sloveniatimes.com
1paklu9,worldnews,Swiss voters reject mandatory national service for women,4119,1586,1764515568.0,0.94,False,cnn.com
1pbcpn3,worldnews,Eli Lilly cuts cash prices of Zepbound weight loss drug vials on direct-to-consumer site,64,11,1764595547.0,0.8,False,cnbc.com
1pah61p,worldnews,Putin signs decree formalizing Russification of occupied Ukraine through 2036,6627,368,1764505813.0,0.95,False,euromaidanpress.com
1pb01ij,worldnews,Report says world's biggest arms producers increased revenue by 5.9% last year to record level,512,39,1764553838.0,0.94,False,apnews.com
1pak90c,worldnews,Daughter of former South African president resigns from parliament amid investigation into Russian military recruitment scheme,3853,49,1764514688.0,0.98,False,kyivindependent.com
1pbbrsh,worldnews,President of the National Assembly met with relatives of victims of extrajudicial executions in the Caribbean,65,4,1764592948.0,0.8,False,venezuela-news.com
1parpdk,worldnews,Kazakhstan Tells Ukraine To Stop Attacking Terminal After Oil Exports Halted,1370,165,1764532505.0,0.92,False,gcaptain.com
1pb86ug,worldnews,Australia tracking Chinese navy flotilla in Philippine Sea as Marles announces major defence overhaul,118,6,1764580357.0,0.91,False,theguardian.com
1paqcef,worldnews,Oil terminal in Russia's Novorossiysk halts operations after sea drone attack,1519,8,1764529257.0,0.98,False,pravda.com.ua
1pb8gwn,worldnews,"Floods in Indonesia, Sri Lanka, Thailand leave close to 1,000 dead | Climate Crisis News",108,2,1764581443.0,0.88,False,aljazeera.com
1pbjdny,worldnews,"Canadian activist injured in settler attack in the West Bank, Ottawa confirms",20,21,1764611096.0,0.55,False,ctvnews.ca
1pb56a0,worldnews,"Sri Lanka and Indonesia deploy militaries as Asia flood toll nears 1,000 | Indonesia",197,4,1764569119.0,0.93,False,theguardian.com
1pbigu2,worldnews,OBR chair quits in the U.K. after inquiry into the early release of Reeves's budget,24,0,1764609107.0,0.78,False,theguardian.com
1pbdnf1,worldnews,"Tropical storm deaths top 600 in Southeast Asia, over 4 million affected",44,0,1764597999.0,0.87,False,reuters.com
1pbb2z2,worldnews,Tai Po fire: Ex-local councillor and volunteer arrested for allegedly inciting hatred of Hong Kong gov’t – reports,44,1,1764590814.0,0.83,False,hongkongfp.com
1pb957m,worldnews,Morocco and Spain Set to Meet for 13th High-Level Meeting,61,1,1764584020.0,0.87,False,moroccoworldnews.com
1pacv9r,worldnews,Putin must accept ceasefire with Ukraine or face new sanctions - French FM,4003,289,1764489842.0,0.97,False,newsukraine.rbc.ua
1pasvug,worldnews,17 S. Koreans nabbed in Cambodia in joint crackdown on no-show scam ring,328,5,1764535325.0,0.95,False,en.yna.co.kr
1paarel,worldnews,"Lightning detected on Mars by Nasa rover, scientists believe",2667,213,1764482089.0,0.98,False,bbc.com
1p9yuk6,worldnews,Venezuela calls Trump airspace closure warning 'colonialist threat',20149,787,1764447898.0,0.96,False,bbc.com
1paoj8t,worldnews,Thousands of Spaniards take part in antigovernment protests,244,10,1764525004.0,0.89,False,euronews.com
1paa5s2,worldnews,Russian Tu-22M3 Bombers Armed With Supersonic Missiles Buzz NATO Airspace,1981,102,1764480124.0,0.95,False,united24media.com
1pafw9d,worldnews,Netanyahu submits request for a pardon during his ongoing corruption trial,640,100,1764501369.0,0.9,False,apnews.com
1paj97v,worldnews,Benjamin Netanyahu asks Israel’s president for pardon in corruption case | Benjamin Netanyahu,286,57,1764512025.0,0.86,False,theguardian.com
1pajxfh,worldnews,"Pope Leo arrives in Lebanon, bringing call for unity in crisis-hit nation",225,43,1764513853.0,0.89,False,cnn.com
1pamp8o,worldnews,Philippines: Thousands protest corruption in flood projects,150,4,1764520721.0,0.93,False,dw.com
1paen6g,worldnews,Orbán wants Ukraine to be buffer zone and blames West for prolonging war,490,119,1764496716.0,0.83,False,pravda.com.ua
1pa89cl,worldnews,Africa’s forests are now emitting more CO2 than they absorb,1508,118,1764474103.0,0.88,False,newscientist.com
1pazy3e,worldnews,'Autumn Struggle' marchers slam Lai's NT$1.25 trillion defense plan - Focus Taiwan,24,4,1764553562.0,0.67,False,focustaiwan.tw
1paeh70,worldnews,"U.S. military detains civilian, raising Okinawa police concerns | The Asahi Shimbun: Breaking News, Japan News and Analysis",432,52,1764496073.0,0.93,False,asahi.com
1paa2nm,worldnews,US State Department stops processing visas for Afghan allies,977,65,1764479845.0,0.94,False,reuters.com
1p9zo1x,worldnews,Orbán's visit to Putin 'a hostile act' for Europe,3774,119,1764450005.0,0.97,False,euronews.com
1paf3tx,worldnews,Prime Minister Netanyahu requests formal pardon from President Herzog,248,43,1764498468.0,0.84,False,jpost.com
1p9oko8,worldnews,Trump says airspace above and surrounding Venezuela to be closed in its entirety,20391,2983,1764421753.0,0.94,False,reuters.com
1pa0kog,worldnews,South Africa declares violence against women a national disaster after mass protests,2361,66,1764452362.0,0.97,False,thenewfeminist.co.uk
1padvlx,worldnews,EU countries reach breakthrough on chat-scanning law despite intense pushback,274,40,1764493730.0,0.93,False,euractiv.com
1pafajw,worldnews,U.K. to start enforcing new travel permit rules for Canadian visitors,199,72,1764499154.0,0.89,False,globalnews.ca
1paccah,worldnews,Poland charges three Belarusians and two Ukrainians with espionage,332,2,1764487800.0,0.96,False,notesfrompoland.com
1pa8nrq,worldnews,"/r/WorldNews Live Thread: Russian Invasion of Ukraine Day 1375, Part 1 (Thread #1522)",604,147,1764475359.0,0.96,False,reddit.com
1p9p616,worldnews,Ukraine says it hit Russian ‘shadow fleet’ tankers with underwater drones in Black Sea,8202,285,1764423466.0,0.98,False,cnn.com
1paemim,worldnews,Egypt training Palestinians for future Gaza police force,160,25,1764496641.0,0.88,False,ctvnews.ca
1paizlb,worldnews,Top South Korean e-commerce firm Coupang apologises over massive data breach,70,2,1764511289.0,0.88,False,cnbc.com
1p9sx9r,worldnews,"Khamenei: Iran defeated US, Israel in June's 12-Day War",2016,249,1764433300.0,0.91,False,jns.org
1p9s9i0,worldnews,"US asks Lebanon to return undetonated GBU-39 bomb, fearing it could reach Russia, China - report",2099,123,1764431645.0,0.96,False,jpost.com
1p9usm5,worldnews,"Moldova says Russian drones entered its airspace again, posing aviation threat",1512,23,1764437881.0,0.97,False,reuters.com
1p9p9eo,worldnews,Mass protests in the central German town of Giessen against new AfD youth group,2835,154,1764423746.0,0.95,False,euronews.com
1pabzn5,worldnews,Sri Lanka’s death toll from adverse weather climbs to 193,102,1,1764486476.0,0.95,False,adaderana.lk
1p9z3av,worldnews,Peru to declare a state of emergency as migrants leaving Chile trigger backlash,608,106,1764448519.0,0.95,False,apnews.com
1pad0tl,worldnews,Qatar calls on Israel to continue ceasefire deal despite hostages remaining in Gaza,69,36,1764490434.0,0.69,False,jpost.com
1p9h1gb,worldnews,Russia loses ability to send humans into space for first time in 60 years,8165,246,1764394989.0,0.97,False,pravda.com.ua
1pa9zz7,worldnews,Gunmen storm party headquarters as military cements power in Guinea-Bissau,89,4,1764479604.0,0.91,False,rfi.fr
1p9kjz8,worldnews,Verified Russian Deaths in Ukraine War Surpass 150K – Independent Tally - The Moscow Times,3580,279,1764407625.0,0.97,False,themoscowtimes.com
1p9tr4e,worldnews,Hong Kong man arrested for alleged sedition in relation to fatal Tai Po blaze,783,40,1764435334.0,0.96,False,hongkongfp.com
1pa36qh,worldnews,Beijing building bases on coast: MAC - Taipei Times,217,64,1764459282.0,0.85,False,taipeitimes.com
1p9r9mo,worldnews,"Russian strikes cause power outages for more than 600,000 in Ukraine",985,27,1764429109.0,0.95,False,bbc.co.uk
1p9bbhg,worldnews,Hegseth Ordered Second Strike to Kill Caribbean Boat Survivors: Report,16153,941,1764377661.0,0.96,False,military.com
1pa74sm,worldnews,Hanwha Aerospace awarded L-SAM contract to enhance South Korea’s air defence network,71,3,1764470664.0,0.91,False,euro-sd.com
1p9vri2,worldnews,North Korean regime transforms former royal residences and civilian airports into launch platforms for intercontinental ballistic missiles while defying international scrutiny,273,32,1764440267.0,0.91,False,dailynk.com
1p9zemi,worldnews,Pakistan cancelled military action against Afghanistan at Qatar's request: DPM Dar,159,2,1764449320.0,0.9,False,thehindu.com
1p9m82f,worldnews,Euronews reports Germany readying defense forces,706,68,1764413892.0,0.96,False,euronews.com
1p9wpv9,worldnews,Death toll in Sri Lanka rises to 153 after Cyclone Ditwah,133,6,1764442589.0,0.94,False,reuters.com
1p9zq4n,worldnews,HK man arrested for alleged sedition in relation to fatal Tai Po blaze,84,1,1764450153.0,0.86,False,hongkongfp.com
1p95u6h,worldnews,Donald Trump say military 'soon' will strike land targets in Venezuela,5606,880,1764363262.0,0.95,False,eu.usatoday.com
1p9ke9x,worldnews,Zelenskyy pledges wholesale changes as chief of staff resigns,552,38,1764407041.0,0.96,False,euronews.com
1p9srsk,worldnews,"DR Congo, Rwanda leaders to sign peace deal in US",141,21,1764432926.0,0.9,False,dw.com
1p9oecg,worldnews,Talks over UK joining EU defence fund break down over entry fee,244,144,1764421235.0,0.86,False,bbc.com
1p98kgm,worldnews,Paris' Louvre museum to increase ticket price for visitors from outside the European Union,3298,301,1764370177.0,0.97,False,edmonton.citynews.ca
1p9ebeg,worldnews,'Made-up quote' in Canadian satire site The Beaverton fools Time Magazine,1399,80,1764386468.0,0.96,False,cbc.ca
1p9wqvd,worldnews,Officials at Argentina-Poland Economic Forum in Buenos Aires sign memorandum of understanding with Milei government to boost cooperation and trade ties,64,2,1764442657.0,0.87,False,batimes.com.ar
1p9oao0,worldnews,Hungary's Orbán seeks more Russian oil and gas in meeting with Putin,187,22,1764420917.0,0.9,False,euronews.com
1p8vbht,worldnews,Telegraph: Trump prepares to recognise Russia's occupied territories in Ukraine,24314,5200,1764337831.0,0.9,False,en.protothema.gr
1p91p04,worldnews,Purple Plume Over Russian Test Site After Suspected Sarmat ICBM Launch Failure,4933,191,1764353244.0,0.98,False,united24media.com
1p9fiqs,worldnews,"North Korea Makes Russian Language a Required School Subject, Minister Says",658,43,1764390131.0,0.95,False,themoscowtimes.com
1pa0gkw,worldnews,"Israel’s deadly incursion in Syria a ‘war crime’ after 13 killed, Syrian FM says",25,8,1764452069.0,0.54,False,edition.cnn.com
1p9o8vt,worldnews,Thousands of Airbus planes grounded after faulty software detected,129,15,1764420764.0,0.9,False,euronews.com
1p9f4tm,worldnews,"/r/WorldNews Live Thread: Russian Invasion of Ukraine Day 1374, Part 1 (Thread #1521)",592,135,1764388957.0,0.96,False,reddit.com
1p92nir,worldnews,"Blasts hit sanctioned Russia shadow fleet tankers off Turkey's coast, rescues underway",3133,111,1764355500.0,0.98,False,cyprus-mail.com
1pa0saw,worldnews,"Israel has ‘de facto state policy’ of organised torture, says UN report | Israel",21,37,1764452908.0,0.52,False,theguardian.com
1p9sik0,worldnews,More injured children from Gaza arrive in Switzerland,60,6,1764432281.0,0.65,False,swissinfo.ch
1p9lzto,worldnews,Sri Lanka seeks foreign help as Cyclone Ditwah death toll reaches 123,137,3,1764413033.0,0.91,False,aljazeera.com
1p9gciz,worldnews,Russia threatens full ban on WhatsApp,359,72,1764392724.0,0.92,False,reuters.com
1p9nmrv,worldnews,Japan to seek steps on foreign threats in new cybersecurity strategy,79,8,1764418826.0,0.88,False,japantimes.co.jp
1p9lyz1,worldnews,Indonesia and Thailand flooding death toll tops 350 as rescuers struggle to reach worst-hit areas,102,0,1764412943.0,0.93,False,theguardian.com
1p9crbe,worldnews,Officials Had Been Warned for Over a Year Before Hong Kong Fire,458,23,1764381840.0,0.96,False,nytimes.com
1p8yrfg,worldnews,Zelensky's chief of staff Andriy Yermak resigns after anti-corruption raid,2783,352,1764346423.0,0.97,False,bbc.com
1p8tg7f,worldnews,EU to Putin: Zelenskyy is democratically elected,5205,137,1764332307.0,0.98,False,pravda.com.ua
1p9gbmq,worldnews,Russia-Ukraine war: Drone strike hits Kyiv residential areas despite peace moves,207,27,1764392644.0,0.92,False,bbc.com
1p8rqe7,worldnews,Kim Jong Un Orders North Korean Troops in Ukraine to Self-Detonate Rather Than Surrender,6293,290,1764326207.0,0.97,False,united24media.com
1p9eqdy,worldnews,Pope joins patriarchs from East and West at historic Christian site in Turkey to pray for unity,209,10,1764387713.0,0.9,False,apnews.com
1p9jgcc,worldnews,Pope joins patriarchs at historic Christian site in Turkey to commemorate creed and pray for unity,88,19,1764403510.0,0.8,False,nbcnews.com
1p8m7c9,worldnews,Trump says US will permanently pause migration from 'Third World Countries',22262,2683,1764305704.0,0.94,False,reuters.com
1p9ei07,worldnews,Peru to declare state of emergency to block Chile border crossings,168,39,1764387011.0,0.94,False,aljazeera.com
1p94q5b,worldnews,Flights disrupted as Airbus requests software modifications to thousands of aircraft,625,96,1764360464.0,0.94,False,bbc.com
1p92bdb,worldnews,"8 more arrested over Hong Kong fire, 128 confirmed dead with hundreds more missing",570,77,1764354697.0,0.95,False,cnn.com
1p8nuul,worldnews,"The Netherlands cancels concert by pianist Leonova, who performed for Russian military families in Moscow",3999,124,1764311327.0,0.97,False,euromaidanpress.com
1p9jfoc,worldnews,Pope and patriarch rekindle unity where the Creed was born,32,4,1764403444.0,0.7,False,ekathimerini.com
1p90e0e,worldnews,Egypt Pressures Lebanon to Disarm Hezbollah,525,38,1764350202.0,0.96,False,en.al-akhbar.com
1p8pjz5,worldnews,Denmark sets up ‘night watch’ to monitor Trump after Greenland row,2772,190,1764317701.0,0.96,False,uk.news.yahoo.com
1p8wh1g,worldnews,"'If you give your life, you live forever' — North Korean soldiers in Ukraine encouraged to use grenades to avoid capture, media reports",835,108,1764340850.0,0.95,False,kyivindependent.com
1p8see1,worldnews,Explosions reported in several Russian cities amid Ukrainian drone attack,1429,10,1764328669.0,0.98,False,kyivindependent.com
1p9czqc,worldnews,Labor and Greens agree on extra ABC funding for kids' programs,87,1,1764382523.0,0.91,False,abc.net.au
1p91l90,worldnews,Russia Warns of Full WhatsApp Block as It Pushes Domestic Apps,392,68,1764353012.0,0.95,False,bloomberg.com
1p8tgc2,worldnews,Jordan calls on Russia to stop recruiting its citizens into army,1124,19,1764332321.0,0.98,False,thenationalnews.com
1p95yks,worldnews,S.Korea Forms Task Force to Develop Indigenous Engine for Next-Gen Fighter Jets,213,26,1764363568.0,0.95,False,koreabizwire.com
1p97k4y,worldnews,Swiss lawyer from Panama Papers firm to face court on tax evasion charges,159,10,1764367538.0,0.95,False,icij.org
1p9d61k,worldnews,"UK to hold fresh pork, other affected Spanish products at border amid African swine fever outbreak",69,2,1764383045.0,0.9,False,reuters.com
1p9ic9i,worldnews,Prime Minister Anthony Albanese marries Jodie Haydon at The Lodge in Canberra,33,14,1764399491.0,0.63,False,abc.net.au
1p8y67e,worldnews,Ex-president's daughter resigns over allegations she duped South Africans to fight for Russia,450,6,1764345021.0,0.96,False,bbc.com
1p8n39e,worldnews,Tokyo High Court rules Japan's same-sex marriage ban constitutional,2393,234,1764308661.0,0.95,False,english.kyodonews.net
1p8mjxf,worldnews,Ukraine will not give up territory while Zelenskyy leads: Yermak,2488,177,1764306823.0,0.96,False,trtworld.com
1p8y6co,worldnews,Zelenskyy's chief of staff resigns as Ukraine corruption investigations widen,289,49,1764345030.0,0.91,False,apnews.com
1p89c9t,worldnews,"Russia has 'no say' over whether Ukraine can join NATO, Rutte says",25727,597,1764267915.0,0.97,False,kyivindependent.com
1p8yhau,worldnews,Zelenskyy Orders Broad Government Reset Ahead of High-Level US Talks,211,2,1764345761.0,0.97,False,united24media.com
1p9dtgt,worldnews,Delayed Manx-owned ferry terminal berth repairs now complete,32,10,1764384987.0,0.79,False,bbc.com
1p8wsrt,worldnews,Hungary's Orban defies EU partners and meets Putin again in Moscow,256,54,1764341668.0,0.9,False,bbc.com
1p97zbw,worldnews,French Parliament reasserts opposition to EU-Mercosur deal,56,18,1764368622.0,0.83,False,batimes.com.ar
1p8jgqo,worldnews,"Quebec moves to expand secularism law, limit public prayer",2119,424,1764296765.0,0.95,False,bbc.com
1p8xbji,worldnews,Hong Kong tower blocks fire death toll rises to 128,190,12,1764342938.0,0.95,False,bbc.com
1p9177b,worldnews,Paris prosecutor says arrested man is thought to be 4th member of Louvre heist gang,121,1,1764352122.0,0.96,False,apnews.com
1p8xx0n,worldnews,German parliament to approve €2.6B in fresh military kit,173,4,1764344407.0,0.95,False,politico.eu
1p8f8ub,worldnews,Moldovan Parliament votes to close Russian cultural centre,3463,26,1764283812.0,0.98,False,reuters.com
1p8a7xl,worldnews,"Russia ready to 'fight to the last Ukrainian,' Putin says amid US peace drive",7638,788,1764270112.0,0.95,False,abcnews.go.com
1p8qxiu,worldnews,Trump says US land action against alleged drug trafficking networks in Venezuela will start ‘very soon’ | CNN Politics,432,142,1764323081.0,0.9,False,cnn.com
1p8bebc,worldnews,The Great Pacific Garbage Patch is now so large that dozens of species call it 'home',5439,301,1764273130.0,0.97,False,earth.com
1p8ztai,worldnews,Belgium’s De Wever adds “peace deal” argument to block €140 billion Ukraine loan,96,20,1764348904.0,0.88,False,euromaidanpress.com
1p8paij,worldnews,Anti-corruption investigators raid Zelenskyy’s chief of staff Yermak,416,44,1764316721.0,0.93,False,euronews.com
1p8x5it,worldnews,Russia killed Czech Republic citizen during his combat mission in Kharkiv oblast,108,5,1764342528.0,0.88,False,gwaramedia.com
1p8wri0,worldnews,"Poland detains two Ukrainians, three Belarusians suspected of spying",86,0,1764341580.0,0.9,False,reuters.com
1p8j5nt,worldnews,Merz tells US: German migration policy is 'our business',897,96,1764295809.0,0.93,False,yahoo.com
1p8l92b,worldnews,"/r/WorldNews Live Thread: Russian Invasion of Ukraine Day 1373, Part 1 (Thread #1520)",528,182,1764302549.0,0.96,False,reddit.com
1p8uz0p,worldnews,Eight more arrested over deadly Hong Kong blaze as toll rises to 128 with hundreds still missing,85,7,1764336854.0,0.89,False,cnn.com
1p8r2f5,worldnews,France Power Exports Hit 20-Year High on Strong Nuclear Output,169,23,1764323623.0,0.95,False,bloomberg.com
1p8vqf8,worldnews,At least 61 dead as deadly floods hit Sri Lanka,79,0,1764338939.0,0.91,False,dailymirror.lk
1p8b3ut,worldnews,Putin confuses Ukrainian cities and invents battles in Komsomolsk,2278,110,1764272380.0,0.96,False,newsukraine.rbc.ua
1p8ueow,worldnews,UK Fails to Reach Deal to Access EU Defence Scheme,92,114,1764335246.0,0.87,False,kyivpost.com
1p8ubkf,worldnews,Belgium hits back at EU plan to use frozen Russian assets to aid Ukraine | Belgium,88,39,1764334998.0,0.84,False,theguardian.com
1p8dke9,worldnews,Britain becomes world’s largest economy to end new oil and gas exploration,1522,154,1764278979.0,0.95,False,greenpeace.org.uk
1p8wxh3,worldnews,Hong Kong's deadliest fire in decades followed a year of safety complaints,53,4,1764341992.0,0.9,False,reuters.com
1p8rw8w,worldnews,"Africa’s forests transformed from carbon sink to carbon source, study finds | Climate crisis",115,19,1764326829.0,0.92,False,theguardian.com
1p8p819,worldnews,"Taiwanese authorities raid Intel exec’s home, seize his computers",178,9,1764316449.0,0.95,False,oregonlive.com
1p8vmz8,worldnews,"Belgian PM raises stakes on Kyiv lifeline, renewing opposition to Russian frozen-assets reparations loan",57,4,1764338686.0,0.81,False,kyivindependent.com
1p8h6dt,worldnews,Report: Iran sent hundreds of millions of dollars to Hezbollah through Dubai businesses,670,54,1764289627.0,0.91,False,ynetnews.com
1p8u4tx,worldnews,"Hong Kong Fire Deaths Rise To 128, Dozens Still Missing",67,4,1764334460.0,0.91,False,ndtv.com
1p8osts,worldnews,Searches being conducted at office of Zelenskyy's top aide Yermak,171,10,1764314779.0,0.91,False,pravda.com.ua
1p8h49q,worldnews,"Hong Kong police arrest construction firm bosses over fire; death toll hits 94, with scores missing",609,35,1764289453.0,0.97,False,cnbc.com
1p8t5im,worldnews,Hundreds of children separated from families while fleeing violence in Sudan’s west Darfur,74,3,1764331310.0,0.87,False,ctvnews.ca
1p8t8eo,worldnews,ICC rejects plea to free Philippine ex-leader Duterte,72,1,1764331582.0,0.94,False,reuters.com
1p96l4h,worldnews,UN panel says Israel operating 'de facto policy of torture',9,33,1764365123.0,0.51,False,bbc.com
1p7w39k,worldnews,"Peace deal should limit Russia's army rather than Ukraine's, says Kaja Kallas",20583,808,1764228352.0,0.96,False,euronews.com
1p8ejbi,worldnews,Putin insists Ukraine has to surrender territory for any deal to be possible,761,362,1764281742.0,0.86,False,theguardian.com
1p89jk7,worldnews,Putin says US plan could be ‘basis’ of a Ukraine deal but threatens to take land by force if Kyiv doesn’t withdraw,1480,267,1764268415.0,0.93,False,cnn.com
1p8t8ig,worldnews,Ukrainian anti-graft police search home of Zelenskiy's top aide,59,0,1764331592.0,0.89,False,reuters.com
1p8230k,worldnews,"Germany Drafts Secret 1,200-Page War Plan to Rush 800,000 NATO Troops East",3606,217,1764249745.0,0.96,False,united24media.com
1p8to1w,worldnews,UK Maritime Services Ban on Russian LNG Threatens Seapeak’s Arctic Yamal Fleet,44,3,1764333008.0,0.88,False,highnorthnews.com
1p8sb0j,worldnews,European Space Agency boosts budget to catch up in space race,47,2,1764328326.0,0.89,False,pbs.org
1p8q7lb,worldnews,Peru sentences former President Pedro Castillo just a day after another presidential conviction,71,2,1764320279.0,0.93,False,cnn.com
1p87ekz,worldnews,"Over 16,000 Civilians Killed in Ukraine Due to Russian Shelling, Death Toll Rises by 2,600 in One Year",1197,59,1764263181.0,0.96,False,united24media.com
1p8pkns,worldnews,Putin doubles down on demands for Ukrainian territory ahead of talks with US,69,46,1764317772.0,0.75,False,bbc.com
1p8lo37,worldnews,Russian cosmodrome damaged after Soyuz launch to ISS,143,9,1764303914.0,0.94,False,dw.com
1p85p6k,worldnews,'Make Amazon Pay': Global protests planned on Black Friday as workers in over 30 countries unite,1375,17,1764259099.0,0.97,False,euronews.com
1p8d7hg,worldnews,Dutch prosecutor fines Morgan Stanley 101 million euros for tax evasion,485,6,1764277983.0,0.96,False,reuters.com
1p8ke53,worldnews,China turns to France for support during its feud with Japan,153,82,1764299720.0,0.85,False,straitstimes.com
1p8tnb4,worldnews,Guinea-Bissau junta names interim leader after coup,29,4,1764332945.0,0.83,False,dw.com
1p8s418,worldnews,Japan Cabinet OKs 18 trillion yen extra budget draft under PM's fiscal push,31,0,1764327620.0,0.8,False,english.kyodonews.net
1p85sy9,worldnews,"Japan will pay 'painful price' if steps out of line over Taiwan, China military says",1029,298,1764259346.0,0.91,False,reuters.com
1p87iz1,worldnews,Germany's Merz: Ukraine will need strong army after any peace deal,774,20,1764263481.0,0.97,False,reuters.com
1p817nl,worldnews,European parliament calls for social media ban on under-16s,1497,379,1764247152.0,0.96,False,theguardian.com
1p8bgf9,worldnews,"Canada moving quickly to strengthen ties with China, according to Canadian ambassador",391,142,1764273280.0,0.87,False,nationalpost.com
1p8torz,worldnews,Maduro’s ties to Turkey could smooth path to possible exile,16,10,1764333066.0,0.65,False,washingtonpost.com
1p87cld,worldnews,Putin doubles down on demands for Ukrainian territory ahead of talks with US,596,90,1764263045.0,0.91,False,bbc.com
1p8eud2,worldnews,Australia officially lists Iran's Islamic Revolutionary Guard Corps (IRGC) as a state sponsor of terrorism.,217,4,1764282613.0,0.95,False,foreignminister.gov.au
1p8ltbh,worldnews,UK and Indonesia agree landmark £4bn deal to develop maritime capability for Jakarta,71,2,1764304385.0,0.93,False,forcesnews.com
1p8p2c3,worldnews,Earthquake with 5.1 magnitude strikes central Iran; no casualties reported,28,2,1764315823.0,0.8,False,reuters.com
1p8iacg,worldnews,Canada's prime minister and Alberta's premier sign pipeline deal that could reverse oil tanker ban,90,59,1764293111.0,0.88,False,apnews.com
1p8arbp,worldnews,Hong Kong police arrest construction firm bosses over fire; death toll hits 83 with scores missing,249,24,1764271494.0,0.97,False,reuters.com
1p7zfrs,worldnews,West is ‘missing obscure sanctions that could set back Russia’s war machine’,1067,55,1764241085.0,0.97,False,uk.news.yahoo.com
1p8p1aq,worldnews,UK parliament’s security staff eye New Year’s Eve strike,22,0,1764315710.0,0.77,False,politico.eu
1p8cheh,worldnews,"Canada moving quickly to strengthen ties with China, according to Canadian ambassador",167,120,1764276014.0,0.78,False,nationalpost.com
1p87npl,worldnews,Hong Kong police say unsafe scaffolding and foam may have spread fire that killed at least 83,298,43,1764263800.0,0.95,False,theguardian.com
1p8pjvm,worldnews,‘Not supported by science’: CoP20 delegates reject EU proposal to tighten trade of eel,19,19,1764317691.0,0.69,False,agtechnavigator.com
1p7tutj,worldnews,"EU: Kallas Calls for Immediate, Unconditional Ceasefire and Reparations Loan to Ukraine Backed by Frozen Russian Assets",2397,133,1764220699.0,0.96,False,kyivpost.com
1p7wlw9,worldnews,Poland arrests Russian suspected of hacking Polish companies,1398,5,1764230316.0,0.98,False,reuters.com
1p8a7ov,worldnews,Japan denies Trump advised Takaichi not to provoke China over Taiwan,167,22,1764270095.0,0.87,False,nhk.or.jp
1p89tr7,worldnews,"UAE: Political Prisoner Dead After Alleged Ill-Treatment, Torture",169,4,1764269131.0,0.93,False,hrw.org
1p8j2wn,worldnews,"Guinea-Bissau soldiers announce General as junta leader, cementing coup days after election",40,7,1764295567.0,0.84,False,thehindu.com
1p7jowz,worldnews,Russian military reportedly executes 5 Ukrainian POWs,8879,1477,1764191594.0,0.96,False,kyivindependent.com
1p8k4np,worldnews,Soyuz spacecraft blasts off for International Space Station with Russian and American crew,29,20,1764298872.0,0.72,False,reuters.com
1p85s1g,worldnews,Pope Leo warns that conflicts are endangering humanity on first overseas trip,231,53,1764259288.0,0.9,False,cnn.com
1p7oyyk,worldnews,"Trump told Japan's PM in their call to lower the tone on Taiwan, WSJ reports",3402,202,1764205399.0,0.95,False,reuters.com
1p89sma,worldnews,"Hong Kong high-rise fire: 3 arrested, at least 75 dead and 250 still missing - National | Globalnews.ca",119,2,1764269050.0,0.93,False,globalnews.ca
1p7ygyc,worldnews,Lebanon rebukes Iran for calling Hezbollah 'more essential than bread and water',575,42,1764237498.0,0.95,False,thenationalnews.com
1p8cxp2,worldnews,Germany says Trump should invite South Africa to G20 summit,77,12,1764277235.0,0.81,False,reuters.com
1p8rrjk,worldnews,"Ten people killed during Israeli raid in southern Syria, Syrian state media reports",5,11,1764326332.0,0.52,False,reuters.com
1p8dfmx,worldnews,Hong Kong contractor for fire-hit Tai Po project has record of safety offenses: Prestige Construction fined twice for offenses in Mid-Levels project in 2023 before taking on renovation work in Tai Po,60,3,1764278606.0,0.87,False,scmp.com
1p84d2t,worldnews,"Explosion, possible drone strike reported in Grozny, Chechnya",195,4,1764255803.0,0.97,False,kyivindependent.com
1p7np6c,worldnews,Peru sentences former President Vizcarra to 14 years in prison for corruption,3132,59,1764201778.0,0.99,False,apnews.com
1p7cxne,worldnews,Putin Advisers Discuss Plans for Dealing With Trump: Transcript of leaked phone call.,13665,199,1764176181.0,0.97,False,bloomberg.com
1p834ti,worldnews,Hong Kong fire death toll rises to 65 as towers burn for 2nd day,210,7,1764252639.0,0.94,False,cbc.ca
1p82krk,worldnews,Venezuela revokes flight rights for six airlines amid escalating US tensions,224,5,1764251148.0,0.95,False,reuters.com
1p86gpo,worldnews,Scientists warn of severe climate-related risks to UK economy and security,111,20,1764260933.0,0.88,False,theguardian.com
1p7gdtw,worldnews,At least 36 dead as fire engulfs Hong Kong tower blocks,5960,284,1764183880.0,0.98,False,bbc.com
1p89tix,worldnews,"UAE avoids blame for Sudan war atrocities in EU Parliament text ,Emirati officials conducted a major lobbying push as lawmakers mulled a resolution on the devastating African conflict.",68,3,1764269114.0,0.9,False,politico.eu
1p7zrlq,worldnews,Hong Kong has suffered its deadliest fire in decades. Survivors are asking how it was allowed to happen,243,35,1764242246.0,0.92,False,edition.cnn.com
1p88jnl,worldnews,"Rocket Attack on Iraqi Gas Field Cuts Power to Most of Kurdistan: The strike is the latest in a string of attacks on energy infrastructure in Iraq’s northern Kurdish region, which some regional authorities have privately blamed on Iran-affiliated militias (Gift Article)",64,0,1764265974.0,0.88,False,nytimes.com
1p84iqv,worldnews,"Households in UK face 'dismal' rise in spending power, says IFS",90,31,1764256205.0,0.85,False,bbc.co.uk
1p79cjx,worldnews,Colombian president says oil is ‘at the heart of’ US pressure campaign on Venezuela,8910,529,1764167870.0,0.96,False,cnn.com
1p827dj,worldnews,Dominican Republic Allows U.S. to Use Territory to Fight International Organized Crime,105,38,1764250087.0,0.83,False,nytimes.com
1p7sgio,worldnews,"/r/WorldNews Live Thread: Russian Invasion of Ukraine Day 1372, Part 1 (Thread #1519)",572,105,1764216148.0,0.96,False,reddit.com
1p8be07,worldnews,A crystal Fabergé egg crafted for Russian royalty is expected to sell for more than $26 million,29,39,1764273108.0,0.61,False,apnews.com
1p87hf6,worldnews,'Submarine war' with Germany heats up in race for Canadian contract,45,7,1764263375.0,0.83,False,koreajoongangdaily.joins.com
1p7lcrb,worldnews,"Russian Red Cross Linked to Child Soldiers and Occupation in Ukraine, Investigation Reveals",1453,18,1764195638.0,0.97,False,united24media.com
1p7fcin,worldnews,Japan scrambles jets after suspected Chinese drone spotted near Taiwan,2734,106,1764181545.0,0.95,False,abc.net.au
1p82bte,worldnews,South Africa Hits Back At US Threat To Bar It From The 2026 G20,78,6,1764250439.0,0.82,False,2oceansvibe.com
1p8aldc,worldnews,Nigeria Taps Ex-Intelligence Chief as US Envoy as Tensions Rise,24,1,1764271072.0,0.74,False,bloomberg.com
1p84pyd,worldnews,"Guinea-Bissau soldiers announce general as junta leader, cementing coup days after election",51,4,1764256708.0,0.86,False,apnews.com
1p829qg,worldnews,Swiss lawsuit against gold bar US trade delegation,69,2,1764250274.0,0.87,False,swissinfo.ch
1p87sdc,worldnews,Japan to fund supplementary budget with $74bn in new debt,29,4,1764264105.0,0.81,False,asia.nikkei.com
1p8aa2i,worldnews,Resistance Tensions Rise as TNLA Prepares to Return Ruby Town to Myanmar Junta,21,3,1764270253.0,0.77,False,irrawaddy.com
1p73lhx,worldnews,"Taiwan to prepare for combat by 2027, president says - as he warns China is preparing to take the country by force",12828,893,1764149920.0,0.97,False,news.sky.com
1p7t5l5,worldnews,Rubio instructs US diplomats to urge host gov'ts to restrict immigration - report,288,74,1764218451.0,0.89,False,jpost.com
1p7zjny,worldnews,Alen Simonyan: Armenia effectively withdrawn from CSTO,88,8,1764241452.0,0.9,False,report.az
1p75ymg,worldnews,China team simulates large-scale electronic warfare against Musk’s Starlink,6323,297,1764158490.0,0.97,False,scmp.com
1p8s218,worldnews,Belgium PM says using frozen Russian assets could derail Ukraine peace deal,0,23,1764327421.0,0.5,False,reuters.com
1p7xvfd,worldnews,Baltic nations suffering from Russia sanctions win EU relief,111,4,1764235133.0,0.9,False,politico.eu
1p7kse9,worldnews,Venezuelan Regime Reportedly Believes U.S. Military Threats Are a Bluff And Maduro Can Only Be Ousted With Troops On The Ground,894,252,1764194258.0,0.94,False,ibtimes.com
1p78bft,worldnews,German Chancellor Merz: The West Won’t Let Putin Dictate Ukraine’s Future,3581,174,1764165293.0,0.98,False,united24media.com
1p7yy2d,worldnews,Bangladesh Hands Ex-Leader 21 Years in Jail After Death Penalty,79,9,1764239256.0,0.89,False,bloomberg.com
1p7ws4l,worldnews,Allies worry US demands Ukraine deal before security guarantees,121,17,1764230938.0,0.92,False,politico.com
1p70ohp,worldnews,"Trump on leaked Witkoff-Russia call: He has to ""sell Ukraine to Russia"", it's deal-maker's job",19678,677,1764138841.0,0.96,False,pravda.com.ua
1p835le,worldnews,Argentina nominates IAEA chief Grossi for UN secretary-general,35,0,1764252697.0,0.81,False,timesofisrael.com
1p7y568,worldnews,"Volcano in Ethiopia erupts for hte first time in 12,000 years of scientific records",81,4,1764236208.0,0.9,False,smithsonianmag.com
1p7c7t8,worldnews,"'Europe must keep pressure on Russia', von der Leyen says",1879,88,1764174570.0,0.97,False,euronews.com
1p7n772,worldnews,Study claims to provide first direct evidence of dark matter,454,40,1764200395.0,0.9,False,theguardian.com
1p7daoo,worldnews,Vatican no longer prescribes Latin as first official language,1351,181,1764176980.0,0.95,False,bluewin.ch
1p88b7t,worldnews,Canada’s trade resilience faces uncertainty as CUSMA renegotiation looms,12,5,1764265403.0,0.64,False,nationalpost.com
1p81k0k,worldnews,"Russia Introduces New National Standard for Detecting Radioactive, Chemical, and Biological Contamination",26,12,1764248214.0,0.65,False,united24media.com
1p87w1v,worldnews,Hundreds of Israeli soldiers raid Palestinian town in West Bank,11,23,1764264349.0,0.53,False,theguardian.com
1p7unsn,worldnews,India-Russia ties poised for fresh impetus ahead of Putin’s visit next month,89,21,1764223368.0,0.87,False,tribuneindia.com
1p7w90w,worldnews,"Apple contests India's antitrust penalty law with risk of $38 billion fine, filing shows",66,7,1764228959.0,0.88,False,reuters.com
1p7clau,worldnews,Taiwan puts $40 billion toward buying US weapons and building a defense dome,881,27,1764175422.0,0.95,False,apnews.com
1p7uh7y,worldnews,"Japan debates nuclear policy amid China, N. Korea threats – DW",74,7,1764222771.0,0.88,False,dw.com
1p738kk,worldnews,"Emmanuel Macron may announce in the coming days the introduction of a voluntary military service program in France (Up to 50,000 young people per year with an added €1.000 monthly income).",3208,131,1764148491.0,0.98,False,lefigaro.fr
1p7yosm,worldnews,Int'l treaty panel rejects trade curbs on all eels amid Japan opposition,31,6,1764238291.0,0.78,False,english.kyodonews.net
1p7abuq,worldnews,Ireland tightens immigration rules in bid to slow population growth,858,113,1764170241.0,0.97,False,reuters.com
1p75avz,worldnews,U.S. Army secretary warned Ukraine of imminent defeat while pushing initial peace plan,1617,248,1764156228.0,0.92,False,nbcnews.com
1p7jh2j,worldnews,"Carney announces new measures to support, protect Canadian steel and lumber sectors",263,3,1764191091.0,0.95,False,cbc.ca
1p7kbfy,worldnews,"South Korea's fourth space rocket launch successful, sends satellites into orbit",216,2,1764193098.0,0.96,False,reuters.com
1p72og4,worldnews,Russia's Wagner group accused of killing civilians in cold-blood in Mali,2317,61,1764146212.0,0.98,False,bbc.co.uk
1p7pv86,worldnews,"KNU raid on DKBA-controlled area uncovers 2,000 scam workers, 733 foreign nationals arrested",67,4,1764208092.0,0.9,False,eng.mizzima.com
1p77vv1,worldnews,Senior Putin aide says US-Russian peace plan for Ukraine could have been negotiated over WhatsApp,618,42,1764164144.0,0.93,False,novayagazeta.eu
1p7e5an,worldnews,Guinea-Bissau soldiers say they have taken power after reports of president's arrest,279,34,1764178867.0,0.94,False,bbc.com
1p7t1ae,worldnews,Germany news: Government under scrutiny amid budget debate,37,0,1764218059.0,0.79,False,dw.com
1p7fryy,worldnews,Argentina to move Israel embassy to Jerusalem by spring 2026,201,19,1764182514.0,0.83,False,newarab.com
1p6kvlr,worldnews,Jair Bolsonaro ordered to start 27-year prison term for plotting Brazil coup,23073,774,1764096679.0,0.97,False,theguardian.com
1p6n1qc,worldnews,Italy now recognizes the crime of femicide and punishes it with life in prison,9589,1121,1764101454.0,0.95,False,apnews.com
1p7lbg1,worldnews,Secretary-General selection process begins at UN,60,6,1764195544.0,0.88,False,ctvnews.ca
1p8oldj,worldnews,UK rejects visa for girl left destitute in Jamaica by Hurricane Melissa,0,5,1764313994.0,0.47,False,theguardian.com
1p793ex,worldnews,"Drones strike Russia’s Cheboksary, military claims military electronics factory hit",190,3,1764167244.0,0.96,False,kyivindependent.com
1p78d21,worldnews,"13 people killed in fire engulfing Hong Kong high-rise residential buildings, fire services say",198,18,1764165408.0,0.92,False,apnews.com
1p72eie,worldnews,"Taiwan's President Lai lashes out against Beijing, pledges $40 billion in additional defense budget",527,32,1764145116.0,0.93,False,cnbc.com
1p6p88l,worldnews,Chinese airlines cancel flights on 12 Japan routes as tensions continue to rise,3814,266,1764106432.0,0.97,False,amp.scmp.com
1p7vhv0,worldnews,European markets head for lackluster open as investors take a breath,12,4,1764226229.0,0.63,False,cnbc.com
1p7fidl,worldnews,South Korea conducts first private rocket launch: country enters new phase of space race,79,0,1764181904.0,0.93,False,unn.ua
1p88fmh,worldnews,"UN: Sanctions on Iran, China, North Korea are 'violations' | The Jerusalem Post",0,20,1764265696.0,0.5,False,jpost.com
1p6qgt1,worldnews,"‘Poland is for Poles not Jews,’ Polish MP at Auschwitz | The Jerusalem Post",2915,591,1764109340.0,0.9,False,jpost.com
1p76of1,worldnews,Nigerian Schoolgirls Freed Eight Days After Mass Kidnapping,206,5,1764160717.0,0.94,False,bloomberg.com
1p6mwme,worldnews,Witkoff Advised Russia on How to Pitch Ukraine Plan to Trump,4134,202,1764101128.0,0.97,False,bloomberg.com
1p7dvvn,worldnews,Panama lawmakers arrive in Taiwan despite reported China pressure,74,16,1764178289.0,0.88,False,focustaiwan.tw
1p72n0p,worldnews,"Russia Says US Envoy Witkoff to Visit Moscow Next Week ┃ The flurry of diplomatic activity underscores the White House’s optimism around Ukraine negotiations, but doubts remain in European capitals",341,53,1764146052.0,0.92,False,bloomberg.com
1p7l8hl,worldnews,UK police to trial AI agents responding to non-emergency calls,32,39,1764195343.0,0.68,False,bbc.com
1p7fdnj,worldnews,Indonesia investigates radioactive contamination in some exports to US and Europe,54,6,1764181617.0,0.88,False,apnews.com
1p7cvbq,worldnews,Lebanon and Cyprus finalize sea border agreement after an almost 20-year impasse,65,2,1764176037.0,0.91,False,apnews.com
1p6e2kf,worldnews,X exposes fake Gaza accounts from Pakistan,10358,373,1764081493.0,0.87,False,israelhayom.com
1p6xw9c,worldnews,"/r/WorldNews Live Thread: Russian Invasion of Ukraine Day 1371, Part 1 (Thread #1518)",562,112,1764129749.0,0.96,False,reddit.com
1p77mxg,worldnews,Top French court upholds Sarkozy's conviction of illegal campaign financing in 2012 election,91,3,1764163448.0,0.93,False,lemonde.fr
1p7auau,worldnews,Guinea-Bissau military officers claim 'total control' of country,63,6,1764171436.0,0.92,False,france24.com
1p7aoy5,worldnews,At least 13 dead after fire engulfs residential tower blocks in Hong Kong,61,7,1764171084.0,0.87,False,theguardian.com
1p7b26n,worldnews,Argentina: First conviction in Mendoza for grooming on Roblox gaming platform,54,1,1764171956.0,0.86,False,batimes.com.ar
1p747t7,worldnews,Four dead after fire engulfs residential high-rise buildings in Hong Kong,153,22,1764152250.0,0.91,False,reuters.com
1p6rlit,worldnews,Three people arrrested in Paris on suspicion of spying for Russia,1101,11,1764112147.0,0.97,False,lemonde.fr
1p6p4ga,worldnews,"EU Parliament calls for sanctions against Orbán: Hungary has turned into ""electoral autocracy""",1467,46,1764106185.0,0.97,False,eunews.it
1p7fmp7,worldnews,Indian banks consider financing non-sanctioned Russian oil trade,32,5,1764182177.0,0.71,False,economictimes.indiatimes.com
1p7bt7s,worldnews,Australian teenagers ask High Court to block social media ban,41,46,1764173649.0,0.7,False,reuters.com
1p6kxck,worldnews,"All 24 schoolgirls abducted from Kebbi in Nigeria have been rescued, president says",2106,28,1764096783.0,0.99,False,apnews.com
1p7cvg2,worldnews,"'Don't lecture us': UAE official calls on Israel, Palestine to take responsibility for peace",34,7,1764176045.0,0.67,False,khaleejtimes.com
1p6v7k6,worldnews,"Russian General In Venezuela Leading Advisory Mission: Ukraine's Intel Chief. This isn’t about drugs. Russia, and china on US doorstep.",498,117,1764121900.0,0.83,False,twz.com
1p6z372,worldnews,New X Feature Exposes Who In Iran Is Bypassing State For Unblocked Internet,272,4,1764133482.0,0.94,False,rferl.org
1p6csew,worldnews,"Russia weighs how to prop up Russian Railways which is $51 billion in debt, sources say",4340,188,1764078262.0,0.97,False,reuters.com
1p7cwb9,worldnews,Greece reaches landmark agreement on collective labor contracts,30,0,1764176097.0,0.84,False,ekathimerini.com
1p6b81f,worldnews,"Macron Rejects Trump’s Peace Plan as Is, Backs Assurance Forces for Ukraine",5129,148,1764073836.0,0.97,False,united24media.com
1p78otb,worldnews,"Belgian national strike disrupts schools, flights and public transport",46,2,1764166223.0,0.88,False,reuters.com
1p6xq82,worldnews,Cuba condemns ‘aggressive’ US stance towards Venezuela as tensions rise,246,25,1764129253.0,0.85,False,aljazeera.com
1p75y3z,worldnews,"Fire engulfs high-rise housing estate, killing at least 4 in Hong Kong",59,6,1764158449.0,0.89,False,nbcnews.com
1p66yf9,worldnews,Russian drones breach NATO airspace in long-range strikes,11063,443,1764058219.0,0.96,False,newsweek.com
1p6wh0b,worldnews,"Iran losing control over Houthis as proxy has 'gone rogue,' officials say",268,21,1764125501.0,0.89,False,jpost.com
1p6yhmt,worldnews,Antarctica’s Fastest Glacier Collapse on Record Alarms Scientists,187,27,1764131601.0,0.92,False,scitechdaily.com
1p6cc1u,worldnews,Sweden wants long-range weapon systems able to strike inside Russia,3079,121,1764077048.0,0.98,False,reuters.com
1p6z2m6,worldnews,Protests erupt in China’s Guizhou province over cremation mandate,154,23,1764133430.0,0.92,False,theguardian.com
1p8bvfb,worldnews,Israeli forces kill two wanted Palestinian terrorists after apparent surrender in West Bank,0,22,1764274346.0,0.48,False,jpost.com
1p79pva,worldnews,UK's OBR says new mileage charge on electric cars to be introduced,27,11,1764168795.0,0.8,False,reuters.com
1p6ejj1,worldnews,"Vatican warns against rise in polyamory, saying ‘succession of faces’ does not rival exclusive union",1829,892,1764082635.0,0.86,False,cnn.com
1p6m250,worldnews,"Same-sex marriage must be recognized across EU, court rules – DW",776,61,1764099261.0,0.88,False,dw.com
1p6u2oy,worldnews,"Mexico approves bill to prevent, punish extortion with up to 42 years in prison",289,13,1764118712.0,0.98,False,reuters.com
1p76vbj,worldnews,UK budget leaks early in ‘unprecedented’ blunder,32,3,1764161279.0,0.7,False,politico.eu
1p7da7d,worldnews,Businessman targets Eswatini journalists with $9.9M lawsuit,13,0,1764176951.0,0.68,False,icij.org
1p6y7s4,worldnews,Social media accounts linked to Sudan's RSF are based in the UAE,140,6,1764130745.0,0.95,False,middleeasteye.net
1p6iv05,worldnews,"Big Ukraine Drone+Missile Strike Operation Torches Russian ‘AWACS,’ Oil Refineries",973,6,1764092284.0,0.96,False,kyivpost.com
1p69p7v,worldnews,Former Reform in Wales leader Nathan Gill jailed for pro-Russian bribery,3268,81,1764068774.0,0.97,False,bbc.co.uk
1p6c5y7,worldnews,Venezuela Reveals Xi and Putin’s Letters to Maduro,2162,350,1764076593.0,0.97,False,newsweek.com
1p6bdyr,worldnews,The European Parliament close to calling for a ban on social networks for under-16s,2269,300,1764074327.0,0.97,False,eunews.it
1p728av,worldnews,"Citing 'peace through strength,' Lai pushes US$40 billion defense budget - Focus Taiwan",63,0,1764144463.0,0.85,False,focustaiwan.tw
1p6wxus,worldnews,Taiwan president says he will propose extra $40 billion in defence spending,146,33,1764126861.0,0.92,False,reuters.com
1p67u6r,worldnews,US holds secret meetings with Russians in Abu Dhabi on Ukraine,3635,173,1764061707.0,0.96,False,abcnews.go.com
1p6z7h3,worldnews,S. Korea to transfer retiring submarine to Poland amid acquisition project bid,82,6,1764133857.0,0.93,False,m-en.yna.co.kr
1p6unca,worldnews,Jacob Zuma’s daughter accused of tricking men into fighting for Russia in Ukraine,142,10,1764120302.0,0.9,False,theguardian.com
1p6j88u,worldnews,"Facing a lack of Russian recruits, Moscow is accused of using deception and bribery to sign up foreigners to fight in Ukraine",551,23,1764093105.0,0.94,False,cnn.com
1p6a6h8,worldnews,Russia’s drones violated the airspace of Moldova and Romania — one fell straight onto a civilian roof (MAP),1691,59,1764070474.0,0.96,False,euromaidanpress.com
1p719ll,worldnews,David Lammy considers scrapping jury trials for all but the most serious cases,47,37,1764140913.0,0.76,False,theguardian.com
1p73ind,worldnews,India intensifies crackdown in disputed Kashmir after New Delhi bombing,30,20,1764149619.0,0.64,False,nbcnews.com
1p6f2hw,worldnews,"With population of almost 42 million, Jakarta is now the world's largest city - UN report",840,76,1764083854.0,0.96,False,nbcnews.com
1p6s8hg,worldnews,US to send envoy to Moscow to discuss proposals to end Ukraine war,173,75,1764113792.0,0.84,False,theguardian.com
1p6s83k,worldnews,"Huge staff cuts at WHO will leave world ‘less healthy and safe’, experts warn",150,10,1764113763.0,0.85,False,theguardian.com
1p65u8c,worldnews,"US ""cannot"" supply weapons to Ukraine indefinitely – White House press secretary",3124,807,1764053973.0,0.9,False,pravda.com.ua
1p6y98l,worldnews,Japan fires back at 'unsubstantiated' Chinese letter to UN,54,10,1764130873.0,0.81,False,reuters.com
1p6zpuq,worldnews,FSB Arrests Teenager Over Alleged Plot to Attack Kaliningrad Church,41,10,1764135522.0,0.79,False,themoscowtimes.com
1p6d72g,worldnews,Ukrainian drones target Russian military aircraft manufacturer in reported strikes,652,3,1764079316.0,0.95,False,kyivindependent.com
1p6f7o9,worldnews,"US Army secretary holds talks with Russians in UAE, Ukraine's Defence Intelligence head also present",484,42,1764084185.0,0.94,False,pravda.com.ua
1p5yump,worldnews,Japan weighs extending 5-year residency requirement for naturalization,7508,759,1764032371.0,0.98,False,asia.nikkei.com
1p86g2e,worldnews,Putin ready for 'serious' peace talks and says U.S.-Ukraine draft could be basis for a deal,0,14,1764260890.0,0.36,False,nbcnews.com
1p63byi,worldnews,"Russia’s November Oil and Gas Revenues Seen Down 35%, Missing Budget Targets",3086,52,1764045388.0,0.98,False,united24media.com
1p5r876,worldnews,"DragonFire laser shoots down high‑speed drones traveling at 400mph, costs $13 per shot — UK Navy to begin deploying system on destroyers",35796,1710,1764013994.0,0.97,False,yahoo.com
1p6lbxw,worldnews,Japan's leader says Trump called her as dispute with China doesn't go away,187,32,1764097645.0,0.95,False,apnews.com
1p6o1pb,worldnews,"Zelenskyy Says Ukraine Prepared to Advance With US, Trump, and European Leaders on Future Security Framework",133,11,1764103732.0,0.92,False,united24media.com
1p622pb,worldnews,Jakarta overtakes Tokyo as world's largest city according to UN,2810,98,1764041522.0,0.98,False,abc.net.au
1p6o2nk,worldnews,"Santiago Uribe, brother of Colombia's former president, sentenced to 28 years in prison",112,0,1764103793.0,0.96,False,colombiareports.com
1p6e2nq,worldnews,EU court says same-sex marriages should be recognised throughout bloc,344,63,1764081500.0,0.88,False,reuters.com
1p6ozgb,worldnews,Venezuela demands international airlines resume flights,96,21,1764105857.0,0.83,False,bbc.com
1p6svnz,worldnews,Trump ramps up pressure on Venezuela,57,50,1764115486.0,0.75,False,ctvnews.ca
1p69p2w,worldnews,Russia’s tiny advances in 2025 sold Putin on inevitable victory in Ukraine,499,122,1764068760.0,0.88,False,washingtonpost.com
1p6sr63,worldnews,Police arrest four new suspects over Louvre royal jewels heist,49,3,1764115165.0,0.85,False,rfi.fr
1p6fcf4,worldnews,"France arrests two men, two women over Louvre heist: Prosecutor",222,32,1764084491.0,0.97,False,channelnewsasia.com
1p6jzp7,worldnews,EU to Decide 'Chat Control' Fate Behind Closed Doors on Wednesday,131,32,1764094737.0,0.89,False,hotair.com
1p6xhed,worldnews,Malaysia’s PM defends Thailand-Cambodia mediator role amid meddling complaints,25,0,1764128502.0,0.81,False,scmp.com
1p6ordr,worldnews,"As potential Ukraine deal looms, France and Britain map out boots-on-ground role",68,3,1764105341.0,0.87,False,politico.eu
1p6pxry,worldnews,"India's November Russian oil imports set to hit five-month high, Kpler data shows",54,8,1764108088.0,0.83,False,reuters.com
1p6gsqp,worldnews,"Japan on track to deploy missiles to island near Taiwan, Koizumi says",145,21,1764087726.0,0.91,False,japantimes.co.jp
1p6hd3e,worldnews,Ukraine-Russia war: Ukraine calls for Trump-Zelensky meeting in US this week,133,20,1764088999.0,0.91,False,bbc.com
1p7g6az,worldnews,India Gate air pollution protest: Six protesters sent to three-day police custody,4,12,1764183413.0,0.52,False,timesofindia.indiatimes.com
1p6jzd1,worldnews,Apple restricts iPhone sales from India to Russia,95,2,1764094716.0,0.86,False,azernews.az
1p6nqdm,worldnews,Japan Nears Fielding of First Hypersonic Missile System,60,3,1764103025.0,0.88,False,thedefensepost.com
1p5zsia,worldnews,Russia Bombards Kyiv Hours After Trump Voices Hope for Ukraine Deal,1762,162,1764034981.0,0.96,False,bloomberg.com
1p6q2gx,worldnews,Four more detained in Louvre heist as fate of jewels remains unknown,34,1,1764108403.0,0.84,False,washingtonpost.com
1p65k9v,worldnews,Canada to announce uranium export deal with India in further sign of warming relations,588,46,1764052952.0,0.92,False,theglobeandmail.com
1p6djmr,worldnews,"We never recognised Arunachal Pradesh, says China after detaining Indian woman for 18 hours",137,36,1764080205.0,0.81,False,firstpost.com
1p5us1l,worldnews,"Volodymyr Zelensky warns against giving away territory to Russia, as latest Ukraine talks end",2604,95,1764022059.0,0.97,False,bbc.com
1p6242y,worldnews,"Xi pledges support for Maduro, criticises US actions in Venezuela",938,142,1764041633.0,0.93,False,scmp.com
1p5gno0,worldnews,Colombia bans all new oil and mining projects in its Amazon,17574,120,1763989841.0,0.99,False,news.mongabay.com
1p6pr97,worldnews,Syrian security forces use gunfire to disperse rival protests in Alawite heartland,31,4,1764107684.0,0.78,False,reuters.com
1p66ej6,worldnews,Romania scrambles fighter jets after drones breach its airspace,405,17,1764056108.0,0.96,False,reuters.com
1p6m9kc,worldnews,Chinese civilian firm starts mass production of Mach 7 missiles at low cost,40,35,1764099726.0,0.67,False,scmp.com
1p6jhfm,worldnews,17 Captive Children Rescued from Colombia,52,0,1764093652.0,0.87,False,colombiaone.com
1p6ft2d,worldnews,"Louvre jewel heist investigation nets 4 more arrests, authorities say",77,1,1764085544.0,0.92,False,cbsnews.com
1p6j3au,worldnews,British army launches safety probe into Ajax armored vehicles after several soldiers suffer noise and vibration injuries,46,4,1764092802.0,0.87,False,forcesnews.com
1p6gz14,worldnews,"Ethiopian volcano eruption sends ash to Delhi, hitting flight operations",56,5,1764088128.0,0.85,False,bbc.com
1p5mtvb,worldnews,"Ukraine makes significant changes to US ‘peace plan’, sources say",4286,158,1764004356.0,0.97,False,theguardian.com
1p6m7tv,worldnews,France and Germany step up pressure on arms firms to resolve fighter impasse,30,1,1764099618.0,0.83,False,reuters.com
1p62oni,worldnews,"/r/WorldNews Live Thread: Russian Invasion of Ukraine Day 1370, Part 1 (Thread #1517)",548,203,1764043343.0,0.96,False,reddit.com
1p6d8uo,worldnews,US and Russia hold peace talks in Abu Dhabi as missiles pound Kyiv,81,26,1764079438.0,0.83,False,reuters.com
1p6rzd5,worldnews,US and Israel-backed Gaza Humanitarian Foundation to end operations in territory,12,1,1764113131.0,0.63,False,theguardian.com
1p6c1bz,worldnews,"Nine children killed in Pakistani airstrikes in Afghanistan, Taliban says",94,5,1764076230.0,0.84,False,nbcnews.com
1p64xhe,worldnews,China’s Xi Jinping raises future of Taiwan in call with Donald Trump,319,138,1764050695.0,0.89,False,theguardian.com
1p5n8n9,worldnews,New Zealand says it’s going to eradicate feral cats,3137,801,1764005235.0,0.92,False,edition.cnn.com
1p6m30k,worldnews,Barrick to pay Mali US$430 million to settle gold mine dispute,25,2,1764099317.0,0.77,False,financialpost.com
1p6kkgu,worldnews,Gerbera Drone Falls on Residential Home in Moldova,30,0,1764096005.0,0.84,False,militarnyi.com
1p6emff,worldnews,"European Parliament to announce its position on ""peace plan"" for Ukraine on 27 November",50,1,1764082825.0,0.87,False,pravda.com.ua
1p6b7sa,worldnews,"Ukraine agrees to peace proposal, with only ""minor details"" to settle, official says, but no word from Russia",82,56,1764073817.0,0.76,False,cbsnews.com
1p6f2k7,worldnews,India flights impacted by Ethiopia volcano ash cloud,48,0,1764083858.0,0.84,False,dw.com
1p5f1kd,worldnews,Trump administration formally designates Venezuela’s Maduro as member of a foreign terrorist organization,7990,835,1763985081.0,0.96,False,edition.cnn.com
1p6hrjf,worldnews,European Parliament to take Commission to court over tech patents,34,1,1764089881.0,0.8,False,euronews.com
1p5mds7,worldnews,‘No One Can Cross These Lines’: Kyiv Sets Firm Red Lines for Any Russia Peace Deal,2716,180,1764003419.0,0.97,False,kyivpost.com
1p6l059,worldnews,Syrian security forces use gunfire to disperse rival protests in Alawite heartland,21,1,1764096957.0,0.8,False,reuters.com
1p6as7d,worldnews,"Afghanistan says 9 children killed in Pakistani air strikes, vows to respond",77,8,1764072486.0,0.9,False,reuters.com
1p5ml2y,worldnews,"Turkey's birth rate drops, Erdogan blames LGBT movements and promotion of gender neutrality",2438,280,1764003831.0,0.93,False,indeksonline.net
1p62o3j,worldnews,"Man arrested in Tokyo on suspicion of hitting 11 people with car, killing one",304,10,1764043293.0,0.96,False,irishnews.com
1p687eb,worldnews,Swiss researchers develop new drug to better combat iron deficiency,103,7,1764063172.0,0.94,False,swissinfo.ch
1p61g00,worldnews,Court ruling to remove children of UK-Australian couple living in woods divides Italy,339,105,1764039668.0,0.9,False,theguardian.com
