id,subreddit,title,score,num_comments,created_utc,upvote_ratio,is_self,domain
1phdbrn,movies,"Hi r/movies! We're the team responsible for bringing Apple TV’s Prehistoric Planet: Ice Age to life. We are Russell Dodgson (Production VFX Supervisor), Dorothy Ballarini (Framestore Creature Supervisor) and Darren Naish (Lead Scientific Consultant). Ask us anything!",188,196,1765202980.0,0.87,False,i.redd.it
1pgjr2e,movies,"Hi r/movies! I'm Shih-Ching Tsou, writer-director-producer of LEFT-HANDED GIRL and producer of THE FLORIDA PROJECT, RED ROCKET, STARLET, and TANGERINE. AMA!",171,126,1765118007.0,0.85,True,self.movies
1pi85uf,movies,"Official Poster for A24's 'The Drama' Starring Robert Pattinson and Zendaya - Days before their wedding, a couple's relationship is shaken when one partner discovers unsettling truths about the other.",11258,877,1765288869.0,0.92,False,i.redd.it
1picxmu,movies,"Russell Crowe says Ridley Scott’s ‘Gladiator 2’ lacked the moral core the original had, and recalls daily fights on set of first movie to keep the moral core of Maximus' character intact",3949,405,1765300013.0,0.97,False,theplaylist.net
1piagtx,movies,"‘Sinners’ Named Best Film of 2025, Nabs Seven Other Wins From African American Film Critics",596,132,1765294495.0,0.85,False,hollywoodreporter.com
1pi2ar9,movies,First Image of Olivia Wilde &amp; Cooper Hoffman in Gregg Araki's erotic-thriller 'I WANT YOUR SEX',1672,265,1765268944.0,0.85,True,self.movies
1pidv9t,movies,Joan Cusack has the most hilarious line delivery of any actor in movie history,296,103,1765302070.0,0.92,True,self.movies
1piaej9,movies,"Hey reddit, I'm Ed Begley Jr. - You might know me from things like Best In Show, Arrested Development, Better Call Saul, This Is Spinal Tap, Pineapple Express, Strange Darling. My newest film, Don't Tell Larry, is out now on VOD. Back again to answer your questions. AMA!",372,187,1765294344.0,0.94,False,i.redd.it
1phuswn,movies,James Van Der Beek Raises $47K for His Cancer Fight With ‘Dawson’s Creek’ &amp; ‘Varsity Blues’ Memorabilia Auction,4619,409,1765244232.0,0.94,False,hollywoodreporter.com
1pi0ggd,movies,Lord Of The Rings sets 25th anniversary cinema re-release for January 2026,1619,145,1765261828.0,0.96,False,empireonline.com
1picuc5,movies,"Movie Theaters Dread Any Warner Bros. Merger, Fear “Tipping Point” Where Whole System “Crumbles”",195,67,1765299814.0,0.9,False,hollywoodreporter.com
1pidbn8,movies,KPop Demon Hunters Is TIME's Breakthrough of the Year,116,100,1765300868.0,0.8,False,time.com
1pi7xq4,movies,The Iron Giant directed by Brad Bird (1999) The Missile Scene,183,67,1765288289.0,0.83,False,v.redd.it
1phovqo,movies,First Image of Natalie Portman and Jenna Ortega in 'The Gallerist' - Follows a desperate gallerist who conspires to sell a dead guy at Art Basel Miami,3550,213,1765229227.0,0.92,True,self.movies
1phdb89,movies,Paramount Launches Hostile Bid for Warner Bros.,11894,1876,1765202939.0,0.94,False,hollywoodreporter.com
1phkfb1,movies,"Warner Bros. Discovery says it will ""carefully"" review Paramount Skydance's $30-per-share acquisition offer and issue a decision within 10 business days.",4009,481,1765219217.0,0.96,False,variety.com
1phr0mx,movies,Letterboxd to Launch Movie Rental Digital Platform Later This Week,1261,83,1765234289.0,0.95,False,thewrap.com
1phiizd,movies,Alexander Skarsgård to Star in Gothic Horror Film ‘The Wolf Will Tear Your Immaculate Hands’ from ‘The Northman’ Writer - Set in 1880s Pacific Northwest,2407,104,1765214998.0,0.97,False,bloody-disgusting.com
1phl6uc,movies,New Poster for Kenichiro Akimoto's ‘All You Need is Kill’,1544,103,1765220903.0,0.95,False,i.redd.it
1phdkb0,movies,Paul Dano Joins Cast of Florian Zeller’s Psychological Thriller ‘Bunker’,3314,190,1765203590.0,0.95,False,variety.com
1pi7grf,movies,"New Poster for 'Sound of Falling' - A remote German farm harbours generations of secrets. Four women, separated by decades but united by trauma, uncover the truth behind its weathered walls.",47,14,1765287056.0,0.77,False,i.redd.it
1phnslr,movies,Brendan Fraser &amp; Dwayne Johnson | Actors on Actors,821,165,1765226749.0,0.83,False,youtu.be
1phx4fm,movies,"The Crow (1994) directed by Alex Proyas, based on the comic by James O'Barr - Eric Draven (played by Brandon Lee) confronts Funboy. (explicit)",227,54,1765250744.0,0.84,False,youtu.be
1phvl9e,movies,Recent Christmas movies that aren't well known and didn't get the credit they deserve.,266,423,1765246439.0,0.86,True,self.movies
1pi8xbf,movies,"Is ""The Day of the Jackal"" among the best-paced thrillers ever created?",27,32,1765290820.0,0.8,True,self.movies
1pi0liy,movies,"Are there films that follow a (preferably happy) married couple through the years, showing how they grow and change?",106,166,1765262317.0,0.85,True,self.movies
1phl7bf,movies,ALL YOU NEED IS KILL | Official Trailer - In Theatres January 16,672,128,1765220934.0,0.9,False,youtu.be
1phloky,movies,The X-Men movies may have the craziest chronology and arc of quality of any franchise,620,275,1765222018.0,0.89,True,self.movies
1phrkm1,movies,I LOVE a good mindf*ck movie.,220,419,1765235664.0,0.81,True,self.movies
1phqj97,movies,Ted Sarandos Says Netflix-Warner Bros Deal Won't Kill Theatrical,230,95,1765233101.0,0.85,False,deadline.com
1piffmf,movies,Mortal Kombat II: Exclusive Inside Look at ‘The Best Version of MK Ever Made for Cinema’,5,7,1765305804.0,0.69,False,denofgeek.com
1pia76g,movies,"SOUND OF FALLING - Official Trailer | Four girls, Alma, Erika, Angelika, and Lenka, each spend their youth on the same farm in northern Germany. As the home evolves over a century, echoes of the past linger in its walls. Though separated by time, their lives begin to mirror each other",10,3,1765293879.0,0.74,False,youtu.be
1pi02xa,movies,Spaceballs,44,59,1765260570.0,0.79,True,self.movies
1phsrva,movies,"""U Are the Universe"" is Ukraine’s first space sci-fi with only an €800k budget.",123,14,1765238775.0,0.8,False,youtu.be
1phruoc,movies,"December 5-7 Box Office Recap – 'Five Nights at Freddy's 2' opens with a fantastic $64M domestically and $110.5M worldwide, the biggest post-Thanksgiving debut. 'Zootopia 2' crosses $900M worldwide in just two weeks. 'Wicked: For Good' crosses $400M worldwide, but it's dropping faster than expected.",97,20,1765236387.0,0.83,True,self.movies
1phepgt,movies,Wagner Moura Becomes First Brazilian Male Actor Nominated in Lead Drama Category at Golden Globes,431,18,1765206381.0,0.92,False,variety.com
1phc60o,movies,Golden Globe Nominations 2026: Full List of Nominees,594,424,1765199880.0,0.9,False,variety.com
1pi3vz8,movies,28 YEARS LATER: THE BONE TEMPLE - Behind the Scenes with Nia DaCosta,11,14,1765275324.0,0.59,False,youtu.be
1picc8j,movies,The Internship (2013). Professor Charles Xavier,4,1,1765298706.0,0.55,False,streamable.com
1ph1asc,movies,"Has there ever been an actor who’s trashed a co-star’s performance before a movie came out, but still encouraged folks to go see it?",3209,1428,1765162341.0,0.89,True,self.movies
1phc23a,movies,Movies that end with the protagonist incarcerated? Bonus points if they start and end the film in prison.,411,677,1765199570.0,0.9,True,self.movies
1phbyhz,movies,Baby Driver (2017) Directed by Edgar Wright - Bellbottoms,372,106,1765199290.0,0.77,False,v.redd.it
1ph0pe7,movies,‘One Battle After Another’ Wins Best Film At Los Angeles Film Critics Association 2025 Awards,2392,409,1765160598.0,0.91,False,deadline.com
1phnfq5,movies,What movie is a stand out best adaptation of a novel for you ?,81,404,1765225941.0,0.75,True,self.movies
1pgsnon,movies,New Character Posters for ‘Anaconda’,6606,953,1765139247.0,0.85,False,i.redd.it
1piftet,movies,"Walter, Grace &amp; The Submarine (2025) - “Who’s SodaMan?"" (Dir. by Noah Bashore)",0,0,1765306618.0,0.4,False,v.redd.it
1phh28g,movies,Guillermo del Toro’s ‘Cronos’ (1993) 4K Restoration Trailer,116,17,1765211726.0,0.89,False,youtube.com
1pgw6wt,movies,"35 years ago, Tim Burton unleashed his most personal creation with ""Edward Scissorhands""",2969,127,1765148021.0,0.94,False,polygon.com
1piean3,movies,"Hi reddit! We're Paul Gandersman &amp; Peter S. Hall, co-directors/co-writers of the new found-footage horror film MAN FINDS TAPE. It premiered at Tribeca earlier this year and is out in select theaters and on digital as of Friday 12/5, via Magnolia Pictures. Ask us anything!",3,9,1765302968.0,0.57,False,i.redd.it
1pid5oj,movies,What kind of films do you enjoy watching during this season?,0,2,1765300504.0,0.4,True,self.movies
1phoks4,movies,"Ethan Hawke on his ‘Blue Moon’ Golden Globe nod, his most fun professional year, and which character he’d love to grab coffee with:",36,5,1765228520.0,0.73,False,goldderby.com
1phk9vo,movies,Who here got to see Scary Movie 1 in theaters when it came out?,59,97,1765218881.0,0.73,True,self.movies
1phvwtb,movies,What is your favorite Dolph Lundgren film?,11,98,1765247322.0,0.6,True,self.movies
1pi92t5,movies,Noir detective movies with jazz soundtrack and narration?,0,14,1765291196.0,0.5,True,self.movies
1pi7t3k,movies,Potential Indie Boom,0,8,1765287954.0,0.45,True,self.movies
1ph2vzg,movies,"The Omen (2006) was clearly made so it could come out on 6/6/06, and 11-11-11 is a movie that was clearly made so it could come out on 11-11-11, what other non-holiday or anniversary movies were clearly made just so it could come out on a certain day?",453,201,1765167174.0,0.87,True,self.movies
1phlgyv,movies,Yorgos Lanthimos’s Closet Picks,32,1,1765221529.0,0.69,False,youtu.be
1pi6iaf,movies,Looking for recommendations,0,11,1765284375.0,0.5,True,self.movies
1pibrdl,movies,Which is your favourite movie &amp; series of all time?,0,12,1765297415.0,0.42,True,self.movies
1pi62th,movies,Meta: Best way to get a list of the movies discussed in a given thread?,0,6,1765283027.0,0.43,True,self.movies
1pib1kw,movies,A Knights Tale - The First Joust vs Adhemar goof?,0,15,1765295812.0,0.45,True,self.movies
1phl7ey,movies,"‘Silent Night, Deadly Night’ — Billy vs. The Reich",23,6,1765220941.0,0.62,False,youtube.com
1phthcl,movies,Going in Style (1979),7,5,1765240635.0,0.65,True,self.movies
1phu95e,movies,Period Dramas That Are Connected by the Same Writer/Director &amp; Exist in the Same Universe???,7,4,1765242725.0,0.66,True,self.movies
1pgx7qt,movies,I think the Holdovers (2023) is my current go to Christmas movies from now on,710,80,1765150772.0,0.94,True,self.movies
1pi9jpl,movies,Looking for contacts/advice on licensing cult &amp; horror films for a new platform,0,3,1765292325.0,0.38,True,self.movies
1pgqw41,movies,Jay and Silent Bob Strike Back (2001) directed by Kevin Smith - the duo travel to the houses of online trolls irl,1221,193,1765135052.0,0.89,False,youtu.be
1pgkzgr,movies,The Last Action Hero (1993) Mr. Benedict's theory,2403,301,1765121123.0,0.94,False,v.redd.it
1phqymy,movies,Movies for Teen Library Programs?,7,18,1765234143.0,0.63,True,self.movies
1pi2qts,movies,favourite movie and tvshow korea edition,1,4,1765270825.0,0.54,True,self.movies
1ph020j,movies,‘Kombucha’ trailer- A mind-altering drink makes employees work themselves to death,295,46,1765158734.0,0.83,False,v.redd.it
1pgqdys,movies,"With Hollywood strapped for cash, Saudi Arabia is re-emerging as a key financial backer with filmmakers like Sean Baker cashing in",1003,277,1765134123.0,0.89,False,nbcnews.com
1pgt56t,movies,Recreated the long-lost Chasing Amy poster because I could never find a proper copy finally sharing it with fellow fans,695,121,1765140451.0,0.9,False,i.redd.it
1pgy6eg,movies,"Sean Baker Discusses Neon’s ""Surprising"" ‘Anora’ Awards Campaign Budget &amp; Urges Filmmakers To Protect Theatrical Amid Netflix-WB Merger",311,62,1765153417.0,0.85,False,deadline.com
1pgutnk,movies,Jonathan Bailey &amp; David Corenswet sit for a chat | Actors on Actors,480,98,1765144571.0,0.84,False,youtu.be
1phe1k1,movies,Does Aftersun(2022) linger on because it is only implies and doesn't show?,19,12,1765204816.0,0.67,True,self.movies
1pi0mwp,movies,Movie for 10 year olds,0,57,1765262451.0,0.48,True,self.movies
1phgd2b,movies,"Need movie recommendations to watch with my dad (action preferred, but open to anything)",11,141,1765210130.0,0.65,True,self.movies
1pgod1b,movies,"Rolling Stone's Best Performances of 2025: Michael B. Jordan (Sinners), Jessie Buckley (Hamnet), Sean Penn &amp; Teyana Taylor (One Battle After Another), Jennifer Lawrence (Die My Love), Daniel Day-Lewis (Anemone), Michael Fassbender &amp; Cate Blanchett (Black Bag), Joel Edgerton (Train Dreams)",779,139,1765129287.0,0.89,False,rollingstone.com
1pif6me,movies,Hulk Hogan's Santa with Muscles (1996) movie is awesome,0,1,1765305145.0,0.13,True,self.movies
1phghea,movies,"Leonardo DiCaprio Named TIME's Entertainer of the Year - Looking back at his career, from 'What’s Eating Gilbert Grape' to 'One Battle After Another'",11,17,1765210400.0,0.55,False,time.com
1ph5tlp,movies,Movies about fight sports other than Rocky series and the Karate Kid,52,324,1765176893.0,0.73,True,self.movies
1pgji9x,movies,How 2025's Breakout Star Chase Infiniti Went From Up-And-Comer To Lead Actress In Paul Thomas Anderson's ‘One Battle After Another',1003,84,1765117353.0,0.86,False,deadline.com
1picjxl,movies,How do I pick what movies to watch?,0,34,1765299186.0,0.2,True,self.movies
1pgvt3r,movies,What oddly specific thing takes you out of the immersion of watching a movie?,214,747,1765147035.0,0.84,True,self.movies
1pgo4cc,movies,Chopper (2000) - Neville Bartos 'no cash here' scene - Directed by Andrew Dominik,512,155,1765128694.0,0.86,False,v.redd.it
1pghaqp,movies,"Timo Tjahjanto’s ‘Beekeeper 2’, Starring Jason Statham, Wraps Filming",1192,222,1765110801.0,0.9,False,comingsoon.net
1pi43pu,movies,Looking for movie name,0,6,1765276101.0,0.36,True,self.movies
1pg8ho9,movies,Adrien Brody Discusses His Career and Says He Has Not Accepted A Single Role Since Last Year's Oscar-Winning Performance In ‘The Brutalist’,5730,638,1765079144.0,0.93,False,deadline.com
1phvq1f,movies,Nuremberg movie question,1,1,1765246804.0,0.54,True,self.movies
1ph09j9,movies,Does Anyone Watch Movies On YouTube?,87,91,1765159332.0,0.73,True,self.movies
1ph3erd,movies,What is your favorite Van Damme film?,53,218,1765168766.0,0.76,True,self.movies
1phulr6,movies,What happened to Marty Hatch?,0,4,1765243685.0,0.45,True,self.movies
1pi4cag,movies,Looking for movies I watch when I was 7,0,6,1765276997.0,0.23,True,self.movies
1pi67yj,movies,Movies that show character released from prison,0,36,1765283478.0,0.3,True,self.movies
1pi8qf5,movies,The 10 Best Movies of 2025,0,11,1765290331.0,0.19,False,theatlantic.com
1pi2p7d,movies,Best 80s celebrities who played teenage characters so well in the 80s?,0,15,1765270641.0,0.33,True,self.movies
1phrzjv,movies,Mr Nobody - looking for a definitive explanation of the ending (and the “plaid world” scenes),0,1,1765236740.0,0.5,True,self.movies
1pi9ab2,movies,List some of your most over-praised actors right now,0,26,1765291690.0,0.21,True,self.movies
1pi88na,movies,Mercy | Official Trailer 2,0,36,1765289065.0,0.29,False,youtu.be
1pi7hue,movies,Biopic Of Jair Bolsonaro In Works Starring Jim Caviezel As Incarcerated Ex-Brazilian President,0,33,1765287139.0,0.21,False,deadline.com
1phqg23,movies,Just randomly unlocked a childhood memory of  the movie Session 9 from an Instagram clip and it hit me like a truck,1,3,1765232904.0,0.53,True,self.movies
1pgq5xm,movies,"Salem’s Lot (1979)- “Open the window, Mark”. Directed by Tobe Hooper",157,56,1765133602.0,0.83,False,v.redd.it
1pi2cpl,movies,What movie had a seemingly small scene that completely changed your opinion of the film?,0,7,1765269178.0,0.33,True,self.movies
1pi6jt7,movies,"Promosing young woman would have been a stronger movie without the ""wedding ending""",0,14,1765284504.0,0.3,True,self.movies
1phj6qi,movies,A holiday movie scene that stayed with you for a reason that had nothing to do with the holiday.,2,4,1765216477.0,0.58,True,self.movies
1pgol1h,movies,Pet peeve: DVD and Blu-ray era bonus featured not being ported over to 4K UHD,165,9,1765129807.0,0.91,True,self.movies
1pgywru,movies,"Very frustrated with ""I Like Me"", I felt like they mourned John Candy instead of celebrating the life of one of the most impactful funny men Hollywood ever saw.",41,27,1765155472.0,0.6,True,self.movies
1pgqoa9,movies,Let’s revisit a mostly lost art form. What are some of your favorite made-for-tv movies?,64,273,1765134610.0,0.79,True,self.movies
1phwcq8,movies,Are there any live-action movies that recreate the feeling of Finding Nemo?,0,25,1765248559.0,0.37,True,self.movies
1pgu9ic,movies,Christmas movies you like but no one has ever heard of,35,144,1765143188.0,0.69,True,self.movies
1pi0oq7,movies,Say what you want about Jurassic world rebirth but it had some scary af scenes,0,17,1765262630.0,0.33,True,self.movies
1pfo824,movies,First Image from ‘Super Troopers 3’,25324,1435,1765024313.0,0.94,False,i.redd.it
1pgfr2f,movies,'The SpongeBob Movie: Search For SquarePants' - Review Thread,215,40,1765105215.0,0.87,True,self.movies
1ph8do6,movies,Recommendations on female directors in the same vein as Stanley Kubrick and David Lynch?,4,32,1765187045.0,0.53,True,self.movies
1phf4i1,movies,B’Twixt Now and Sunrise (the authentic cut)d,0,3,1765207328.0,0.43,True,self.movies
1pgygzb,movies,Insomnia 2002,15,14,1765154233.0,0.73,True,self.movies
1phv2mc,movies,Rewatching Magazine Dreams rn...,0,5,1765244976.0,0.33,True,self.movies
1phw51r,movies,Why didn’t grandmama in Anastasia (1997) check the orphanages?,0,1,1765247957.0,0.29,True,self.movies
1ph0ya3,movies,The Grinch (2000),8,14,1765161324.0,0.56,True,self.movies
1phdk5z,movies,"When One Battle After Another wins best comedy at the Golden Globes, it's going to be biggest whiplash between two consecutive wins ever.",4,54,1765203579.0,0.52,True,self.movies
1phjfvg,movies,chase scenes: a history from buster keaton to fury road,0,2,1765217022.0,0.44,False,youtu.be
1pghygf,movies,The Beauty of Ridley Scott,101,26,1765112876.0,0.75,False,youtube.com
1pg2urg,movies,Movies with surprise cameo at the end that shifts the entire movie?,1269,904,1765062682.0,0.89,True,self.movies
1phtdj4,movies,My top movie of every year I’ve been alive,0,7,1765240349.0,0.36,True,self.movies
1pg12l6,movies,"Burn After Reading (2008)- Appearances can be deceptive- featuring Brad Pitt, John Malkovich, Frances McDormand- Directed by Ethan and Joel Coen",1450,225,1765057919.0,0.93,False,v.redd.it
1phr7i2,movies,Just re-watched Knock Knock starring Keanu Reeves again,0,22,1765234750.0,0.4,True,self.movies
1phl9dl,movies,"Remakes, Retreads and Redos",0,17,1765221063.0,0.43,True,self.movies
1pg9t08,movies,Weapons is also hilarious,382,203,1765083330.0,0.74,True,self.movies
1pg55zy,movies,Cool World (1992)- Keep your pencil in your pocket scene. Directed by Ralph Bakshi,694,93,1765069096.0,0.9,False,v.redd.it
1php8me,movies,Single White Female (1992)- Death by Stiletto scene. Directed by Barbet Schroeder,41,1,1765230054.0,0.6,False,v.redd.it
1phu092,movies,What movies should've been in 3D?,0,18,1765242036.0,0.19,True,self.movies
1pg410f,movies,PRISONERS,665,139,1765065877.0,0.89,True,self.movies
1phm6gv,movies,Why would a studio change a movie trailer's song?,0,3,1765223132.0,0.33,True,self.movies
1phr5ig,movies,Does it seem to anyone else that there have been a lot more movies about Dad's in the past few years and especially in 2025?,0,12,1765234609.0,0.15,True,self.movies
1pgnxk3,movies,De-aged Ford in dial of destiny - what did you think?,25,93,1765128250.0,0.61,True,self.movies
1phpt01,movies,John Wayne’s Life Rights Acquired By Teton Ridge Entertainment,0,11,1765231378.0,0.32,False,deadline.com
1pfy5or,movies,First Poster for Erotic-Drama 'Dreams' - Starring Jessica Chastain and Isaac Hernandez - It follows the secret affair of a wealthy socialite with a Mexican dancer and illegal immigrant.,1245,243,1765050391.0,0.82,False,i.redd.it
1pgwvib,movies,Why The Great Dictator is my favorite film,5,9,1765149829.0,0.56,True,self.movies
1phlkvu,movies,"A Millennial, Classic Films, &amp; a Suprise",0,4,1765221781.0,0.25,True,self.movies
1pgzsae,movies,"Anaconda Director Reveals Exclusive Footage of New Comedy Film, Discusses Future of Franchise.",2,16,1765157964.0,0.51,False,hollywoodreporter.com
1pguggf,movies,Is Harlem Nights (1989) a good film?,9,38,1765143669.0,0.6,True,self.movies
1pflwd2,movies,Finally saw Weapons. Can’t get over something.,6016,1180,1765015820.0,0.89,True,self.movies
1pho7f2,movies,The Family Stone,0,22,1765227669.0,0.32,True,self.movies
1phm7dt,movies,Was Rocky 1 the first movie to ever feature lengthy training scenes?,0,19,1765223187.0,0.33,True,self.movies
1phmlqq,movies,Question about Bugonia ending.,0,19,1765224075.0,0.24,True,self.movies
1pghphn,movies,A Guide to Kill Bill’s Wild Fusion of Cinematic Influences,34,18,1765112132.0,0.61,False,anothermag.com
1pfpjuf,movies,Angst Turns to Anger in Hollywood as Netflix Hooks Warner Bros.,2370,416,1765028390.0,0.95,False,nytimes.com
1ph62zf,movies,Any recommendations,0,22,1765177865.0,0.5,True,self.movies
1pg3t69,movies,Zootopia 2 bucks trend for Hollywood releases in China as it breaks records for foreign animation,311,24,1765065281.0,0.91,False,theguardian.com
1php7qf,movies,Movies to watch while under the influence of psychedelics,0,98,1765229999.0,0.33,True,self.movies
1pfkz9r,movies,‘Spider-Man: Brand New Day’ Wraps Filming,3923,278,1765012262.0,0.96,False,maxblizz.com
1pfx1mm,movies,Kill Bill: The Whole Bloody Affair Timings,615,113,1765047649.0,0.88,True,self.movies
1phjoiz,movies,Wine Thief | Official Trailer,0,5,1765217543.0,0.22,False,youtube.com
1phh7oh,movies,The biggest snubs and surprises of 2026 Golden Globes nominations,0,17,1765212072.0,0.38,False,ew.com
1phiejb,movies,Bad movies that aren't so bad they are good,0,36,1765214719.0,0.13,True,self.movies
1pheitw,movies,Any good psychological horrors/thrillers with no supernatural elements?,0,37,1765205994.0,0.35,True,self.movies
1phmg64,movies,Veronica Long moved from L.A. to Vancouver to get more acting work. It paid off.,0,2,1765223732.0,0.22,False,vancouversun.com
1pheg5s,movies,can you enjoy ne zha 2 without watching ne zha 1?,0,7,1765205803.0,0.24,True,self.movies
1phmwcq,movies,The Making of Kill Bill Yuki's Revenge In Fortnite,0,11,1765224734.0,0.1,False,youtube.com
1phpi20,movies,Please convince me to rewatch La La Land.,0,9,1765230678.0,0.06,True,self.movies
1pg2zf7,movies,Official Discussion - Jay Kelly [SPOILERS],162,300,1765063028.0,0.88,True,self.movies
1phcu9k,movies,What are some movies where the villain/antagonist wins,0,64,1765201736.0,0.38,True,self.movies
1pgg1fy,movies,the lost inglourious bastards scene with cloris leachman.,16,14,1765106312.0,0.59,True,self.movies
1ph8cz8,movies,"Ishan Shukla, the director of Baahubali: Eternal War (animated feature film based on the Indian epic Baahubali movie) is doing an AMA on r/worldofbaahubali today at 5.30pm IST / 7:00am EST",0,0,1765186966.0,0.31,True,self.movies
1pg49n1,movies,"Can we talk about Teddy? (Little Women, 1994)",103,47,1765066558.0,0.88,True,self.movies
1pfoqdi,movies,Movies that promote a worldview of anti-intellectualism,851,1042,1765025949.0,0.79,True,self.movies
1phc38g,movies,"Military veterans, were there any movies in particular that inspired you to join the military?",0,32,1765199661.0,0.24,True,self.movies
1pftwjz,movies,"""Blast from the Past"" is something else",383,72,1765039975.0,0.91,True,self.movies
1php634,movies,Terminator: Dark Fate was a great movie and screw the haters.,0,66,1765229895.0,0.19,True,self.movies
1pfs786,movies,"New Poster for Gus Van Sant's 'Dead Man's Wire' - Starring Bill Skarsgard, Dacre Montgomery, Cary Elwes, Al Pacino, Colman Domingo, and Myha'la - Based on the true story of a man pushed to desperation by a mortgage company.",454,46,1765035614.0,0.94,False,i.redd.it
1ph80h9,movies,What happended to the living statue man in Hot Fuzz (2007) ?,0,9,1765185557.0,0.38,True,self.movies
1phcp0t,movies,Cynthia Erivo Makes Golden Globes History as First Black Woman to Earn Two Lead Actress (Comedy) Nominations,0,20,1765201343.0,0.41,False,variety.com
1pf4xrk,movies,"Directors Guild of America, led by Christopher Nolan, plans to meet with Netflix to address major concerns regarding the streamer’s acquisition of Warner Bros.",17583,1078,1764964548.0,0.97,False,deadline.com
1ph6dzx,movies,Stuart Little Parents Scene??,0,11,1765179046.0,0.44,True,self.movies
1pfur9y,movies,"Trailer for Spanish horror film ‘The Wailing’ has released- A university student begins to notice a mysterious entity that follows her no matter where she turns. Twenty years prior, a woman in Buenos Aires suffered the same fate",200,19,1765042079.0,0.86,False,v.redd.it
1pha183,movies,"How good is Enjoy Movies Your way, Stream Clean or Advanced Profanity Filter?",0,0,1765193185.0,0.13,True,self.movies
1pfjoes,movies,"Gunn and Safran interviewed by Bloomberg: Their contracts run through spring 2027, Superman 2 starts shooting in April, Batman 2 starts shooting in May. Gunn says theatrical is “incredibly important”.",1095,153,1765007188.0,0.95,False,bloomberg.com
1pftlaj,movies,‘Teenage Wasteland’ documentary trailer- A teacher inspires a group of teenagers in the early 1990s to make a student film and they uncover a conspiracy that is poisoning their community. Thirty years later they revisit this transformative experience.,213,7,1765039204.0,0.93,False,v.redd.it
1pg5h75,movies,What's one movie that gets better and better each time you watch it?,45,158,1765070023.0,0.73,True,self.movies
1pgtz0v,movies,Actual Movie Posters/Scripts,0,1,1765142479.0,0.43,True,self.movies
1ph9pu9,movies,Hot take : The Dirty Picture set out to critique the male gaze in cinema but ended up pandering to it.,0,15,1765192036.0,0.33,True,self.movies
1pgtpbv,movies,"Suggestions for movie podcasts? Not looking for “random people/media personalities talking about movies,” but conversations more in line with Ben Mankiewicz’s introductions on TCM or Variety’s Actors on Actors.",1,12,1765141818.0,0.53,True,self.movies
1phc39x,movies,The hate on running man is undeserved,0,52,1765199665.0,0.33,True,self.movies
1pg8gl7,movies,"What is the best ""new"" movie you watched this year?",19,148,1765079050.0,0.62,True,self.movies
1pgbns7,movies,Most beautiful/poetic movie?,12,54,1765089613.0,0.69,True,self.movies
1ph4isp,movies,Do you guys compare modern movies and shows?,0,8,1765172309.0,0.3,True,self.movies
1ph5sag,movies,"When it comes to man and women led action movies with emphasis on martial arts and physical combat, which ones truly do it right?",0,8,1765176755.0,0.26,True,self.movies
1ph61z9,movies,What if there Was a movie adaptation for the classic horror game Cry of Fear ?,0,2,1765177755.0,0.28,True,self.movies
1ph6y6o,movies,American VS Korean,0,10,1765181237.0,0.27,True,self.movies
1pfl06l,movies,Mulholland Drive (2001) | Official Trailer | Starring Naomi Watts,505,143,1765012363.0,0.82,False,youtube.com
1pg68fe,movies,Last movie you watched multiple times after your first viewing,26,123,1765072297.0,0.75,True,self.movies
1ph2fa6,movies,A boy named Christmas,0,0,1765165760.0,0.35,True,self.movies
1pf3j4o,movies,New Poster for 'The Simpsons Movie 2',6132,454,1764961240.0,0.95,False,i.redd.it
1pexlaw,movies,Official Poster for Markiplier’s Self-Financed Horror Film 'Iron Lung',17074,1127,1764947604.0,0.92,False,i.redd.it
1pfober,movies,Hans (Christopher Walken) records his idea for a dream sequence to Marty (Colin Farrell) in Seven Psychopaths 2012.,201,64,1765024622.0,0.85,False,v.redd.it
1pfwab8,movies,Swedish horror film ‘From Darkness’ trailer- A park ranger teams up with her ex boyfriend to search for a missing woman in a dangerous nature reserve in Sweden,69,11,1765045769.0,0.78,False,v.redd.it
1ph5i6m,movies,The possibility of a Kill Bill Vol.3 after The Whole Bloody Affair,0,27,1765175730.0,0.33,True,self.movies
1pf3s36,movies,‘Lord of the Rings’ Extended Editions Return to Theaters as ‘Fellowship of the Ring’ Turns 25,3959,234,1764961820.0,0.98,False,variety.com
1ph6kkp,movies,Can someone actually defend One Battle After Another for me?,0,58,1765179762.0,0.37,True,self.movies
1pfs7b0,movies,"AMA/Q&amp;A Announcement - Jon Heder - Thursday 12/11 at 3:00 PM ET - Actor in 'Napoleon Dynamite', 'Blades of Glory', 'The Benchwarmers', 'Mama's Boy', 'Tapawingo', and lots more.",80,12,1765035619.0,0.77,False,i.redd.it
1ph07ex,movies,‘Savage Hunt’ trailer- A vengeful tracker is brought in to hunt down a large grizzly bear that begins attacking humans when a new local resort is being built.,0,2,1765159176.0,0.4,False,v.redd.it
1petgdr,movies,It’s Official: Netflix to Acquire Warner Bros. in Deal Valued at $82.7 Billion,17159,4175,1764936595.0,0.95,False,hollywoodreporter.com
1ph2d1x,movies,What's the absolute WORST sequel to a movie you've ever seen?,0,81,1765165571.0,0.37,True,self.movies
1pgwbw8,movies,The good dinosaur (Disney) discussion,0,5,1765148378.0,0.35,True,self.movies
1pexbuc,movies,Official Poster for ‘Peaky Blinders: The Immortal Man’,6156,453,1764946971.0,0.96,False,i.redd.it
1pgs1qd,movies,Movie quote about a facial scar,0,12,1765137762.0,0.39,True,self.movies
1pg36sm,movies,You know what’s also a Halloween movie AND a Christmas movie?,14,24,1765063575.0,0.67,True,self.movies
1pf4srn,movies,Geena Davis Institute Study shows films today lack stories of women aging,2201,565,1764964220.0,0.86,False,variety.com
1pft9a6,movies,"""Waiting to Exhale"" (1995) is the perfect 90s women's film: Four strong women facing social problems while still having the time to drink champagne at night on the beach. Smooth soundtrack. Directed by Forest Whitaker.",50,15,1765038372.0,0.81,True,self.movies
1pfuanz,movies,"Hi /r/movies! I'm Myron Kerstein, the editor of WICKED: FOR GOOD, which is out in theaters everywhere. Oscar-nominated and ACE-winning for WICKED and TICK, TICK...BOOM!. Other credits include GARDEN STATE, CRAZY RICH ASIANS, IN THE HEIGHTS, and more. Ask me anything!",38,135,1765040928.0,0.66,False,i.redd.it
1pfcrxt,movies,What is a Deleted Scene that you consider to be canon to the film despite its exclusion?,629,1192,1764984666.0,0.87,True,self.movies
1pf4knw,movies,"‘Star Wars: A New Hope’ 50th Anniversary Re-Release Gets New Theatrical Return Date (February 19, 2027)",1831,396,1764963690.0,0.95,False,starwars.com
1pgzuju,movies,I wanna watch something,0,50,1765158139.0,0.29,True,self.movies
1pg00m4,movies,From Banned to Beloved: Video Nasties That Deserve Critical Re-evaluation,17,15,1765055181.0,0.62,False,flickeringmyth.com
1pgaqgi,movies,The Grinch and The Dark Knight Share a Similar Theme About Humanity,3,7,1765086387.0,0.55,True,self.movies
1pfywb4,movies,The Man Who Invented Christmas,18,9,1765052257.0,0.8,True,self.movies
1pgtmbm,movies,"Today became a M. Night Shyamalan movie day. I watched lady in the water earlier, now watching Unbreakable. Figure now I might as well complete the trilogy next. What I love about Unbreakable is the relationship between the father and son.",0,16,1765141609.0,0.27,True,self.movies
1pgtjfi,movies,The first wave attack on Pearl Harbor - 'Tora! Tora! Tora!' (1970),0,0,1765141408.0,0.44,False,youtube.com
1pgno4w,movies,My 'If I Had Legs I'd Kick You' Review,0,3,1765127630.0,0.42,True,self.movies
1ph103o,movies,Why Is Everyone Running In Rom-Coms?,0,3,1765161475.0,0.27,False,youtube.com
1pgc1ix,movies,"Do you have any recommendations for new, released in 2025 Christmas movies this year?",1,22,1765090971.0,0.53,True,self.movies
1ph15z9,movies,Does anyone have a really good ACTUAL horror movie??,0,40,1765161954.0,0.26,True,self.movies
1pg30gw,movies,Official Discussion Megathread (Five Nights at Freddy's 2 / Hamnet / Jay Kelly),6,0,1765063107.0,0.64,True,self.movies
1pgoz41,movies,She rides the Shotgun - Ending,0,7,1765130736.0,0.27,True,self.movies
1peygmf,movies,Netflix Says Warner Bros. Movies Will Remain in Theaters but ‘Windows Will Evolve to Be Much More Consumer Friendly’,2568,802,1764949678.0,0.94,False,variety.com
1pf6bin,movies,Iron Lung: Final Trailer,997,505,1764967865.0,0.85,False,youtu.be
1pg3kdi,movies,"Sometimes Hyped up Movies don’t hit with me, but Road House (1989) lives up to its Cult Classic!",7,21,1765064596.0,0.64,True,self.movies
1pf3w6s,movies,"'Super Troopers 3' Gets August 7, 2026 Release Date",1253,170,1764962089.0,0.94,False,thewrap.com
1pgsa9h,movies,Fight Club and The Killer are a great double feature,0,20,1765138323.0,0.36,True,self.movies
1pgt3or,movies,There should be some way to promote or bring back mid level movies,0,17,1765140348.0,0.29,True,self.movies
1pf36vv,movies,"‘Avengers: Endgame’ to Be Re-Released on September 25, 2026 Ahead of ‘Avengers: Doomsday’",1226,364,1764960454.0,0.86,False,hollywoodreporter.com
1pfbl0x,movies,"Mrs. Peltzer (Frances Lee McCain) shifts into badass mode when trapped alone in a house full of evil Mogwai - from ""Gremlins"" (1984, directed by Joe Dante)",422,56,1764981278.0,0.9,False,v.redd.it
1pgwmru,movies,Best theater to see Kill Bill: The Whole Bloody Affair?,0,8,1765149183.0,0.17,True,self.movies
1pgq4y1,movies,Recommendation: Dhurandhar,0,2,1765133537.0,0.29,True,self.movies
1pgwdak,movies,Can people please Recommend some movies,0,7,1765148472.0,0.07,True,self.movies
1pgsf5c,movies,Christmas 2026,0,13,1765138658.0,0.2,True,self.movies
1pf1ysx,movies,Studio Ghibli to Debut New 4K Restorations in IMAX in 2026 - The first film released will be Hayao Miyazaki’s 'Princess Mononoke',1192,64,1764957630.0,0.96,False,deadline.com
1pggssn,movies,"Does Tár remind anyone else of Synecdoche, New York?",0,2,1765109100.0,0.48,True,self.movies
1pfd6fb,movies,How Netflix Beat Out Paramount and Comcast to Buy Warner Bros.,262,201,1764985837.0,0.83,False,bloomberg.com
1pf4fli,movies,"A Knight's Tale (2001, dir. Brian Helgeland) Sir Ulrich learns to dance featuring Golden Years by David Bowie",803,115,1764963352.0,0.92,False,v.redd.it
1pgv2co,movies,Elf (2003) hot take,0,203,1765145159.0,0.49,True,self.movies
1pfqewf,movies,Roofman,22,17,1765030820.0,0.72,True,self.movies
1pfc8qo,movies,"Old Man Destroys SS Soldiers Scene - SISU (2022, dir. Jalmari Helander)",242,56,1764983111.0,0.75,False,youtube.com
1pfgk51,movies,Ethan Hawke,120,164,1764996233.0,0.88,True,self.movies
1pgpct9,movies,Inglourious Basterds or Django Unchained – which film did Christoph Waltz give the better performance in and why?,0,48,1765131644.0,0.45,True,self.movies
1pfpqaz,movies,"A prison movie few know about but need to discover: ""Animal Factory"" (2000, Steve Buscemi), the last great film Edward Furlong starred in.",22,10,1765028910.0,0.72,True,self.movies
1pgtkq1,movies,Are the Rebel Moon movies worth watching or no?,0,40,1765141498.0,0.22,True,self.movies
1pgmbse,movies,"What films actually fit the ""Slow burn atmospheric gut wrenching bone chilling character development driven kino"" meme? (Yes, I'm being serious)",0,27,1765124388.0,0.37,True,self.movies
1pgyjeg,movies,Why do people seem to like Once upon a time in Holywood so much??,0,60,1765154429.0,0.17,True,self.movies
1pehkya,movies,"Cary-Hiroyuki Tagawa Dies: ‘Mortal Kombat, ‘Last Emperor’ &amp; ‘Man In The High Castle’ Actor Was 75",23921,978,1764896853.0,0.97,False,deadline.com
1pgvhng,movies,The Karate Kid Trilogy: Why the problem was Daniel LaRusso (Ralph MacChio) from the start?,0,11,1765146223.0,0.09,True,self.movies
1pfb88l,movies,NBCUniversal and YouTube are interested in bidding for the rights to stream The Oscars,158,21,1764980290.0,0.84,False,variety.com
1pgpujd,movies,Why does every new Christmas movie seems almost the same?,0,39,1765132838.0,0.39,True,self.movies
1pgqwu2,movies,The T-800 Terminator didn’t have to be jacked,0,34,1765135094.0,0.29,True,self.movies
1pgav8w,movies,Can't find a song for a trailer I heard in theatres...,0,15,1765086848.0,0.44,True,self.movies
1pghwyx,movies,"If you ever wonder about passion, watch Dead Poets Society.",0,5,1765112747.0,0.36,True,self.movies
1pegwtb,movies,"I Wrote ‘Dude, Where’s My Car’ 25 Years Ago. It Would Never Be Made Today.",11690,1942,1764895031.0,0.85,False,hollywoodreporter.com
1pgf5pf,movies,Class envy,0,18,1765102956.0,0.33,True,self.movies
1pff4g6,movies,"AMA/Q&amp;A Announcement - Joseph Kosinski - Friday 12/12 at 5:00 PM ET - Director of 'Top Gun: Maverick', 'F1', 'Tron: Legacy', 'Oblivion', and 'Only The Brave'",56,3,1764991664.0,0.76,False,i.redd.it
1pekxct,movies,"Netflix Wins the Warner Bros. Discovery Bidding War, Enters Exclusive Deal Talks",4781,1093,1764906318.0,0.96,False,thewrap.com
1pfpsaa,movies,Feast of the Seven Fishes (2019),7,13,1765029064.0,0.69,True,self.movies
1pf41c1,movies,"New Poster for Lav Diaz's Historical-Epic 'Magellan' - Starring Gael Garcia Bernal - In the 16th century, young Portuguese navigator Ferdinand Magellan defies the King of Portugal and convinces the Spanish monarchy to fund his daring expedition to discover the fabled lands of the East",210,37,1764962425.0,0.95,False,i.redd.it
1pge2cn,movies,What are some good drama movies set in the 1930s-40s?,0,16,1765098799.0,0.38,True,self.movies
1pgbw98,movies,Can you suggest me some good found footage horror-thriller movies?,0,22,1765090454.0,0.38,True,self.movies
1pfjuoj,movies,Cowboy Bebop The Movie (2003) – Theatrical Trailer,16,10,1765007864.0,0.62,False,youtube.com
1pezj2u,movies,Netflix-Warner Bros. Discovery: EU Antitrust Experts Say $83B Deal Unlikely To Be Blocked — But Conditions May Be Imposed On Merger,284,111,1764952104.0,0.88,False,deadline.com
1pgk0f0,movies,I cannot wait to see Sarah Michelle Gellar in Ready or Not 2. She owns everything she's in,0,3,1765118682.0,0.28,True,self.movies
1pggcrm,movies,What movies would you recommend for conservative parents 60+?,0,68,1765107520.0,0.37,True,self.movies
1pgi6n3,movies,YSK Shrek' was actually based off of a real person named Maurice Tillet.,0,3,1765113554.0,0.14,True,self.movies
1pg6tbp,movies,Stargate / the mummy,0,9,1765074036.0,0.4,True,self.movies
1pfvhq8,movies,Movies you understand better when you got older,2,19,1765043868.0,0.56,True,self.movies
1pfez5o,movies,Missing scenes on rewatch,25,19,1764991219.0,0.73,True,self.movies
1pg7338,movies,"What are some of the more over-the-top ""hyped"" tone movies that you have seen?",0,6,1765074856.0,0.4,True,self.movies
1pgas1t,movies,Step Up (2006) has one of the most solid soundtracks,0,1,1765086536.0,0.35,True,self.movies
1pf3su8,movies,IMAX says it will release multiple Studio Ghibli films in its theaters next year; also says Christopher Nolan's 'The Odyssey' is set to play in 40 IMAX 70mm theaters worldwide,94,1,1764961867.0,0.89,False,seekingalpha.com
1pfa0et,movies,The King of Color Trailer - YouTube,43,10,1764977049.0,0.86,False,youtube.com
1pfercc,movies,Barfly (1987),19,25,1764990543.0,0.76,True,self.movies
1pf1w71,movies,Lucas Hedges Joins Michael Cera’s Directorial Debut Absurd-Comedy ‘Love Is Not The Answer’ (Starring Pamela Anderson and Liam Neeson),98,20,1764957466.0,0.91,False,deadline.com
1pezflx,movies,First Poster for Thriller 'Pose' - Starring James McAvoy &amp; Aisling Francisiosi - Two couples arrive at a countryside mansion they booked unknowingly together. They discover strange occurrences during stay.,122,43,1764951886.0,0.88,False,i.redd.it
1pg4c59,movies,Knockoff movies,0,18,1765066754.0,0.4,True,self.movies
1pgahq0,movies,Social Network - the origin of facemash was foreshadowing,0,0,1765085547.0,0.21,True,self.movies
1pffxfy,movies,Have other movies included the stars signatures in the credits like Star Trek the Undiscovered Country and Avengers Endgame?,13,6,1764994161.0,0.73,True,self.movies
1pgcbuk,movies,Official poster for Solo Mio,0,33,1765092043.0,0.41,False,i.redd.it
1pfnirj,movies,wanting to be great vs. refusing to work hard for a fucked up system,3,10,1765021884.0,0.56,True,self.movies
1pebb67,movies,"Morale is low at Paramount as the studio is going through its slate killing projects or selling them. There isn't an appetite for risky critical-darling or awards fare - their small awards team was laid off in October, and the studio is solely focusing on action tentpoles and down-the-middle IP.",4049,382,1764881173.0,0.96,False,hollywoodreporter.com
1pfcub0,movies,What is your favorite Christmas movie?,21,123,1764984860.0,0.67,True,self.movies
1pgaega,movies,Face/Off is on Netflix. Watch it again. Could it work on stage?,0,9,1765085244.0,0.35,True,self.movies
1pgae15,movies,Notable Trend Im noticing,0,3,1765085200.0,0.15,True,self.movies
1pe8b5q,movies,Andy Serkis’ ‘Animal Farm’ Acquired by Angel Studios,5693,472,1764874224.0,0.95,False,share.google
1pftykc,movies,"‘HORROR IN THE HIGH DESERT 4: MAJESTY’ trailer- “On a desolate Nevada ranch, a woman uncovers a long-buried box. What's inside begins to expose a terrifying history she was never meant to find.""",0,2,1765040114.0,0.44,False,v.redd.it
1pfze0b,movies,Christmas Movie about a young orphan who’s gonna be the next Santa but develops a disease that makes him get old?,0,2,1765053552.0,0.4,True,self.movies
1pf1cmj,movies,Critics Choice Awards (CCA) 2026 Nominations: See the Complete List,75,40,1764956233.0,0.84,False,eonline.com
1pg812b,movies,Most Disturbing Movies Recommendations,0,91,1765077702.0,0.41,True,self.movies
1pe8li9,movies,Neo Rescues Morpheus in The Matrix (1999),4775,466,1764874855.0,0.96,False,v.redd.it
1pgaobo,movies,Connie in the Godfather,0,14,1765086183.0,0.18,True,self.movies
1pg5iye,movies,"Just finished watching ""Salt."" Every time we see it, towards the end where Evelyn is running through the lake forest after her dramatic ""escape"" from the helicopter, we always exclaim, ""THEY NEED TO MAKE SALT 2!"" I mean, her escape kind of implies a sequel was forthcoming.",0,31,1765070172.0,0.49,True,self.movies
1pgdsht,movies,Do you think a movie subscription model would save theatres?,0,22,1765097753.0,0.11,True,self.movies
1pg1cq9,movies,Clue -&gt; Radioland Murders,0,7,1765058643.0,0.41,True,self.movies
1peo8cv,movies,Unofficial Discussion - Kill Bill: The Whole Bloody Affair,440,552,1764917040.0,0.87,True,self.movies
1ped6rq,movies,"Netflix Makes Highest Bid to Acquire Warner Bros. Discovery; Before this bidding war, WBD turned down Paramount’s offer three times for being too low",2005,432,1764885565.0,0.96,False,thewrap.com
1peh0y2,movies,Anonymous A-Listers Lobby Congress Against Netflix-WBD Acquisition: Streamer Would ‘Hold a Noose Around the Theatrical Marketplace’,1172,247,1764895338.0,0.93,False,variety.com
1pf2ujd,movies,Paul Thomas Anderson's ‘One Battle After Another’ Tops Sight And Sound’s 2025 Best Films Of The Year List,42,1,1764959637.0,0.77,False,deadline.com
1pg7ox1,movies,Prime movie: Warlord - the only review you'll ever need to read.,0,2,1765076665.0,0.22,True,self.movies
1pg7uvo,movies,Which movies would win the Oscar if voting were delayed by 25 years?,0,15,1765077169.0,0.19,True,self.movies
1pfj2j7,movies,Last Night’s Rabbit Hole,3,4,1765004911.0,0.59,True,self.movies
1peo3am,movies,Do you think modern movies rely too much on explaining everything instead of letting the audience figure things out?,270,175,1764916528.0,0.86,True,self.movies
1pg0dfv,movies,"Why do you think Jennifer Beals didn't become a big movie star after ""Flashdance""?",0,13,1765056105.0,0.37,True,self.movies
1pfwa66,movies,What are your biggest pet peves in movies or shows?,0,40,1765045759.0,0.41,True,self.movies
1pg007w,movies,Anyone else get their Primitive War bluray yet? What's the quality?,0,0,1765055149.0,0.31,True,self.movies
1pezcr7,movies,The Darjeeling Limited deserves more credit,35,19,1764951708.0,0.68,True,self.movies
1per7qm,movies,"The 50 best films of 2025, as ranked by Sight and Sound critics",105,106,1764928648.0,0.81,False,bfi.org.uk
1pg100p,movies,Which movie trope really annoys you?,0,76,1765057738.0,0.35,True,self.movies
1pezgir,movies,'Pose' - Official Trailer - Starring James McAvoy,31,32,1764951942.0,0.76,False,youtube.com
1pey64r,movies,What’s a movie that completely changed the way you think about filmmaking?,31,194,1764948983.0,0.74,True,self.movies
1pg3swj,movies,Kill Bill Whole Bloody Affair,0,19,1765065259.0,0.27,True,self.movies
1pfpv9j,movies,A Thanksgiving Dealmaking Sprint Helped Netflix Win Warner Bros.,0,3,1765029301.0,0.49,False,bloomberg.com
1pe45lf,movies,Robocop statue finally goes up in Detroit.,2062,139,1764865061.0,0.97,False,mlive.com
1pfxy7f,movies,Which Hollywood director you liked the most?,0,21,1765049874.0,0.37,True,self.movies
1pev6sb,movies,"Hi reddit, I'm Eric Robinson, producer of SPRINGSTEEN: DELIVER ME FROM NOWHERE, starring Jeremy Allen White as Bruce Springsteen. Ask me anything!",37,140,1764941653.0,0.66,False,i.redd.it
1pg9x37,movies,"""Field of Dreams"" is such a dumb movie. It's likable, if you ignore the plot's logic",0,21,1765083684.0,0.18,True,self.movies
1pfoc6q,movies,What to Know About Netflix’s $83 Billion Deal for Warner Bros. Discovery - the question is where will Netflix take this acquisition and will it gain regulatory approval?,0,13,1765024697.0,0.44,False,nytimes.com
1pei2j9,movies,‘Train Dreams’ Cinematographer Adolpho Veloso Shot the Film Using 99% of Natural Light,315,27,1764898198.0,0.95,False,variety.com
1pe1ezh,movies,"Paramount Accuses Warner Bros. Discovery of Unfair Bidding Process, Favoring Netflix in Letter to Zaslav",2284,353,1764858563.0,0.93,False,thewrap.com
1pea5he,movies,New ‘Men In Black’ Film In Works From ‘Bad Boys For Life’ Scribe Chris Bremner,813,366,1764878476.0,0.85,False,deadline.com
1pfwqmx,movies,Question about the Treasure Planet ending,0,3,1765046892.0,0.15,True,self.movies
1pfzemd,movies,Do you think arthouse cinema will survive?,0,33,1765053598.0,0.29,True,self.movies
1pg0o04,movies,Crocodile Dance Teaser,0,0,1765056868.0,0.31,False,youtube.com
1pekcj2,movies,Official Discussion - Hamnet [SPOILERS],199,320,1764904630.0,0.92,True,self.movies
1pfx8m0,movies,List of unrealistic things that they always do in movies. What else?,0,64,1765048119.0,0.39,True,self.movies
1pfztnq,movies,Julia Roberts &amp; Sean Penn | Actors on Actors,0,1,1765054677.0,0.32,False,youtube.com
1pg1lko,movies,What is an intimate love scene in a movie that was actually necessary for the plot?,0,52,1765059298.0,0.21,True,self.movies
1pfvscn,movies,Opinion on the quality of recent Horror Movies?,0,17,1765044556.0,0.21,True,self.movies
1pel3ri,movies,Philadelphia has a statue of Rocky. Detroit put up a statue of Robocop. Would a statue of John McClane belong in LA or NYC?,139,180,1764906853.0,0.76,True,self.movies
1pg1l50,movies,Whats your guys opinion on Zack/Zach Snyder?,0,49,1765059265.0,0.12,True,self.movies
1pfm02p,movies,What are some movies with blue colour or greyish blue pallette ?,0,52,1765016214.0,0.47,True,self.movies
1pfsz4r,movies,In need of movie recommendations.,0,12,1765037641.0,0.31,True,self.movies
1pejy8m,movies,Blade Runner is now free with ads on Youtube,148,67,1764903490.0,0.78,False,youtube.com
1peeyhu,movies,Gillian Flynn &amp; Darren Aronofsky Team On Erotic Thriller Feature For Sony,282,19,1764889979.0,0.92,False,deadline.com
1pfqbna,movies,Ditching slop TV for a while for good older movies. Any reccs?,0,57,1765030571.0,0.47,True,self.movies
1pfl2gz,movies,Grave Encounters reboot is being produced by Justin Long and Kate Bosworth,0,5,1765012611.0,0.47,True,self.movies
1pf3ed7,movies,The Out-of-Towners (1970),7,7,1764960939.0,0.73,True,self.movies
1pekchd,movies,Official Discussion - Five Nights at Freddy's 2 [SPOILERS],121,677,1764904626.0,0.84,True,self.movies
1pfu5an,movies,‘He Kills At Night’ trailer- It's Christmas Eve and Fern is driving home. But when she stops for a break she is killed by a mysterious blood-soaked man. Soon the killer happens upon another traveler and a game of cat and mouse ensues.,0,0,1765040566.0,0.29,False,v.redd.it
1pfy3aq,movies,why i don't believe the theory that kill bill is fox force five.,0,15,1765050228.0,0.26,True,self.movies
1peloil,movies,Dozens of New Yorker Staffers Protest Netflix Doc Red Carpet Over Condé Nast's Alleged 'Union Busting',74,0,1764908596.0,0.84,False,thewrap.com
1pfobbk,movies,"Is there any movie with a ""Positive"" jumpscare?",0,23,1765024613.0,0.37,True,self.movies
1pfwcbl,movies,my top 30 favorite movies,0,28,1765045907.0,0.26,True,self.movies
1pe75p4,movies,Daniel Brown To Direct Adaptation Of Chuck Palahniuk’s Cult Novel ‘Survivor’,489,78,1764871705.0,0.94,False,deadline.com
1pfskfl,movies,"I just discoverd there's a recently released movie called ""Predator: Wastelands"" - how do these types of movies make any money? Who funds them?",0,14,1765036594.0,0.34,True,self.movies
1pfet7q,movies,Movie where there’s a conflict between 2 sides but neither are written as antagonist or protagonist?,1,77,1764990704.0,0.51,True,self.movies
1pe2jr8,movies,Indiewire's Top 25 Movies of 2025,704,293,1764861333.0,0.91,False,indiewire.com
1pehfb1,movies,The arc of Kowalski and Queenie in the Fantastic Beasts series is terrible,116,73,1764896430.0,0.77,True,self.movies
1pfu1o5,movies,Dhurandhar vs Bagheera vs Stree 2 — Which one is actually worth theatre money?,0,8,1765040333.0,0.18,True,self.movies
1pe6422,movies,"They Live: “Our projections show that by the year 2025, not only America but the entire planet will be under the protection and dominion of this power alliance.”",396,35,1764869441.0,0.92,True,self.movies
1pfvubt,movies,Who is the creepiest character in Love Actually?,0,22,1765044688.0,0.2,True,self.movies
1pe5ixk,movies,"Sam Mendes’ ‘The Beatles — A Four-Film Cinematic Event’ Adds David Morrissey, Leanne Best, James Norton, Harry Lloyd, Bobby Schofield, Daniel Hoffman-Gill, Arthur Darvill, and Adam Pally to the Cast",394,184,1764868138.0,0.85,False,deadline.com
1pfw3kg,movies,Opinion | Netflix’s Swallowing of Warner Bros. Will Be the End of Hollywood (Gift Article),0,35,1765045321.0,0.3,False,nytimes.com
1pe9hrm,movies,"Cop Land (1997, dir. James Mangold) Sheriff Freddy Heflin (Stallone) pleads with Lieutenant Moe Tilden (De Niro)",249,92,1764876867.0,0.87,False,youtube.com
1pfrttq,movies,Live Action Grinch,0,20,1765034657.0,0.23,True,self.movies
1pfcgzv,movies,"A walk through the restrooms of the movie ""Perfect days"" by Wim Wenders",0,2,1764983768.0,0.5,False,youtube.com
1pfqpgz,movies,(Drive 2011) Why did the Driver stomp out the assassin in the elevator so brutally?,0,16,1765031601.0,0.3,True,self.movies
1pfpjli,movies,the new TRON movie was… kind of a letdown. Thoughts?,0,18,1765028371.0,0.3,True,self.movies
1pdr0yp,movies,Napoleon Dynamite (2004) Napoleon and brother Kip go to Rex Kwon Do after seeing a TV commercial about his self-defense system.,2935,231,1764823729.0,0.93,False,v.redd.it
1pfaylm,movies,"Blind Test: Which Service Gives the Best ""Similar Movies"" recommendations?",1,14,1764979564.0,0.53,True,self.movies
1pfpbdt,movies,Anyone else like “bad” movies more than “good” movies?,0,16,1765027699.0,0.18,True,self.movies
1pfjjz3,movies,What are some movies that were hell for cast and crew to actually make?,0,72,1765006733.0,0.41,True,self.movies
1pe3qfa,movies,Vin Diesel Set To Write Mattel &amp; One Race Films’ ‘Rock ‘Em Sock ‘Em Robots’ In Addition To Starring &amp; Producing,293,234,1764864115.0,0.79,False,deadline.com
1pflsmf,movies,Blink twice,0,3,1765015421.0,0.17,True,self.movies
1peopyk,movies,Duel To The Death (1983) is fucking insane. The shots they've managed to capture with the practical effects in those old kung fu movies are absolutely unbeliveable.,18,5,1764918861.0,0.75,True,self.movies
1pfks8f,movies,"If you could be any character, in any movie, for 24 hours only, who would you be?",0,23,1765011501.0,0.27,True,self.movies
1peno48,movies,Jean Reno on his character in Leon the professional .,19,2,1764915026.0,0.73,False,youtu.be
1pdiob7,movies,‘The Batman Part II’: Scarlett Johansson Eyeing New Role Opposite Robert Pattinson In Sequel,7201,1403,1764801063.0,0.9,False,deadline.com
1pee0g5,movies,James L. Brooks has enlisted two of the characters he made famous to promote his new film 'Ella McCay',67,50,1764887568.0,0.66,False,youtu.be
1pedenx,movies,A love letter to Drop Dead Gorgeous (1999),71,50,1764886067.0,0.9,True,self.movies
1pdu0c3,movies,'Five Nights at Freddy's 2' Review Thread,942,577,1764833833.0,0.9,True,self.movies
1pekxtp,movies,Unofficial Discussion - Fackham Hall,21,37,1764906356.0,0.78,True,self.movies
1pekoi7,movies,Official Discussion Megathread (Five Nights at Freddy's 2 / Hamnet),22,0,1764905604.0,0.77,True,self.movies
1pfhofm,movies,Korean movie about cheating,0,8,1764999918.0,0.29,True,self.movies
1petfn0,movies,Best Disney Movie Soundtrack,4,17,1764936531.0,0.59,True,self.movies
1pekclk,movies,"Official Throwback Discussion - Crouching Tiger, Hidden Dragon [SPOILERS]",18,17,1764904636.0,0.73,True,self.movies
1pfid1e,movies,Guillermo del toro's The Hobbit,0,9,1765002348.0,0.33,True,self.movies
1pe15p3,movies,Time Magazine names Nouvelle Vague the best movie of 2025,196,76,1764857913.0,0.86,False,time.com
1pekcnc,movies,Official Throwback Discussion - Snatch [SPOILERS],16,33,1764904639.0,0.72,True,self.movies
1pekqda,movies,Somewhere in Time,16,23,1764905754.0,0.72,True,self.movies
1pdun18,movies,‘It felt quite healing’: Gotham award-winner Wunmi Mosaku was 7 months postpartum when filming ‘Sinners’,479,35,1764836223.0,0.88,False,thegrio.com
1pd8msg,movies,"Paul Thomas Anderson pushes back on the idea that the industry no longer greenlights daring/original projects, naming his favorites from 2025 as examples: 'Weapons', 'Bugonia', 'Sentimental Value', 'Eddington', 'Blue Moon', 'Nouvelle Vague' and 'Marty Supreme'.",11094,934,1764778821.0,0.95,False,fortressofsolitude.co.za
1pfgseb,movies,I finally watched The Shawshank Redemption and it's not at all what I expected (contains spoilers),0,5,1764996995.0,0.28,True,self.movies
1pesr7i,movies,The 10 best movies of 2025 (and 5 worst),3,62,1764934315.0,0.53,False,ew.com
1pdcckw,movies,"Leonardo DiCaprio confirms he's starring in 'Heat 2'; discusses how the sequel tips its hat to the first movie, but is more of an homage",5747,445,1764786784.0,0.95,False,comingsoon.net
1pea5vf,movies,World’s first film in ancient Sumerian released by Trinity filmmakers,45,8,1764878497.0,0.82,False,tcd.ie
1pebnf1,movies,Why Jean-Luc Godard’s 'Breathless' Still Strikes a Nerve,38,2,1764881965.0,0.76,False,vulture.com
1pekcou,movies,Official Throwback Discussion - Dungeons &amp; Dragons (2000) [SPOILERS],14,11,1764904642.0,0.74,True,self.movies
1pegb4f,movies,Kill Bill: The Lost Chapter - Yuki's Revenge,19,22,1764893453.0,0.64,False,youtube.com
1pe0v0a,movies,Obsession - Official Teaser Trailer | Written &amp; Directed by Curry Barker,124,30,1764857158.0,0.86,False,youtu.be
1pe8c3l,movies,Bowen Yang &amp; Matt Rogers Teaming On New Comedy For Searchlight Pictures,53,5,1764874277.0,0.75,False,deadline.com
1pfobc3,movies,I believe 90% of the people are not ranking correctly the directors and the actors !,0,8,1765024614.0,0.02,True,self.movies
1pebheg,movies,Eddington....,31,55,1764881581.0,0.66,True,self.movies
1pebv94,movies,"AMA/Q&amp;A Announcement - Shih-Ching Tsou - Monday 12/8 at 3:00 PM ET - Director of Netflix's Upcoming Oscar-Contender 'Left-Handed Girl', Producer of 'The Florida Project', 'Red Rocket', 'Tangerine', and 'Starlet'",24,3,1764882460.0,0.72,False,i.redd.it
1pegq7y,movies,"Kristen Stewart, Candidly: On Her Directorial Debut, the Making of ‘Twilight’ and What’s Next",13,0,1764894546.0,0.63,False,hollywoodreporter.com
1pddped,movies,‘One Battle After Another’ Named Year’s Best Film By National Board Of Review,2670,458,1764789675.0,0.91,False,deadline.com
1pec9gg,movies,'The Brothers McMullen' at 30: Edward Burns and Connie Britton on the film that changed their lives and reuniting for 'The Family McMullen',20,8,1764883385.0,0.69,False,goldderby.com
1pdxrhc,movies,HEAT (1995) Surveillance,117,54,1764848113.0,0.79,False,youtu.be
1pf9o0m,movies,Can we talk about A Christmas Carol w/ Jim Carrey?,0,26,1764976153.0,0.42,True,self.movies
1pf3svz,movies,What are some good movies that don't over explain what's happening?,0,28,1764961871.0,0.45,True,self.movies
1pedj4d,movies,Sean Baker Directs Michelle Yeoh in Short Film ‘Sandiwara’,15,0,1764886371.0,0.66,False,variety.com
1pdooni,movies,Jon M. Chu ('Wicked') Signs First-Look Deal With Paramount,506,98,1764816851.0,0.85,False,thewrap.com
1pdhoo0,movies,"Steve Cropper, guitarist in The Blues Brothers, dies at 84",1260,63,1764798732.0,0.97,False,variety.com
1pebq9l,movies,What did you guys think of the extended anime scene in the new Kill Bill: The Whole Bloody Affair?,16,49,1764882146.0,0.71,True,self.movies
1pf4dqb,movies,Movies with elaborate bar games,0,6,1764963234.0,0.41,True,self.movies
1pf1ds9,movies,Favorite scene from a movie you've actually never seen,0,28,1764956309.0,0.43,True,self.movies
1pd982v,movies,The Last Video Rental Store Is Your Public Library,2482,106,1764780120.0,0.98,False,404media.co
1pf9ceh,movies,Holiday rewatch,0,5,1764975319.0,0.21,True,self.movies
1pehouj,movies,Actors who perform in a film even if it's not very good,6,96,1764897145.0,0.56,True,self.movies
1pfcgcn,movies,What movie has the 'most canceled' cast?,0,25,1764983715.0,0.2,True,self.movies
1pf85e5,movies,The best A Christmas Carol adaption. Discuss.,0,53,1764972301.0,0.3,True,self.movies
1pfac7p,movies,"Watching Alien vs Predator again and I had a thought....(Long post, sorry.)",0,10,1764977915.0,0.07,True,self.movies
1pel0cx,movies,Unofficial Discussion - 100 Nights of Hero,3,4,1764906562.0,0.64,True,self.movies
1pdqm9x,movies,Recommend some REALLY good movies to watch at Christmas,211,608,1764822459.0,0.86,True,self.movies
1peijdz,movies,"Sarah Jessica Parker-Produced Doc ‘Front Row,’ About Ukrainian Ballet Dancers, Lands Release",4,1,1764899497.0,0.58,False,hollywoodreporter.com
1pf5voy,movies,Can anyone be bothered with pre-film title sequences any more?,0,18,1764966791.0,0.36,True,self.movies
1pekcke,movies,Official Throwback Discussion - Vertical Limit [SPOILERS],4,9,1764904633.0,0.62,True,self.movies
1peq1bc,movies,Please Recommend Me Movies With Beautiful Original Scores.,0,94,1764924089.0,0.5,True,self.movies
1pf6nbg,movies,"What's the best consensus between the major players (Netflix, Disney, AMPAS, the Guilds, AMC, etc...) for the future of the moviemaking art and business?",0,8,1764968664.0,0.2,True,self.movies
1pduxym,movies,Why is the first half of Nuremberg edited like a dark comedy?,74,26,1764837450.0,0.73,True,self.movies
1pezi19,movies,Currently watching old guard number two,0,7,1764952040.0,0.31,True,self.movies
1pf0w22,movies,Movies that would benefit from a climatic scene being re-shot,0,41,1764955182.0,0.36,True,self.movies
1pe1fij,movies,"The iconic title sequence for ""The Girl Can't Help It"", with the opening song performed by Little Richard (1956, Directed by Frank Tashlin)",25,6,1764858597.0,0.71,False,v.redd.it
1pdq8ie,movies,1/4 Million RoboCop Statue unveiled in Detroit after 15 years of planning. Plans to beat up Philadelphia's Rocky Statue underway.,156,51,1764821309.0,0.85,True,self.movies
1pea5uy,movies,Opinion on Disney villain movie retelling or sympathetic Disney villains in general?,9,20,1764878496.0,0.66,True,self.movies
1pf3vju,movies,Does the Netflix/WB merger mean that Batgirl and Scoob: Holiday Haunt will FINALLY see the light of day?,0,6,1764962048.0,0.29,True,self.movies
1peumcr,movies,"Jessica Alba reveals new Robert Rodriguez, Haifaa al-Mansour film collaborations",0,0,1764940094.0,0.44,False,screendaily.com
1pcuko7,movies,The Lack of Class from Quentin Tarantino,22645,4399,1764735782.0,0.82,True,self.movies
1pf9g9e,movies,HOT TAKE: A Christmas Story is unbearable because of the non-stop screaming/yelling/crying,0,39,1764975603.0,0.39,True,self.movies
1pe9vt7,movies,Which 2025 movie release disappointed you the most and explain why?,5,173,1764877863.0,0.51,True,self.movies
1pd4yn3,movies,Official Poster for 'Ready or Not 2: Here I Come',1674,223,1764770511.0,0.94,False,i.redd.it
1pdpefq,movies,"Best Movies of 2025, according to John Waters (how many have you seen?)",124,62,1764818859.0,0.82,True,self.movies
1peabq6,movies,Father Gabriele Against Priests | The Pope's Exorcist (2023),7,2,1764878870.0,0.59,False,v.redd.it
1pe8p4f,movies,I Love Boosters by Boots Riley to open SXSW 2026,7,2,1764875065.0,0.62,False,sxsw.com
1pd4wew,movies,READY OR NOT 2: HERE I COME | Official Trailer | Searchlight Pictures,1276,269,1764770375.0,0.92,False,youtube.com
1pd7onu,movies,New Poster for Comedy 'Tapawingo' - Starring Jon Heder ('Napoleon Dynamite') and Billy Zane - An oddball becomes the bodyguard for a misfit teenager and finds himself in the crosshairs of the town's family of bullies.,808,108,1764776729.0,0.93,False,i.redd.it
1pd4q1r,movies,"The live-action film references used by the animators for a climactic sword fight in ""The Secret of Nimh"" (1982, Directed by Don Bluth)",1033,98,1764769932.0,0.96,False,v.redd.it
1pekcqe,movies,Official Throwback Discussion - Proof of Life [SPOILERS],0,2,1764904647.0,0.44,True,self.movies
1pek9rm,movies,Everything Everywhere.....Did Deirdre have a crush?,0,3,1764904398.0,0.5,True,self.movies
1pcq7q3,movies,‘Spaceballs 2’ Wraps Filming,13311,905,1764723571.0,0.96,False,comingsoon.net
1pevy2s,movies,"“Denzember: Remember the Titans” is a Great Article by Shea Serrano, author of “Movies and other things” a NYT bestseller, and creator Of “Good Movie” Substack blog, about the movie and its greatness and especially the Greatness of Denzel Washington.",0,10,1764943599.0,0.39,False,open.substack.com
1pejehs,movies,Movie name,0,12,1764901940.0,0.5,True,self.movies
1pej4nq,movies,Official Poster for The Strangers: Chapter 3,0,14,1764901154.0,0.5,False,i.redd.it
1peni4i,movies,What is the most Edward G. Robinson movie that Edward G. Robinson was in?,0,24,1764914455.0,0.43,True,self.movies
1pcpnvj,movies,Francis Ford Coppola is auctioning his watch collection after Megalopolis flop left him broke,12027,958,1764722078.0,0.95,False,nytimes.com
1peik3k,movies,The movie scene that felt so real it reminded you of someone in your own life.,0,0,1764899549.0,0.5,True,self.movies
1petjqv,movies,Looking for movies that fit the following,0,21,1764936882.0,0.29,True,self.movies
1pe6m7h,movies,"The Testament of Ann Lee's ""Clothed By The Sun"" By Amanda Seyfried &amp; Daniel Blumberg - Best Original Song Oscar-Contender",6,0,1764870567.0,0.59,False,youtube.com
1pf24w7,movies,"I feel that movie culture is at its absolute worst and we have forgotten what loving cinema is all about, would you agree?",0,14,1764958004.0,0.21,True,self.movies
1pet7s3,movies,Behind the Scenes of “One Battle After Another”,0,0,1764935879.0,0.33,False,icgmagazine.com
1pcyg9q,movies,28 YEARS LATER: THE BONE TEMPLE - New Trailer (HD),1715,497,1764748983.0,0.91,False,youtu.be
1pcyxhx,movies,Supergirl Villain Matthias Schoenaerts Sentenced to 6 Months in Jail,1544,206,1764750859.0,0.95,False,comingsoon.net
1pesrbk,movies,Hated the ending of bad teacher,0,2,1764934327.0,0.35,True,self.movies
1pcrwpl,movies,"Achilles (Brad Pitt) riding up  to the massive city walls in ""Troy"" (2004) all alone, completely fearless, and filled with rage, screaming for Hector (Eric Bana) to come out and fight him, is a brilliantly directed scene by Wolfgang Petersen.",3919,413,1764728196.0,0.93,True,self.movies
1pdvbmd,movies,New poster for The SpongeBob Movie: Search for SquarePants,13,13,1764838982.0,0.64,False,i.redd.it
1pf7gqt,movies,Charlie and the Chocolate Factory (2005) is better than Willy Wonka and the Chocolate Factory (1971).,0,48,1764970639.0,0.13,True,self.movies
1per9l4,movies,Just some Terminator stuff....,0,17,1764928840.0,0.3,True,self.movies
1pdoc2k,movies,What are your favorite cinematic eyerolls?,35,24,1764815904.0,0.73,True,self.movies
1pd7adr,movies,"Leonardo DiCaprio, Jennifer Lawrence, Dwayne Johnson, Julia Roberts and Ariana Grande Set for ‘Actors on Actors’ Season 23",283,94,1764775837.0,0.81,True,self.movies
1pdulgv,movies,Charlie Plummer Joins Angelina Jolie In Dark Thriller ‘Sunny’,10,3,1764836057.0,0.64,False,deadline.com
1pemjdx,movies,Question about a trailer I saw a year or two ago….,0,10,1764911279.0,0.33,True,self.movies
1pdm446,movies,It’s a testament to Wesley Snipes acting in New Jack City that even though Nino Brown is a complete monster…I still kinda like him.,42,22,1764809784.0,0.76,True,self.movies
1pdo512,movies,Depressing movies,34,95,1764815360.0,0.74,True,self.movies
1pe0eiu,movies,I made a compilation of Finnish movies,3,6,1764855978.0,0.54,False,youtube.com
1pebsga,movies,"AMA/Q&amp;A Announcement - Myron Kerstein - Monday 12/8 at 3:00 PM ET - Oscar-Winning Editor of 'Wicked', 'Wicked: For Good', 'Garden State', 'In the Heights', 'Tick, Tick... Boom! ', 'Crazy Rich Asians', 'Nick &amp; Norah's Infinite Playlist', and lots more.",1,1,1764882286.0,0.53,False,i.redd.it
1pdqif7,movies,Unofficial Discussion - Oh. What. Fun.,22,215,1764822127.0,0.84,True,self.movies
1peb9p7,movies,"What are your ""I didn't like that, but I'll revisit someday and reevaluate"" films?",0,25,1764881074.0,0.48,True,self.movies
1pddymp,movies,Spike Lee's 'Highest 2 Lowest' Returning to Theaters for One Night Only (December 6th) via A24 - It will include a new music movie of the title track along with a limited edition poster.,101,99,1764790249.0,0.75,False,screenrant.com
1pdgs22,movies,"Cailee Spaeny ('Alien Romulus') And Drew Starkey ('Queer') To Star In 'Deep Cuts' for A24 - Set in the 2000s, Deep Cuts is a love story about two music-obsessed twenty-somethings navigating the messy realities of ambition, belonging and adulthood over the course of an era-defining decade.",74,14,1764796627.0,0.81,False,deadline.com
1peny0b,movies,"I got sucked down into the funny dog videos, Rabbit Hole, on YT, lol, and came across a video with this clip.",0,5,1764916000.0,0.24,True,self.movies
1pcb187,movies,"Hot Fuzz (2007) ""what did he say?"" Dir. Edgar Wright.",27329,881,1764688578.0,0.95,False,v.redd.it
1pddp8k,movies,"HBO Max Sets March 2026 Launch in U.K., Ireland",76,19,1764789665.0,0.87,True,self.movies
1pd8858,movies,Best Movies of 2025,134,235,1764777929.0,0.75,False,nytimes.com
1pcmp8o,movies,"'The Batman: Part II' Nabs Oscar-Winning Cinematographer Erik Messerschmidt (‘The Killer’, ‘Mindhunter’), Replacing Greig Fraser",3049,215,1764714615.0,0.97,False,thewrap.com
1pci7xm,movies,"Quentin Tarantino Names ‘Black Hawk Down’ the Best Movie of the 21st Century; His Top 10 Includes ‘Dunkirk,’ ‘Toy Story 3,’ ‘Zodiac’ and More",5318,1395,1764704387.0,0.88,False,variety.com
1pe68su,movies,Paramount &amp; Walter Hamada’s 18hz Preempt Stop-Motion Horror Short ‘The Littles’ From Writer-Director Andrew Duplessie For Feature Adaptation,0,1,1764869741.0,0.5,False,deadline.com
1pdfv9l,movies,"First Poster for Found-Footage Horror 'Man Finds Tape' - After finding mysterious video clips, siblings investigate the strange recordings and uncover a disturbing secret spreading through their Texas town.",43,14,1764794528.0,0.76,False,i.redd.it
1pevlw3,movies,Why everyone hates Cat 2019 movie?,0,38,1764942749.0,0.1,True,self.movies
1pef6rw,movies,Christmas movies that are funny?,0,70,1764890575.0,0.47,True,self.movies
1pd9ss6,movies,Marty Supreme | Official Promo HD | A24,76,41,1764781358.0,0.67,False,youtu.be
1pem2bd,movies,Willy Wonka and The Chocolate Factory (1971) is a good movie.,0,12,1764909809.0,0.38,True,self.movies
1peo27h,movies,"So in Animal House film, who was Fawn Laweitz and did any actress played her and was her scenes got cut from the film before revealing that she was killed in an explosion?",0,12,1764916421.0,0.16,True,self.movies
1pdfwh9,movies,"'Man Finds Tape' - Official Trailer - Found-Footage Horror from the Producers of 'The Endless', 'Synchronic', 'Something in the Dirt'",40,9,1764794603.0,0.82,False,youtube.com
1peg14k,movies,Best Of Cinema 2025 - Awards Poll!,0,8,1764892744.0,0.3,True,self.movies
1pd3o8q,movies,"Dr. Strangelove or: How I Learned to Stop Worrying and Love the Bomb (1964) Dir. Stanley Kubrick - ""Hello, Dimitri?"" - Peter Sellers, George C. Scott",145,19,1764767273.0,0.87,False,v.redd.it
1pennal,movies,My top 10 favorite movies,0,19,1764914947.0,0.23,True,self.movies
1peevis,movies,Movies Suggestions Based Off 5 Chapters,0,26,1764889761.0,0.3,True,self.movies
1pd45cv,movies,"First Poster for 'California Schemin' - James McAvoy's Directorial Debut - Based on a true story, two Scottish lads conned the music industry by pretending to be an established Californian rap duo, bagging a record deal and appearing on MTV until their scam unraveled.",124,16,1764768514.0,0.89,False,i.redd.it
1pch1p1,movies,'Forks Out': A Benoit Blanc Sesame Street Mystery,3083,160,1764701818.0,0.96,False,youtube.com
1pcvggo,movies,Kristen Stewart Reveals ’80s-Set Vampire Thriller ‘Flesh Of The Gods’ Co-Starring Oscar Isaac &amp; Elizabeth Olsen Still “Looking For Financing”,424,42,1764738517.0,0.92,False,theplaylist.net
1pejwh4,movies,"The Princess Bride- Hello. My name is Inigo Montoya. You killed my father. Prepare to die"" said repeatedly until a sword fight ensues.",0,16,1764903352.0,0.31,True,self.movies
1pehi7z,movies,Lilly (Screw Good Year Tire),0,7,1764896646.0,0.28,True,self.movies
1pcvfao,movies,"Delroy Lindo Is Back on the Awards Trail With ‘Sinners,’ Following a “Profoundly Disappointing” Snub for ‘Da 5 Bloods’",397,75,1764738419.0,0.89,False,hollywoodreporter.com
1pdj6nv,movies,Favorite action movie heroines?,15,55,1764802300.0,0.69,True,self.movies
1pd9pkh,movies,"Leonardo DiCaprio On ‘One Battle After Another’, His “No Regrets” Career And The Fight To Save Cinema",41,19,1764781185.0,0.7,False,deadline.com
1pcoi1e,movies,True Lies has aged as well as Paul Rudd.,1024,424,1764719094.0,0.9,True,self.movies
1ped81x,movies,movie name,0,3,1764885645.0,0.29,True,self.movies
1pe8off,movies,‘Getting Rid of Rosie’ Novel Adaptation in the Works (Exclusive),0,0,1764875020.0,0.45,False,hollywoodreporter.com
1pdatwp,movies,The Magic Faraway Tree | Official Teaser Trailer | Claire Foy/Andrew Garfield,27,11,1764783551.0,0.77,False,youtube.com
1pe2k2q,movies,Anyone have a looping A Christmas Story ending credits scene without the credits rolling?,0,1,1764861353.0,0.42,True,self.movies
1peh55s,movies,Letterboxd users: finally found an easy way to see where everything on my watchlist is streaming,0,13,1764895657.0,0.13,True,self.movies
1pcxg0m,movies,"Movies that make you think “wow, that was actually kind of unique”",182,384,1764745242.0,0.85,True,self.movies
1peiiuw,movies,What if Thelma &amp; Louise began In Medias Res?,0,4,1764899460.0,0.19,True,self.movies
1pegnar,movies,Name 10 movies that define(d) your personality.,0,13,1764894319.0,0.18,True,self.movies
1peb1mm,movies,Camp Rock 3 Teaser,0,9,1764880561.0,0.32,False,youtube.com
1pei0tk,movies,Some notes I wrote after watching through the Star wars Prequals,0,6,1764898061.0,0.11,True,self.movies
1pcqtl2,movies,Leslie Odom Jr. To Adapt Rolling Stone Article About Sammy Davis Jr.’s Ties To Church Of Satan Into Horror Movie,331,45,1764725213.0,0.91,False,deadline.com
1pe5vgl,movies,We need a new closed caption option,0,13,1764868898.0,0.41,True,self.movies
1pe6fqp,movies,What standalone movie would you like to see get a sequel even though it doesn't need one?,0,65,1764870173.0,0.25,True,self.movies
1pd6ord,movies,“Taxi driver (1976)”  A Deep Dive into Psychology Turmoil,21,22,1764774487.0,0.64,False,v.redd.it
1pdi5cg,movies,MY FATHER’S SHADOW | Official Trailer,4,1,1764799805.0,0.59,False,youtube.com
1pe44g6,movies,Top 5 Favourite Movies of 2025,0,38,1764864987.0,0.44,True,self.movies
1pe3lxk,movies,The Mummy (1999) Beni prays for his life. Directed by Stephen Sommers.,0,3,1764863842.0,0.44,False,youtu.be
1pd0ku2,movies,"In 1988, Criterion Collection released The Wizard of Oz on LaserDisc. Included was an excellent audio commentary by historian Ronald Haver which was never made available on DVD or Blu-ray.",44,9,1764757231.0,0.81,False,v.redd.it
1pe4v1q,movies,What’s your goto Christmas movie?,0,79,1764866670.0,0.38,True,self.movies
1pe7566,movies,A Reluctant Heart | Official Trailer,0,4,1764871674.0,0.29,False,youtube.com
1pcirgz,movies,Kill Bill Vol. 1 (2003) | The Bride vs. Gogo Yubari | Quentin Tarantino,600,66,1764705617.0,0.88,False,v.redd.it
1pceeqx,movies,First Images of the Live-Action Adaptation of ‘LOOK BACK’ Directed by Hirokazu Kore-eda,900,66,1764696138.0,0.96,False,i.redd.it
1pc96aa,movies,The first trailer for Steven Spielberg’s UFO movie is reported to be attached to screenings of “Avatar: Fire and Ash”,1680,278,1764684040.0,0.96,False,filmstories.co.uk
1pd77it,movies,"Tammie Rosen, Sundance and Tribeca Communications Chief, Dies at 49 Following Cancer Battle",17,2,1764775661.0,0.75,True,self.movies
1pdffst,movies,Digital Archive for TV Censored Movies?,8,2,1764793558.0,0.72,True,self.movies
1pcj9mo,movies,New Image of Adam Scott in Horror Film ‘HOKUM’,504,27,1764706741.0,0.94,False,i.redd.it
1pe6biv,movies,"If Hollywood made a truly realistic nuclear-war movie today, which director would you trust to handle it properly?",0,47,1764869908.0,0.35,True,self.movies
1pd4i0n,movies,Any bad-ass kid movies suggestions?,18,126,1764769369.0,0.66,True,self.movies
1pdf0yq,movies,Oft-Pretty Boy Josh Hartnett really nails his heroic denouement in “30 Days of Night” — what are some other memorable last scenes in horror movies?,6,19,1764792619.0,0.57,True,self.movies
1pcyyxi,movies,‘Mr. Men Little Miss’ Movie in the Works From ‘Paddington’ Producers Studiocanal and Heyday,41,4,1764751011.0,0.84,False,variety.com
1pdj32v,movies,Taron Egerton Circling Hal Ozsan’s London Finance Horror Feature ‘Alpha’ At Netflix UK,1,2,1764802050.0,0.52,False,deadline.com
1pdzuw9,movies,Cinematography of TRON: ARES (2025),0,8,1764854512.0,0.44,False,youtu.be
1pdqkg4,movies,Unofficial Discussion - My Secret Santa,2,48,1764822306.0,0.56,True,self.movies
1pe3aon,movies,"Can anyone give me a list of terribly bad movies to watch ? Along the lines of like gummo, human centipede and a Serbian tale ? I know I’ve seen some listed I just can’t find the thread anymore.",0,41,1764863117.0,0.29,True,self.movies
1pdp3x1,movies,weird ways to watch obscure movies,0,7,1764818025.0,0.5,True,self.movies
1pe42kx,movies,"Is the “Dead Dad” trope just prevalent in a lot of movies, or am I being punk’d by my dead father in law?",0,21,1764864869.0,0.33,True,self.movies
1pe6113,movies,"I'm binging The Lord of the Rings movies, and..",0,27,1764869250.0,0.27,True,self.movies
1pcfypx,movies,New York Film Critics 2025 Winners: ‘One Battle After Another’ Wins Best Film,413,56,1764699463.0,0.89,False,deadline.com
1pdotcl,movies,Help!!! El Grinch,0,4,1764817219.0,0.46,True,self.movies
1pccb2o,movies,Paramount Skydance’s Latest Bid for Warner Bros. Discovery Backed by Three Middle Eastern Wealth Funds,621,149,1764691486.0,0.9,False,variety.com
1pdxuc0,movies,Help with an idea for a movie night,0,17,1764848372.0,0.39,True,self.movies
1pd3cu1,movies,What childhood movies do you still watch as an adult?,13,76,1764766424.0,0.65,True,self.movies
1pc35gt,movies,"Hideo Kojima Has Joined The Cast Of Zootopia 2, Three Days Before Japan Release | He is playing Paul Moldebrandt, a mole who works in the Zootopia Police Department",2497,114,1764663673.0,0.95,False,famitsu.com
1pe1oop,movies,“Emerald Wants It To Be This Generation’s ‘Titanic’”: Margot Robbie Is Betting Big On ‘Wuthering Heights’,0,21,1764859243.0,0.39,False,vogue.co.uk
1pbvfzr,movies,Guillermo del Toro Denounces AI While Accepting ‘Frankenstein’ Gotham Award,8538,496,1764639473.0,0.96,False,variety.com
1pdwosb,movies,To Die For by Gus Van Sant-(1995),0,0,1764844290.0,0.35,True,self.movies
1pe5i5m,movies,Why do Oscar matter?,0,30,1764868090.0,0.2,True,self.movies
1pd63xv,movies,CALIFORNIA SCHEMIN' - Official Teaser Trailer,7,1,1764773182.0,0.63,False,youtu.be
1pcox3i,movies,Guillermo Del Toro To Receive BFI Fellowship,92,8,1764720149.0,0.86,False,deadline.com
1pbmh30,movies,Office Space (1999) “I just don’t care” Dir. Mike Judge,37349,1479,1764617795.0,0.96,False,v.redd.it
1pcdy5w,movies,American Psycho (2000) “New Card” Dir. Mary Harron,276,98,1764695129.0,0.77,False,v.redd.it
1pck9xo,movies,"New Poster for Thai Fantasy-Drama 'A USEFUL GHOST' - After his wife dies due to dust pollution, a man discovers that her spirit has unexpectedly returned in the form of a vacuum cleaner, he embraces it and the pair form an unconventional human-ghost love story",126,36,1764709033.0,0.87,False,i.redd.it
1pc7ltl,movies,"Hi /r/movies, I'm James L Brooks. I've directed TERMS OF ENDEARMENT, BROADCAST NEWS, AS GOOD AS IT GETS, co-created THE SIMPSONS and TAXI, and produced JERRY MAGUIRE. My newest film, ELLA MCCAY, stars Emma Mackey &amp; Jamie Lee Curtis and is out in theaters everywhere December 12. Ask me anything!",566,295,1764679821.0,0.95,False,i.redd.it
1pc8j1w,movies,"The ""I'm in New York"" montage scene from Home Alone II: Lost In New York. (1992) Director: Chris Columbus.",492,83,1764682356.0,0.88,False,v.redd.it
1pcxmgk,movies,"Has anyone seen ""Speed"" in 4K in a theater?",19,22,1764745890.0,0.69,True,self.movies
1pc96lg,movies,Mother Mary | Official Trailer | A24,361,149,1764684055.0,0.79,False,youtube.com
1pe2403,movies,I wanted a 'Joel and Ellie' from The Last of Us dynamic with seeing Leon: The Professional....,0,15,1764860300.0,0.2,True,self.movies
1pcm2i5,movies,"Dazed and Confused (1993)- Alright, Alright, Alright. Directed by Richard Linklater",74,18,1764713125.0,0.76,False,v.redd.it
1pe4mtx,movies,"Let's talk about that one uncomfortable scene in ""Scrooged"" with Bill Murray",0,41,1764866145.0,0.2,True,self.movies
1pcrzpq,movies,"Kathryn Bigelow (Director of 'Zero Dark Thirty', 'The Hurt Locker') Visits the Criterion Closet",30,20,1764728428.0,0.66,False,youtube.com
1pcn581,movies,Good Will Hunting bench scene,56,47,1764715679.0,0.81,True,self.movies
1pdfgd5,movies,Looking for Christmas movies,0,22,1764793593.0,0.42,True,self.movies
1pdy7oy,movies,"BAFTA Says It Has Achieved Nearly All Membership Diversity Targets Since 2020, Though Women Still Short of 50% Goal",0,6,1764849604.0,0.3,False,variety.com
1pctgrm,movies,British actor AJ Donnelly interviewed on his decade in Chinese movies,20,5,1764732544.0,0.7,False,ukchinafilm.com
1pctjuv,movies,"No! You're Wrong. or: Spooky Action at a Distance (2025, dir. Crispin Glover)",22,12,1764732789.0,0.73,True,self.movies
1pck0g6,movies,Joe Dirt (2001) “Home is where you make it” Dir. Dennie Gordon,71,11,1764708424.0,0.77,False,v.redd.it
1pc9ywh,movies,"Hi /r/movies! We're Amanda Silver &amp; Rick Jaffa, co-screenwriters of AVATAR: FIRE AND ASH. It's directed by James Cameron and in theaters everywhere December 19. We've also co-written AVATAR: THE WAY OF WATER, RISE OF THE PLANET OF THE APES, and JURASSIC WORLD. Ask us anything!",194,220,1764686008.0,0.75,False,i.redd.it
1pcmxzn,movies,"Movies that flopped in theaters, but were considered successes because of their streaming numbers?",44,73,1764715196.0,0.69,True,self.movies
1pbtptf,movies,Eastern Promises (2007)- Sauna Fight Scene. Directed by David Cronenberg,2529,319,1764634930.0,0.93,False,v.redd.it
1pcis2x,movies,"James Cameron Wants a New 'Terminator,' But Reality Is Making It Difficult",68,121,1764705651.0,0.7,False,gizmodo.com
1pdhu39,movies,What good monster movies get right (Alien / Jurassic Park / Godzilla minus one ),0,7,1764799081.0,0.4,True,self.movies
1pc6rej,movies,imax.com is currently polling for a potential re-release,190,149,1764677194.0,0.87,False,imax.com
1pcizt8,movies,"Hideo Kojima to make cameo in Zootopia 2’s Japanese version, at director’s personal request",44,2,1764706118.0,0.75,False,automaton-media.com
1pcc8gm,movies,OBSESSION - Official Teaser Trailer [HD] - Only In Theaters May 15,70,30,1764691322.0,0.84,False,youtu.be
1pdpnk4,movies,I thought The Master of Disguise and Austin Power: Goldmember was the same movie,0,8,1764819590.0,0.34,True,self.movies
1pdtr78,movies,The ending to the mist’s “point” is nonsense,0,19,1764832862.0,0.18,True,self.movies
1pccqa7,movies,Shelter | Official Trailer | In Theaters January 30,64,33,1764692445.0,0.84,False,youtu.be
1pdpxvm,movies,"Nitpicking Unrealistic, Meaningless Details",0,33,1764820422.0,0.34,True,self.movies
1pd62pi,movies,What movies have a titular character who’s not top-billed?,1,70,1764773102.0,0.52,True,self.movies
1pcid3d,movies,Angelina Jolie To Star In &amp; Produce Dark Thriller ‘Sunny’ From Director Eva Sørhaug,29,7,1764704711.0,0.68,False,deadline.com
1pd5ffq,movies,Harmony Korine,0,7,1764771610.0,0.5,True,self.movies
1pbqq44,movies,Warner Bros. Gets Mostly Cash Netflix Offer in New Round of Bids,1580,513,1764627501.0,0.96,False,bloomberg.com
1pcowtl,movies,"Forbidden Fruits | Official Teaser | horror film starring Lili Reinhart, Lola Tung, Victoria Pedretti, Alexandra Shipp, Emma Chamberlain, and Gabrielle Union. | IFC Films",13,2,1764720130.0,0.67,False,youtu.be
1pcjl06,movies,"Fun ""trilogies""?",19,101,1764707445.0,0.69,True,self.movies
1pbqxm2,movies,Justin Lin to Direct ‘Helldivers’ Video Game Movie,1157,234,1764627987.0,0.92,False,hollywoodreporter.com
1pbjl7n,movies,New Poster for 'Wake Up Dead Man: A Knives Out Mystery',2670,255,1764611562.0,0.94,False,i.redd.it
1pdqb5e,movies,"What is a movie scene that made you go ""this is fucking weird"" and ""I'm so turned on right now"" all at the same time?",0,17,1764821527.0,0.31,True,self.movies
1pdht0l,movies,Silent Night Deadly Night (2025) question,0,4,1764799012.0,0.25,True,self.movies
1pbfsoc,movies,"Official Poster for 'Shelter' Starring Jason Statham - Follows a reclusive man who lives in a remote house by the sea. When he rescues a young girl from drowning in a terrible storm, he sets off a chain reaction that brings violence his way, forcing him to confront choices from his past",3745,1316,1764603167.0,0.87,False,i.redd.it
1pcqqp6,movies,"Poster for Wizard of Oz horror movie GALE: YELLOW BRICK ROAD, which will have a one-night-only theatrical engagement on February 11, 2026.",10,30,1764724992.0,0.57,False,i.redd.it
1pd7dfa,movies,What scene in a movie made you cry or brought tears to your eyes even though it wasn't supposed to be sad?,0,36,1764776024.0,0.48,True,self.movies
1pc3mn5,movies,"30 years on, Robert De Niro’s ‘Casino’ suits still make Vegas feel glam",133,19,1764665602.0,0.84,False,gq.com.au
1pc6wlb,movies,"A24 and Film4 Team for Sonoya Mizuno's Directorial Debut 'Stages,' Alex Garland Producing",70,1,1764677659.0,0.85,False,variety.com
1pdglmn,movies,"What is your favorite era of Hollywood? For me it has to be 1990 - 2010, 20 years of absolute CINEMA!",0,22,1764796203.0,0.4,True,self.movies
1pd1mj8,movies,"Looking for movie recommendations  sci-fi, drama, philosophical",0,34,1764761006.0,0.5,True,self.movies
1pdhg3a,movies,Favorite baseball movie,0,46,1764798189.0,0.32,True,self.movies
1pbomti,movies,"'Portrait Of God' Horror Movie Teaming Jordan Peele, Sam Raimi As Producers In Works | The short centers on a religious young woman who discovers the disquieting answer to the question, “What does God look like?”",1032,109,1764622685.0,0.93,False,deadline.com
1pbdb2m,movies,"The climactic fight scene of the Hong Kong action film ""Yes, Madam"" (released 40 years ago on Nov 30th, 1985 - directed by Corey Yeun). Michelle Yeoh's first starring role, as well as the film debut of Cynthia Rothrock.",3762,317,1764597132.0,0.96,False,v.redd.it
1pbi8d2,movies,Josh Safdie's 'Marty Supreme' Review Thread,1914,366,1764608598.0,0.94,True,self.movies
1pbi9uv,movies,Unauthorized Corey Feldman Documentary that accuses him of running a cult - Corey Feldman Vs. The World,1789,547,1764608684.0,0.9,False,youtube.com
1pdbsqg,movies,SLEEPWALKER Official Trailer (2026) Horror Movie HD,0,7,1764785616.0,0.35,False,youtube.com
1pcqu4m,movies,"SILENT NIGHT, DEADLY NIGHT trailer.",3,8,1764725256.0,0.53,False,v.redd.it
1pda9gs,movies,Tig Notaro Says She’s Writing a ‘Hot Lesbian Action’ Movie With Zack Snyder,0,43,1764782340.0,0.49,False,variety.com
1pcywaa,movies,"AMC's 'Screen Unseen' Mystery Movie Screenings, Explained: The theater chain's popular series of unannounced pre-release showings keeps audiences frantically guessing",1,4,1764750726.0,0.52,False,hollywoodreporter.com
1pbl4um,movies,"Mission Impossible series: Calculating the percentage of runtime Ethan Hunt actually goes ""rogue""",1036,125,1764614867.0,0.95,True,self.movies
1pckj6i,movies,"A USEFUL GHOST - Official Trailer | After his wife dies due to dust pollution, a man discovers that her spirit has unexpectedly returned in the form of a vacuum cleaner, he embraces it and the pair form an unconventional human-ghost love story",9,1,1764709596.0,0.64,False,youtu.be
1pc9itk,movies,People We Meet On Vacation | Official Trailer | 9 January 2026,27,8,1764684914.0,0.72,False,youtu.be
1pcy1rj,movies,Out of the Furnace? (2013),1,7,1764747457.0,0.54,True,self.movies
1pdbgaa,movies,Jurassic Park Rebirth - Same old bullshit.,0,59,1764784891.0,0.43,True,self.movies
1pdgt5d,movies,Favorite good faith/morals based films?,0,66,1764796698.0,0.34,True,self.movies
1pcbz6b,movies,Two Hirokazu Kore-eda films likely out next year,16,10,1764690728.0,0.81,True,self.movies
1pchlrc,movies,Period pieces/biopics that are actually more of think pieces like Amadeus,9,27,1764703032.0,0.65,True,self.movies
1pd6xlf,movies,Planes Trains and Automobiles- credit cards,0,4,1764775045.0,0.33,True,self.movies
1pcww2v,movies,Films about the friendships of women?,1,29,1764743270.0,0.52,True,self.movies
1pdhu75,movies,Who would win. John Wick Vs the Mechanic Vs the Equalizer,0,17,1764799088.0,0.24,True,self.movies
1pdhu2r,movies,Who would win. John Wick Vs the Mechanic Vs the Equalizer,0,4,1764799081.0,0.12,True,self.movies
1pbdms8,movies,"First Images from 'Ready or Not: Here I Come' Starring Samara Weaving, Kathryn Newton, Sarah Michelle Gellar, Elijah Wood, Shawn Hatosy &amp; David Cronenberg",1550,209,1764597949.0,0.94,False,i.redd.it
1pcm7lw,movies,Avatar,4,26,1764713464.0,0.54,True,self.movies
1pd9leb,movies,"Leaving Las Vegas 1995, what's the meaning behind the ""You'll be able to feel it"" line in the following scene please?",0,7,1764780928.0,0.25,True,self.movies
1pbsfzf,movies,"Vanity Fair's 11 Best Movies of 2025 - Blue Moon, Friendship, Hamnet, It Was Just An Accident, Marty Supreme, One Battle After Another, The Secret Agent, Sentimental Value, Sinners, Train Dreams, Weapons",247,168,1764631711.0,0.84,False,vanityfair.com
1pd4ybq,movies,Rewatching Shawshank Redemption in 2025: How Its Themes of Hope Still Punch Harder Than Ever,0,13,1764770492.0,0.42,True,self.movies
1pdbv6i,movies,Product Placement Synergy in Future Disney Movies,0,17,1764785765.0,0.13,True,self.movies
1pd8vxa,movies,James Cameron Says ‘Avatar: Fire and Ash’ Closes the First ‘Avatar’ Saga,0,47,1764779381.0,0.43,False,gizmodo.com
1pbsb2n,movies,"November 28-30 Box Office Recap – 'Zootopia 2' opens with a spectacular $560M worldwide, the biggest ever debut for an animated film, and the fourth biggest debut of all time. 'Wicked: For Good' drops harder than anticipated, but hits $391M worldwide.",225,54,1764631367.0,0.91,True,self.movies
1pbwae9,movies,"Ever think “that actor would be good as so-and-so,” and it happened?",135,181,1764641752.0,0.79,True,self.movies
1pd9vqu,movies,Best Way To Watch The Kill Bill Series ?,0,15,1764781528.0,0.25,True,self.movies
1pcigdc,movies,We missed out on what could’ve been the greatest found footage sequel ever in Chronicle 2: Martyr,7,11,1764704916.0,0.61,True,self.movies
1pd9o9d,movies,"Leaving Las Vegas 1995 What is the meaning behind the ""you'll be able to feel it"" line please?",0,2,1764781101.0,0.17,True,self.movies
1pd8ro1,movies,If you were to connect all jim carry movies together into one big series how would you order them,0,3,1764779120.0,0.21,True,self.movies
1pd4d4h,movies,How are so many of the most celebrated directors right now primarily horror directors?,0,18,1764769036.0,0.38,True,self.movies
1pd7mis,movies,Alien and predator,0,15,1764776590.0,0.24,True,self.movies
1pd42mr,movies,Movie? That I remember but can't find it,0,9,1764768327.0,0.35,True,self.movies
1pd2ril,movies,400 Days movie ending explained.,0,0,1764764683.0,0.33,True,self.movies
1pblr4g,movies,Paramount Dates ‘Sonic’ Universe Movie &amp; ‘Teenage Mutant Ninja Turtles’ Live-Action Hybrid For 2028,385,105,1764616208.0,0.91,False,deadline.com
1pdf4kg,movies,Do those euphoric social reactions to 'Avatar: Fire and Ice' have any impact on awards chances?,0,12,1764792849.0,0.1,False,goldderby.com
1pdibl2,movies,Movies should not be named after one of their characters,0,46,1764800207.0,0.14,True,self.movies
1pcfwp3,movies,Thieves Highway | Official Trailer (HD) | Vertical,4,0,1764699340.0,0.57,False,youtu.be
1pb9qrx,movies,Brendan Fraser did not dress as Anck Su Namun to surprise Arnold Vosloo on the set of 'The Mummy'. Are there any other often repeated and widely believed behind the scenes myths which are total BS?,1260,561,1764586229.0,0.87,True,self.movies
1pbceuo,movies,Bad Santa (2003).  Now THIS is probably one of the best Christmas movies.,758,231,1764594726.0,0.83,True,self.movies
1pbvcmc,movies,"I’d like to make a very slim argument that The Princess Bride, does in fact, technically count as a Christmas movie.",62,87,1764639208.0,0.59,True,self.movies
1pcznzb,movies,Who’s Your Favorite to Take Over WBD?,0,7,1764753727.0,0.33,True,self.movies
1pd1tfc,movies,What was the point of PTA's 'The Master' ?,0,18,1764761633.0,0.32,True,self.movies
1pavohv,movies,"James Cameron Calls Idea Of Gen AI Replacing Actors “Horrifying,” Says Tech Will Make Human Creation More “Sacred”",9001,575,1764542202.0,0.95,False,deadline.com
1pbyfci,movies,Gotham Awards: 'One Battle After Another' Wins Best Film Over 'Hamnet' &amp; 'Train Dreams' - Jafar Panahi’s ‘It Was Just an Accident’ Takes Three Prizes On Same Day He's Sentenced to One Year in Jail by Iranian Government,33,5,1764647698.0,0.69,False,variety.com
1pd5r0r,movies,I don't get the Big Deal with Mamma Mia,0,29,1764772357.0,0.18,True,self.movies
1pbv9vx,movies,Aftersun,46,17,1764639007.0,0.78,True,self.movies
1pbdviq,movies,What’s the one foreign-language film you’d recommend to someone who only watches English movies?,329,915,1764598580.0,0.91,True,self.movies
1pbzeqb,movies,"I recently had the pleasure of interviewing filmmaker David C. Roberts about his new short 'Song of My City' - which was entirely made with b-footage from 70s New York based movies. Now living with incurable cancer, this is his love letter to the city he grew up with when he was a child.",19,0,1764650633.0,0.7,False,themovienerds.com
1pcyygj,movies,"If you could ask James Cameron 1 question, what would it be?",0,36,1764750958.0,0.33,True,self.movies
1pbvwz6,movies,Movies where you have no idea if the main character is crazy or not?,26,86,1764640755.0,0.69,True,self.movies
1pd1efo,movies,Tarantino will become a Self-fulfilling prophecy,0,8,1764760225.0,0.23,True,self.movies
1pbuxxd,movies,Troll 2 (2025),28,120,1764638111.0,0.76,True,self.movies
1pcuhkl,movies,Mission Impossible Movie Marathon Menu,0,6,1764735525.0,0.38,True,self.movies
1pchy2a,movies,"Looking for movies similar to ""Lost Horizon"" -1937",1,10,1764703766.0,0.54,True,self.movies
1pc8a22,movies,Novitiate (2017) review,2,1,1764681691.0,0.57,True,self.movies
1pcw05n,movies,Which movie would you bet your life on?,0,40,1764740262.0,0.39,True,self.movies
1pcvdeh,movies,Fandango no refundable when using Apple Pay?,0,11,1764738251.0,0.25,True,self.movies
1pbdjjl,movies,Official Posters for David Lowery's 'MOTHER MARY' Starring Anne Hathaway &amp; Michaela Cole - Follows the relationship of a musician and a fashion designer.,181,21,1764597728.0,0.85,False,i.redd.it
1paxgvv,movies,The Watchmen Smashing Pumpkins trailer,2422,298,1764546864.0,0.93,True,self.movies
1pbm36y,movies,"Cannes Winner Jafar Panahi Sentenced to a Year in Prison in Iran in Absentia, Lawyer Says",69,5,1764616941.0,0.8,False,variety.com
1pcw7hs,movies,Have movie trailers been bad?,0,4,1764740931.0,0.24,True,self.movies
1pbyze2,movies,"In Polar Express, I like to think blue boy, yellow boy, and pink girl all become pen pals with Billy since they know his address🫂",12,5,1764649328.0,0.64,True,self.movies
1pbprmm,movies,"AMA/Q&amp;A Announcement - James L. Brooks - Tuesday 12/2 at 2:00 PM ET - Co-Creator of 'The Simpsons' and 'Taxi' - Oscar-Winning Director of 'Terms of Endearment', 'As Good As It Gets', 'Broadcast News', 'Ella McCay'",42,6,1764625284.0,0.8,False,i.redd.it
1pcsa0o,movies,Return To Silent Hill (2026) - International Trailer,0,31,1764729210.0,0.45,False,youtube.com
1pcnsli,movies,Looking for movie scene,0,4,1764717279.0,0.33,True,self.movies
1paohvy,movies,Jodie Foster Critiques Martin Scorsese's Killers of the Flower Moon; Says That It Would Have Worked As A 8-Hour Miniseries,5559,852,1764524920.0,0.87,False,deadline.com
1pcsih8,movies,"The Sleepover (2020) Netflix Movie, absolute trash",0,1,1764729874.0,0.35,True,self.movies
1parhi8,movies,Lawyers of Reddit: In the Movie ‘Se7en’ How Likely is it That Det. Mills Would Go to Prison?,3679,884,1764531975.0,0.92,True,self.movies
1pb001c,movies,Click (2006) - Last Time with Dad scene,1078,107,1764553719.0,0.87,False,v.redd.it
1pc49xf,movies,Best uses of an actor's secondary niche talent/skill in a movie?,4,57,1764668161.0,0.55,True,self.movies
1pbj1a9,movies,What's the last film you watched randomly and ended up loving?,56,128,1764610345.0,0.82,True,self.movies
1pcwcyn,movies,Can someone please explain the appeal of Across the Spider-Verse to me?,0,19,1764741433.0,0.27,True,self.movies
1pbowvg,movies,"AMA/Q&amp;A Announcement - Rick Jaffa and Amanda Silver - Tuesday 12/2 at 3:00 PM ET - Screenwriters of 'Avatar: Fire and Ash', 'Avatar: The Way of Water', 'Rise of the Planet of the Apes', 'Dawn of the Planet of the Apes', 'Jurassic World', 'Mulan', and lots more.",26,3,1764623322.0,0.67,False,i.redd.it
1pcikfn,movies,Lions For Lambs,0,8,1764705171.0,0.41,True,self.movies
1pcphi0,movies,Why isn’t Mask &amp; The Elephant Man available on any streaming services?,0,10,1764721619.0,0.28,True,self.movies
1pbtm97,movies,Best Opening Theme Song,12,50,1764634686.0,0.65,True,self.movies
1paw9li,movies,Is there a movie you saw were you were the only person in the theater?,1173,2245,1764543689.0,0.94,True,self.movies
1pco06q,movies,Are there any examples of movies released prior to 2008 where the villain planned to be caught?,0,37,1764717808.0,0.4,True,self.movies
1pcniql,movies,"Gotham Awards afterglow: Jafar Panahi, Wunmi Mosaku tick up in Oscar odds after award wins",0,2,1764716598.0,0.36,False,goldderby.com
1pcneug,movies,Need a movie like interstellar,0,40,1764716346.0,0.37,True,self.movies
1pcq2vs,movies,The Assistant (2019) - Currently on Netflix,0,11,1764723207.0,0.18,True,self.movies
1pat6bz,movies,"Black Dynamite is a legitimately great parody and love letter to Blaxploitation films. It should be shown in film school, in fact it probably already is.",1291,211,1764536032.0,0.91,True,self.movies
1payuzl,movies,Which film do you believe everyone should see at least once in their lifetime?,571,991,1764550532.0,0.88,True,self.movies
1pcpuf9,movies,The Devil Wears Prada - real villain?,0,11,1764722575.0,0.07,True,self.movies
1pcqqzy,movies,Question for the girls,0,11,1764725013.0,0.21,True,self.movies
1pb3nk6,movies,"It's a Mad, Mad, Mad, Mad World-1963-Dividing the Shares",264,49,1764564288.0,0.89,False,v.redd.it
1pbecay,movies,"Go (1999), Cocktail (1988) and other movies as time capsules?",43,100,1764599736.0,0.74,True,self.movies
1pb1i3g,movies,What is your go-to crowd pleaser movie?,298,470,1764557991.0,0.88,True,self.movies
1pbwdh0,movies,I Smile Back,4,9,1764641990.0,0.6,True,self.movies
1paw1is,movies,"Sin City (2005)- Nancy and Hartigan scene - Dir. by Frank Miller, Robert Rodriguez and Quentin Tarantino",590,117,1764543131.0,0.87,False,v.redd.it
1pcfizx,movies,What’s a moment in a movie that completely changed how you see cinema?,0,42,1764698526.0,0.41,True,self.movies
1pclki6,movies,What would later Now You See Me films be titled?,0,35,1764711964.0,0.31,True,self.movies
1pcpku6,movies,IMO Lincoln could have been better with a lower budget,0,11,1764721849.0,0.12,True,self.movies
1pchz74,movies,"Share Your Top Movie &amp; TV Wishes, Hopes &amp; Ideas!",0,3,1764703838.0,0.17,True,self.movies
1pc96no,movies,Maze Runner Trilogy thoughts,0,19,1764684059.0,0.45,True,self.movies
1pcpy9w,movies,New footage from Taylor Swift's Vancouver-shot The Eras Tour showcases B.C. crowd,0,0,1764722861.0,0.1,False,vancouversun.com
1pciycy,movies,Inglourious Basterds was a story of Otto Skorzeny,0,6,1764706026.0,0.22,True,self.movies
1pay5w1,movies,Sling Blade (1996) - Karl visits his father scene. Directed by Billy Bob Thornton,306,107,1764548662.0,0.84,False,v.redd.it
1pcpjiy,movies,"People who regard Pulp Fiction as such a great movie, why?",0,37,1764721757.0,0.2,True,self.movies
1pa8j5n,movies,"Austin meets Alotta in ""Austin Powers:International Man of Mystery"" (1997)",15106,759,1764474960.0,0.94,False,v.redd.it
1pajrmg,movies,Which movie instantly hooked you in the first 10 minutes?,1479,2057,1764513426.0,0.9,True,self.movies
1pal52l,movies,Rat Race (2001) is a timeless classic,1233,240,1764516896.0,0.89,True,self.movies
1pcen7q,movies,Netflix Snaps Up Action Thriller Spec ‘The Operator’ From Harrison Query; Mark Wahlberg To Star,0,10,1764696642.0,0.32,False,deadline.com
1pbdr6z,movies,Which movie completely changed your expectations halfway through — in a good way or a bad way ?,20,63,1764598273.0,0.69,True,self.movies
1pcrs8v,movies,"Adam Driver has so many flops, how does he keep getting leading roles?",0,126,1764727851.0,0.25,True,self.movies
1pclt5n,movies,The Island,0,19,1764712518.0,0.18,True,self.movies
1paue9c,movies,Inside Milly Alcock's meteoric rise from the Inner West to Westeros,318,52,1764539006.0,0.81,False,forbes.com.au
1pcecur,movies,Why people expect different things from a movie?,0,27,1764696023.0,0.22,True,self.movies
1pc4rkz,movies,"Which John Travolta dance films was the best in your opinions between Saturday Night Fever, Grease and Urban Cowboy?",0,18,1764670089.0,0.43,True,self.movies
1paykbi,movies,Fiction book series that made horrible movies,154,201,1764549719.0,0.86,True,self.movies
1pccw89,movies,Car Chasing Scenes,0,21,1764692808.0,0.13,True,self.movies
1pc795j,movies,Do people not like the Black Phone movies? I think they're brilliant. They give me strong Stephen King/80's horror vibes.,0,34,1764678740.0,0.45,True,self.movies
1pc9f8q,movies,Horror suggestion,0,32,1764684654.0,0.32,True,self.movies
1paxt1x,movies,"A24's 'Pillion' (Starring Alexander Skarsgård &amp; Harry Melling) Dominates British Independent Film Awards, Winning 4 Categories (Best Film, Best Debut Screenplay, Best Costumes, Best Make-Up/Hair)",142,7,1764547739.0,0.87,False,deadline.com
1pchasy,movies,Does Morgan Freeman just play himself in almost every movie?,0,19,1764702357.0,0.22,True,self.movies
1pbl3g8,movies,Film: WAR IS OVER! Inspired by the Music of John &amp; Yoko - The Academy Award® winning Animated Short,2,1,1764614782.0,0.53,False,youtu.be
1pc3ubm,movies,Does the 50th anniversary version of a Muppets Christmas Carol include the cut song?,0,18,1764666459.0,0.42,True,self.movies
1pbnkx2,movies,What are some Actors who quit a film role before filming but then decide to come back?,3,26,1764620291.0,0.53,True,self.movies
1pb432d,movies,How did you feel after watching The Last of the Mohicans (1992)? SPOILER INCLUDED,26,43,1764565586.0,0.7,True,self.movies
1pa9h3c,movies,Amadeus-Winner of 8 Academy Awards (including Best Picture) 1984- Salieri's March of Welcome,1996,143,1764477943.0,0.96,False,v.redd.it
1pakm6d,movies,", Josh Brolin, Chris Pine, Mikey Madison, Don Cheadle &amp; Charles Melton Set For Elijah Bynum Crime Thriller ‘My Darling California’",260,23,1764515593.0,0.85,False,deadline.com
1pcf1l5,movies,"""One Battle After Another"" felt completely mislabeled as a comedy.",0,41,1764697495.0,0.21,True,self.movies
1pc589k,movies,Is this some popular trope that I just don't know about.,0,12,1764671828.0,0.25,True,self.movies
1pbtx3i,movies,"Request: ""Christmas-Adjacent"" Movies — Looking for Action and Horror set during the Holidays (No Hallmark!)",0,102,1764635443.0,0.46,True,self.movies
1pc095y,movies,Fun debatably Christmas movies?,0,36,1764653270.0,0.38,True,self.movies
1pc6h4r,movies,Afterburn. Don't watch if you're expecting to see Samuel L. Jackson.,0,3,1764676246.0,0.09,True,self.movies
1payufv,movies,What animated film impresses you most,31,201,1764550493.0,0.68,True,self.movies
1pc33bk,movies,"Before Home Alone, what was THE Christmas movie?",0,18,1764663440.0,0.28,True,self.movies
1paixw7,movies,House from Home Alone Celebrates 35 years of holiday magic,242,5,1764511169.0,0.85,False,newsnationnow.com
1pc2w7g,movies,Bugonia: The whole point of the film is to show you what it feels to be a conspiracy theorists.,0,24,1764662686.0,0.3,True,self.movies
1pc028o,movies,Deciding which movie to watch,0,12,1764652665.0,0.33,True,self.movies
1pa3i9t,movies,"Holiday movies most people love, but you can't stand?",3178,1915,1764460170.0,0.85,True,self.movies
1pc3sv3,movies,They don’t make them like they “used to”.,0,10,1764666296.0,0.24,True,self.movies
1pb2cqe,movies,Need some recommendations. Watching 365 movies,16,99,1764560395.0,0.67,True,self.movies
1p9tvda,movies,So I watched “All Quiet on the Western Front” (2022) again and noticed such a depressing little detail at the end of the movie…,13096,593,1764435618.0,0.95,True,self.movies
1pc353c,movies,What movies will you no longer watch (rewatch) due to one of the actors/actresses dying in real life?,0,17,1764663634.0,0.23,True,self.movies
1pans8o,movies,"You're allowed to have 1 movie erased from your memory that you have watched, just 1 movie. Which one is it and why?",108,548,1764523267.0,0.77,True,self.movies
1pbkt8u,movies,Robert Altman: A Perfect Couple and Popeye,2,1,1764614180.0,0.54,False,walrod.substack.com
1pbkktq,movies,Thoughts on “Across the Universe” (2007)?,0,14,1764613689.0,0.5,True,self.movies
1pb0eit,movies,What are your favorite Christmas movies?,18,147,1764554850.0,0.68,True,self.movies
1pb9cxj,movies,Blade Runner,5,32,1764584819.0,0.55,True,self.movies
1pcd1j9,movies,First-time watcher: The Harry Potter movies suck,0,47,1764693133.0,0.26,True,self.movies
1pbirol,movies,Recommendations,0,18,1764609778.0,0.5,True,self.movies
1pbymji,movies,"In The Godfather Part 3, would Vito have been proud of Connie for being as smart as Michael and able to protect the family busines?",0,3,1764648279.0,0.23,True,self.movies
1pbnehk,movies,I love movie scenes with a montage of a character building something... does that make sense?,0,18,1764619888.0,0.43,True,self.movies
1paow38,movies,What is the last movie you watched. Just curious…,63,759,1764525821.0,0.73,True,self.movies
1pbz963,movies,Why don’t popular foreign films invest in good dubs?,0,21,1764650149.0,0.25,True,self.movies
1parmqc,movies,Movies that change the way you look at a song,41,53,1764532324.0,0.83,True,self.movies
1pbr8c9,movies,Has anyone seen Suncoast?,0,4,1764628718.0,0.42,True,self.movies
1pc40di,movies,Hollywood A-List actor salarys have become pure stupidity.,0,31,1764667126.0,0.22,True,self.movies
1pbcr0e,movies,Movies with a car carrier chase,1,9,1764595655.0,0.53,True,self.movies
1pbth7x,movies,Vinyl players in movies and television,0,16,1764634334.0,0.33,True,self.movies
1pbsa0r,movies,‘Avatar: Fire and Ash’ — “You Need Me” Clip,0,3,1764631296.0,0.43,False,youtube.com
1pbpg95,movies,Hollywood North Extras: How to Break Into Background Acting in Vancouver in 6 Steps,0,4,1764624566.0,0.31,False,backstage.com
1pbt7xj,movies,What gets you out of the house to pay for a movie in a theater?,0,136,1764633687.0,0.43,True,self.movies
1pbx64q,movies,"Saw Now You See Me, Now You Don’t  but no Previews",0,14,1764644184.0,0.29,True,self.movies
1pa7ozr,movies,Most disturbing movies that you can’t unsee?,459,1450,1764472328.0,0.81,True,self.movies
1pbqe1c,movies,Sub-20% movies that do not deserve to be sub-20% movies.,0,31,1764626714.0,0.39,True,self.movies
1pbrer0,movies,Heat(1995) a hidden detail I realized.[SPOILERS],0,6,1764629150.0,0.33,True,self.movies
1pbo9lo,movies,Pluto TV has the entire James Bond franchise streaming free!,0,15,1764621850.0,0.29,True,self.movies
1panx0h,movies,Why Holy Motors is one of the most unique films I’ve ever seen,30,29,1764523586.0,0.63,False,youtu.be
1p9uz5c,movies,"‘The Lord of the Rings: The Hunt for Gollum’ Begins Pre‑Production, Filming Eyes Mid‑2026 in New Zealand",2276,466,1764438342.0,0.92,False,productionlist.com
1pbajwz,movies,that line from a movie or show that stayed with you,0,82,1764589062.0,0.5,True,self.movies
1pbnoa7,movies,Not-a-Christmas Movies,0,40,1764620502.0,0.42,True,self.movies
1pbxkhi,movies,Who do you think are the best Morden day actors?,0,28,1764645304.0,0.19,True,self.movies
1pbmesl,movies,Questions for Movies Fans - The Rock,0,18,1764617653.0,0.36,True,self.movies
1pa1h8h,movies,"Hard Boiled (1992, dir. John Woo) – The long take: Tequila and Alan fight their way through the hospital.",808,76,1764454719.0,0.93,False,v.redd.it
1pbg537,movies,"Official SILENT NIGHT, DEADLY NIGHT Retro Style Trailer",0,2,1764603941.0,0.49,False,youtu.be
1p9p41h,movies,"Despite having a script, James Cameron says his upcoming ‘Ghosts of Hiroshima’ movie has been put on the backburner",3420,366,1764423306.0,0.95,False,gamesradar.com
1pae4xy,movies,What movie impressed you the most this year?,87,342,1764494738.0,0.79,True,self.movies
1pb8efn,movies,I think Eternity could have had a better ending,1,3,1764581174.0,0.52,True,self.movies
1pa5fpf,movies,Have you ever accidentally picked up a mannerism from a movie?,371,701,1764465586.0,0.86,True,self.movies
1pa3vsa,movies,Blomkamp needs another shot,457,190,1764461198.0,0.83,True,self.movies
1pboxjf,movies,Political Holiday Movies?,0,20,1764623367.0,0.3,True,self.movies
1p9ursf,movies,"Tom Stoppard, Playwright and Oscar-Winning ‘Shakespeare in Love’ Screenwriter, Dies at 88",1434,103,1764437823.0,0.96,False,variety.com
1pbpiyw,movies,How accurate is the film Nuremberg? An expert historian’s verdict,0,2,1764624738.0,0.32,False,thetimes.com
1paon2z,movies,"Cristian Mungiu ('Graduation', '4 Months, 3 Weeks and 2 Days') Eyeing Cannes Debut For Upcoming Film ‘Fjord’ With Sebastian Stan &amp; Renate Reinsve",14,1,1764525250.0,0.67,False,deadline.com
1pbkq14,movies,Who's an actor/actress you know well but have not seen them act?,0,25,1764613993.0,0.42,True,self.movies
1pav0ci,movies,Best Movie Posters of 2025,6,5,1764540528.0,0.6,True,self.movies
1pbthm9,movies,Another reason why movies are struggling.,0,26,1764634361.0,0.28,True,self.movies
1pbiijj,movies,Recommend me some good movies!,0,20,1764609214.0,0.35,True,self.movies
1pal1rw,movies,What are movies that stand the test of time for you?,22,78,1764516670.0,0.7,True,self.movies
1pbncbf,movies,Movies. The moment you realized you believed a character more than the actor playing them.,0,8,1764619746.0,0.2,True,self.movies
1pamv9r,movies,I need more like “The Vanishing” (1988),15,26,1764521120.0,0.74,True,self.movies
1p9mx10,movies,The last 45 mins of Cast Away,3419,398,1764416384.0,0.95,True,self.movies
1pbrcbd,movies,"Does Yorgos Lanthimos even have a weak movie? I've seen four so far, and brilliance seems to radiate from all of them",0,42,1764628982.0,0.3,True,self.movies
1pbi1gy,movies,Who is this woman?,0,14,1764608197.0,0.42,True,self.movies
1pabu9t,movies,Favorite post-apocalyptic movie?,79,180,1764485926.0,0.86,True,self.movies
1pbnind,movies,Rachel Sennott’s Closet Picks | The Criterion Collection,0,38,1764620154.0,0.46,False,youtube.com
1pa7f3t,movies,"Lise Bourdin, French Model in the 1940s/1950s and Actress in Billy Wilder’s ‘Love in the Afternoon’, Dies at 99",154,2,1764471528.0,0.91,False,hollywoodreporter.com
1pa9p4k,movies,Inception (2010) “Final Kick” Dir. Christopher Nolan,107,28,1764478667.0,0.74,False,v.redd.it
1paowlv,movies,Recent movie director commentaries are depressing,12,52,1764525856.0,0.55,True,self.movies
1pakzjp,movies,"The feature directing debut of TV maestro John Wells (currently riding high off ""The Pitt""), 2010's layoff drama ""The Company Men"" is unfortunately as relevant today as it was when released in the wake of the Great Recession.",13,1,1764516516.0,0.68,True,self.movies
1pa5225,movies,Peter Weir on capturing the mood for Picnic at Hanging Rock,178,18,1764464504.0,0.91,False,abc.net.au
1paj97e,movies,"""After the Hunt"" is a movie that is bound to be reevaluated as years go by. The critics hated it in a disproportionate way",15,55,1764512024.0,0.62,True,self.movies
1pb3sub,movies,The Cat In The Hat (2026),0,7,1764564747.0,0.44,True,self.movies
1patqhe,movies,As a villain would you be more like Hary or Marv.,5,8,1764537395.0,0.58,True,self.movies
1p9waqz,movies,Barb Wire (1996)- “Don’t Call Me Babe” scene. Featuring Pamela Anderson- Directed by David Hogan,534,84,1764441577.0,0.83,False,v.redd.it
1p9phtq,movies,New Poster for Crime-Thriller 'Wasteman' - Starring David Jonsson ('Alien: Romulus') and Tom Blyth ('Hunger Games') - A mild mannered inmate's release is jeopardized by the arrival of a ruthless and violent new inmate.,1221,61,1764424405.0,0.95,False,i.redd.it
1pa65lj,movies,Please go see The Secret Agent. I haven't seen a better movie that's come out this year.,131,92,1764467717.0,0.74,True,self.movies
1p9mz6c,movies,Use of rear projection in Terminator 2: Judgement Day (1991),1569,92,1764416602.0,0.96,False,v.redd.it
1p9sa0u,movies,‘Rental Family’ Offers a No-Judgment Look at Hired Affection in Japan,699,16,1764431683.0,0.93,False,bloomberg.com
1pawunv,movies,'The Thing With Feathers' proves that sometimes metaphors get in the way of the story,2,7,1764545209.0,0.52,True,self.movies
1p9wnf8,movies,I am so happy Mad Max Fury Road exists...,377,134,1764442421.0,0.86,True,self.movies
1pbgo0u,movies,"When it comes to movies set in and about high or junior high school, what would make you want to watch them?",0,7,1764605131.0,0.17,True,self.movies
1pbbxmg,movies,Movie question,0,10,1764593404.0,0.29,True,self.movies
1pbjo76,movies,I was amazed to hear that North Koreans were screened foreign movies,0,11,1764611739.0,0.17,True,self.movies
1pbgn5l,movies,"When it comes to movies featuring high school students, where did the depiction of them as being so unlikeable come from?",0,10,1764605077.0,0.17,True,self.movies
1p9o7qb,movies,Movies where the villain is basically a hero if you tweak one thing?,876,921,1764420666.0,0.89,True,self.movies
1p97nlo,movies,‘Good Boy’ Star Indy the Dog Becomes the First Animal Nominated for a Film Award; Indy earned a historic Astra Award nomination for Best Performance in a Horror or Thriller,21772,559,1764367784.0,0.95,False,yahoo.com
1p9xwd2,movies,Tombstone (1993). Directed by George P. Cosmatos. Continuity of Biblical Motifs Between the Opening Scene and the Break Into Act III.,230,41,1764445485.0,0.86,False,v.redd.it
1p9sfvc,movies,I am deeply surprised that we don't have more Wizard of Oz media,461,262,1764432092.0,0.79,True,self.movies
1pbcdue,movies,Movies that are just plain freaking awesome,0,39,1764594646.0,0.35,True,self.movies
1p9y4dx,movies,"Those who were alive in the 50’s, 60’s, 70’s or 80’s- what modern movies best depict how everyday people *actually* dressed and acted?",220,387,1764446052.0,0.85,True,self.movies
1pbhlw0,movies,Movie musicals are being ruined by cringe culture,0,15,1764607224.0,0.33,False,youtu.be
1pba1bs,movies,Hot take: Not every good movie needs a sequel,0,32,1764587250.0,0.46,True,self.movies
1pbcolg,movies,Has your opinion of Home Alone 3 gone up since the release of the last 3 movies?,0,43,1764595465.0,0.36,True,self.movies
1pbbhf8,movies,Question about movie 'villains'.,0,16,1764592078.0,0.29,True,self.movies
1paxg9a,movies,Actors whose character has the same name.,3,124,1764546817.0,0.52,True,self.movies
1p9zogw,movies,If you're a fan of animation and sci-fi definitely check out Mars Express,121,28,1764450033.0,0.92,True,self.movies
1p9sl7o,movies,"Official Poster for 'SOUND OF FALLING' - Four girls, Alma, Erika, Angelika, and Lenka, each spend their youth on the same farm in northern Germany. As the home evolves over a century, echoes of the past linger in its walls. Though separated by time, their lives begin to mirror each other",296,12,1764432469.0,0.94,False,i.redd.it
1pbdvdb,movies,Official Poster for Corey Feldman vs. The World,0,22,1764598569.0,0.4,False,i.redd.it
1pavzja,movies,Tombstone Director's Cut Blu-Ray/Digital - Released or plans for release?,0,4,1764542993.0,0.5,True,self.movies
1p9or7r,movies,'Starship Troopers' Behind the Scenes Featurette | 1997,426,130,1764422285.0,0.88,False,youtu.be
1pb9joa,movies,Who else didn't know about this deleted fight scene between the masters in The Karate Kid?,0,9,1764585506.0,0.36,False,youtu.be
1p9v9jm,movies,Ludwig Göransson Is Taking Over Hollywood,181,39,1764439066.0,0.79,False,youtube.com
1pbgmla,movies,Where did the concept of athletes being repulsive sociopaths in high school/teen movies come from?,0,36,1764605042.0,0.21,True,self.movies
1pacitq,movies,Documentary movies that don’t rely on “talking heads”?,12,88,1764488519.0,0.62,True,self.movies
1pb2kjq,movies,Please suggest me movies like Manchester By The Sea FROM 2000 ONWARDS.,0,76,1764561032.0,0.47,True,self.movies
1pas9g5,movies,Movies that you feel are unofficially or spiritually connected/prequels/sequels,0,48,1764533849.0,0.5,True,self.movies
1paja9r,movies,Doing flashbacks well,4,6,1764512105.0,0.64,True,self.movies
1pb4wa3,movies,Why haven’t they made a live-action Captain Planet film yet?,0,32,1764568188.0,0.38,True,self.movies
1pb3941,movies,What character did an actor play so well that you (almost) disliked the actor after the movie because of it?,0,55,1764563041.0,0.43,True,self.movies
1pbby9w,movies,Some criticisms of RRR are more unfair than others,0,1,1764593451.0,0.17,True,self.movies
1pb34ax,movies,If you could show a movie to people in the 1970s to show how far we’ve come in terms of special FX/CGI,0,41,1764562629.0,0.38,True,self.movies
1pacba7,movies,any disaster movies set in the past?,9,75,1764487696.0,0.57,True,self.movies
1p9vvde,movies,Best rock songs written for movies,100,333,1764440521.0,0.83,True,self.movies
1pb66zj,movies,Spiderman into the Spiderverse is the most incredible 3D experience in existence,0,34,1764572720.0,0.44,True,self.movies
1p910k2,movies,“Netflix Lighting” and the Death of Cinematography,11078,900,1764351672.0,0.91,False,youtube.com
1pb5b34,movies,Why are filmmakers determined to make Wuthering Heights a love story?,0,12,1764569588.0,0.39,True,self.movies
1pakj59,movies,Please suggest a movie where villain actually wins.!,2,249,1764515384.0,0.51,True,self.movies
1pb43mr,movies,You ever rewatch a movie and it seems like they changed the entire plot because you remember absolutely nothing from it?,0,10,1764565633.0,0.36,True,self.movies
1papmqh,movies,"What’s a movie that has you rooting for someone from start to finish, only to have the story completely flip your perspective by the very end? Which films have pulled off twists like this best?",0,46,1764527570.0,0.47,True,self.movies
1pb8ex9,movies,Why does nobody remember diane johnson as the real genius behind the shining?,0,15,1764581226.0,0.3,True,self.movies
1paxgmd,movies,Movie posters that lived up to their promises and those that didn't,0,19,1764546845.0,0.5,True,self.movies
1pb48x6,movies,What are some movies you recommend,0,16,1764566096.0,0.29,True,self.movies
1pankzv,movies,That’s a great idea! But…what happens next…?,0,13,1764522784.0,0.44,True,self.movies
1pa6mf6,movies,"How has there not been a Splinter Cell, Sam Fisher movie or show yet?",14,30,1764469108.0,0.57,True,self.movies
1pb2i9d,movies,Is David (2025) Ai,0,29,1764560842.0,0.38,True,self.movies
1p94mnh,movies,The Cell (2000)- Enter the Demon King aka Carl Stargher. Dir. by Tarsem Singh,2826,389,1764360237.0,0.94,False,v.redd.it
1pajahw,movies,"I built a personal tool to centralize movie info sources after years of messy Safari bookmarks, maybe it’s useful for others too",1,7,1764512122.0,0.53,True,self.movies
1p9wjic,movies,Movies/scenes that made you cry,36,171,1764442167.0,0.74,True,self.movies
1p9m83k,movies,Rango (2011) - Mama had an active social life | Directed by Gore Verbinski,126,18,1764413895.0,0.84,False,v.redd.it
1payp2g,movies,Can’t remember what this movie is called,0,9,1764550086.0,0.25,True,self.movies
1p9xatp,movies,Saturday Night 2024. Milton Berle and George Carlin. Dir Jason Reitman,24,14,1764444028.0,0.62,False,youtu.be
1paz4uw,movies,Why do some great directors not get noticed?,0,33,1764551279.0,0.39,True,self.movies
1pay7bu,movies,"Most U.S. movies that include aliens or other space-related threats typically depict the U.S. Air Force as the responding military branch. Now that the U.S. Space Force has been created, do you think filmmakers will start using it instead when making these types of films?",0,12,1764548764.0,0.31,True,self.movies
1pa0x14,movies,What's a random scene in a movie that makes you inexplicably emotional?,14,54,1764453255.0,0.67,True,self.movies
1p9qycf,movies,"AMA/Q&amp;A Announcement - Jerry Bruckheimer - Thursday 12/11 at 12:00 PM ET - Legendary Hollywood producer of films/series such as Top Gun, Bad Boys, Pirates of the Caribbean, National Treasure', F1, Con Air, Black Hawk Down, Armageddon, The Rock, Beverly Hills Cop, Pearl Harbor, Remember the Titans.",44,14,1764428316.0,0.72,False,i.redd.it
1pao8wj,movies,Johnny Got His Gun Question,0,7,1764524338.0,0.41,True,self.movies
1pau4z2,movies,"Jessica Alba was sensational in ""HONEY"" (2003), a guilty pleasure which is best served as the ideal afternoon film. Enjoyable, engaging and silly.",0,10,1764538376.0,0.4,True,self.movies
1p8y6ov,movies,"Lucy Liu Enters a Risky New Chapter: The trailblazing star talks facing decades of industry “disrespect,” fighting for her first true starring film vehicle in 'Rosemead,' and the complex legacy of 'Kill Bill'.",2679,205,1764345054.0,0.92,False,hollywoodreporter.com
1paucfy,movies,Rank The Jurassic Park/World Series,0,41,1764538883.0,0.38,True,self.movies
1pak5jy,movies,Inexpensive 1080p Blu Ray player with dynamic range compression?,0,5,1764514438.0,0.43,True,self.movies
1p9pub5,movies,War Games on Prime right now 1983. I never really thought about the prediction of AI in the movie.,34,56,1764425355.0,0.65,True,self.movies
1patokv,movies,Ne Zha 2 left me confused.,0,6,1764537264.0,0.22,True,self.movies
1pavj61,movies,Zootopia 2 and Disney's Fear of Romance,0,26,1764541826.0,0.42,False,indiewire.com
1patu0e,movies,James Bond,0,23,1764537635.0,0.4,True,self.movies
1pamskg,movies,Are movies with scenes involving leaches always good movies?,0,15,1764520941.0,0.42,True,self.movies
1p9gelg,movies,The assassination of Jesse James.,137,41,1764392900.0,0.9,True,self.movies
1p9wdmg,movies,Older movie about an inbred family on an island,10,14,1764441772.0,0.62,True,self.movies
1p92xdf,movies,"The movie didn't change, I did. (Excalibur - 1981)",802,366,1764356156.0,0.93,True,self.movies
1p9uimj,movies,Dinosaurs As The Enemy,12,73,1764437199.0,0.57,True,self.movies
1p9wucr,movies,The “thriller on a vehicle in the middle of nowhere” trope/formula is absolute perfection,8,13,1764442885.0,0.66,True,self.movies
1paqrt5,movies,Do you have trouble turning off and enjoying movies?,0,15,1764530274.0,0.3,True,self.movies
1p9ufbw,movies,What well known famous 'old' movie did you only just see?,11,103,1764436968.0,0.65,True,self.movies
1p9u0j6,movies,"Some movies aren’t masterpieces, but they become a part of your life anyway",10,27,1764435950.0,0.64,True,self.movies
1p9edft,movies,Last Really Good Movie You Watched?,123,610,1764386637.0,0.79,True,self.movies
1paa0eo,movies,"Thoughts on “Anemone” (2025) Starring Daniel Day-Lewis, directed by his son?",1,5,1764479644.0,0.53,True,self.movies
1p9b67w,movies,In Volcano there's a moment with Tommy Lee Jones that's definitely off.,167,98,1764377239.0,0.81,True,self.movies
1pa4n06,movies,[Movie/TV][~2010s] Scene with a white human silhouette on a white background bleeding from the mouth,1,6,1764463301.0,0.52,True,self.movies
1pan5ov,movies,"Irreversible [2002, dir. Gaspar Noé] - Long take of Vincent Cassel &amp; Albert Dupontel searching through a sex club looking for the man who raped their friend",0,21,1764521806.0,0.42,False,v.redd.it
1p9u4fs,movies,What character received a good face slap RIGHT when they really needed one?,8,49,1764436219.0,0.59,True,self.movies
1paqfae,movies,"The best comedy movies ever made, the ultimate list !",0,23,1764529443.0,0.17,True,self.movies
1pamrny,movies,Why are all the great Christmas films... old?,0,38,1764520883.0,0.25,True,self.movies
1p9b8co,movies,"What are your “staples” of sci fi films, and why?",139,304,1764377414.0,0.83,True,self.movies
1pamjmu,movies,What are some movie scenes that avoided nudity where nudity would have made sense to have VS movie scenes with nudity that made no sense to have?,0,60,1764520341.0,0.31,True,self.movies
1p9bdep,movies,"I watched Hugo (2011) with my kids. Great movie, but an even better experience",122,19,1764377813.0,0.92,True,self.movies
1pahy0g,movies,What factors might cause a film to be cancelled?,0,14,1764508270.0,0.36,True,self.movies
1pagsg3,movies,So was there any physical slapstick comedians that was similar to Jackie Chan based on Jackie's goofy and slapstick humour in his action and comedy films?,0,35,1764504551.0,0.4,True,self.movies
1p911ea,movies,"First Poster for Thriller 'The Dutchman' - Starring Andre Holland, Kate Mara, and Zazie Beetz - A businessman is drawn into a sexualized game of cat and mouse with a mysterious woman on a subway that leads to a violent conclusion.",372,63,1764351733.0,0.87,False,i.redd.it
1p9uqo7,movies,"In Planes, Trains, &amp; Automobiles, Was Neal really bumped to Coach?",3,24,1764437746.0,0.53,True,self.movies
1p8ulkh,movies,Plot holes caused by adaptation changes,725,553,1764335802.0,0.87,True,self.movies
1p8ivkd,movies,Is there a Horror movie that completely advertised it as a normal film?,6256,2845,1764294942.0,0.95,True,self.movies
1pak7oz,movies,"Which actress from the 70s, 80s, 90s and 2000s are quite similar to the 80s star actress Jennifer Grey from Red Dawn, Ferris Bueller's Day off and Dirty Dancing films. What do you guys think?",0,4,1764514592.0,0.22,True,self.movies
1p8vg4s,movies,"AMA/Q&amp;A Announcement - Zazie Beetz - Monday 12/15 at 12:30 PM ET - Actress in 'Deadpool 2', 'Joker', 'Atlanta', 'Bullet Train', 'Nine Days', 'Invincible', 'The Harder They Fall', 'The Bad Guys', and lots more.",578,28,1764338191.0,0.89,False,i.redd.it
1p91ch8,movies,The Great Beatles Documentary That’s Nearly Impossible to See (Legally),272,57,1764352474.0,0.86,False,nytimes.com
1pajlp0,movies,The Last Samurai,0,38,1764512972.0,0.15,True,self.movies
1p9acqi,movies,Is JustWatch giving you all incorrect info?,81,28,1764374986.0,0.81,True,self.movies
1p93m9o,movies,"She's Out of my League is one of the last of the Judd Apatowian type of comedies that's missing today. Not only is it out flat out funny, but there's such realism in both the ridiculously pretty girl lead( Alice Eve) and the nerd lead (Jay Baruchel) that makes you root for them.",200,62,1764357775.0,0.78,True,self.movies
1p9767h,movies,'The Secret Agent' Is Brazil's Oscar Submission for a Reason,100,2,1764366590.0,0.89,False,rollingstone.com
1pagn2j,movies,Animation is an underexplored medium,0,11,1764504039.0,0.25,True,self.movies
1pa1uxs,movies,"What movies are your favorite examples of leadership and/or teamwork competence, and why?",0,28,1764455727.0,0.48,True,self.movies
1p9amtx,movies,First look at Dafne Keen in Night Comes an Apocalyptic thriller via Big Pictures Cinema Group,60,1,1764375740.0,0.78,False,i.redd.it
1pa1pbm,movies,Caught Stealing.   Austin Butler is a great actor.,0,24,1764455309.0,0.5,True,self.movies
1p8q3zl,movies,"We have ""so bad its good"" but what about ""so good its bad""?",973,685,1764319891.0,0.87,True,self.movies
1paihiq,movies,"Was Count Orlok the estranged father of Frau Ellen Hutter in the movie, Nosferatu 2024?",0,7,1764509864.0,0.13,True,self.movies
1p9a3zv,movies,The Spine of Night (2021) fucking RULES! It satisfied my dark fantasy cravings completely. It's like a combination between Fire &amp; Ice and Metalocalypse,54,10,1764374350.0,0.86,True,self.movies
1pa5h89,movies,"What other movie or series has a multi-layered / mirror world like the ""upside down"" in Stranger Things?",0,117,1764465705.0,0.49,True,self.movies
1pah1c9,movies,Savannah smiles and healing from CPTSD,0,2,1764505380.0,0.31,False,youtu.be
1p9rgd0,movies,Recommend a movie to me,2,42,1764429585.0,0.53,True,self.movies
1p9ht9n,movies,Train Dreams,16,3,1764397603.0,0.75,True,self.movies
1p96x78,movies,What are some movies that are more about a location than the characters in it?,75,157,1764365970.0,0.82,True,self.movies
1p88bg0,movies,"James Cameron Says if Avatar: Fire and Ash Doesn't Make Enough Money to Justify Avatar 4 and 5, He's Ready to Walk Away and Write a Book to Resolve the One Thread It Leaves Open - IGN",24707,2801,1764265418.0,0.92,False,ign.com
1p9feu4,movies,"The movie where a man yells ""you bastard"" in Spanish before a bomb goes off",17,8,1764389800.0,0.65,True,self.movies
1p9xifc,movies,Sid Sheinberg - Spaceman From Pluto,1,9,1764444537.0,0.56,True,self.movies
1pac7wa,movies,Terror at London Bridge (or Bridge Across Time) (1985) (dir. E.W. Swackhamer),0,8,1764487335.0,0.37,False,youtube.com
1p8dueq,movies,New Posters for ‘Kill Bill: The Whole Bloody Affair’,4563,202,1764279751.0,0.96,False,i.redd.it
1pa74bm,movies,What’s your favorite dinosaurs from the Jurassic movies?,0,19,1764470623.0,0.42,True,self.movies
1p8zlbl,movies,Which movie made you sit in silence after the credits rolled ?,119,644,1764348377.0,0.75,True,self.movies
1p9cdk6,movies,Spy Kids (2001),21,10,1764380707.0,0.71,True,self.movies
1paas35,movies,"The movie ""No Exit"" is a movie I don't see reviewed correctly. Or at least insightfully.",0,1,1764482158.0,0.34,True,self.movies
1paf0gn,movies,Does anyone NOT like the Now You See Me franchise?,0,39,1764498110.0,0.23,True,self.movies
1paa1ys,movies,Kevin Costner,0,24,1764479785.0,0.32,True,self.movies
1p8yx32,movies,"SILENT NIGHT, DEADLY NIGHT poster. A new vision for the controversial horror franchise that opens in theaters on December 12.",70,41,1764346799.0,0.7,False,i.redd.it
1p87pu3,movies,Macaulay Culkin Open to ‘Home Alone’ Sequel and Shares Idea: Kevin McCallister Faces Off Against His Son to Get Into Their Locked House,4879,387,1764263940.0,0.94,False,variety.com
1pa7wtn,movies,So I rewatched The Batman w/ Pattinson and I feel like it takes place in the same work as Se7en,0,18,1764473003.0,0.4,True,self.movies
1pa44q5,movies,Cleo fixing up her Impala after the first robbery (Set It Off),0,3,1764461887.0,0.35,True,self.movies
1p92npi,movies,New film adaptation of Camus’s L’Étranger opens old colonial wounds,36,6,1764355512.0,0.77,False,theguardian.com
1p90mrc,movies,"Cahiers du cinéma’s Top 10 Films of 2025 Includes Afternoons of Solitude, One Battle After Another, and Nouvelle Vague",49,41,1764350783.0,0.79,False,thefilmstage.com
1p8vm9o,movies,"AMA/Q&amp;A Announcement - Shih-Ching Tsou - Monday 12/8 at 3:00 PM ET - Director of Netflix's Upcoming Oscar-Contender 'Left-Handed Girl', Producer of 'The Florida Project', 'Red Rocket', 'Tangerine', and 'Starlet'",88,1,1764338634.0,0.79,False,i.redd.it
1p8iekw,movies,Gladiator (2000) “Are you not entertained?” Dir. Ridley Scott,771,178,1764293473.0,0.85,False,v.redd.it
1p9zmpq,movies,Strange Low Budget Horror Movie on Tubi,0,17,1764449906.0,0.38,True,self.movies
1p8v3vu,movies,Jafar Panahi’s ‘It Was Just An Accident’ Wins Best Film At Asia Pacific Screen Awards,76,7,1764337237.0,0.84,False,deadline.com
1pa4hy8,movies,Is there somewhere I can watch movies with people online for free?,0,34,1764462905.0,0.38,True,self.movies
1p9fd4l,movies,Sentimental Value,4,8,1764389657.0,0.57,True,self.movies
1pa2y30,movies,With all these extended cuts and directors cuts…do they film 10 hour movies then edit them down?,0,15,1764458638.0,0.15,True,self.movies
1p8xlfa,movies,The Gift (2015) doesn't get talked about enough,49,34,1764343617.0,0.66,True,self.movies
1pa5w08,movies,"Need a movie that will change my life, that I haven’t seen yet pls",0,111,1764466908.0,0.32,True,self.movies
1pa2o6z,movies,Which sequels did we really not need (but got anyway)?,0,61,1764457888.0,0.38,True,self.movies
1pa39en,movies,Movies with female character who declaration of love,0,8,1764459491.0,0.15,True,self.movies
1pa6tkh,movies,Movies that completely subverted what you thought it was gonna be.,0,27,1764469712.0,0.29,True,self.movies
1pa53zj,movies,I’ve seen Ghostbusters probably a hundred times but,0,12,1764464656.0,0.35,True,self.movies
1pabhi0,movies,Ready Player One is the best movie I've watched in 2025! Can't believe I hadn't before.,0,20,1764484628.0,0.22,True,self.movies
1p83pm5,movies,"Chance, Sassy and Shadow are reunited with their family - from the ending to ""Homeward Bound: The Incredible Journey"" (1993, directed by Duwayne Dunham)",4207,455,1764254144.0,0.94,False,v.redd.it
1pa0y5z,movies,thoughts on Titanic (1997)?,0,50,1764453333.0,0.36,True,self.movies
1p9zd02,movies,Finding the average internet ranking of: Disney Animation Studios,0,1,1764449204.0,0.25,True,self.movies
1pa5rhc,movies,Would you consider 1987 the Running Man a Christmas movie?,0,13,1764466529.0,0.2,True,self.movies
1p9yw86,movies,We need a third haunted house,0,1,1764448017.0,0.29,True,self.movies
1pa6zpl,movies,Recast LotR?,0,20,1764470227.0,0.11,True,self.movies
1pa68wx,movies,Lie with Me (2005)- Addicted to sex with him scene- Dir. by Clement Virgo,29,13,1764468001.0,0.56,False,v.redd.it
1p8a09d,movies,Joel Edgerton’s Anti-Charisma Has Become His Greatest Strength,1445,179,1764269585.0,0.93,False,vulture.com
1pa4bps,movies,Home Alone in an hour?!,0,21,1764462417.0,0.27,True,self.movies
1p9s9bk,movies,Give me animated movie / series recs based on the animated movies I like,0,19,1764431635.0,0.39,True,self.movies
1p9zino,movies,What would stop you from watching contents which are not in your preferred language?,0,11,1764449614.0,0.25,True,self.movies
1p9oovy,movies,What’s a movie you liked way more the second time or more watching it?,0,43,1764422104.0,0.5,True,self.movies
1pa220s,movies,"the holy trinity of detective thrillers (in my opinion): what do you prefer: SE7EN, L.A Confidential, or The Usual Suspects?",0,6,1764456246.0,0.07,True,self.movies
1p8vmbf,movies,Films with better sequels,35,203,1764338638.0,0.66,True,self.movies
1p9xwe1,movies,"""Dude, That Story Wouldn't Work""",0,11,1764445487.0,0.32,True,self.movies
1p9glu3,movies,"In search of movie name, 90s/2000s animated movie or possible holiday special where animals find an injured bird",2,8,1764393558.0,0.56,True,self.movies
1p9ukj8,movies,Help me identify a song...,0,2,1764437330.0,0.31,True,self.movies
1p85arg,movies,Why do I have to hold the TV remote like a detonator when watching modern movies?,1905,412,1764258123.0,0.9,True,self.movies
1p9ugk9,movies,Give a terrible 1 line blurb of a well known movie and see if the others can guess what it is.,0,57,1764437055.0,0.44,True,self.movies
1p8arx2,movies,Franchises where the first movie was enough,825,1668,1764271535.0,0.88,True,self.movies
1pa1pt4,movies,Tarantino says Scorsese hasn’t made a film as exciting as ‘West Side Story’ this century,0,45,1764455347.0,0.35,True,self.movies
1p85yr4,movies,‘SNL’s Marcello Hernández &amp; ‘Superman’s Skyler Gisondo Join ‘Shrek 5’ As Shrek &amp; Fiona’s Sons,1393,163,1764259747.0,0.91,False,deadline.com
1pa1881,movies,Black Sabbath (1963) review - Creepy anthology horror starring Boris Karloff,0,1,1764454062.0,0.17,False,youtu.be
1pa0qt8,movies,How I would rank the 2020’s Oscar best picture winners so far.,0,11,1764452798.0,0.21,True,self.movies
1p9xxr7,movies,Quentin Tarantino Reveals Why He Revived Lost Chapter From ‘Kill Bill’ for Fortnite Collaboration,0,26,1764445579.0,0.4,False,hollywoodreporter.com
1p81tvx,movies,"Thomas Newman (‘WALL-E’, ‘The Shawshank Redemption’) Will Compose the Score for Shawn Levy’s ‘Star Wars: Starfighter’",1870,138,1764248998.0,0.95,False,comingsoon.net
1p7zsk1,movies,"Watching ""How the Grinch Stole Christmas"" (2000) with my little nephew and noticed....",2583,382,1764242339.0,0.88,True,self.movies
1p9bjyd,movies,Cinematography of BUGONIA (2025) | Tame Impala,4,5,1764378326.0,0.54,False,youtu.be
1p9shyf,movies,Movie idea,0,13,1764432236.0,0.3,True,self.movies
1p8inah,movies,Recent movies similar to mid 2000s goofball films like Superbad,137,181,1764294232.0,0.83,True,self.movies
1p9mzrc,movies,Films with a score like Nosferatu (1922)?,0,3,1764416662.0,0.36,True,self.movies
1p9sovw,movies,The moment you realized modern films are starting to look too clean and it changes how they feel.,0,14,1764432727.0,0.24,True,self.movies
1p8xxfs,movies,Is there any chains of movies within movies?,9,88,1764344435.0,0.58,True,self.movies
1p9rdtg,movies,Suppose you could magically pick any THREE dormant movie franchises to have another sequel… which ones would you choose?,0,11,1764429407.0,0.21,True,self.movies
1p9vuqj,movies,Heartland Harmony | Official Trailer,0,2,1764440475.0,0.19,False,youtube.com
1p9tnso,movies,What Movie Series should i watch next?,0,29,1764435100.0,0.22,True,self.movies
1p9ri7y,movies,Is The Substance a Saturday night movie?,0,58,1764429715.0,0.4,True,self.movies
1p95tw5,movies,The Trigger Effect (1996),2,3,1764363241.0,0.6,True,self.movies
1p8wsob,movies,What’s your favorite story within a story?,9,33,1764341660.0,0.65,True,self.movies
1p9qla9,movies,my top 20 most anticipated movies of 2026,0,16,1764427354.0,0.27,True,self.movies
1p9oq6f,movies,Wake Up Dead Man question,0,4,1764422204.0,0.31,True,self.movies
1p8kiz7,movies,Movies that have excellent flow and are made for multiple re-watches,73,151,1764300172.0,0.8,True,self.movies
1p8jwco,movies,What movies have pregnant heroic characters?,74,117,1764298146.0,0.72,True,self.movies
1p9ront,movies,Does Edward Furlong deserve the career he’s had?,0,8,1764430162.0,0.24,True,self.movies
1p9okw3,movies,What’s a movie franchise you loved and no longer care about now?,0,79,1764421772.0,0.42,True,self.movies
1p88q82,movies,"What’s a movie you went into knowing almost nothing, and it totally surprised you ?",342,1150,1764266410.0,0.92,True,self.movies
1p8kmlo,movies,Movies about Big City people in Small Towns,57,232,1764300505.0,0.77,True,self.movies
1p9u69y,movies,Would Predator 2(1990) have been more successful if it starred Mr. T?,0,16,1764436343.0,0.09,True,self.movies
1p9s21d,movies,Is the Running Man (2025) worth seeing for the action scenes?,0,15,1764431117.0,0.2,True,self.movies
1p88a5s,movies,Great new interview with David Dastmalchian about his role in Denis Villeneuve’s ‘Prisoners’,247,17,1764265326.0,0.9,False,vulture.com
1p8njn4,movies,what’s your go-to movie?,22,61,1764310238.0,0.62,True,self.movies
1p8jc37,movies,What’s a classic or critically acclaimed movie you appreciate more than you actually enjoy?,40,117,1764296362.0,0.72,True,self.movies
1p9mvem,movies,Green Book is a great movie!,0,19,1764416218.0,0.36,True,self.movies
1p9ls9q,movies,Script vs Story,0,1,1764412244.0,0.14,True,self.movies
1nna3cb,movies,Dog Day Afternoon- what a masterclass in acting,112,31,1758506217.0,0.84,True,self.movies
