id,subreddit,title,score,num_comments,created_utc,upvote_ratio,is_self,domain
1pi8zu6,Music,Man Who Rushed Ariana Grande at ‘Wicked’ Premiere Kicked Out of Lady Gaga Concert in Australia,2914,126,1765290995.0,0.96,False,variety.com
1pi84e3,Music,"Gene Simmons on If KISS Would Play Turning Point USA's Super Bowl Halftime Show: ""How Much?""",599,248,1765288772.0,0.86,False,consequence.net
1pi2sei,Music,Music Icon Pharrell Criticizes Political Division: “I Don’t Believe In Either Side”,583,762,1765270992.0,0.65,False,newzsquare.com
1pi2ipz,Music,'His eyes were black': Syd Barrett's haunting final meeting with Pink Floyd,468,34,1765269879.0,0.93,False,inews.co.uk
1pi4ma5,Music,"Father of Amy Winehouse accuses friends of secretly selling her belongings for £700,000, High Court hears.",301,5,1765278008.0,0.96,False,nme.com
1picc99,Music,Man who rushed Ariana Grande on red carpet kicked out of Lady Gaga concert in Australia,71,8,1765298708.0,0.88,False,azexpress.net
1pi8br5,Music,"Raul Malo, Golden-Voiced ‘Maestro’ of the Mavericks, Dead at 60",104,33,1765289279.0,0.96,False,rollingstone.com
1phffoz,Music,50 Cent Labelled 'Hater of the Century' as Viewers Spot Strategic ABC Interview Aimed at Diddy,6521,315,1765208051.0,0.97,False,ibtimes.co.uk
1phe7i7,Music,"After her debut, Kesha was convinced “the whole world thought I couldn’t sing and I was stupid”",6858,616,1765205221.0,0.94,False,rollingstone.com
1phnq1r,Music,"Justin Timberlake 'Prioritizing His Health' After Lyme Disease Diagnosis, 'Grueling' Tour",1936,507,1765226590.0,0.9,False,people.com
1piaicb,Music,What's some essential albums everyone should listen to?,53,149,1765294596.0,0.83,True,self.Music
1phmytk,Music,Hayley Williams “blacked out” while performing on stage with PinkPantheress,1924,89,1765224893.0,0.89,False,nme.com
1phs8qn,Music,50 Cent claims Diddy sent 'creepy' gift from prison after Netflix doc,857,63,1765237402.0,0.95,False,thetab.com
1phga35,Music,Garbage Fans Flood Crowd with Beach Balls Following Shirley Manson’s Rant,2897,397,1765209948.0,0.95,False,consequence.net
1phag1t,Music,Spotify now features AI band clones,3593,467,1765194610.0,0.96,True,self.Music
1pif7oi,Music,How To Ditch Spotify and Support Music in the age of fake non-human created music and the screwing over of artists.,14,3,1765305225.0,0.72,False,touchgrass.fightforthefuture.org
1pidnsk,Music,In Memoriam: Phil Vinall,12,1,1765301607.0,1.0,True,self.Music
1piao70,Music,Mavericks Singer Raul Malo Dies at 60,15,6,1765294964.0,0.95,False,mechical.com
1pife77,Music,Joy Division - Isolation [Post-Punk] (1980),7,0,1765305706.0,1.0,False,youtu.be
1phiqx8,Music,"At 85 Years Old, Bob Dylan Will Embark on US Tour in 2026",695,231,1765215494.0,0.94,False,consequence.net
1phsbxf,Music,"Dave Mustaine Admits His Health Concerns Played A Role In Ending Megadeth: ""My Hands Were Letting Me Down""",222,29,1765237629.0,0.96,False,theprp.com
1pifdac,Music,"Raul Malo, beloved lead singer of the Mavericks, dies at 60 following cancer battle",7,0,1765305646.0,0.82,False,mlive.com
1ph8bqx,Music,Gene Simmons' unflattering comments about Trump resurface amid Kennedy Honors,2642,141,1765186825.0,0.96,False,themirror.com
1pifq0r,Music,Song that changed it all.,6,10,1765306414.0,1.0,True,self.Music
1pic1xv,Music,Engelbert Humperdinck recalls the night Jimi Hendrix played in his band,6,2,1765298067.0,0.75,False,app.com
1pi6kez,Music,Bad Brains - I Against I [Hardcore Punk],11,0,1765284554.0,1.0,False,youtu.be
1pibkn1,Music,The Cramps - Fever [Rock],5,0,1765296994.0,1.0,False,youtube.com
1pi9p0v,Music,DETHKLOK and AMON AMARTH to co-headline North American tour,5,1,1765292678.0,0.86,False,lambgoat.com
1pico2r,Music,Linkin Park - My December [Nu Metal],4,0,1765299443.0,1.0,False,youtu.be
1phh27h,Music,Liam Lynch - United States of Whatever [Alt Rock],359,38,1765211724.0,0.97,False,youtu.be
1pi5mly,Music,The Dixie Cups - Iko Iko [R&amp;B],10,1,1765281579.0,1.0,False,youtu.be
1pia9v5,Music,Lucid Express - Hotel 65 [shoegaze](2021),4,4,1765294044.0,1.0,False,youtube.com
1pifz9o,Music,Gang of Four - Love Like Anthrax (Damaged Goods EP) [Post-Punk],2,0,1765306961.0,1.0,False,youtube.com
1pifiat,Music,Rza &amp; Treach - Raw Deal Radio Freestyle [Old School Hip-Hop] (1991),2,0,1765305968.0,1.0,False,youtu.be
1phzig1,Music,"Brian Eno &amp; John Cale - Spinning Away [Alternative, Electronic]",21,8,1765258615.0,0.99,False,youtu.be
1phfmuw,Music,AI artists are getting out of hand on Spotify,241,142,1765208506.0,0.85,True,self.Music
1pia6ah,Music,"The Mavericks - Dance The Night Away  [Pop rock, Latin]",3,1,1765293822.0,1.0,False,youtu.be
1pidjsc,Music,Tindersticks - Show Me Everything [Rock],2,0,1765301365.0,1.0,False,youtube.com
1picq84,Music,"What's going on with Chingon's new ""music""?",2,2,1765299576.0,0.67,True,self.Music
1pi936a,Music,Music History Events: albums released December 9,3,0,1765291220.0,1.0,False,
1phnd0h,Music,Portugal ft. Weird Al - Killing in the Name [Rock],87,9,1765225772.0,0.95,False,youtu.be
1phrqte,Music,"Hi everyone, I’m artist / songwriter / composer Rufus Wainwright. Two new albums out and a pop record coming next year. AMA on December 10th @ 12:00 pm PT!",48,29,1765236107.0,0.93,True,self.Music
1pi1nyo,Music,Gordon Goodwin 😞,8,2,1765266341.0,0.79,True,self.Music
1pi2no2,Music,The Parachute Club - Rise Up [Synth-Dancepop] (1983),7,2,1765270471.0,0.89,False,youtube.com
1pi7d0x,Music,Jawbreaker - Boxcar [alternative rock / post-hardcore],3,2,1765286774.0,1.0,False,youtu.be
1pig85z,Music,This is a long shot,1,0,1765307508.0,1.0,True,self.Music
1pig72i,Music,NPR's Best Songs of 2025,1,0,1765307437.0,1.0,False,npr.org
1pig3wb,Music,ISO Grateful Dead song book with chords/Lyrics/tab!,1,0,1765307237.0,1.0,False,
1pig1r0,Music,How Chicago Protest Music Is Meeting The Political Moment,2,0,1765307110.0,1.0,False,blockclubchicago.org
1phw1im,Music,The song that unexpectedly changed my entire music taste,21,323,1765247684.0,0.55,True,self.Music
1pifakp,Music,"Bach, Beethoven, Chopin, Mozart - Joint Force Soundtrack [Classical]",1,0,1765305449.0,1.0,False,youtube.com
1pif59m,Music,Deftones Have Partnered With A Young Hometown Soccer Squad For Their Official Season Jerseys,1,0,1765305046.0,1.0,False,theprp.com
1pi963c,Music,"What band elicits a unique emotional response for you? For me, it’s Fruit Bats.",2,0,1765291413.0,1.0,False,
1pi62ra,Music,The Dresden Dolls - Coin-Operated Boy [Alt Indie],3,0,1765283021.0,0.71,False,youtu.be
1phx3ha,Music,Lonliness When There's No One To Share Your Music With,16,15,1765250665.0,0.72,True,self.Music
1pi02pq,Music,John Prine - I Just Want to Dance With You [country],9,0,1765260550.0,0.81,False,youtu.be
1pidyp3,Music,Pink Floyd's Nick Mason Sees 'No Future' for David Gilmour and Roger Waters: 'I’m more of the Neville Chamberlain of our band',0,3,1765302273.0,0.36,False,vulture.com
1pidkgf,Music,Archspire - Carrion Ladder (2025) [Extreme Technical Death Metal],0,0,1765301406.0,0.33,False,youtu.be
1pidfqr,Music,Good people in music,0,10,1765301117.0,0.5,True,self.Music
1pi4maj,Music,THE HOLLIES - CLOWN [ROCK],3,0,1765278009.0,1.0,False,youtu.be
1picjvx,Music,I'm really sick of this!,0,1,1765299182.0,0.5,True,self.Music
1pich5w,Music,The Royal Macadamians - Arbeit Macht Frei [Spoken Word Rock],1,0,1765299010.0,1.0,False,youtube.com
1phcqjd,Music,"The Cure’s Robert Smith Curates All-Star 2026 Teenage Cancer Trust Gig Line-Up: My Bloody Valentine, Garbage, Placebo &amp; More",141,4,1765201461.0,1.0,False,billboard.com
1pic3mz,Music,Maribou State - Glasshouses is the same song as Maribou State - Steal,0,1,1765298170.0,0.33,True,self.Music
1phvqvm,Music,Favorite Albums Produced By Rick Rubin.,12,76,1765246871.0,0.67,False,
1phs92c,Music,David Bowie - Moonage Daydream (live) [Rock],20,0,1765237427.0,1.0,False,youtube.com
1phszne,Music,The Black Crowes - Jealous Again [Rock],18,2,1765239345.0,0.95,False,youtube.com
1phowrh,Music,Iggy Pop w. Kate Pierson - Candy   [Pop Rock/Alternative Rock]  (1990),28,4,1765229292.0,0.95,False,youtube.com
1piadla,Music,"Yung Wun ft. David Banner - Walk It, Talk It [Hip-Hop/Rap]",1,1,1765294281.0,1.0,False,youtu.be
1phxy7y,Music,Mark Knopfler - What It Is [Rock],8,1,1765253203.0,1.0,False,youtu.be
1pi9dks,Music,Anyone else write songs using partial chords to shape the melody instead of full voicings.,0,4,1765291905.0,0.5,True,self.Music
1pi9aro,Music,Meghan Trainor - All The Ways [Pop],0,3,1765291720.0,0.5,False,youtu.be
1phbhb1,Music,DVDA - Now You're A Man [Rock],101,20,1765197911.0,0.91,False,youtu.be
1ph7nfi,Music,PEACHES - FUCK THE PAIN AWAY [ELECTRO],198,24,1765184102.0,0.9,False,youtu.be
1pgiqdv,Music,White House use clip of Sabrina Carpenter on ‘SNL’ for new ICE deportation video,7242,681,1765115195.0,0.93,False,nme.com
1pi7dai,Music,Sam Phillips - Private Storm [pop / psychedelia],1,1,1765286796.0,1.0,False,youtu.be
1pi6kgk,Music,Stray View veröffentlichen neue Single „Collide“,1,0,1765284558.0,0.67,False,paranoyd-magazin.de
1pi0bd6,Music,Country Teasers - Thank You God for Making Me An Angel [garage rock],2,1,1765261348.0,0.67,False,youtu.be
1pi2bor,Music,Joywave - Like a Kennedy [Indie Rock],2,2,1765269059.0,0.76,False,youtu.be
1pi5nry,Music,HoneyWorks feat. mona (CV: Shiina Natsukawa) - MADE IN JAPAN [J-pop/Electro-pop],1,0,1765281669.0,0.67,False,youtube.com
1pi5gkd,Music,Stephane Legar - Rose Gold [Indie pop],1,0,1765280986.0,1.0,False,youtube.com
1phkiwu,Music,Blink-182 - Dammit [Pop Punk],24,3,1765219445.0,0.84,False,youtu.be
1pgwrap,Music,Primus - My Name Is Mud [alternative metal] (1993),686,114,1765149523.0,0.93,False,youtu.be
1phpsht,Music,Joan Jett - Shout [rock],11,0,1765231347.0,1.0,False,youtu.be
1phtnye,Music,Blues Traveler - I Have My Moments [jam band],7,0,1765241147.0,1.0,False,youtu.be
1phk4bp,Music,Saint Etienne on their farewell album and tour: “It’s a good point to stop – let’s not fuck it up now”,19,5,1765218529.0,0.91,False,nme.com
1pi7ju4,Music,what song would you listen to while hitting the hardest set of your life in the gym?,0,13,1765287289.0,0.38,False,
1pi3fw1,Music,Nas - Get Light [Rap],1,1,1765273589.0,1.0,False,youtu.be
1phxa00,Music,DJ Galactic - Die Fabrik [Techno],3,0,1765251206.0,0.81,False,youtube.com
1phzexc,Music,Joy of Music,2,0,1765258274.0,0.76,True,self.Music
1phangr,Music,Ministry - Jesus Built My Hotrod [Industrial Metal],50,8,1765195287.0,0.96,False,youtu.be
1pi9ja8,Music,Busta Rhymes firmly sets TikTok creator straight for calling him Tracy Morgan,0,5,1765292297.0,0.44,False,the-independent.com
1pi97y2,Music,What genre would you consider “Careless Whisper” to be?,0,30,1765291535.0,0.4,True,self.Music
1phicka,Music,The Needle Drop Writers' Top 20 Songs of 2025,22,0,1765214594.0,0.72,False,theneedledrop.com
1pi2fj5,Music,De Dijk - Stampvol Café [Blues-Pop Rock] (1997),1,1,1765269511.0,1.0,False,youtube.com
1pi8y98,Music,Ghetts pleads guilty to causing death by dangerous driving,0,0,1765290884.0,0.2,False,nme.com
1phaasm,Music,Suicidal Tendencies - You Can't Bring Me Down [Punk],46,5,1765194109.0,0.95,False,youtu.be
1phon9s,Music,The J. Geils Band - Love Stinks  [Pop Rock/New Wave]  (1980),8,0,1765228683.0,1.0,False,youtube.com
1php9n9,Music,HEALTH - ANTIDOTE [Electronic Rock],7,1,1765230124.0,1.0,False,youtube.com
1pi8c8i,Music,Will Smith - Miami [Rap],0,1,1765289313.0,0.33,False,youtu.be
1pi1xne,Music,This Is Not My Lane by Pope Caid,1,1,1765267447.0,0.67,False,distrokid.com
1phnpn2,Music,"Rafael Ithier, a legend of salsa music, dies at 99",7,0,1765226566.0,0.82,False,npr.org
1phorw9,Music,Dire Straits - The Bug  [Rockabilly]  (1991),7,2,1765228981.0,0.82,False,youtube.com
1phx8xi,Music,DJ Galactic - Zapotec [Techno],2,0,1765251113.0,0.76,False,open.spotify.com
1phncwg,Music,Jonas Brothers Deliver Nostalgic Surprise In New Orleans With Emotional ‘How To Save A Life’ Duet,6,1,1765225764.0,0.59,False,newzsquare.com
1pi0y64,Music,"You're My Only Christmas Wish /MBeker [Christmas Song, Pop, EDM]",1,0,1765263593.0,0.67,True,self.Music
1pi0ui2,Music,You're my only Christmas Wish,0,0,1765263215.0,0.5,True,self.Music
1pgkiv7,Music,"Gene Simmons claims ""bad decisions"" led to Ace Frehley's fatal fall at his home studio: ""Falling down the stairs — I'm not a doctor — doesn't kill you.""",1458,569,1765119977.0,0.86,False,consequence.net
1phnt7y,Music,Men At Work - Still Life [Synthpop],5,1,1765226787.0,0.86,False,youtube.com
1phr0an,Music,The Nightmare Before Christmas: Holiday Music in November,4,1,1765234265.0,0.75,False,34st.com
1phvv0f,Music,Aemo Records - want you here [emo rap] 2025,2,4,1765247184.0,0.76,False,open.spotify.com
1ph7xgp,Music,Give me some hidden gem classic rock songs,39,415,1765185216.0,0.71,True,self.Music
1ph8g8u,Music,The Cure’s Robert Smith curates epic lineup for Teenage Cancer Trust concert series,32,1,1765187327.0,0.89,False,metro.co.uk
1pia9nd,Music,Vent post,0,7,1765294030.0,0.1,True,self.Music
1phl2lm,Music,New Model Army - Lights go out (Us Mix) [Rock],6,3,1765220645.0,1.0,False,youtube.com
1ph8qwt,Music,"CKY - 96 Quite Bitter Beings [Stoner Rock, Alternative Metal]",29,5,1765188443.0,0.94,False,youtube.com
1phpwfm,Music,Silly - Different Breed [Melodic UK Trap],3,0,1765231608.0,0.81,False,youtu.be
1phlc29,Music,Norman Greenbaum - Spirit In The Sky [Folk] (1969),6,0,1765221227.0,0.87,False,youtube.com
1pgw7cz,Music,"""I acknowledge the talent, but I can't get into them.""",211,966,1765148052.0,0.83,True,self.Music
1phdz9e,Music,UK government tightens criteria for touring funding after Kneecap legal battle,11,1,1765204654.0,0.82,False,nme.com
1phmlqb,Music,Slade - Gudbuy T'Jane [glam rock],4,1,1765224075.0,0.83,False,youtu.be
1phx8bs,Music,"Dumb question, but…",0,1,1765251064.0,0.5,True,self.Music
1pgm26p,Music,Miley Cyrus Shares Update on Godmother Dolly Parton After the Country Singer's Health Challenges,676,10,1765123716.0,0.89,False,people.com
1phowzj,Music,Pink Floyd - Run Like Hell &amp; Waiting For The Worms [soundtrack],1,0,1765229306.0,0.57,False,youtu.be
1phimp8,Music,Avenged Sevenfold &amp; Good Charlotte Announce Summer 2026 North American Co-Headlining Tour,5,2,1765215233.0,0.62,False,theprp.com
1phwto6,Music,Help with Theory Question,0,0,1765249884.0,0.5,False,
1phwo69,Music,How do I make my songs more whimsy?,0,1,1765249441.0,0.4,True,self.Music
1phrbuy,Music,"Nick Isham ft. Miranda Glory - Change (from the Motion Picture ""Honest Thief"") [Pop Music]",2,0,1765235038.0,1.0,False,youtu.be
1phe9o6,Music,Morcheeba - The Sea [Downtempo],10,0,1765205367.0,0.92,False,youtu.be
1phvvl5,Music,DJBigWill - Love Me Freestyle [Rap],0,0,1765247228.0,0.5,False,youtube.com
1phn7tj,Music,Slade - How Does It Feel [rock],3,0,1765225455.0,1.0,False,youtu.be
1ph2z2b,Music,Gibberish songs worth hearing,54,154,1765167441.0,0.84,True,self.Music
1phvnqb,Music,What would be a good song as my alarm from these singers?,0,2,1765246625.0,0.4,True,self.Music
1phn1ep,Music,Duran Duran - The Universe Alone [OFFICIAL AUDIO] [Synthpop],3,0,1765225059.0,1.0,False,youtube.com
1phmq2i,Music,Earth Crisis - Gomorrah's Season Ends [Metalcore],3,0,1765224340.0,1.0,False,youtu.be
1phvbzt,Music,"Fandango - Autos, Moda Y Rock N Roll [synth pop, italo disco]",1,1,1765245706.0,1.0,False,youtube.com
1phuvft,Music,Indago Child ft. Janadrian Mikal Bettard - Give It Up [Hip-Hop/Rap],1,0,1765244431.0,1.0,False,youtu.be
1php32s,Music,Need help with finding a beat just like these songs,2,0,1765229694.0,1.0,False,
1phknkj,Music,"We're Attack Attack! and we released our first full length album since 2012 over the summer, ask us anything!",2,0,1765219736.0,0.6,False,
1pho3t9,Music,Help with beat,2,1,1765227448.0,0.67,True,self.Music
1ph9uer,Music,The Smiths - How Soon Is Now? [New Wave],11,2,1765192497.0,0.92,False,youtu.be
1pgi0kg,Music,Frank Zappa was a better human than you know...,634,120,1765113056.0,0.88,True,self.Music
1phsr1c,Music,"New to the accordion and I might have ordered a broken instrument, or did I?",1,0,1765238712.0,1.0,True,self.Music
1phsnjw,Music,Sharing some of my new RNB tracks,0,0,1765238466.0,0.4,False,
1ph90bc,Music,Metallica - Bleeding Me [Metal],11,20,1765189436.0,0.62,False,youtu.be
1phsdfa,Music,Can anyone help with what genre this song is?,0,0,1765237738.0,0.5,True,self.Music
1phsb7a,Music,USA Mix 1994,0,0,1765237578.0,0.5,True,self.Music
1phs6cs,Music,New updates for EverySound - a music genre discovery tool for iOS!,1,0,1765237227.0,1.0,False,
1phrxqj,Music,EVANDALE - She Devil [Rock],1,0,1765236609.0,1.0,False,youtube.com
1pi4dpc,Music,Miley Cyrus adoption claims explained as lawsuit dismissed,0,2,1765277142.0,0.38,False,newsweek.com
1phij40,Music,"All Shall Perish, Cradle Of Filth, The Tony Danza Tapdance Extravaganza, Etc. Set For Inaugural 'Crush The Coast' Festival",3,0,1765215006.0,0.81,False,theprp.com
1phrsex,Music,Need help finding a song that sounds like a Nelly Furtado song,0,1,1765236223.0,0.5,True,self.Music
1phrmux,Music,I have a quick question for a friend,0,0,1765235824.0,0.33,True,self.Music
1phrjv9,Music,Marques Houston - Out The Window (kmh) [R&amp;B/Soul],0,0,1765235611.0,0.5,False,youtu.be
1phfmrx,Music,WAX TAILOR feat Charlotte Savary - Seize The Day (Live) [Trip-Hop],3,1,1765208501.0,0.81,False,youtube.com
1ph7jdu,Music,Hole - Whose Porno You Burn Black [grunge],15,8,1765183635.0,0.71,False,youtu.be
1phlhdt,Music,Slade - My Oh My [rock],2,0,1765221554.0,0.75,False,youtu.be
1phr5f0,Music,IlyKaxy - PUBLIC [Rap],1,0,1765234603.0,0.67,False,on.soundcloud.com
1ph9yl6,Music,The Chemical Brothers - Setting Sun [Electronic],8,1,1765192926.0,1.0,False,youtu.be
1phknj4,Music,Eyehategod - New Orleans Is the New Vietnam [Sludge Metal],2,0,1765219734.0,1.0,False,youtu.be
1phqd2f,Music,Killa T - Where Did All The Real Niggas Go [Hip-Hop/Rap],1,0,1765232708.0,1.0,False,youtu.be
1phkbm4,Music,The Sisters of Mercy - Something fast [Rock],2,0,1765218988.0,0.76,False,youtube.com
1pi0xrr,Music,spotify alternatives?,0,7,1765263549.0,0.37,True,self.Music
1phpxi1,Music,70s/80s Pop,1,0,1765231679.0,1.0,False,siriusxm.com
1pi0p5g,Music,Did He take it or he stole it ?,0,2,1765262670.0,0.2,False,
1phplgi,Music,"The Doctor - Cycles:The 10 Hertz Frequency (Album) [Alternative, EDM, Rock, Pop]",1,0,1765230905.0,1.0,False,youtu.be
1phplev,Music,David Ackles - Love's Enough [singer-songwriter] [1972],1,1,1765230901.0,1.0,False,youtu.be
1phjghi,Music,My monday commute list!,2,3,1765217058.0,0.75,True,self.Music
1pgww7z,Music,Stone Temple Pilots - Dead and Bloated [alternative metal / grunge] (1992),59,6,1765149881.0,0.86,False,youtu.be
1pgom0u,Music,Alice In Chains - Would? [alternative metal / grunge] (1992),165,16,1765129872.0,0.95,False,youtu.be
1phostj,Music,"EYESBYTE, Nordic Cool, Anton Peters - Christmas [K-Pop] (2025)",0,0,1765229039.0,0.5,False,open.spotify.com
1phiqld,Music,The Algorithm - Endless Iteration (2025) [Metal/Drum &amp; Bass],2,0,1765215473.0,1.0,False,youtu.be
1pgoezy,Music,Seven Mary Three - Cumbersome [alternative rock / post-grunge] (1995),158,65,1765129415.0,0.84,False,youtu.be
1pi1iph,Music,What goes on inside the mind of death metal fans?,0,27,1765265732.0,0.35,True,self.Music
1pho7it,Music,Areti Ketime - Tráva Re Aláni [Traditional],0,0,1765227675.0,0.43,False,youtu.be
1phhiz5,Music,Tied Up - Gun [alternative rock / post-hardcore],2,4,1765212770.0,1.0,False,youtu.be
1phdzah,Music,Voice of the Beehive - Monsters and Angels [Pop Rock],3,0,1765204656.0,1.0,False,youtu.be
1pg5rtj,Music,"Sabrina Carpenter tells industry insiders ""write the music you want to listen to yourself"" as she receives Variety's Hitmaker of the Year honor.",2781,204,1765070903.0,0.94,False,variety.com
1phn42i,Music,Help me identify a band/artist,0,3,1765225221.0,0.33,True,self.Music
1phmtnk,Music,Shock Value and Cultural Appropriation in Experimental Music,1,1,1765224565.0,0.67,False,microgenremusic.com
1phb6ad,Music,Marianne Faithfull - Ruby Tuesday (Cover) [Baroque Pop],5,3,1765196979.0,0.78,False,youtu.be
1phmk3m,Music,How special is Dnb to you?,1,0,1765223979.0,0.67,False,
1phmcnh,Music,[tomt] 80s dance track,1,0,1765223517.0,1.0,False,
1phmasd,Music,Was there an artist you saw in 2025 that made you say “Why didn’t I ever see this band before?”,1,9,1765223402.0,0.57,False,
1pfsawl,Music,"Frank Sinatra ‘loathed’ Trump, legendary singer’s daughter Nancy tells MAGA supporter",25627,563,1765035884.0,0.95,False,the-independent.com
1phy9fo,Music,Best music era IMO,0,13,1765254176.0,0.13,True,self.Music
1phll9u,Music,Deadshot – Lone Warrior [Rap] ⚔️ A Journey of Resilience,1,0,1765221806.0,1.0,False,youtube.com
1phxwyb,Music,My friend made a website that you can upload your Spotify wrapped and get it roasted,0,0,1765253098.0,0.13,False,gatekeeperwrapped.com
1phlarh,Music,Does anyone know why some songs just sound... right? discussion,0,4,1765221147.0,0.5,True,self.Music
1phc1eo,Music,Pure Aftermath - Was I Wrong? [Metal],3,3,1765199518.0,1.0,False,youtu.be
1phf2cd,Music,White Lies - Bigger Than Us [Alternative],2,1,1765207190.0,0.67,False,youtu.be
1phxime,Music,Sự Nổi Loạn Của Tuổi Teen Và Cơ Duyên Với Bộ Trống,0,0,1765251925.0,0.2,True,self.Music
1phkv7o,Music,Question for the Musicians,1,3,1765220199.0,0.57,True,self.Music
1phyjo2,Music,"Kelly Boesch - Feel It In My Bones [Dance, AI]",0,1,1765255109.0,0.23,False,youtu.be
1pgh2e7,Music,"Cake - Short Skirt, Long Jacket [Alt Rock]",278,13,1765110024.0,0.94,False,youtu.be
1phklkt,Music,What's the genre of prix garantie - appletreefruit? [genre needed],1,1,1765219612.0,0.67,True,self.Music
1phk4js,Music,Recorders are underrated,0,10,1765218542.0,0.5,True,self.Music
1phk2l0,Music,Marcel Krause - Older with you [Deep House],1,0,1765218428.0,1.0,False,youtu.be
1phjpx8,Music,HELP HELP HELP,1,0,1765217637.0,1.0,False,
1phjlp7,Music,Rap Shar3 feat. Korsan - D5ol Mofage2 [Arab Street Rap],0,0,1765217376.0,0.4,False,youtu.be
1phjip3,Music,The Kid LAROI x Sample Instrumental - Fade Away [HipHop],0,0,1765217192.0,0.5,False,youtube.com
1phj6a3,Music,Advice on the world of songwriting,0,0,1765216447.0,0.5,False,
1phj4pc,Music,What's it called when a certain motif or song just makes you so emotional you're choking back tears?,0,13,1765216347.0,0.5,True,self.Music
1phyb5i,Music,Mblue &amp; AViVA - Hold us back [pop],0,4,1765254336.0,0.25,False,youtu.be
1phagif,Music,"William S. Burroughs &amp; Bill Laswell - Seven Souls [Spoken Word, Electronic]",3,1,1765194652.0,0.81,False,youtu.be
1ph8v53,Music,Mr. Bungle - Travolta (1991) [Avant-Garde Metal],4,0,1765188895.0,1.0,False,youtube.com
1phixxs,Music,Captain Brick - Battle Scarred [Hip Hop],1,0,1765215927.0,1.0,False,youtu.be
1phisg4,Music,First song,0,0,1765215588.0,0.33,False,
1phi048,Music,Gitano punk ( gypsi punk),1,0,1765213818.0,0.67,False,
1phhsop,Music,The Lonely Ones - Make A Scene [Rock],1,0,1765213359.0,1.0,False,youtube.com
1phhnfc,Music,Similar artists ?,1,1,1765213048.0,0.67,False,
1pgwb4f,Music,Nirvana - All Apologies [alternative rock / grunge] (1993),28,4,1765148320.0,0.89,False,youtu.be
1ph9bth,Music,Mr. Big - Wild World (Cover) [Pop Rock],2,1,1765190619.0,0.67,False,youtu.be
1phn3az,Music,"Why do record companies allow illegal AI ""cover"" songs?",0,8,1765225172.0,0.42,True,self.Music
1phfds7,Music,Lionel Richie - Hello [R&amp;B],0,0,1765207925.0,0.5,False,youtu.be
1ph4nrj,Music,How an 18th century sonatina became a hit song— twice!,7,0,1765172783.0,0.74,False,frankterranella.com
1phf9xs,Music,Fervid - Furry Little Animals VHS version [poprock],0,0,1765207685.0,0.5,False,youtu.be
1phf52q,Music,Fire Engines - Big Gold Dream [post punk],1,1,1765207366.0,1.0,False,youtu.be
1phf1rt,Music,White Lies - Death [Alternative],0,1,1765207152.0,0.5,False,youtu.be
1phexzf,Music,Aemo Records - designer scars [emo rap] 2025,0,5,1765206909.0,0.33,False,open.spotify.com
1pgu7yt,Music,"Converge drummer Ben Koller t-boned in hit-and-run, driver leaves license plate behind",27,1,1765143083.0,0.85,False,lambgoat.com
1pheg5k,Music,Finding a certain sound,0,1,1765205802.0,0.5,True,self.Music
1phe6zv,Music,Robert Eggers - Nosferatu [Dark Jazz],1,2,1765205189.0,1.0,False,youtu.be
1pgc88q,Music,Savage Garden - I Want You [pop rock] (1997),320,80,1765091672.0,0.88,False,youtu.be
1phdt54,Music,Yasmeen - Blue Jeans (2002) [R&amp;B Pop],1,1,1765204228.0,1.0,False,youtu.be
1phdr7u,Music,Station 2093,0,2,1765204089.0,0.33,True,self.Music
1phjo77,Music,Rap Shar3 feat. Korsan - D5ol Mofage2 [Arab Street Rap],0,0,1765217524.0,0.25,False,youtu.be
1ph1es9,Music,Metallica - Holier Than Thou [Heavy Metal],7,1,1765162671.0,0.82,False,youtu.be
1phd6vo,Music,Matty Mullins - Unstoppable [pop] (2017),0,1,1765202633.0,0.5,False,youtube.com
1phqxla,Music,Is “White Christmas” really worthy of being the “best-selling record of all time?”,0,2,1765234070.0,0.36,True,self.Music
1ph3wld,Music,Sunny Day Real Estate - Pillars [Indie Rock / Emo / Alt] (1998),5,0,1765170301.0,0.86,False,youtube.com
1pgo63v,Music,Soundgarden - Outshined [alternative rock / grunge] (1991),36,4,1765128820.0,0.91,False,youtu.be
1phsd4n,Music,Pooh Shiesty Pursues Cardi B While She’s With Stefon Diggs In Miami,0,1,1765237716.0,0.2,False,hot97.com
1phbztv,Music,Lofi México - Studio Ghibli Music Collection Piano and Violin Duo - [Study Music],0,1,1765199397.0,0.5,False,youtu.be
1ph1rgb,Music,Re-Flex - The Politics of Dancing [Synth pop],6,3,1765163739.0,0.88,False,youtu.be
1phbo8c,Music,Mr. TripZter - Boulevard of Frainbreeze Dreams [mashup],0,2,1765198484.0,0.5,False,youtu.be
1phbno7,Music,Who was at the Hurts Concert at the O2 Brixton on Thurs 07 Dec 2017?,0,2,1765198439.0,0.5,False,
1pgohs1,Music,"Days of The New - Touch, Peel and Stand [alternative rock / post-grunge] (1997)",26,9,1765129594.0,0.75,False,youtu.be
1pham5s,Music,Loving Lion - We Rise [Pop Rock],0,1,1765195182.0,0.5,False,youtu.be
1pgntt9,Music,What's your emotional life support song?,34,65,1765128001.0,0.88,True,self.Music
1ph1k82,Music,Orbital - Where Is It Going? (feat. Stephen Hawking) [Electro House],5,0,1765163121.0,0.86,False,youtube.com
1ph2ywf,Music,White Lies - Am I Really Going To Die [Alternative],4,0,1765167427.0,1.0,False,youtu.be
1phooub,Music,Is it ok for an Artists to release Music for many different Genres?,0,6,1765228782.0,0.25,True,self.Music
1phmmi0,Music,HMU for a free beat,0,2,1765224122.0,0.22,True,self.Music
1ph9vuj,Music,Prehistoric music resources,0,4,1765192644.0,0.5,True,self.Music
1ph9r6m,Music,Which music genre didn’t interest you at first but ended up surprising you later?,0,32,1765192177.0,0.46,False,
1ph3zi5,Music,White Lies - To Lose My Life [Alternative],3,1,1765170544.0,0.81,False,youtu.be
1ph9p8d,Music,The time I met Eric Clapton in Japan,0,0,1765191975.0,0.5,False,
1phm4od,Music,‘All I Want For Christmas Is You’ Ties Record For Most Weeks As Billboard Hot 100 No. 1,0,3,1765223021.0,0.38,False,go.forbes.com
1pgsk5k,Music,Beastie Boys - Body Movin' [hip-hop],14,1,1765138999.0,0.87,False,youtu.be
1pgqgxn,Music,Fastball - Out Of My Head [Alternative Rock] (1999),18,3,1765134257.0,0.95,False,youtu.be
1pgwgkt,Music,Silverchair - Abuse Me [alternative rock / post-grunge] (1997),8,1,1765148712.0,0.75,False,youtu.be
1pgzlmc,Music,Apple vs. YouTube Music,3,62,1765157426.0,0.53,True,self.Music
1phknlp,Music,10 Moments That Defined K-Pop's Huge Year,0,0,1765219739.0,0.25,False,rollingstone.com
1pholqn,Music,Kiss frontman Gene Simmons says ‘bad decisions’ led to bandmate Ace Frehley’s death,0,6,1765228581.0,0.2,False,the-independent.com
1pgoij7,Music,The Cure - A Forest (Peel Session)[Post-Punk],19,1,1765129642.0,1.0,False,youtube.com
1ph8afs,Music,Beth Hart – War In My Mind (2019),0,0,1765186678.0,0.5,False,
1ph89wh,Music,Billy Joel – The Stranger (1977),1,1,1765186615.0,0.67,False,
1ph4nfl,Music,Akiaura - Sleepwalker (D&amp;rwin Remix) [DarkWave]  (50 Hours +),2,0,1765172753.0,1.0,False,
1pgm5zv,Music,Steve Cropper: A Legacy That Shaped American Music,24,3,1765123981.0,0.91,False,bluesrockreview.com
1ph6vqe,Music,What’s the least essential 20th (or whatever) anniversary edition?,0,1,1765180972.0,0.33,True,self.Music
1ph6lpp,Music,Bekim! - We Belong Together [Eurodance],1,0,1765179894.0,1.0,False,youtu.be
1pggce0,Music,Madonna - Like A Prayer [Pop Rock] (1989),38,5,1765107482.0,0.85,False,youtu.be
1phepgf,Music,"Ever recorded a song in natural tuning and realized after, that when you wrote it, your guitar was tuned a 1/2 step down?",0,5,1765206380.0,0.25,True,self.Music
1phg8e6,Music,Which rock or metal song made you fall in love with the genre?,0,13,1765209839.0,0.22,True,self.Music
1pgj57e,Music,Craig Ferguson - Scottish Rite Temple Stomp (Cover) [Garage Punk],25,5,1765116361.0,0.93,False,youtu.be
1ph5vyj,Music,Notorious B1 - Big Daddy [Hip Hop],0,2,1765177140.0,0.5,False,youtu.be
1ph5spe,Music,Silo Haze - Mischief and Laughter [Indie Folk],1,1,1765176799.0,0.66,False,music.apple.com
1ph1kdm,Music,itstwobad - EL OH EL [pop-house/edm] (2025),2,0,1765163135.0,0.76,False,open.spotify.com
1ph0rtb,Music,JD McPherson - Fire Bug [rock n' roll],2,0,1765160793.0,1.0,False,youtu.be
1ph0q32,Music,BRKN LOVE - Fever Dream [Hard Rock],2,0,1765160654.0,0.76,False,youtu.be
1pgtrh5,Music,Musical kinesthetic synesthesia,6,8,1765141967.0,0.75,True,self.Music
1pfps97,Music,"Garbage’s Shirley Manson defends rant against fan who threw beach balls during Australian gig: ""I make no apologies whatsoever""",1564,634,1765029062.0,0.94,False,nme.com
1pgzu9m,Music,Flint Moorehead - Oxygen EP [Alternative Rock],2,0,1765158117.0,0.76,False,youtu.be
1ph47sz,Music,In Flames - Down In A Hole [metal],0,0,1765171264.0,0.4,False,youtu.be
1ph45at,Music,"tboGeorge - Ferrari [edm , house]",0,0,1765171049.0,0.5,False,soundcloud.com
1phdrpf,Music,beatles to revolutionise contemporary music one last time? had john lennon not died.,0,2,1765204126.0,0.22,False,
1ph9bdl,Music,"When people say Jay z’s time is coming and he’s just like Diddy, what exactly are people referring to?",0,26,1765190573.0,0.45,True,self.Music
1ph3dni,Music,Necesito encontrar canción o video,0,0,1765168665.0,0.4,True,self.Music
1pg2hcu,Music,Tom Morello and Beartooth Collaborate on New Final Fantasy XIV Track,235,17,1765061659.0,0.95,False,metalsucks.net
1ph6yel,Music,Stillmint - Twisted Game [Dark K-Pop],0,2,1765181260.0,0.33,False,youtube.com
1ph8ulv,Music,Kirk Franklin - He Reigns [Choir],0,1,1765188838.0,0.17,False,youtu.be
1pgsinf,Music,Living Colour - Love Rears Its Ugly Head [Funk Rock],4,0,1765138897.0,0.84,False,youtu.be
1phb80f,Music,"Is it just me, or has festival/club music gotten painfully commercial lately?",0,17,1765197124.0,0.4,True,self.Music
1pgowz5,Music,Killing Joke - Love Like A Blood (The 86' Remix) [Rock],7,0,1765130597.0,0.9,False,youtube.com
1phh400,Music,White House trolls Sabrina Carpenter with altered SNL clip to promote ICE: 'I might need to arrest someone',0,2,1765211833.0,0.31,False,azexpress.net
1pgpr0e,Music,The Stone Roses - Made of Stone (808 State Mix) [House],5,1,1765132593.0,0.86,False,youtube.com
1pfd8t6,Music,"White House Trolls Sabrina Carpenter With Second Pro-ICE Video, Alters ‘SNL’ Clip to Have Her ‘Arrest’ Marcello Hernández for ‘Being Too Illegal’",10267,1038,1764986033.0,0.92,False,variety.com
1phcm7h,Music,"as rem would be in consideration for most influential band of all time, which band/artist do you think is most derivative???",0,12,1765201138.0,0.2,False,
1pgw9ts,Music,Lil j7 - Anxiety Freestyle [hip hop],2,0,1765148226.0,0.75,False,open.spotify.com
1ph5cj7,Music,does anyone else listen to ari abdul and ella boh religiously?,0,0,1765175162.0,0.33,False,
1pgkvrh,Music,Tones on Tail - Rain [Post-Punk],7,1,1765120866.0,0.83,False,youtube.com
1ph0v55,Music,ghøsthxrt - no more goodbyes just forever [instrumental/soundtrack] (2025),1,0,1765161067.0,1.0,False,youtu.be
1ph0s7f,Music,BRKN LOVE - Forever's Enough [Hard Rock],1,0,1765160824.0,1.0,False,youtu.be
1pgkk6z,Music,Slade - Merry Xmas Everybody [Xmas song],8,0,1765120067.0,0.91,False,youtu.be
1pg79sl,Music,Sneaker Pimps - Six Underground [Trip-Hop],73,3,1765075418.0,0.96,False,youtu.be
1pgjnxq,Music,World Party - Is It Like Today? [Alt Rock],7,1,1765117790.0,0.9,False,youtu.be
1pgklpu,Music,The Sundays - Joy [Dream Pop],7,1,1765120174.0,0.89,False,youtube.com
1pgip3n,Music,Peter Bjorn and John (w/ Victoria Bergsman) Young Folks [Indie Pop],8,1,1765115092.0,0.91,False,youtu.be
1pgzm9r,Music,Uniflora Feature Interview,1,0,1765157475.0,0.67,False,post-trash.com
1phbiu8,Music,abbey rd side 2 is the greatest string of songs ever put on a record. what else rivals this?,0,8,1765198040.0,0.17,False,
1phaobj,Music,Ed Sheeran Speaks Out After New Songs Spark Marriage Speculation,0,3,1765195361.0,0.23,False,huffingtonpost.co.uk
1pgmt6u,Music,The Smiths - How Soon Is Now? [Italian 12-Inch  Version] [Rock],6,0,1765125586.0,0.87,False,youtube.com
1pgzgog,Music,We Made a Player for our Mixes,1,0,1765157025.0,1.0,True,self.Music
1pgudia,Music,Tony Christie - I Did What I Did For Maria [Rock],2,0,1765143469.0,1.0,False,youtu.be
1pgq55p,Music,Slipknot - Left Behind [Nu Metal],3,1,1765133550.0,0.8,False,youtu.be
1pgq15g,Music,"Norma Jean - Sword In Mouth, Fire Eyes [Metalcore]",3,2,1765133284.0,0.81,False,youtu.be
1pf5gxi,Music,White House Deletes Video Using Sabrina Carpenter Song After She Called It ‘Evil And Disgusting’,29957,514,1764965805.0,0.95,False,forbes.com
1pf6qnh,Music,White House Quietly Deletes ICE Video Using Sabrina Carpenter's Music After Getting Ratioed by Pop Star,18630,199,1764968894.0,0.96,False,consequence.net
1pg5rs2,Music,CAN - Vitamin C [Krautrock/experimental] (1972),67,15,1765070900.0,0.99,False,youtube.com
1pgsint,Music,idialedyournumber - Bunny Goes 2 Business School [Emo/Skramz],2,0,1765138898.0,1.0,False,youtube.com
1pg844c,Music,How music can trigger memories — curious how others experience this,40,61,1765077968.0,0.88,True,self.Music
1pgx5jj,Music,Album Cover Search!,0,11,1765150600.0,0.5,True,self.Music
1pgx02k,Music,I sometimes start to hear songs in different pitch,1,4,1765150172.0,0.6,True,self.Music
1pgwvrt,Music,VA / Richmond Artists Looking to Collab Rappers and Singers,0,0,1765149848.0,0.5,False,
1pgwrwi,Music,cant find this anywhere,1,0,1765149570.0,1.0,False,
1pgctpd,Music,Roxy Music - Spin Me Round [Art-Rock] (1979),17,4,1765093965.0,1.0,False,youtu.be
1pgmq2s,Music,Donnie Iris - King Cool [rock],3,2,1765125370.0,1.0,False,youtu.be
1pg4n53,Music,Fleetwood Mac - Little Lies [Pop-Rock],52,6,1765067613.0,0.93,False,youtube.com
1pgvael,Music,10 minute limit per song,0,0,1765145717.0,0.33,False,
1pgm7zk,Music,Ariel Pink - Doggie in the Window [indie rock],3,1,1765124117.0,0.81,False,youtu.be
1pgv4pu,Music,Jake Thackray – Side by Side [Reggae],0,3,1765145322.0,0.44,False,youtube.com
1pg90xb,Music,John Frusciante - Look On [Alternative Rock] (2004),25,3,1765080841.0,0.95,False,youtu.be
1pguxuq,Music,Please help me look for this song I BEG,1,0,1765144853.0,1.0,False,
1pgusr0,Music,Título del Post: [TOMT][VIDEO][2010s?],1,1,1765144510.0,0.67,True,self.Music
1pguizz,Music,Navjaxx - Tea Pragmatic [Synthwave/Retrowave] (2025),0,1,1765143849.0,0.5,False,youtube.com
1pghpx9,Music,Joni Mitchell - River [Folk],6,1,1765112168.0,1.0,False,youtu.be
1pgfrfk,Music,Kraftwerk - The Man-Machine [Synthpop],7,3,1765105248.0,1.0,False,youtu.be
1pgde6u,Music,George Gershwin &amp; Leonard Bernstein - Rhapsody in Blue [Orchestral],11,0,1765096178.0,1.0,False,music.youtube.com
1pgodpv,Music,Charlie - Don't Look Back [Rock] (1976),2,3,1765129330.0,0.75,False,youtu.be
1pgtl69,Music,👋Welcome to r/urfavoriteartists - Introduce Yourself and Read First!,0,0,1765141527.0,0.33,False,
1pgtixp,Music,Jingle Bells ft. The Puppini Sisters Transcription,1,0,1765141371.0,1.0,False,
1pgt9o2,Music,Silly - Low Light [Melodic UK trap],0,0,1765140753.0,0.5,False,youtube.com
1pgnfwn,Music,Ane Brun - These Days (live) [Folk],2,2,1765127082.0,1.0,False,youtube.com
1pgsbdm,Music,Deadshot0362 - lone war[hiphop],0,0,1765138399.0,0.33,False,youtube.com
1pgc1pw,Music,Cheap Trick - I Want You To Want Me (Live from Budokan 1978) [classic rock] (1977),11,6,1765090990.0,0.92,False,youtu.be
1pgixje,Music,Royal Blood - Oblivion [Hard Rock],3,1,1765115775.0,1.0,False,youtu.be
1pgbv3i,Music,Marvin Gaye - I Want You [soul jazz FUNK] (1976),10,2,1765090348.0,0.92,False,youtu.be
1pglrf8,Music,Music History Events: albums released December 7,2,1,1765123005.0,0.75,False,
1pg739t,Music,The Cure - Just like Heaven [New Wave],22,3,1765074871.0,1.0,False,youtu.be
1pgksta,Music,Piero Umiliani - Lady Magnolia [Film Music],2,0,1765120663.0,1.0,False,youtube.com
1ph00hg,Music,drop down - B0NN3R [meme dance],0,2,1765158614.0,0.38,False,youtu.be
1ph1ggj,Music,Who do you think of as the “least talented” members of famous acts?,0,53,1765162809.0,0.38,True,self.Music
1pg9zh3,Music,yo! Curtis Mayfield - Diamond In The Back  [1970s Sweet Soul],12,1,1765083882.0,0.83,False,youtu.be
1pf9brz,Music,White House Quietly Delete's ICE Video That Featured Sabrina Carpenter's Song 'Juno' on X,2802,79,1764975272.0,0.96,False,ibtimes.co.uk
1ph3sfh,Music,Is the swans better than I think it is?,0,7,1765169963.0,0.21,True,self.Music
1pgo9jr,Music,Flint Moorehead - Wet Noodles [Pop Rock],1,1,1765129053.0,1.0,False,youtu.be
1ph3kcj,Music,"Trump hosts the Kennedy Center Honors recognizing Stallone, Kiss, Gaynor and others",0,5,1765169259.0,0.21,False,apnews.com
1pgimz6,Music,"Von düster zu explosiv: Of Mice &amp; Men, Ghostkid und Gore zerlegten das Backstage in München",2,1,1765114915.0,1.0,False,paranoyd-magazin.de
1pgi70r,Music,The Haunted - Demon Eyes (2003) [Groove/Thrash Metal],2,1,1765113585.0,1.0,False,youtu.be
1pgvm5c,Music,WWE Star John Cena Reflects On His 2005 Hip-Hop Album,0,2,1765146540.0,0.2,False,yahoo.com
1pglw4v,Music,Airlocksound - Fountain of Fortune [Alternative pop],1,2,1765123310.0,1.0,False,youtu.be
1pggj67,Music,Death Grips - No Love [Experimental Hip-hop],2,1,1765108184.0,1.0,False,youtube.com
1pfaf6x,Music,Hayley Williams Says She Needs to 'Understand' Who She Is Outside of Paramore: 'It's Time',1538,266,1764978140.0,0.91,False,people.com
1pgu1yk,Music,The Future is Now: 12 Hip-Hop Rising Stars Who Are Shaping the Game,0,0,1765142671.0,0.17,False,hiphophighsociety.com
1pggbt3,Music,Fantômas - Rosemary's Baby [Avant-garde Metal/Film Score],2,1,1765107419.0,1.0,False,youtube.com
1pggbiv,Music,"Underground, different or alternative music",2,12,1765107386.0,0.63,True,self.Music
1pgkoy6,Music,Perfume - Sweet Donuts [Electropop],1,0,1765120395.0,1.0,False,youtube.com
1pgfy3l,Music,Stu Moseley - A Place in the world [blues/soul],2,5,1765105950.0,1.0,False,youtu.be
1pgkank,Music,Headjack-Feel it again[2025],0,0,1765119410.0,0.33,False,
1pgk92w,Music,Lil j7 - Anxiety Freestyle [Hip Hop] (2025),1,4,1765119294.0,0.67,False,open.spotify.com
1pgt4l6,Music,a millions guy at moon,0,0,1765140409.0,0.2,True,self.Music
1peydfg,Music,Sabrina Carpenter Fans Furious: Trump Using Her Song to Push His Agenda? ‘Sue Him!’,6147,319,1764949469.0,0.93,False,azexpress.net
1pffi0d,Music,"Paul Anka Doubles Down on Frank Sinatra's Huge Penis, Looks Back on Career",627,117,1764992838.0,0.74,False,tmz.com
1pfx09i,Music,What’s is everyone’s favourite underrated artist ?,37,269,1765047559.0,0.8,True,self.Music
1pgv00i,Music,There are some great popular songs out there that are actually religious based - that you might not make the association at first.,0,54,1765145000.0,0.38,True,self.Music
1pgjdf1,Music,Ninian Hawick - Scottish Rite Temple Stomp [Indie Pop],2,1,1765116980.0,1.0,False,youtu.be
1pgjbk6,Music,Vienna Teng - The Hymn of Acxiom [A Capella / Hymnody],1,2,1765116844.0,1.0,False,youtube.com
1ph273o,Music,Asking my mother permission to ask her hand in marriage? Anyone else not have a father figure and have done this?,0,3,1765165074.0,0.17,False,
1pgirrv,Music,Found a great music player with material 3 expressive!,1,2,1765115304.0,1.0,True,self.Music
1pgiigh,Music,"What makes a 'Dil Ka Safar (Official Video) - A Soulful Journey of Love &amp; Longing""",0,1,1765114547.0,0.4,True,self.Music
1pgi9iv,Music,Dil Se Dil Tak (Heart to Heart) - Official Music Video | New Hindi Roman...,1,0,1765113802.0,0.66,True,self.Music
1pgi6u6,Music,Moon Walker - Revisionist History Blues [Country Rock],1,1,1765113569.0,0.66,False,youtube.com
1pf377z,Music,World Cup 2026 draw fans rage as 'stale' audience stays silent for Lauryn Hill,2544,248,1764960477.0,0.93,False,irishstar.com
1pge813,Music,The Midnight - Shadowverse [synth pop],2,2,1765099389.0,0.75,False,youtu.be
1pgn66l,Music,"999 club, long live juice wrld",0,0,1765126440.0,0.25,False,
1pghogm,Music,"Band Gründen in Hessen (Founding a band in Hessen)(It's not a ""Advertisement""!)",0,2,1765112037.0,0.4,True,self.Music
1pgvhna,Music,Mustacio67 - I’m Stronger on my Own [K-Pop],0,1,1765146222.0,0.2,False,youtube.com
1pg2i9z,Music,"Cave In Reflect On Their Major Label Era: ""There Were Certainly Cries Of ‘Sell-Out’ And People Wondering How Watered Down We Had Become""",11,0,1765061725.0,0.93,False,theprp.com
1pg0yty,Music,Devo - Head Like a Hole (Nine Inch Nails cover) [Industrial],13,1,1765057650.0,1.0,False,youtube.com
1pggbut,Music,Pastis &amp; Buenri - Pildo but older version?,1,2,1765107424.0,0.6,True,self.Music
1pg7ei7,Music,Jim E. Brown - Prawn Mayo [comedy rock &amp; roll],4,4,1765075811.0,0.84,False,youtube.com
1pg02y2,Music,Prince Buster - One Step Beyond (1964)  [roots reggae],15,2,1765055355.0,0.94,False,youtu.be
1pgg3ta,Music,Whisky Turned to Water,1,1,1765106570.0,1.0,False,
1pgg2ga,Music,What's the benefits studying MM in Music Education(non thesis)?,1,1,1765106417.0,1.0,False,
1pgkf6l,Music,"Violet Grohl Releases Debut Solo Single ""THUM""",0,2,1765119723.0,0.43,False,stereogum.com
1pgk4c9,Music,"TV show Idea- ""Cross-Collaboration-Nation."" Artists are randomly paired/selected to do a Cross-Collaboration. If they collab then they win money for their Charity. Would you watch?",0,11,1765118960.0,0.38,True,self.Music
1pfsbfn,Music,Shells found in Spain could be among oldest known musical instruments | Music,35,5,1765035919.0,0.93,False,theguardian.com
1pgbzl7,Music,Ekkah - Small Talk [Nu-Disco] (2016),2,0,1765090781.0,1.0,False,youtube.com
1pg16q0,Music,Poe - Hey Pretty [Alternative Rock]  (2000),12,1,1765058218.0,1.0,False,youtube.com
1pgbno7,Music,Kailee Morgue Feat. Hayley Kiyoko - Headcase [Altpop] (2019),2,1,1765089601.0,1.0,False,youtube.com
1pg5n53,Music,deftones - infinite source [alternative] (2025),5,0,1765070512.0,0.86,False,youtu.be
1pgsoev,Music,What is special in clapton's playing?,0,12,1765139300.0,0.31,False,
1pg2gix,Music,The Pharcyde - Illusions [alternative hip-hop] (2004),7,2,1765061598.0,1.0,False,youtu.be
1pfg2jc,Music,"XG’s Cocona Comes Out as Transmasculine, Nonbinary",212,149,1764994614.0,0.64,False,hollywoodreporter.com
1pge3l2,Music,spikycactus - Radak [phonk],0,1,1765098929.0,0.33,False,youtu.be
1pf1eka,Music,"Garbage's Shirley Manson Rages Out Over Beach Balls Thrown at Stage: ""I Joined a Band Because I HATED THE FUCKING BEACH""",1472,344,1764956358.0,0.93,False,consequence.net
1pfg42a,Music,Evanescence to perform ‘Devil May Cry’ anthem at Game Awards,200,20,1764994748.0,0.94,False,nme.com
1pgdysk,Music,Does anyone still remember Vidya Vox???????,0,0,1765098411.0,0.5,False,
1pgdwnx,Music,Denny - Time [Cloud Rap],0,0,1765098183.0,0.5,False,youtu.be
1pgdaxg,Music,The White Boys Band Released 2 New Albums Recently - Genesis + Canon,0,0,1765095812.0,0.5,False,
1pgdalq,Music,The White Boys Band Released 2 New Albums Recently - Seattle Band,0,0,1765095775.0,0.33,False,
1pgd92u,Music,how's audiomack as a spotify alternative?,0,0,1765095605.0,0.4,True,self.Music
1pgn1i3,Music,David Byrne. Altrock. There has to be some deadheads that have seen David Byrne's recent Tiny desk performance?,0,7,1765126131.0,0.38,True,self.Music
1pg31jy,Music,Camp Lo - Rockin' It AKA Spanish Harlem [hip-hop](1997),6,4,1765063186.0,1.0,False,youtu.be
1pg0iqg,Music,Portugal. The Man - Denali [indie/experimental],7,0,1765056491.0,0.89,False,youtu.be
1pg6haj,Music,Maxi Priest - Wild World (Cover) [Reggae-Pop],3,0,1765073028.0,1.0,False,youtu.be
1pgodn7,Music,"Why do Christmas songs tend to sell better than non-holiday songs (I.e. White Christmas, All I Want for Christmas is You)?",0,27,1765129326.0,0.39,True,self.Music
1pg5zzl,Music,VNV Nation - Holding On [electric] 2002,3,0,1765071606.0,1.0,False,youtu.be
1pgc4bd,Music,Gato Barbieri - I Want You [jazz FUNK] (1976) cover of Marvin Gaye,1,1,1765091258.0,1.0,False,youtu.be
1pgbnx9,Music,Rancheras Mexicanas “Latidos de Tierra y Fuego” - MUSICA DE BANDA #bandamexicana https://youtu.be/msjAyXkyAvI,1,0,1765089627.0,1.0,False,
1pgbjnz,Music,"""SILENCIO Y FURIA"" Musica Ranchera - Grupo Los Herederos del Viento (2025)",1,2,1765089209.0,0.67,True,self.Music
1pgqf7t,Music,Who did Eric Clapton steal “White Room” from?,0,9,1765134182.0,0.13,True,self.Music
1pg3ytv,Music,Capturing a genre,3,0,1765065710.0,0.8,True,self.Music
1pglbh6,Music,Taylor Swift Featured on White House Press Secretary’s Spotify Wrapped Despite Donald Trump’s Attacks,0,5,1765121945.0,0.36,False,azexpress.net
1pfzcp8,Music,"Does calm piano music actually improve sleep quality, or does it just feel that way?",6,17,1765053454.0,0.71,True,self.Music
1pga9bj,Music,Second instrument to complement piano (I'm torn between voice and drums and my pros/cons list is not helping me decide),1,3,1765084774.0,1.0,False,
1pg2wzy,Music,JD McPhereson - Mother Of Lies [Rock],3,3,1765062851.0,1.0,False,youtu.be
1pg0r1n,Music,State Champs - Remedy [Pop Punk],3,4,1765057089.0,0.81,False,youtube.com
1pgis87,Music,Ellie Goulding takes the stage with a growing baby bump days after her pregnancy reveal,0,5,1765115342.0,0.49,False,thefashioncentral.co.uk
1pgis6d,Music,Who needs a singer songwriter?,0,3,1765115338.0,0.3,True,self.Music
1pg2nyv,Music,Kazik - Jeśli nie chcesz [rock rap (Polish)],3,0,1765062149.0,1.0,False,youtu.be
1pgnqxq,Music,TikTok ruins every upcoming artist’s music,0,36,1765127815.0,0.34,True,self.Music
1pg986a,Music,Bobby Hicks - Condo/Hurricane [Florida Folk],1,0,1765081476.0,1.0,False,youtu.be
1pg4p46,Music,"Yuki Matsui - Go Crazy [Intrumental, Fingerstyle Guitar] (2020)",2,0,1765067773.0,1.0,False,youtube.com
1pfwei0,Music,Muse - Supremacy [Alt Rock],6,1,1765046063.0,0.88,False,youtu.be
1pffum2,Music,Rage Against the Machine released their final album 'Renegades' 25 years ago today,79,19,1764993913.0,0.93,False,loudersound.com
1pgt8jv,Music,Christ Is King - We Followed [Gospel],0,5,1765140678.0,0.07,False,youtube.com
1pg0iir,Music,Best New Christmas Songs: Top 30 of 21st Century,3,8,1765056473.0,0.62,False,billboard.com
1pg7qxr,Music,Will Wood - White Noise [Pop(?) ballad],1,1,1765076835.0,0.67,False,youtube.com
1pg7n7r,Music,BANDITT - POU TO PAS [instrumental trap] (2025),1,0,1765076526.0,0.6,False,open.spotify.com
1pghfqd,Music,Gene Simmons claims ‘bad decisions’ caused KISS bandmate Ace Frehley’s death: 'He refused [advice] from people that cared about him',0,11,1765111264.0,0.38,False,metro.co.uk
1pg2sd9,Music,Loose Ends - A Little Spice [Contemporary R&amp;B] (1984),2,2,1765062498.0,1.0,False,youtu.be
1pg2oie,Music,Kleeer - Intimate Connection [R&amp;B / Soul] (1984),2,2,1765062191.0,0.76,False,youtu.be
1pg7cp7,Music,"Shows, Souls and Spots",0,0,1765075661.0,0.5,False,
1pg7awy,Music,Boyish - Prom [Dream-Pop] (2025),1,0,1765075514.0,0.67,False,m.youtube.com
1pgg50j,Music,That’s weird…,0,5,1765106693.0,0.35,True,self.Music
1pgjlaw,Music,Anybody notice how Gen Z and Gen Alpha doesn't know music and TV  celebrities like us 90s babies did?,0,17,1765117589.0,0.3,True,self.Music
1pgke0o,Music,"Gene Simmons Says Ace Frehley's Death Was Due to ""Bad Decisions"": ""Falling Down the Stairs — Doesn't Kill You""",0,13,1765119647.0,0.2,False,consequence.net
1pf91ce,Music,American artists (or their songs) that you were shocked to find aren't as big in the states as they are in your country,153,116,1764974537.0,0.9,True,self.Music
1pf8ldm,Music,"Sumerian Records Founder Calls For A 'Velvet Revolution' Against Labels &amp; Streamers Promoting AI Music: ""It's Time To Remind These Opportunists""",160,11,1764973403.0,0.99,False,theprp.com
1pg6fss,Music,Space Dragon - COOL CITY LOVER [hip hop],1,0,1765072902.0,1.0,False,youtube.com
1pfsz9k,Music,Gorillaz - Dirty Harry [Pop],7,1,1765037650.0,0.89,False,youtu.be
1pfsxu1,Music,Shaggy - It wasn't me [Reggae],6,1,1765037554.0,0.8,False,youtu.be
1pgf4g2,Music,Drake - Summer Sixteen [Hip Hop],0,2,1765102825.0,0.33,False,youtu.be
1pg115v,Music,Can I get a detailed analysis of YouTube Music through anything?,2,1,1765057818.0,0.67,True,self.Music
1pgeqcl,Music,Wish there were English-speaking YouTubers who do in-depth album reviews without just showing their face all the time,0,6,1765101348.0,0.22,True,self.Music
1pft3rm,Music,Fugees - Killing me softly [R&amp;B],5,1,1765037984.0,0.73,False,youtu.be
1pft0xr,Music,Air - Moon Safari Albert Hall Concert [Techno],5,3,1765037777.0,0.86,False,youtu.be
1pf6soe,Music,Twisted Sister Announces First 2026 US Reunion Tour Date,168,36,1764969029.0,0.9,False,ultimateclassicrock.com
1pg02sj,Music,Charlotte Nightstar - Sweetest Hottest Love Shot [Pop],2,1,1765055344.0,1.0,False,youtube.com
1pge4gp,Music,D Stut - Speaker Workout Vol.003 [Tech House],0,0,1765099019.0,0.3,False,youtu.be
1pg4l73,Music,Músicas que te fazem arrepiar!,1,2,1765067457.0,1.0,False,
1pfccsg,Music,"The Dead Milkmen - Punk Rock Girl [rock/punk] I don't know why, but old punk music is just uplifting. Instrumentally and lyrically it's not the best, but it's just fun.",73,15,1764983432.0,0.9,False,youtu.be
1pg49ej,Music,AMIGOS DO FLASHBACK 70 80 90 00 🔊🎬💯🎵 | Facebook,0,0,1765066539.0,0.5,False,facebook.com
1pg3te3,Music,Daddy Yankee - Gasolina [reggaeton],1,3,1765065296.0,0.52,False,youtu.be
1pg31ws,Music,KING PILL - HUSTLE ALL DAY [Hiphop],1,1,1765063212.0,1.0,False,youtu.be
1pg2vyt,Music,Lil j7 - Anxiety Freestyle [hiphop],1,0,1765062773.0,1.0,False,open.spotify.com
1pethxf,Music,Artists who are big in America but not across the pond,618,1148,1764936725.0,0.9,True,self.Music
1pg2kh7,Music,"Sleep Token - Even In Arcadia - [Rock, Pop] 2025",0,1,1765061892.0,0.5,False,open.spotify.com
1pg2ej6,Music,Silly - Slide and Provide [UK Trap/Drill],1,0,1765061449.0,1.0,False,youtu.be
1pg250u,Music,Does this sound good to any of you?,0,0,1765060742.0,0.5,False,beepbox.co
1pfcokx,Music,The real story behind Bob Dylan's “Hurricane”,51,19,1764984394.0,0.78,True,self.Music
1pg1o3y,Music,"What type of music performance is it when the singer interacts with the audience? Jessica Rabbit ""Why don't you do it right"" and Angel Dust ""Losin Streak"" are 2 examples.",1,7,1765059486.0,0.56,True,self.Music
1pg1nbw,Music,EricTF - ROTUNDA [Brazilian Phonk] (Preview),0,0,1765059429.0,0.5,False,youtube.com
1pfsuzm,Music,Inkcarnation 2026,3,3,1765037354.0,0.8,True,self.Music
1pfqjgq,Music,David Sylvian - Sleepwalkers [Art Pop/Avantgarde Pop Music]  (2010),4,0,1765031157.0,1.0,False,youtube.com
1pfvpf4,Music,orevvvvvv0 - ONE-WAY TRIP [Chill],2,0,1765044361.0,1.0,False,open.spotify.com
1pg0xp2,Music,Add a “Like/Heart” Button to Lock Screen Music Controls,0,0,1765057568.0,0.5,False,
1pg0eqy,Music,Need help picking a good portable speaker!,1,11,1765056202.0,1.0,True,self.Music
1pfzrw5,Music,Warriyo - Mortals [FUNK],1,0,1765054546.0,1.0,False,youtu.be
1pfzbxu,Music,"Chaka Khan - I Know You, I Live You [R&amp;B]",1,1,1765053397.0,0.6,False,youtube.com
1pfz6fo,Music,How do you cram to accompany?,1,0,1765052989.0,1.0,False,
1pfomtm,Music,Evil Superstars - Oh Girl [indie],3,4,1765025632.0,0.72,False,youtu.be
1pftihs,Music,Lil j7 - Looking 4 Good End [hiphop],2,1,1765039008.0,0.76,False,open.spotify.com
1pfyzf7,Music,Letril - Falling Down [Rock],1,0,1765052487.0,1.0,False,youtube.com
1pfyrk5,Music,What’s this cd I found,1,1,1765051917.0,0.67,False,
1pft6bh,Music,Dean Martin - Drink To Me Only With Thine Eyes/I Don't Care If The Sun Don't Shine/I Love Vegas [Big band],2,2,1765038170.0,1.0,False,youtube.com
1pfyg0j,Music,"""never in my life""",0,0,1765051118.0,0.5,False,
1pgal4w,Music,Is Anyone Else Seeing Fake “Boss IPTV” Websites on Google?,0,3,1765085868.0,0.13,True,self.Music
1pg96uv,Music,Worst Christmas song!,0,143,1765081355.0,0.45,False,
1pfxg51,Music,Came across this cozy rainy-night song and it’s too good not to share 🌧️✨,0,1,1765048630.0,0.33,True,self.Music
1pfxas5,Music,DA CLUJ POSSE - MEMPHIS [TRAP/PHONK],0,0,1765048268.0,0.5,False,soundcloud.com
1pfx8bd,Music,Pull the plug patches,0,1,1765048099.0,0.5,True,self.Music
1pe32kf,Music,Fox News viewers turn on host as he tries to criticize Sabrina Carpenter,21882,607,1764862577.0,0.93,False,irishstar.com
1pfwzqp,Music,"Ticozz - Celta [Brazilian drift phonk, Arabic-inspired synth leads, perfect for Fast &amp; Furious style car videos] (2025)",0,0,1765047524.0,0.33,False,youtube.com
1pgc84o,Music,"Alternate Lyrics to ""Last Christmas"" (now about sweet sausages)",0,0,1765091661.0,0.14,True,self.Music
1ped6dx,Music,"Trump, 79, Cranks ‘Live and Let Die’ Before ‘Delivering Peace’ Event",3841,178,1764885540.0,0.95,False,thedailybeast.com
1pfwey6,Music,Learning songs by ear,1,2,1765046094.0,1.0,True,self.Music
1pg9z51,Music,kc and the sunshine band do a little dance just doesn't slap as much as it should/could.,0,5,1765083852.0,0.1,True,self.Music
1pfmm6n,Music,Depeche Mode - Home (Live in Mexico City - Official Audio) [Trip hop],4,0,1765018575.0,1.0,False,youtube.com
1pg6dth,Music,Lets Make a Modern (fictious) Supergroup,0,12,1765072747.0,0.27,True,self.Music
1pfw7yn,Music,Millenova – Noche Silenciosa px-01 [ EDM Electronico ],1,0,1765045615.0,1.0,False,youtu.be
1pfmkdq,Music,Creating Music,4,1,1765018390.0,0.84,True,self.Music
1pf6bme,Music,"After surprise Trump pardon, Oak View Group's Leiweke Refuses to Testify in Live Nation Antitrust Suit",53,3,1764967873.0,0.89,False,ticketnews.com
1pfvzrw,Music,DFlexXx - Share the night [Rap],0,0,1765045069.0,0.33,False,submithub.com
1pgcac2,Music,"Alternate Lyrics to ""Here Comes Santa Claus"" (now about festive woe)",0,2,1765091888.0,0.08,True,self.Music
1pfvsn3,Music,ADEPT entfachen in Stuttgart mit Supportbands ein Core-Feuer Deluxe,1,0,1765044577.0,1.0,False,paranoyd-magazin.de
1pg74dk,Music,Mexican people: I've got a musical question for you :D,0,14,1765074969.0,0.37,True,self.Music
1pfvcaw,Music,Silly - Rich &amp; Gorgeous [UK trap],1,0,1765043498.0,1.0,False,youtu.be
1pfv7zc,Music,"The Astronauts - Material Girl [rock]
music",1,0,1765043205.0,1.0,False,youtube.com
1pfv3ax,Music,Various Artists - Love Rendezvous 1 [Chopped &amp; Screwed](2025),0,0,1765042886.0,0.5,False,youtu.be
1pg8tsg,Music,Need a Apple Music code dm me if you have,0,1,1765080199.0,0.11,False,
1pfuqrf,Music,Looking for a Sugar – Maroon 5 cover with the same lyrics but different melody,0,2,1765042043.0,0.5,True,self.Music
1pfehwo,Music,What song invokes the most nostalgia within you,15,83,1764989761.0,0.86,True,self.Music
1pfmq7t,Music,Luna Elle  - Wasting Away [R&amp;B] (2025),3,0,1765018970.0,0.81,False,youtu.be
1pfu2ko,Music,Spitfire Audio BBCSO Core Full Articulation Template,1,0,1765040396.0,1.0,False,
1pftfeg,Music,Ayudame a encontrar un dembow más o menos viejo,1,0,1765038789.0,1.0,True,self.Music
1pfoe3w,Music,Skye Sweetnam - Number One [Pop-punk],2,1,1765024869.0,0.75,False,youtu.be
1pft4il,Music,Music History Events: albums released December 6,1,1,1765038039.0,0.66,False,
1pfykpk,Music,Unbound - You got this [rock/rap],0,3,1765051432.0,0.25,False,youtu.be
1pfstgq,Music,👋 Welkom bij r/Dubmaking - Stel jezelf voor en lees eerst!,0,3,1765037239.0,0.5,False,
1pg4z67,Music,"YouTube, aka the Biggest Platform on Earth, Has Deleted All My Albums",0,9,1765068541.0,0.42,False,counterpunch.org
1pfsp3s,Music,"Ragazzi,mi dareste un’opinione su questa traccia?",1,1,1765036921.0,1.0,True,self.Music
1pfsjoo,Music,ivycomb - leave a message [ lo-fi / R&amp;B / chill / relaxed electronic ] (2022),1,0,1765036536.0,1.0,False,youtu.be
1pfsfro,Music,"Eugenia Nicolae - Astă iarnă, era iarnă [Romanian Traditional]",0,1,1765036248.0,0.33,False,youtu.be
1pg0w59,Music,80s - 00s,0,10,1765057461.0,0.4,True,self.Music
1pfd7pn,Music,John Cougar Mellencamp - Hurts So Good [rock] it's just a classic.,12,0,1764985943.0,0.83,False,youtu.be
1pe5c42,Music,"Diddy charged The Notorious B.I.G.'s funeral back to rapper's estate, Bad Boy Records co-founder says.",5103,174,1764867733.0,0.98,False,rollingstone.com
1pg1o1w,Music,O Holy Night (Mariah Carey excluded),0,15,1765059482.0,0.17,True,self.Music
1pfqz7l,Music,Old concert tickets,0,8,1765032362.0,0.43,True,self.Music
1pff4m7,Music,Sly &amp; The Family Stone - Life [psychedelic FUNK] (1968),7,1,1764991678.0,0.83,False,youtu.be
1peovsc,Music,"Impressively Metallica was streamed over 21,000 years worth on Spotify in 2025 so far",282,96,1764919496.0,0.84,False,lambgoat.com
1pfg2rq,Music,Backstreet Boys announce 'Homecoming: Live In Germany' arena residency – their only European shows of 2026,6,3,1764994634.0,0.8,False,nme.com
1pff09t,Music,Nathaniel Rateliff &amp; The Night Sweats - S.O.B.  [Alternative/Indie] (2015),7,0,1764991310.0,0.82,False,youtube.com
1pf6g8v,Music,Eels - Flyswatter [Alternative],23,6,1764968184.0,0.96,False,youtu.be
1pfjip4,Music,Cory Wong (feat. Benny Sings) - Lost in the Wonder [funk],3,2,1765006598.0,1.0,False,youtube.com
1pfljes,Music,Carmelo Paolucci -  Bach Fugue n 19 in A Major BWV 864 WTC1 [Classical music],2,2,1765014465.0,0.6,False,youtu.be
1pflc3u,Music,"Sleaford Mods: 7 songs that changed my life — State of Sound | News, Reviews, Essays, Interviews &amp; More",2,0,1765013666.0,0.76,False,stateofsoundmagazine.com
1pfp0aq,Music,"👋¡Te damos la bienvenida a r/LegacyOfMendy666 - ¡Antes de nada, preséntate y lee!",1,2,1765026794.0,0.67,False,
1pftxj7,Music,Do these 4 songs use the same sample?,0,5,1765040043.0,0.4,True,self.Music
1pf3ac6,Music,"Non-American Perception of US-Originated Genres: Is Rock, Hip-Hop, or Jazz, etc, seen as ""American Music"" regardless of the artist?",28,154,1764960680.0,0.72,True,self.Music
1pfeqbk,Music,Heavy D &amp; The Boyz ft Aaron Hall - Now That We Found Love [Dance],5,1,1764990456.0,0.86,False,youtu.be
1pfohwg,Music,Nicholas KMA - CHANGE [Pop],0,0,1765025204.0,0.5,False,soundcloud.com
1pg1oqo,Music,"What type of music performance is it when the singer interacts with the audience? Jessica Rabbit ""Why don't you do it right"" and Angel Dust ""Losin Streak"" are 2 examples.",0,2,1765059532.0,0.22,False,
1pe91hx,Music,Commentary: The DHS keeps poaching music for ICE recruitment ads. Musicians keep demanding it back,1976,103,1764875837.0,0.97,False,latimes.com
1pffe0b,Music,B.T. Express - Once You Get It [FUNK] (1974),6,1,1764992497.0,1.0,False,youtu.be
1pf7uvq,Music,Living Colour - Glamor Boys [reggae rock] (1988),14,2,1764971608.0,0.9,False,youtu.be
1pep72h,Music,Which song made you stop in your tracks the very first time you heard it — like the world paused for a second?,184,832,1764920744.0,0.89,True,self.Music
1pe0h63,Music,Spotify Unwrapped campaign calls for boycott over ICE ads and AI music,4989,507,1764856167.0,0.92,False,nme.com
1pfnic4,Music,The best music books of 2025,1,2,1765021840.0,0.67,False,theguardian.com
1pfc77x,Music,Albert King &amp; Stevie Ray Vaughan - Blues At Sunrise [Blues],7,0,1764982992.0,1.0,False,youtu.be
1pfb83v,Music,"Turbine &amp; PAV4N - Enter the Dance [Dubstep, Rap, Turntablism]",9,4,1764980280.0,1.0,False,open.spotify.com
1pfmx5t,Music,Licenses music for workout,0,0,1765019694.0,0.5,True,self.Music
1pfmvd8,Music,Mark Cee - And Now the Rain is Gone [Indie Chill] (2025),1,0,1765019506.0,1.0,False,youtu.be
1pfzklk,Music,"When Les Claypool auditioned as bassist for Metallica, why didn't it work out?",0,28,1765054029.0,0.27,True,self.Music
1pf64uo,Music,The Father of Rhythm Guitarists,13,1,1764967415.0,0.9,False,theatlantic.com
1pg4hhb,Music,Ai music,0,10,1765067169.0,0.23,True,self.Music
1peq2hi,Music,Garbage in Melbourne today,122,89,1764924220.0,0.78,True,self.Music
1pex1zw,Music,System of a Down - Toxicity [Rock],38,7,1764946335.0,0.75,False,youtu.be
1pfmag2,Music,Wanna grow music wise,0,4,1765017359.0,0.33,True,self.Music
1pebiwo,Music,Jonas Brothers Reflect on Dad Losing His Job as a Pastor Because the Band Wasn't Only Singing Christian Music,963,122,1764881680.0,0.92,False,people.com
1pfi805,Music,Supporting a Musical Community,2,0,1765001845.0,1.0,False,
1pflq1j,Music,Cassidy - Rap City [Rap],1,2,1765015166.0,0.67,False,youtu.be
1pflixl,Music,"Ariel Pink - Bright Lit, Blue Skies [psychedelic rock]",1,4,1765014416.0,0.6,False,youtube.com
1pfwa7o,Music,A I Music Fakes taking over....,0,10,1765045762.0,0.35,True,self.Music
1pfc18h,Music,Donnie Iris - That’s The Way Love Ought To Be [rock],6,2,1764982535.0,0.87,False,youtu.be
1pfl71b,Music,Bobby Valentino - Anonymous [RnB],1,0,1765013106.0,1.0,False,youtu.be
1pepwgl,Music,'He wanted to make his own Thriller': Inside Freddie Mercury's debut solo album,99,12,1764923537.0,0.9,False,inews.co.uk
1pf4lub,Music,"Devo's Mark Mothersbaugh on band's second Grammy nod, 50+ years of music and visuals",12,2,1764963766.0,0.85,False,usatoday.com
1pfkymp,Music,Deathsole - Echoes in the Mix – Dark Electronic Horror Song About Loss &amp; Revenge [rap] (2025),1,0,1765012194.0,1.0,False,youtu.be
1pf1eqq,Music,Pink Floyd - Paranoid eyes [rock],16,18,1764956369.0,0.79,False,youtu.be
1pfkgaj,Music,Earbuds OR Headphones,0,3,1765010175.0,0.5,True,self.Music
1pet1ba,Music,Has anyone else had periods where music just doesnt feel the same anymore,44,39,1764935270.0,0.88,True,self.Music
1pffyyt,Music,"10 years ago E.VAX of Ratatat said in an AMA here, I want to do the shows in a giant dome",2,1,1764994292.0,0.75,True,self.Music
1pfjs89,Music,Silly - Foreign plates  [Melodic UK Trap],1,2,1765007596.0,0.66,False,youtu.be
1pfqzjt,Music,New era of what?,0,3,1765032388.0,0.27,True,self.Music
1pff51f,Music,What is this called?,2,0,1764991717.0,1.0,False,
1pfj2b1,Music,SurferBOY -- Dopamine [Pop] (2025),1,1,1765004887.0,1.0,False,youtube.com
1pfsb3g,Music,Was Meatloaf ever cool ?,0,54,1765035896.0,0.38,True,self.Music
1pfiwd1,Music,"I cant find this song, pls help",1,0,1765004289.0,1.0,False,
1pfufsh,Music,Tell me your favourite song that and I'll rate it,0,44,1765041284.0,0.25,True,self.Music
1pfiivm,Music,Did King Von sample Mustard?,1,1,1765002938.0,0.67,True,self.Music
1pfeb14,Music,The Father of Rhythm Guitarists,2,0,1764989186.0,0.62,False,theatlantic.com
1pfvtgz,Music,"Spotify is scummy, Apple music is not great imo... What is the best other option?",0,104,1765044633.0,0.43,True,self.Music
1pfw8el,Music,Is AI Music (Artificial Intelligence) dangerous to this generation of Music Yes or No and Why?,0,10,1765045647.0,0.31,True,self.Music
1pfhnn3,Music,Viju x Nohisry - Moon [melodic hard trap] 2025,1,0,1764999838.0,1.0,True,self.Music
1pez0ba,Music,Times a radio edit took the heart and soul out of a song?,11,56,1764950930.0,0.65,True,self.Music
1pfghj9,Music,Can Anyone Else Remember this Music Video?,1,2,1764995985.0,0.67,True,self.Music
1pf8u9y,Music,"Metronomy - Live in ""Passengers"" [Indie Pop]",3,2,1764974041.0,1.0,False,youtu.be
1pf6id0,Music,Watch: New RUSH Drummer ANIKA NILLES Launches First-Ever Australian Tour In Melbourne,3,1,1764968331.0,0.62,False,blabbermouth.net
1pf8e5l,Music,The Stranglers - North Winds [pop rock],3,0,1764972908.0,1.0,False,youtube.com
1pf04rp,Music,Do social media algorithms hide more talent than they reveal?,8,37,1764953469.0,0.61,True,self.Music
1pfb6zg,Music,Diana Krall - Live in Paris [Jazz],2,2,1764980194.0,1.0,False,youtu.be
1pfrh31,Music,Currently using Spotify but considering switching to Apple Music for these reasons,0,20,1765033708.0,0.29,True,self.Music
1pfffcw,Music,Star Trash - LAN [Drum and Bass],1,0,1764992617.0,1.0,False,youtu.be
1pe4gwo,Music,Trump despair drives folk icon Joan Baez back to the studio,642,4,1764865777.0,0.97,False,azexpress.net
1pff818,Music,Randy Crawford - Street Life [soul FUNK jazz] (1979),1,1,1764991976.0,0.67,False,youtu.be
1pff4x2,Music,Splitzide - In Love With Her [Hip-Hop/Rap],0,0,1764991704.0,0.5,False,youtu.be
1pf4tjh,Music,KEEP MAKING MUSIC IN YOUR BEDROOM,5,1,1764964269.0,0.86,False,
1pf2nub,Music,Rosalía Announces International Lux Tour Following Record-Breaking Album Release,5,1,1764959204.0,0.7,False,people.com
1pfengr,Music,Okay so this is a shot in the dark.,1,0,1764990209.0,1.0,False,
1pf0nra,Music,Primal Scream - Movin' On Up [psychedelic rock],6,0,1764954655.0,0.88,False,youtube.com
1pfee6c,Music,Listening Time,0,1,1764989447.0,0.5,False,
1pfe7uo,Music,Who's Foolin' Who?,0,0,1764988918.0,0.5,False,
1peduwz,Music,Anthony Green Confirms His 2022 Relapse Ultimately Led To Circa Survive Breaking Up,179,18,1764887188.0,0.94,False,theprp.com
1pfdy1b,Music,Screw Up - Overseer (Big Beat),1,1,1764988099.0,1.0,True,self.Music
1pf8wei,Music,gaana- an indian alternative for spotify?,2,2,1764974189.0,0.67,True,self.Music
1pfdlbd,Music,Jeb Young - Time is Slipping Away [rock],1,1,1764987041.0,1.0,False,youtu.be
1pf8ioz,Music,Mariah Carey - Honey [RnB],2,1,1764973218.0,0.67,False,youtu.be
1pfd80c,Music,Life of Agony - Other Side of the River [Alt Metal],1,0,1764985966.0,1.0,False,youtu.be
1pfcopu,Music,Sharing some of my new RNB tracks,0,0,1764984406.0,0.5,False,
1pfnygl,Music,“I listen to everything”,0,12,1765023402.0,0.21,True,self.Music
1pfbwj9,Music,Sharing some of my new RNB tracks,0,2,1764982179.0,0.4,False,
1pf3ar9,Music,"Indy Spotlight – December – Young Reese Dude...Dayton, Ohio’s Young Reese Dude is prepared to put the soulful history of his city on his back",3,0,1764960707.0,1.0,False,hiphophighsociety.com
1pf6kvc,Music,Annabelle Dinda,2,2,1764968497.0,0.75,False,
1pf37s1,Music,Finger Eleven - Above [Alt Rock],3,1,1764960514.0,1.0,False,youtu.be
1pfq64t,Music,We have AI everything… why has no one upgraded GPS guidance?,0,3,1765030134.0,0.17,True,self.Music
1pfob4w,Music,"Tom Waits – “I’m Still Here”: the quietest, most devastating song he ever wrote",0,9,1765024595.0,0.28,True,self.Music
1pezlxo,Music,UNDERMINE - TANK TOWN [PUNK],24,0,1764952280.0,0.89,False,youtu.be
1pfkina,Music,Damien Jurado top 0.1%,0,2,1765010442.0,0.33,False,
1pftz7y,Music,A speech to those who listen to classical music.,0,11,1765040161.0,0.1,True,self.Music
1pff71x,Music,Swag Ali ft. Chris Ray - Where Did The Music Go [Hip-Hop/Rap],0,0,1764991889.0,0.25,False,youtu.be
1pfhi07,Music,"starting a no-rules collective producers, rappers, engineers, creatives (any age)",0,6,1764999319.0,0.43,True,self.Music
1pf9yb8,Music,Asoookha - themes (learning) [Hip-Hop Instrumental],1,2,1764976896.0,1.0,False,youtu.be
1pf333g,Music,Indago Child ft. Joint Inc. - Leave Them Behind [Hip-Hop/Rap],2,0,1764960199.0,1.0,False,youtu.be
1pezeyt,Music,Adam Franklin - Syd's Eyes [indie psychedelia alt rock shoegaze],3,1,1764951844.0,0.72,False,youtu.be
1pfd73d,Music,Nickelback - One Last Run [Post-Grunge],0,0,1764985893.0,0.38,False,youtu.be
1pfcz5y,Music,Sharing some of my new RNB tracks,0,0,1764985253.0,0.25,False,
1peyj4f,Music,Pink Floyd and Rock's Greatest Bootlegger,3,1,1764949839.0,0.59,False,rollingstone.com
1pf7pjd,Music,aykanlyar - PRIVET [Alternative Rap],1,1,1764971239.0,1.0,False,youtu.be
1pf1kvx,Music,Top 20 EPs of 2025,2,0,1764956758.0,1.0,False,nofrillsreviews.com
1pfm8gu,Music,Why is dark side of the moon considered one of the greatest albums of all time?,0,18,1765017141.0,0.27,True,self.Music
1pf74y0,Music,"Seth Wyatt - ""Requiem of Callahan [Soundtrack]",1,2,1764969846.0,1.0,False,youtu.be
1pfgq0i,Music,Lil Uzi Vert’s New Single Is Terribly Regular - Single Review,0,35,1764996777.0,0.33,True,self.Music
1pf70xy,Music,Adam Sandler reveals his love for Hole classic ‘Live Through This’,1,6,1764969573.0,0.52,False,nme.com
1pf6ein,Music,I need to talk about this snake handler church music. Wow.,0,9,1764968064.0,0.45,True,self.Music
1pf68wc,Music,Lily Allen Announces 2026 North American Tour,0,6,1764967692.0,0.48,False,pitchfork.com
1pf68r8,Music,Cotton Candy Industrialist - Michael Caine [D&amp;B],1,2,1764967681.0,0.67,False,youtube.com
1pf67yk,Music,Mark Cee - And Now the Rain is Gone [Indie Chill] (2025),1,2,1764967626.0,1.0,False,youtube.com
1pfj46j,Music,There won’t ever be a song by PND or anyone that will ever come close to sound as beautiful as ‘TBH’,0,1,1765005078.0,0.11,False,
1pf5umi,Music,Does anyone?,0,2,1764966721.0,0.5,True,self.Music
1pf5arc,Music,broke records label,0,0,1764965390.0,0.5,False,
1pf5afi,Music,broke records label,0,1,1764965369.0,0.5,False,
1pf51c5,Music,"As Joe Perry teams up with Yungblud for a new EP, he tells tales of his adventures with guitar icons Jeff Beck, Jimmy Page, Slash and other rock greats",1,1,1764964786.0,0.6,False,guitarplayer.com
1pf50lx,Music,Emarosa - Good Enough [Synth Rock?],0,2,1764964736.0,0.5,False,youtu.be
1pf4sru,Music,Headjack-Feel it again[indierock],0,2,1764964220.0,0.5,False,
1pf4n2c,Music,What's the last band/album/song that felt like something totally new?,0,7,1764963845.0,0.5,False,
1peyhts,Music,"Pusha T: Diss Tracks Are ""Dead to Me""",0,0,1764949755.0,0.5,False,consequence.net
1peybk7,Music,Return to underground - Album by Ekleipsis | Spotify [instrumental hip hop rap underground][2025],2,2,1764949349.0,0.67,False,open.spotify.com
1pf9p1v,Music,Luke Combs - Giving Her Away [Country],0,1,1764976231.0,0.29,False,youtube.com
1pegu8f,Music,They Might Be Giants - I Palindrome I [Alternative],31,6,1764894841.0,0.97,False,youtube.com
1pf3gzo,Music,Kendrick Lamar - Money Trees [Hip Hop],1,1,1764961106.0,0.6,False,youtu.be
1pf35yc,Music,Unreleased Jill Sobule music,0,0,1764960390.0,0.38,True,self.Music
1pf348o,Music,FromScratch - NORMAL [pop-punk],1,0,1764960276.0,0.67,False,youtube.com
1pe88uq,Music,Why don’t we talk more about Steve Cropper when we mention the greatest guitarists of all time?,84,67,1764874085.0,0.85,True,self.Music
1pf2q5i,Music,Changing Instrumentation?,1,1,1764959355.0,0.67,True,self.Music
1pf2eew,Music,Grandaddy Souf ft. Get Cool - Run It [Southern Hip-Hop],1,0,1764958599.0,0.67,False,youtu.be
1pd926z,Music,“We won’t apologize”: Sabrina Carpenter calls Trump’s deportation video using her song “evil”—White House responds with mockery,10974,354,1764779763.0,0.96,False,azexpress.net
1pf28qf,Music,que significa esta frase de shakira?,0,0,1764958244.0,0.5,True,self.Music
1pf1yow,Music,"Silly - Her, The Money &amp; The Life [Melodic UK Trap]",1,0,1764957624.0,0.67,False,youtu.be
1pee1id,Music,Pete Best's Niece Cast as John Lennon's Aunt Mimi in Beatles Biopics,33,2,1764887644.0,0.87,False,rollingstone.com
1pfcauf,Music,Anybody else use anything other than spotify😭??,0,12,1764983276.0,0.25,False,
1pffy0f,Music,Am I the only one?😭✌️,0,0,1764994212.0,0.17,False,i.redd.it
1pf180o,Music,Wave Z - What Did You Wear Last Night [Italian Grunge/Indie Rock],1,1,1764955942.0,1.0,False,youtube.com
1pe2zf2,Music,What is your 2025 album of the year?,111,537,1764862366.0,0.88,True,self.Music
1peer4o,Music,Liking an album and every song on it,26,51,1764889439.0,0.74,True,self.Music
1pf0alu,Music,"Deathsole - Lone warrior rap music – Pain, Scars &amp; Survival [rap] (2025)",0,0,1764953837.0,0.4,False,youtu.be
1pf093n,Music,Deathsole - Loyalty or Legacy (Remix) Trap Soul Story [rap] (2025),0,0,1764953741.0,0.4,False,youtu.be
1pf06a8,Music,Deathsole - Loyalty or Legacy (Remix) Trap Soul Story [rap] (2025),0,0,1764953569.0,0.4,False,youtu.be
1pdz21h,Music,Foo Fighters benefit concert will happen on Dave Grohl’s 57th birthday,172,70,1764852224.0,0.82,False,themirror.com
1pepb5z,Music,Brass Against - Glory Box (Portishead Cover) [BRASS MUSIC],4,7,1764921190.0,0.6,False,youtu.be
1pfaqpi,Music,Get so old you forget the name of your favorite song by a band you can't remember either.,0,4,1764979005.0,0.42,True,self.Music
1pez68b,Music,okayblizz - Euphoria [shoegaze] (2025),1,1,1764951301.0,0.67,False,youtu.be
1peyvpn,Music,The Myriad -- A Clean Shot [rock] (2008),1,0,1764950634.0,0.6,False,youtube.com
1peysbi,Music,Your reality is here - CAMCURSE [VIDEO ],1,0,1764950431.0,0.6,False,youtube.com
1peyo8h,Music,What Instrument is this?,1,2,1764950169.0,0.67,True,self.Music
1pf4ha9,Music,Guns N' Roses - Civil War [Rock],0,2,1764963466.0,0.25,False,youtube.com
1peygj7,Music,Stereogum Staff Picks: Our Other Songs Of 2025,1,2,1764949672.0,0.6,False,stereogum.com
1pf71zc,Music,Music App for my Husband,0,15,1764969643.0,0.29,True,self.Music
1pexlrr,Music,Western Saints - Dance Through Your Problems [pop],1,1,1764947636.0,0.67,False,youtu.be
1pexiil,Music,Snowden - So Red [indie rock] (2013),1,0,1764947421.0,0.6,False,youtu.be
1pexfll,Music,{video} Jahphet Landis is the talented drummer from the American rock band “TV on the Radio “ and this is story about his family – and becoming a father.,0,0,1764947228.0,0.33,False,youtu.be
1pexf39,Music,The incredible story of the Les Paul that Dave Navarro bought for his Guns N’ Roses audition – and ended up giving to John Frusciante,0,0,1764947193.0,0.41,False,guitarworld.com
1pex1nk,Music,Christian Löffler &amp; Ensemble - Haul (live) [Electronic],0,0,1764946311.0,0.5,False,youtube.com
1pfdfng,Music,White House Trolls Sabrina Carpenter Again by Editing Her “SNL” Clip to Push Pro-ICE Message,0,5,1764986580.0,0.23,False,topthreeus.com
1pf8q6y,Music,Covers that are better than the original,0,42,1764973747.0,0.36,True,self.Music
1peveeo,Music,Half Built Homes - No More Caroling [Christmas Music/Punk],1,0,1764942213.0,0.67,False,youtu.be
1pevamv,Music,BRKN LOVE - Shades of You [Hard Rock],0,1,1764941946.0,0.5,False,youtu.be
1pdex21,Music,"Spotify Unwrapped Campaign Calls for Boycott in Protest of ICE Ads, AI Music on Platform",1973,186,1764792375.0,0.94,False,consequence.net
1peuh0k,Music,Mr. TripZter - Doin’ Division Time [mashup],0,1,1764939678.0,0.5,False,youtu.be
1pfb6cd,Music,Queerbaiting in The Music Industry,0,19,1764980144.0,0.26,True,self.Music
1peu7mj,Music,Just Subterfuge by Pope Caid,1,2,1764938917.0,0.6,False,distrokid.com
1pefktu,Music,"Raphael Saadiq breaks down ‘I Lied to You’ from ‘Sinners’ — plus unforgettable stories about Whitney, Prince, and D’Angelo:",13,1,1764891565.0,0.93,False,goldderby.com
1pd0lz7,Music,White House hits back at Sabrina Carpenter as they admit 'we won't apologize',13086,901,1764757356.0,0.94,False,irishstar.com
1petql4,Music,Joe Perry on Aerosmith’s surprise Yungblud collab and paying tribute to late Bad Company legend Mick Ralphs,0,1,1764937456.0,0.43,False,guitarworld.com
1pdg81s,Music,Lily Allen's West End Girl Being Released On Butt Plug-Shaped USB Drives,1435,186,1764795344.0,0.91,False,consequence.net
1petlba,Music,Music History Events: albums released December 5,1,1,1764937009.0,0.67,False,
1peptp8,Music,HONOREBEL - Reason To Live [funky house],2,1,1764923222.0,1.0,False,open.spotify.com
1pe4pyt,Music,Cake - Never there [Rock],36,0,1764866345.0,0.95,False,youtube.com
1pd3jgh,Music,Bad Bunny Is the Biggest Artist of 2025 on Spotify With 19.8 Billion Streams,6114,527,1764766923.0,0.94,False,rollingstone.com
1pf67k9,Music,What's your favorite filler hit?,0,2,1764967599.0,0.27,True,self.Music
1pf7nww,Music,"I make music as a creative outlet, but I’ve never really cared about the audio quality. How can I use AI to “cover” one of my own songs?",0,9,1764971125.0,0.25,True,self.Music
1pf5byt,Music,How hard is it to become popular in the music industry if you are not from the USA?,0,8,1764965467.0,0.22,True,self.Music
1pf0c1r,Music,"Alternate Lyrics, The Christmas Song",0,4,1764953931.0,0.33,True,self.Music
1peopm7,Music,Mann Mousike – Believe (Electronic Dance Religion),2,3,1764918823.0,0.75,True,self.Music
1pes6ez,Music,Good Tradition: Tanita Tikaram's Favourite Albums,0,0,1764932269.0,0.5,False,thequietus.com
1pes3zl,Music,World Wide 9/2024 by Edgar Allan Corley III,0,0,1764932022.0,0.5,False,edgarallancorleyiii.hearnow.com
1pf5s69,Music,"No War, Just Peace - Nicholas Maduro [anti-war] (2025)",0,4,1764966556.0,0.13,False,m.youtube.com
1pe6p2l,Music,The Man Who Wrote Songs for the Muppets and the Carpenters Takes a Bow,19,1,1764870739.0,0.89,False,nytimes.com
1pdhmw2,Music,"Steve Cropper, guitarist for Booker T &amp; the MG's, Otis Redding, The Blues Brothers and more, dies at 84",833,57,1764798622.0,0.98,False,variety.com
1pf1pmk,Music,New Zac Brown Band album out today...what do y'all think about it?,0,3,1764957055.0,0.27,True,self.Music
1pergms,Music,Nas - Legit [Rap],0,1,1764929571.0,0.5,False,youtu.be
1pegjsv,Music,Frank Zappa - How Could I Be Such A Fool? [Doo-Wop],7,0,1764894068.0,1.0,False,youtu.be
1pdtvq8,Music,"Steve Cropper, Legendary Guitarist for Booker T. &amp; the MG’s, Otis Redding and the Blues Brothers, Dies at 84",134,16,1764833342.0,0.95,True,self.Music
1pel6ts,Music,Musical exorcism please,4,3,1764907112.0,0.83,True,self.Music
1peqquc,Music,Various Artists - Love Rendezvous 1 [Chopped &amp; Screwed](2025),1,0,1764926831.0,1.0,False,youtu.be
1pegzp1,Music,"Jagged City (Defeater, Etc.) Rail Against Spotify With Mid-Song PSA Exclusively Available Via The Divisive Streaming Service",6,0,1764895246.0,1.0,False,theprp.com
1peqoxm,Music,Trevor and The Joneses - Anywhile [indie psych rock],1,0,1764926619.0,0.67,False,youtu.be
1pfep65,Music,Sabrina Carpenter,0,2,1764990355.0,0.14,True,self.Music
1pd87tg,Music,White House calls Sabrina Carpenter ‘stupid’ after using her song in ICE arrest video,1964,264,1764777908.0,0.93,False,mlive.com
1peqgkg,Music,Musotec.de — Legit ?,0,2,1764925703.0,0.5,True,self.Music
1peu95t,Music,I built a simple site to explore my Spotify listening data,0,4,1764939043.0,0.25,False,beatlist.es
1pf1k0d,Music,Is Derik Fein AI?,0,4,1764956703.0,0.36,True,self.Music
1peqbuw,Music,Can't find lyrics for this song,0,0,1764925212.0,0.5,True,self.Music
1pemi1h,Music,Slightly Stoopid - World Goes Round [reggae/trip mash up] (2025),2,0,1764911163.0,1.0,False,youtu.be
1peq3mx,Music,PHIL CAMPBELL AND THE BASTARD SONS: Band arbeitet an neuem Material – fester Sänger weiterhin gesucht,1,0,1764924341.0,0.67,False,paranoyd-magazin.de
1pf6qzj,Music,Curious what the music community thinks about AI visuals for songs,0,12,1764968915.0,0.19,True,self.Music
1pem84m,Music,Lewis Capaldi - Before You Go [Pop/Singer-songwriter],2,0,1764910317.0,1.0,False,youtu.be
1pe5mrn,Music,Ministry - Thieves [Industrial],17,1,1764868374.0,0.91,False,youtu.be
1pepvca,Music,No Clue - Have Yourself A Wrecking Ball New Year  [Metal],0,1,1764923414.0,0.5,False,orcd.co
1pf1s17,Music,Is this a good reason for boycotting Spotify?,0,30,1764957204.0,0.38,True,self.Music
1pd48mo,Music,Weezer bassist's wife files for divorce months after alleged LAPD shooting incident,2582,267,1764768737.0,0.97,False,nme.com
1pe9jy8,Music,Stone Temple Pilots - Crackerman [Alt Rock],10,0,1764877004.0,1.0,False,youtu.be
1pet46s,Music,Silly - 2 Smokes &amp; A Reload [UK Drill/Trap],0,1,1764935544.0,0.25,False,youtu.be
1pepbf8,Music,Alguien sabe como se llama ésta canción?,0,0,1764921220.0,0.4,True,self.Music
1pe6mld,Music,Ronnie Wood Celebrated His 50th Anniversary in the Rolling Stones By Painting Them,14,0,1764870592.0,0.94,False,rollingstone.com
1pdk3zn,Music,"According To Clown, Slipknot's Long-Delayed 2008 Album Is Finally Coming In 2026",334,58,1764804579.0,0.91,False,theprp.com
1pef8t0,Music,Stacey Q - Two of Hearts [pop] (1986),3,0,1764890720.0,0.72,False,youtu.be
1perwj5,Music,"Some songs of this Phonk's album are unfindable, just lost on every platform, help me to find ways to hear them again please",0,2,1764931249.0,0.25,True,self.Music
1peoczz,Music,Fibonacci pt. 2,0,0,1764917525.0,0.5,False,
1pdezoa,Music,Kalenna Harper Claims Diddy Was Awake 14 Days On Cocaine In Netflix Doc,593,135,1764792538.0,0.81,False,hot97.com
1pe5zh0,Music,The Grateful Dead - Eyes of the World [classic rock] (1973),10,2,1764869150.0,0.86,False,youtu.be
1penxvv,Music,Need some trippy songs.,0,4,1764915987.0,0.5,False,
1penjun,Music,Smino - blkjuptr [Rap],0,0,1764914610.0,0.5,False,youtube.com
1penidg,Music,"YEBBA - “MY MIND” [Contemporary soul, rnb]",0,1,1764914475.0,0.5,False,youtu.be
1pe72k5,Music,‘Made in Heaven’ at 30: How Queen said goodbye to Freddie Mercury on the band’s final studio album,9,0,1764871517.0,0.74,False,goldderby.com
1penhne,Music,Moorelove - Christmas Joint [ jazz ],0,1,1764914417.0,0.5,False,open.spotify.com
1pd6skg,Music,Kanye West’s Concert in Brasil Canceled After City Officials Refuse to Grant Permit,1246,96,1764774729.0,0.98,False,consequence.net
1pena8p,Music,SPITE - IED [Deathcore],1,1,1764913722.0,0.67,False,youtu.be
1pebiea,Music,Liam Gallagher &amp; Roger Daltrey - My Generation [Rock],5,0,1764881646.0,0.78,False,youtube.com
1pen01j,Music,SspSkootah - Sunset Baby [hiphop/r&amp;b],1,3,1764912781.0,0.66,False,music.apple.com
1pemuz3,Music,BRKN LOVE - Pulling Leeches [Hard Rock],1,1,1764912318.0,0.67,False,youtu.be
1pemucc,Music,BRKN LOVE - Diamonds [hard rock],0,0,1764912258.0,0.5,False,youtu.be
1pemrpe,Music,DJ SEAN EL - Everything I Need [house] (2025),1,0,1764912020.0,1.0,False,open.spotify.com
1pdzt7x,Music,Does today's alternative music have a counterculture?,18,51,1764854388.0,0.69,True,self.Music
1peman6,Music,Fulton Lee - Til It's Over [Funk/Soul],1,0,1764910532.0,1.0,False,youtu.be
1peuqcq,Music,Am I the only one who noticed how different Matty’s voice feels in “About You”?,0,3,1764940411.0,0.29,True,self.Music
1pephrn,Music,Funniest and Crucial Headlines of 2025,0,1,1764921876.0,0.33,True,self.Music
1pewpb0,Music,Alternate Lyrics to Let It Snow (pyro version),0,0,1764945461.0,0.23,True,self.Music
1ped687,Music,manifest - Amatör [Turkish Pop],3,4,1764885531.0,0.72,False,youtube.com
1pel54g,Music,I Hate You When You're Pregnant - Desiree [pop/electronic],0,0,1764906970.0,0.5,False,youtube.com
1pev3t1,Music,Apple Music or Spotify,0,34,1764941432.0,0.41,True,self.Music
1pekyhg,Music,Envy - 0 and 1 [post-rock / screamo],1,0,1764906411.0,1.0,False,youtu.be
1peku0r,Music,puberty love - p o e t i t s [emo trap],0,0,1764906049.0,0.5,False,youtu.be
1pekqvw,Music,Does anyone know this ad of this artist?,1,0,1764905796.0,1.0,False,
1pesadi,Music,Recent discussion with friend.,0,3,1764932644.0,0.3,True,self.Music
1pe9urd,Music,Life of Agony - Strung Out [Hard Rock],4,0,1764877792.0,1.0,False,youtu.be
1pek0hc,Music,Gerswhin's Summertime is very familiar,0,15,1764903656.0,0.5,True,self.Music
1pejys4,Music,GO le Hibou Psychic Use - Robin [Metal] 4 system of a down fans,1,0,1764903530.0,1.0,True,self.Music
1pessps,Music,Chosing music platform,0,15,1764934470.0,0.43,True,self.Music
1pe5d57,Music,Starless. King Crimson,6,1,1764867794.0,0.88,False,
1pesqm0,Music,We have a new live album: Live at Stagecoach 2025,0,1,1764934254.0,0.2,False,
1peavrv,Music,TOMORA - Ring the Alarm [Electronic],4,1,1764880175.0,0.83,False,youtube.com
1pf1eqi,Music,Nine Inch Nails revealed as Sydney Sweeney's favorite childhood band,0,5,1764956368.0,0.23,False,lambgoat.com
1pe61n3,Music,Rod Stewart - Maggie May / Gasoline Alley (from One Night Only!) ft. Ron Wood [Rock],5,0,1764869290.0,0.73,False,youtu.be
1peuuo1,Music,Miracle tinnitus relief,0,12,1764940743.0,0.37,True,self.Music
1pen3ud,Music,The Story Behind Why Gregory Porter Always Wears His Iconic Hat – Interesting Read,0,2,1764913136.0,0.45,False,celebritytalk.co.uk
1pe7hb5,Music,Steely Dan - The Fez [Jazz Rock],5,0,1764872407.0,0.78,False,youtu.be
1pe3iem,Music,Strong gender preference for vocals,6,32,1764863611.0,0.6,True,self.Music
1perkt5,Music,"I rememer, you rememer?",0,2,1764930011.0,0.25,False,
1pdcliy,Music,Jimmy Buffett’s Ashes Were Smuggled Into His Rock Hall Induction,289,27,1764787303.0,0.96,False,vulture.com
1pe341k,Music,Joy Division - Warsaw [Post Punk],5,0,1764862676.0,0.86,False,youtube.com
1pesmlb,Music,Donald Trump's feud with Taylor Swift,0,3,1764933867.0,0.11,False,themirror.com
1peo8jq,Music,chek me rock CD thank u,0,1,1764917060.0,0.33,False,
1pdxefz,Music,PJ Harvey - This Is Love [Alternative / Rock],13,1,1764846852.0,1.0,False,youtu.be
1pdmmo4,Music,"Steve Cropper, famed Stax guitarist for Booker T. &amp; The M.G.’s, dies at 84 — USA TODAY",76,3,1764811179.0,0.98,False,apple.news
1peqfnq,Music,Loneliness as a musician,0,7,1764925603.0,0.35,True,self.Music
1pega9t,Music,Sunset Baby,0,3,1764893395.0,0.5,False,url2734.distrokid.com
1pe4mqm,Music,NJ teen hunts for the long lost demo of her Mom's hardcore punk band from 1994,5,0,1764866139.0,0.78,False,nj.com
1peg4n3,Music,Self-Disclosure - Strong Swimmer [alternative],1,2,1764892979.0,1.0,False,youtu.be
1pewg21,Music,Alternate lyrics for All I Want For Christmas,0,9,1764944824.0,0.21,True,self.Music
1pekg39,Music,Better intro/opening?,0,1,1764904921.0,0.43,True,self.Music
1pdvsf9,Music,"'Dream come true' as Wales’ youngest DJ, 11, meets his hero Fatboy Slim",12,0,1764840826.0,0.88,False,nation.cymru
1pe4kay,Music,Talking Heads - Crosseyed and Painless [New Wave],2,0,1764865987.0,0.67,False,youtube.com
1pdlfi0,Music,Death - Politicians In My Eyes [punk](1975),59,9,1764807952.0,0.96,False,youtube.com
1ped9n8,Music,Silly - Three Man Loaded [UK Trap/Drill] (2025),0,1,1764885745.0,0.4,False,youtu.be
1pecwdd,Music,Anyone??,0,0,1764884859.0,0.5,False,
1pe37v0,Music,"Guns N' Roses Unleash New Songs ""Nothin'"" and ""Atlas""",3,16,1764862934.0,0.54,False,consequence.net
1peced6,Music,Bathroom Breakers Fan's i would like to make a reauest to you,0,4,1764883691.0,0.4,True,self.Music
1peccsg,Music,Sam Smith - Omen [POP],0,0,1764883595.0,0.5,False,youtube.com
1peno0y,Music,Kickin off da solo,0,32,1764915018.0,0.46,True,self.Music
1pd1l7z,Music,Zack De La Rocha is one of the greatest frontmen in rock history,492,188,1764760873.0,0.79,True,self.Music
1pdo6gs,Music,"The Beatles - Let It Be [Rock]  (January 31, 1969)",32,12,1764815470.0,0.79,False,youtube.com
1pebfth,Music,How does Apple Music track plays?,0,0,1764881483.0,0.5,True,self.Music
1pegtli,Music,"Leon Knight's ""Unc Core"" is reviving old-school",0,0,1764894794.0,0.25,False,newsweek.com
1pdph1e,Music,"Spotify Wrapped: Kneecap score more listeners than The Beatles in Ireland, as Irish music continues to thrive",21,5,1764819063.0,0.69,False,nme.com
1pcco3a,Music,Sabrina Carpenter Slams Trump’s White House for Using ‘Juno’ in ICE Raids Video: ‘Evil and Disgusting… Do Not Involve Me in Your Inhumane Agenda’,45568,1413,1764692316.0,0.91,False,variety.com
1peaj23,Music,Songs with superb violins,1,4,1764879337.0,0.67,False,
1peaguy,Music,Perfect Albums: Merriweather Post Pavilion,0,0,1764879196.0,0.5,False,justinpaulson.com
1pea7lx,Music,​DJ NÉVOA CÓSMICA - Névoa Cósmica [Electronic/Ambient] (2025) Official Video,0,1,1764878602.0,0.5,False,youtube.com
1pea6wh,Music,"If you had to name songs that embody the vibes of places you've lived, what would they be?",1,5,1764878559.0,0.6,True,self.Music
1pem05e,Music,D Stut - Speaker Workout Vol.003 [Tech House],0,0,1764909619.0,0.14,False,youtu.be
1pe9xr2,Music,Somebody told me - Killers .. Acoustic bass line?,0,1,1764877990.0,0.4,False,
1pdin17,Music,Good Alternatives to Spotify?,51,151,1764800982.0,0.64,True,self.Music
1pep1d1,Music,Is it even worth to do music in 2025?,0,26,1764920116.0,0.28,True,self.Music
1pe9gv3,Music,Ice Cube - Everythang's Corrupt [Rap],0,3,1764876809.0,0.33,False,youtube.com
1pccxp5,Music,BREAKING: Sabrina Carpenter slams 'evil and disgusting' White House for using her song in ICE video,17310,405,1764692902.0,0.93,False,irishstar.com
1pe901h,Music,Find off-the-beaten-track holiday music you haven't heard yet,1,0,1764875745.0,0.67,False,unheard.fm
1pe86ua,Music,PRETTY BLOOD JUMPSTYLE REMIX !!!,0,0,1764873961.0,0.5,False,
1pegsa0,Music,The  Velvet Underground,0,0,1764894695.0,0.33,True,self.Music
1pdk4t7,Music,Booker T. &amp; The MG's - Green Onions (Official Audio) [Soul/ R&amp;B],33,1,1764804633.0,0.95,False,youtu.be
1pe7c5r,Music,Migos - Hannah Montana [Rap],0,0,1764872096.0,0.5,False,youtu.be
1ped4vo,Music,"Leon Knight's ""Unc Core"" is reviving old-school",0,2,1764885442.0,0.4,False,newsweek.com
1pe6mcr,Music,Ekleipsis - return to underground - hip hop,0,0,1764870577.0,0.5,False,
1pdy1of,Music,Calema - Te Amo (Acoustic) [AfroPop],2,0,1764849056.0,0.67,False,youtu.be
1pe63y0,Music,St. Paul &amp; The Broken Bones - Change a Life [Southern Soul] 2025,1,1,1764869434.0,0.67,False,youtube.com
1pdo16d,Music,Jimi Hendrix - Stone Free [Psychedelic/Hard Rock]  (1967),15,0,1764815060.0,0.9,False,youtube.com
1pe5sx4,Music,Mashup - Santa Clause is coming to town [Christmas Carol],0,0,1764868744.0,0.5,False,youtube.com
1pe5roi,Music,Cover of Whitney’s “I Wanna Dance With Somebody”,0,5,1764868664.0,0.5,True,self.Music
1pe5l2l,Music,Plat Hav Pro - The Age Of [Rap],0,0,1764868268.0,0.5,False,youtu.be
1pe52oi,Music,Sobreezay - Trinity [Afrohouse] (2025),0,0,1764867149.0,0.5,False,youtu.be
1pe51n5,Music,Daft Punk - Veridis Quo (Very Disco Mix) [electronic / orchestral] (2025),0,0,1764867086.0,0.5,False,youtube.com
1pe4i04,Music,Astroverse Dimensions - Agent X Title Theme Remix [Prog Rock],1,0,1764865843.0,1.0,False,youtu.be
1peix02,Music,"If 2027's Super Bowl Half Time show was geared toward Gen X, what's your Super Bowl line look like?",0,5,1764900554.0,0.2,True,self.Music
1peifvu,Music,The U.S. concert tickets sell become greed,0,6,1764899224.0,0.33,True,self.Music
1pdojty,Music,"The Warning - Consume [Rock] Live From Auditorio Nacional, CDMX",10,1,1764816487.0,0.86,False,youtu.be
1pe3crz,Music,"Greg Kurstin, Action Figure Party, and the Value of Side Projects.",1,1,1764863251.0,0.67,False,
1pe2xoa,Music,Michel Tirabosco - Across the Stars [classical] (2022),1,1,1764862245.0,0.67,False,youtube.com
1peeeqj,Music,Alice In Chains’s “Would” and Bush’s “Glycerine” has one of the most haunting lyrics I’ve ever heard.,0,14,1764888562.0,0.47,True,self.Music
1pebtd7,Music,I found a song I like but can’t find others that are like it,0,3,1764882343.0,0.29,True,self.Music
1pehl0c,Music,Is there a better place to listen to music than Spotify?,0,38,1764896858.0,0.39,True,self.Music
1pe1bhg,Music,Random Videos 139 - Bound by Pomegranate Fate [Symphonic Metal] (2025),0,0,1764858323.0,0.4,False,youtu.be
1pczym2,Music,Netflix Defends Sean Combs Documentary After Diddy Brands Series 'Shameful',194,77,1764754887.0,0.92,False,huffingtonpost.co.uk
1pdily0,Music,Buffalo Springfield - For What It's Worth [psychedelic rock] (1967),17,0,1764800909.0,0.91,False,youtu.be
1pe6m9q,Music,Ekleipsis - return to underground - hip hop,0,0,1764870571.0,0.25,False,
1pdif6k,Music,From ‘Homies Hate Ticketmaster’ to $300 Nosebleeds: Zach Bryan Fans Face Sky-High Prices for 2026 Tour,18,1,1764800446.0,0.95,False,ticketnews.com
1pe0nkk,Music,{video} A musician–researcher on how new generative technologies are helping and hurting artists,1,2,1764856628.0,0.56,False,youtu.be
1pdfhwz,Music,Leona Lewis Never Toured the U.S. After ‘Bleeding Love.’ Why Her Las Vegas Residency Is a 'Second Chance',24,2,1764793691.0,0.83,False,people.com
1pehnpj,Music,I’m going crazy literally,0,2,1764897060.0,0.18,True,self.Music
1pdp7qy,Music,Indie Band Los Campesinos! Reveal How Much They Earned from Each Streaming Service,7,2,1764818323.0,0.82,False,consequence.net
1pe5svg,Music,American Sports Are Turning Up the Volume of Afrobeats,0,0,1764868740.0,0.44,False,nytimes.com
1pdzvir,Music,edem mt - Shave,1,3,1764854559.0,0.56,False,
1pdzcb8,Music,Amazing and Awful Covers?,0,35,1764853075.0,0.44,True,self.Music
1pdoxso,Music,Sublime - Date Rape [Ska Punk],6,1,1764817554.0,0.67,False,youtu.be
1pdh8yp,Music,Apocalyptica Land Their First-Ever Gold &amp; Platinum Certifications In The United States,17,0,1764797735.0,0.95,False,theprp.com
1pd9wwp,Music,"The Grifters, Dreamers, and Robots Behind AI-Generated Music",33,12,1764781595.0,0.74,False,consequence.net
1pdu5i5,Music,"La Femme - Live for ""Paradigmes""  [French Psychedelic Pop Rock]",2,0,1764834378.0,0.75,False,youtu.be
1pe8hac,Music,The Secrets Sheryl Crow Will Never Tell,0,2,1764874598.0,0.36,False,esquire.com
1pdhprr,Music,Ozzy Osbourne - Perry Mason [metal] (1995),13,0,1764798805.0,0.93,False,youtu.be
1pdxhi2,Music,AURORA fans in greece?,0,1,1764847146.0,0.5,True,self.Music
1pc915c,Music,Trump White House Twists Sabrina Carpenter’s ‘Have You Ever Tried This One’ Arrest Bit From ‘Juno’ Into ICE Propaganda Video,4432,151,1764683679.0,0.94,False,billboard.com
1pdbzp3,Music,David Bowie - Lazarus [Art Rock],23,4,1764786037.0,0.96,False,youtu.be
1pd75dn,Music,Canadian Bands/Listening to Music from Your Country,36,259,1764775532.0,0.81,True,self.Music
1pdmec2,Music,Robert Johnson - Malted Milk [Blues],6,0,1764810536.0,0.88,False,youtube.com
1pdwtpd,Music,Music History Events: albums released December 4,1,2,1764844796.0,0.57,False,
1peh825,Music,Taylor Swift Reportedly Paid Another Bride To Move Her Wedding So She &amp;amp; Travis Kelce Could Have Her Preferred Date | Whiskey Riff,0,17,1764895884.0,0.23,False,whiskeyriff.com
1pe4gqg,Music,"What's with all the rappers articles with the ""known professionally as"" term on the lead instead of leaving the ""better known by his/her stage name"" on Wikipedia?",0,1,1764865767.0,0.29,False,
1pe3yq2,Music,transfer from spotify to qobuz,0,3,1764864628.0,0.38,True,self.Music
1pdcm7w,Music,KNOWER - It's All Nothing Until It's Everything [Jazz-Funk],17,1,1764787344.0,0.85,False,youtu.be
1pdi2xu,Music,Thoughts on Deezer?,9,30,1764799647.0,0.68,True,self.Music
1pefcu7,Music,"Why does everytime Mike Shinoda raps annoyingly and aggressive like he's trying to rip-off Daddy Yankee, while also being the blatant rapper version of Colin Farrell?",0,2,1764891005.0,0.13,False,
1pe80zm,Music,Trespass Charge Filed After Man Reportedly Went to Travis Kelce's Home to Deliver Subpoena to Taylor Swift,0,1,1764873603.0,0.31,False,ibtimes.co.uk
1ped8qq,Music,Kanye west,0,3,1764885689.0,0.08,True,self.Music
1pcdllu,Music,Sabrina Carpenter Condemns White House’s Use of Her Music in Pro-ICE Video as ‘Evil and Disgusting’,1772,42,1764694363.0,0.97,False,azexpress.net
1pdi1p5,Music,"Big Bill Broonzy - Black, Brown and White [Blues]",8,0,1764799565.0,1.0,False,youtube.com
1pe6s4s,Music,как найти название песни по шестисекундному отрывку? How do I find the name of a song based on a six-second passage?,0,0,1764870925.0,0.22,True,self.Music
1pdlc7x,Music,Death cab for cutie - Amputations [indie rock / Midwest emo],5,1,1764807720.0,0.78,False,youtu.be
1pdv81f,Music,Needing some new up tempo R&amp;B!,1,0,1764838591.0,0.67,False,
1pdv7wx,Music,Is there anywhere to license for films in concert?,1,1,1764838577.0,0.67,True,self.Music
1pe8j9n,Music,"Behemoth's Nergal bashes Sleep Token - ""It's Not My DNA""",0,12,1764874725.0,0.33,False,lambgoat.com
1pdunpx,Music,42ellz - Shots [Underground Rap],1,0,1764836294.0,0.6,False,on.soundcloud.com
1pefj2h,Music,"""blured lines"" robin Thicke",0,19,1764891438.0,0.14,True,self.Music
1pe2u2e,Music,I built Spotify Wrapped for your concerts.,0,5,1764862009.0,0.3,True,self.Music
1pd8t9f,Music,The 100 Best Albums of 2025,17,26,1764779214.0,0.68,False,rollingstone.com
1pdu5cj,Music,Angel License - Wrecked Sun [Shoegaze] (2025),0,1,1764834362.0,0.5,False,open.spotify.com
1peaip1,Music,"Country music legend hospitalized after stabbing himself after mixing cocaine, whiskey",0,9,1764879315.0,0.14,False,yahoo.com
1pdmruw,Music,Deftones - Cherry Waves [Alternative Metal],3,1,1764811574.0,0.67,False,youtu.be
1pdton2,Music,Vintage Pictures - Mi Obsesión [alt/cumbia],1,0,1764832600.0,0.67,False,youtu.be
1pdp2j1,Music,Smilez &amp; Southstar - Tell Me [Hip-Hop/Rap],2,0,1764817922.0,1.0,False,youtu.be
1pdtbj2,Music,LOUDUS - This is MTL [Tech House] (2025),1,1,1764831275.0,0.67,False,youtube.com
1pdo727,Music,Nourished By Time - Hell of a Ride [Hypnagogic Pop / Bedroom Pop / Synthpop] (2024),2,0,1764815517.0,0.75,False,youtube.com
1pd85r6,Music,Incubus - Pardon Me (live) [Alt Rock],13,1,1764777784.0,0.93,False,youtube.com
1pdnqmr,Music,"Jimmy Buffett  - Bama Breeze  [Country/Tropical Rock]   (Gulf Shores Benefit Concert - July 11, 2010)",2,0,1764814257.0,0.75,False,youtube.com
1pdhyyj,Music,"Al Green - Let's Stay Together [soul] -- Late Show, January 13, 1995 (stereo)",5,0,1764799388.0,1.0,False,youtube.com
1pe4yoq,Music,FIFA taps Village People for show as Trump influence dominates draw,0,5,1764866904.0,0.25,False,reuters.com
1pdfh3l,Music,New digital music players,6,7,1764793638.0,0.71,True,self.Music
1pd7gb7,Music,Pusha and Malice of the Clipse here - thank you for all the support this year. We’re back for a special AMA on r/hiphopheads.,12,2,1764776205.0,0.87,False,
1pdqqa4,Music,Musical six degrees of seperation?,0,6,1764822806.0,0.44,True,self.Music
1pcih3s,Music,Modern Country Music Is Weak Because Nashville Kills Musicianship,402,292,1764704962.0,0.77,True,self.Music
1pdqafv,Music,[Selling] Echoes of Earth :: 1 Festival Pass – Dec 13–14 (Tier 2) – Selling for ₹6.5k (₹1.2k OFF) – Negotiable,1,1,1764821465.0,0.57,False,
1pdq9x0,Music,Underated songs from popular artists?,0,9,1764821423.0,0.5,True,self.Music
1pdq7oc,Music,"What is that one song that will always remain your 'Number 1' forever, no matter what new music comes out?",1,1,1764821238.0,0.6,False,
1pdfo7l,Music,Kamasi Washington - Change of the Guard [Jazz] (2015),4,1,1764794085.0,1.0,False,youtu.be
1pe56yu,Music,"John Popper Developed ""Timothée Chalamet Phobia"" After Watching Dune",0,5,1764867418.0,0.26,False,consequence.net
1pddb1q,Music,Eagles of Death Metal - Stuck in the Metal [rock],5,1,1764788800.0,0.86,False,youtu.be
1pe0zd3,Music,Had Aaliyah lived where do you think her career would’ve gone?,0,11,1764857464.0,0.38,True,self.Music
1pe0wm9,Music,How do I start owning the music I like without selling an arm and a leg?,0,24,1764857272.0,0.35,True,self.Music
1pdct9p,Music,Arcade Fire - Year of the Snake [alternative/indie],5,0,1764787754.0,0.86,False,youtube.com
1pdkf3c,Music,She'll Hunt - 1942 [Alt],2,0,1764805360.0,0.75,False,youtu.be
1pdpefo,Music,Change (WOD) &amp; Wind of Change (Scorpions) Guitar?,0,0,1764818859.0,0.5,False,
1pdpclq,Music,​DJ NÉVOA CÓSMICA - Névoa Cósmica - [Electronic/Ambient]-[2025]-Official Video,0,3,1764818711.0,0.5,False,youtu.be
1pdp8gh,Music,DJ NÉVOA Cósmica - Névoa Cósmica [cosmic pop],0,0,1764818378.0,0.5,False,open.spotify.com
1pdp2zx,Music,Please help me figure out what song this is!!,1,0,1764817956.0,0.67,False,
1pdwwry,Music,متقبلة لجميع انواع الفن,0,0,1764845111.0,0.22,True,self.Music
1pe78zv,Music,Why I think Michael Jackson is the most overrated singer ever,0,13,1764871901.0,0.15,False,
1pdna0j,Music,Youth - Daughter remix/cover?,0,1,1764812983.0,0.5,False,
1pd9kva,Music,"Øya festival 2026 adds Geese, Blood Orange, Mogwai, Wilco, Clipse and Dagny",5,0,1764780899.0,0.73,False,nme.com
1pdmxqj,Music,uncledanrecords - Larry The Cat [folk],1,0,1764812028.0,1.0,False,youtube.com
1pdmwz7,Music,Can anyone help?,0,4,1764811965.0,0.5,True,self.Music
1pc5prk,Music,Rapper Poorstacy Dies at 26 After 'Incident' in Boca Raton: Reports,1160,461,1764673593.0,0.89,False,people.com
1pdh7vk,Music,"Shadow Of Intent, AngelMaker, Mental Cruelty &amp; Synestia Booked For Spring 2026 North American Tour",2,0,1764797665.0,0.76,False,theprp.com
1pcqy1h,Music,I just listened to the cd of music I’ve so far only listened to through streaming,82,74,1764725553.0,0.79,True,self.Music
1pdvy2p,Music,How much for use background songs on my app ?,0,7,1764841457.0,0.2,True,self.Music
1pbwhih,Music,NFL Adds Another Trump Foe to Super Bowl Lineup | Trump detractor and country-rock singer Brandi Carlile is one of 3 singers the NFL has named for its Super Bowl’s pre-game show.,4942,229,1764642285.0,0.95,False,thedailybeast.com
1pdleq6,Music,Trying to live up to the music dream of my brother,1,1,1764807896.0,0.67,True,self.Music
1pdl5wq,Music,Petey Pablo - Blow Your Whistle [Hip-Hop/Rap],1,1,1764807265.0,0.67,False,youtu.be
1pd33gx,Music,Amy Winehouse - Rehab [Soul/R&amp;B],9,2,1764765678.0,0.76,False,youtu.be
1pdeys2,Music,Warner Music sued Suno for theft—now it's licensing its artists to them,2,2,1764792480.0,0.58,False,soundguys.com
1pces9j,Music,Jesse Welles - The Department of War [Folk/Protest],253,70,1764696938.0,0.79,False,youtu.be
1pdx12h,Music,My Spotify Wrapped 2025,0,2,1764845543.0,0.21,False,
1pded4d,Music,Jakob Dylan and Cat Power - You Showed Me [indie rock],2,0,1764791148.0,0.75,False,youtu.be
1pd7zeb,Music,Tyler Childers - Bitin' List [Americana],4,0,1764777398.0,0.83,False,youtu.be
1pddzx4,Music,What happened to 90s R&amp;B singer Tina Moore?,2,0,1764790331.0,0.67,False,
1pdjpov,Music,i created my own concert tracker :D,1,17,1764803583.0,0.6,True,self.Music
1pbn4td,Music,"Madonna Slams Trump Administration for Refusing to Acknowledge World AIDS Day: ""Ridiculous, Absurd, Unthinkable""",15518,343,1764619268.0,0.94,False,consequence.net
1pdvorm,Music,Sabrina Carpenter Explains Meaning Behind Controversial Man's Best Friend Cover,0,1,1764840417.0,0.28,False,huffingtonpost.co.uk
1pddb9a,Music,"Kontra K in der Schleyerhalle Stuttgart – stärker, lauter, rockiger denn je",2,0,1764788813.0,1.0,False,paranoyd-magazin.de
1pdj4du,Music,By the way,0,1,1764802141.0,0.33,False,
1pdiyw1,Music,Radiohead is my top artist this year,0,17,1764801770.0,0.49,True,self.Music
1pdicsg,Music,My afterglow ranking:,0,0,1764800288.0,0.5,False,
1pdhyoy,Music,A new Wordle inspired game about guessing album art,0,0,1764799369.0,0.5,False,coverdle.com
1pdt6n5,Music,I am trying to find this damn song. I have tried Shazam and ChatGPT...,0,2,1764830790.0,0.31,True,self.Music
1pdhwgs,Music,"How an Unknown Artist With 1,000 Followers Pulled Off Drake and Kanye's First Collaboration in 8 Years - New York Telegraph",0,1,1764799229.0,0.38,False,thenytelegraph.com
1pdhgu9,Music,IDONTNEED ft. Armut crugoe [electric/phonk?],0,0,1764798239.0,0.5,True,self.Music
1pcsyaz,Music,Yeah Yeah Yeahs - Spitting Off The Edge Of The World [Alt/Indie],34,2,1764731087.0,0.97,False,youtu.be
1pczza1,Music,Sum 41 - Noots [Pop Punk],9,0,1764754960.0,1.0,False,youtu.be
1pdb54y,Music,Carlos Puebla - Y en eso llegó Fidel [Latino],2,1,1764784229.0,0.75,False,youtu.be
1pd4zf2,Music,What do you do while you listen to music?,2,33,1764770562.0,0.55,True,self.Music
1pdg6gq,Music,Faderhead - Cold Chrome (Into The Metadrome) [Industrial],1,1,1764795244.0,0.67,False,youtube.com
1pdufom,Music,Stop listening to music that you don’t actually enjoy.,0,25,1764835425.0,0.28,True,self.Music
1pcau9f,Music,"The Osbournes Go Scorched Earth on Roger Waters with ""Another Prick in the Wall"" Ozzy Shirt",230,158,1764688121.0,0.6,False,consequence.net
1pdri6e,Music,Explain to me in detail... What are the loudness wars? And why does it matter?,0,35,1764825184.0,0.42,True,self.Music
1pdfihz,Music,Holodout - Projection [Goth rock],0,0,1764793728.0,0.5,False,youtu.be
1pdnwsa,Music,BigXThaPlug ft. Post Malone - Cold [Country],0,1,1764814717.0,0.38,False,youtube.com
1pdeo7d,Music,The Jokerr - INVE$TOR [Hip-Hop/Rap],1,0,1764791842.0,1.0,False,youtu.be
1pdde51,Music,New Bandcamp-Exclusive Album for Lovers of Classical and (Dark) Jazz,0,0,1764788995.0,0.5,False,
1pd3ms5,Music,Weird Al Yankovic - I Think I'm A Clone Now [Interperative Tiffanic],3,1,1764767166.0,0.58,False,youtube.com
1pdlwqx,Music,Is the Dies Irea motif in the Kaiju theme?,0,3,1764809218.0,0.2,False,
1pdcc52,Music,Music Exploration: Rosalia,1,0,1764786757.0,0.67,False,coloradosound.org
1pdbms6,Music,NYE rave in Europe,0,0,1764785258.0,0.33,True,self.Music
1pck5fx,Music,Just discovered Remi Wolf,47,42,1764708748.0,0.84,True,self.Music
1pdktqi,Music,How do music reviewers base their critiques?,0,6,1764806406.0,0.25,True,self.Music
1pcqp3z,Music,TOOL - Stinkfist [metal/rock] just the instrumental does it for me.,21,0,1764724877.0,0.93,False,youtu.be
1pdkk7y,Music,She'll Hunt - Banning Books [Alt],0,0,1764805727.0,0.17,False,youtu.be
1pdmie4,Music,How many different artists did you listen to this year?,0,15,1764810852.0,0.35,True,self.Music
1pdatds,Music,Fahrettin Tekin – Kimse Bilmez [Pop] (2025),0,0,1764783520.0,0.5,False,open.spotify.com
1pdn6vu,Music,Who was your top Artist on Spotify Wrapped this year?,0,5,1764812745.0,0.33,False,
1pdoemm,Music,Is rock still mainstream?,0,11,1764816096.0,0.35,True,self.Music
1pbjyu3,Music,Is Paul McCartney's 'Wonderful Christmastime' simply… horrible?,6030,1488,1764612356.0,0.86,False,npr.org
1pd9k54,Music,"John 5 on his final conversations with Ace Frehley, working on Peter Criss’ new record, and the signature guitar so good he’s written a song about it",0,0,1764780857.0,0.33,False,guitarworld.com
1pct5wx,Music,Selena - I Could Fall in Love [Pop Contemporary] [1995],12,2,1764731687.0,0.93,False,youtu.be
1pd90ns,Music,American Head Charge - Just So You Know [Nu Metal],1,2,1764779671.0,0.67,False,youtu.be
1pd8ypu,Music,S.O.D. - United Forces [Crossover Thrash],0,0,1764779550.0,0.33,False,youtu.be
1pd8xo1,Music,"[Help] Looking for a 2012 unofficial uploaded song – Male ""I’ll Be""",1,0,1764779488.0,0.67,False,
1pcwcxz,Music,strange reaction to certain kinds of music,7,2,1764741431.0,0.82,True,self.Music
1pd8owi,Music,How do I convert graphs to sound waves?,0,4,1764778948.0,0.33,False,
1pbkwx4,Music,"Mötley Crüe's Nikki Sixx Doesn’t Think It’s ‘Cool’ When Rock Stars ‘Act 25, and They’re 65’",4522,316,1764614396.0,0.97,False,people.com
1pd86b8,Music,"Jon Lefkovitz - Sunday Morning, 6 a.m. [folk instrumental]",0,0,1764777817.0,0.5,False,youtu.be
1pd7m04,Music,JACK EVERETT- BAD LIKE A HABIT,0,0,1764776557.0,0.5,False,
1pcjwbe,Music,Faith No More - Digging The Grave [Alt Rock],34,3,1764708157.0,0.93,False,youtu.be
1pd7j1q,Music,Can’t remember the name of a marijuana theme album,0,4,1764776376.0,0.5,True,self.Music
1pd7dom,Music,Everything Opera channel,0,0,1764776041.0,0.5,False,
1pd787g,Music,5 Minutes That Will Make You Love the A.A.C.M.,0,0,1764775702.0,0.4,False,nytimes.com
1pd77at,Music,I know a small but iconic part of this song? can anybody help?,0,2,1764775648.0,0.5,False,
1pd6qro,Music,Album Review: A$AP Ferg – Flip Phone Shorty – Strictly For Da Streetz Vol.1,1,0,1764774621.0,0.6,False,hiphophighsociety.com
1pd6ocm,Music,Music History Events: albums released December 3 - Sheet Music Library (PDF),1,0,1764774462.0,0.67,False,
1pd6g7s,Music,"This Maine country band is on the rise,  headlining a Portland holiday show and about to announce a major tour.",0,0,1764773960.0,0.5,False,pressherald.com
1pcpzzh,Music,What's a cover you would love to hear?,13,50,1764722993.0,0.89,True,self.Music
1pd5r7a,Music,"Is ""Capullito de Alelí"" - music by Rafael Hernández - 1950 - plagiarism or a ""version"" of Artie Shaw's ""Frenesi"" - 1940?",1,0,1764772370.0,0.67,False,
1pcqpwx,Music,Why do popular songs now spend so much more time in the charts than they used to?,10,23,1764724936.0,0.68,True,self.Music
1pcn45s,Music,"Bonnaroo announces 2026 lineup featuring Skrillex, The Strokes, Noah Kahan.",15,18,1764715607.0,0.69,False,tennessean.com
1pcmviw,Music,Clown Core - Earth [Experimental],15,0,1764715028.0,0.9,False,youtu.be
1pd4c52,Music,Caricia del alma.,1,0,1764768970.0,0.6,True,self.Music
1pda9fj,Music,Live concert,0,2,1764782338.0,0.25,True,self.Music
1pdkyhq,Music,Anyone else annoyed that popular songs aren't panned as much these days?,0,13,1764806727.0,0.36,True,self.Music
1pd45y4,Music,Rap song about a female friend,0,0,1764768557.0,0.5,False,
1pd3qqz,Music,What instrument is this?,1,1,1764767457.0,0.67,True,self.Music
1pd3pwr,Music,Deathsole - Lone warrior [rap] (2025),1,0,1764767396.0,0.67,False,youtu.be
1pcxm6v,Music,My road with no ending-Ziao,4,0,1764745863.0,0.83,True,self.Music
1pcs7a9,Music,"Quebec to tighten consumer protection around ticket resales, subscription renewals",7,0,1764729003.0,0.82,False,cbc.ca
1pcc354,Music,Am I right in thinking Johnny Marr is generally considered Cool? and Morrissey is not a good egg to put it very light.,49,71,1764690983.0,0.71,True,self.Music
1pd2w64,Music,Soulful House 90s style,0,0,1764765080.0,0.33,False,
1pd2hfd,Music,us - Unlikely Stories: Rabbit in the Hive (Album),0,0,1764763808.0,0.5,True,self.Music
1pcocyd,Music,Cantaloop (Us3): the jazz sample that brought Blue Note back into the charts,11,1,1764718716.0,0.91,True,self.Music
1pd26ar,Music,Daughters of Sophia - L'Ombre de la Mort [Metal],0,0,1764762810.0,0.5,False,youtu.be
1pdld1h,Music,"Will ""the wall"" be Pink Floyd's best album?",0,14,1764807777.0,0.19,True,self.Music
1pdibcp,Music,Britney Spears vs Beyoncé? Miley Cyrus Reveals Her True Pop Pantheon Loyalty and Why She Quits Touring,0,0,1764800191.0,0.1,False,celebeatonline.com
1pcesow,Music,The Hives - Hate to Say I Told You So [Garage/Rock],26,2,1764696961.0,0.91,False,youtu.be
1pd1a4a,Music,Need help looking for album/artist,0,1,1764759795.0,0.5,True,self.Music
1pi8zu6,Music,Man Who Rushed Ariana Grande at ‘Wicked’ Premiere Kicked Out of Lady Gaga Concert in Australia,2925,126,1765290995.0,0.96,False,variety.com
1pi84e3,Music,"Gene Simmons on If KISS Would Play Turning Point USA's Super Bowl Halftime Show: ""How Much?""",605,248,1765288772.0,0.86,False,consequence.net
1pi2sei,Music,Music Icon Pharrell Criticizes Political Division: “I Don’t Believe In Either Side”,589,762,1765270992.0,0.65,False,newzsquare.com
1pi2ipz,Music,'His eyes were black': Syd Barrett's haunting final meeting with Pink Floyd,465,34,1765269879.0,0.93,False,inews.co.uk
1pi4ma5,Music,"Father of Amy Winehouse accuses friends of secretly selling her belongings for £700,000, High Court hears.",298,5,1765278008.0,0.96,False,nme.com
1picc99,Music,Man who rushed Ariana Grande on red carpet kicked out of Lady Gaga concert in Australia,71,8,1765298708.0,0.88,False,azexpress.net
1pi8br5,Music,"Raul Malo, Golden-Voiced ‘Maestro’ of the Mavericks, Dead at 60",102,33,1765289279.0,0.96,False,rollingstone.com
1phffoz,Music,50 Cent Labelled 'Hater of the Century' as Viewers Spot Strategic ABC Interview Aimed at Diddy,6522,315,1765208051.0,0.97,False,ibtimes.co.uk
1phe7i7,Music,"After her debut, Kesha was convinced “the whole world thought I couldn’t sing and I was stupid”",6860,616,1765205221.0,0.94,False,rollingstone.com
1phnq1r,Music,"Justin Timberlake 'Prioritizing His Health' After Lyme Disease Diagnosis, 'Grueling' Tour",1940,507,1765226590.0,0.9,False,people.com
1phmytk,Music,Hayley Williams “blacked out” while performing on stage with PinkPantheress,1925,89,1765224893.0,0.89,False,nme.com
1piaicb,Music,What's some essential albums everyone should listen to?,54,149,1765294596.0,0.83,True,self.Music
1phs8qn,Music,50 Cent claims Diddy sent 'creepy' gift from prison after Netflix doc,852,63,1765237402.0,0.95,False,thetab.com
1phga35,Music,Garbage Fans Flood Crowd with Beach Balls Following Shirley Manson’s Rant,2890,397,1765209948.0,0.95,False,consequence.net
1pif7oi,Music,How To Ditch Spotify and Support Music in the age of fake non-human created music and the screwing over of artists.,15,3,1765305225.0,0.73,False,touchgrass.fightforthefuture.org
1phag1t,Music,Spotify now features AI band clones,3590,467,1765194610.0,0.96,True,self.Music
1pidnsk,Music,In Memoriam: Phil Vinall,10,1,1765301607.0,0.92,True,self.Music
1piao70,Music,Mavericks Singer Raul Malo Dies at 60,16,6,1765294964.0,1.0,False,mechical.com
1pife77,Music,Joy Division - Isolation [Post-Punk] (1980),7,0,1765305706.0,1.0,False,youtu.be
1phiqx8,Music,"At 85 Years Old, Bob Dylan Will Embark on US Tour in 2026",694,231,1765215494.0,0.94,False,consequence.net
1phsbxf,Music,"Dave Mustaine Admits His Health Concerns Played A Role In Ending Megadeth: ""My Hands Were Letting Me Down""",222,29,1765237629.0,0.96,False,theprp.com
1pifdac,Music,"Raul Malo, beloved lead singer of the Mavericks, dies at 60 following cancer battle",7,0,1765305646.0,0.82,False,mlive.com
1ph8bqx,Music,Gene Simmons' unflattering comments about Trump resurface amid Kennedy Honors,2639,141,1765186825.0,0.96,False,themirror.com
1pifq0r,Music,Song that changed it all.,6,12,1765306414.0,1.0,True,self.Music
1pic1xv,Music,Engelbert Humperdinck recalls the night Jimi Hendrix played in his band,5,2,1765298067.0,0.7,False,app.com
1pi6kez,Music,Bad Brains - I Against I [Hardcore Punk],10,0,1765284554.0,1.0,False,youtu.be
1pibkn1,Music,The Cramps - Fever [Rock],4,0,1765296994.0,0.84,False,youtube.com
1pi9p0v,Music,DETHKLOK and AMON AMARTH to co-headline North American tour,7,1,1765292678.0,1.0,False,lambgoat.com
1pico2r,Music,Linkin Park - My December [Nu Metal],4,0,1765299443.0,1.0,False,youtu.be
1phh27h,Music,Liam Lynch - United States of Whatever [Alt Rock],354,38,1765211724.0,0.97,False,youtu.be
1pi5mly,Music,The Dixie Cups - Iko Iko [R&amp;B],9,1,1765281579.0,1.0,False,youtu.be
1pia9v5,Music,Lucid Express - Hotel 65 [shoegaze](2021),4,4,1765294044.0,1.0,False,youtube.com
1pifz9o,Music,Gang of Four - Love Like Anthrax (Damaged Goods EP) [Post-Punk],2,0,1765306961.0,1.0,False,youtube.com
1pifiat,Music,Rza &amp; Treach - Raw Deal Radio Freestyle [Old School Hip-Hop] (1991),2,0,1765305968.0,1.0,False,youtu.be
1phzig1,Music,"Brian Eno &amp; John Cale - Spinning Away [Alternative, Electronic]",18,8,1765258615.0,0.92,False,youtu.be
1phfmuw,Music,AI artists are getting out of hand on Spotify,242,142,1765208506.0,0.85,True,self.Music
1pia6ah,Music,"The Mavericks - Dance The Night Away  [Pop rock, Latin]",3,1,1765293822.0,1.0,False,youtu.be
1pidjsc,Music,Tindersticks - Show Me Everything [Rock],2,0,1765301365.0,1.0,False,youtube.com
1picq84,Music,"What's going on with Chingon's new ""music""?",2,2,1765299576.0,0.67,True,self.Music
1pi936a,Music,Music History Events: albums released December 9,3,0,1765291220.0,1.0,False,
1phnd0h,Music,Portugal ft. Weird Al - Killing in the Name [Rock],85,9,1765225772.0,0.95,False,youtu.be
1phrqte,Music,"Hi everyone, I’m artist / songwriter / composer Rufus Wainwright. Two new albums out and a pop record coming next year. AMA on December 10th @ 12:00 pm PT!",45,29,1765236107.0,0.92,True,self.Music
1pi1nyo,Music,Gordon Goodwin 😞,8,2,1765266341.0,0.79,True,self.Music
1pi2no2,Music,The Parachute Club - Rise Up [Synth-Dancepop] (1983),7,2,1765270471.0,0.89,False,youtube.com
1pi7d0x,Music,Jawbreaker - Boxcar [alternative rock / post-hardcore],3,2,1765286774.0,1.0,False,youtu.be
1piga19,Music,Why is everyone obsessed with Taylor Swift?,1,0,1765307628.0,1.0,True,self.Music
1pig9r9,Music,Kendrick Lamar Is the Year’s Top R&amp;B/Hip-Hop Artist for the First Time,1,0,1765307610.0,1.0,False,billboard.com
1pig85z,Music,This is a long shot,1,0,1765307508.0,1.0,True,self.Music
1pig72i,Music,NPR's Best Songs of 2025,1,0,1765307437.0,1.0,False,npr.org
1pig3wb,Music,ISO Grateful Dead song book with chords/Lyrics/tab!,1,0,1765307237.0,1.0,False,
1pig1r0,Music,How Chicago Protest Music Is Meeting The Political Moment,2,0,1765307110.0,1.0,False,blockclubchicago.org
1phw1im,Music,The song that unexpectedly changed my entire music taste,21,323,1765247684.0,0.55,True,self.Music
1pifakp,Music,"Bach, Beethoven, Chopin, Mozart - Joint Force Soundtrack [Classical]",1,0,1765305449.0,1.0,False,youtube.com
1pif59m,Music,Deftones Have Partnered With A Young Hometown Soccer Squad For Their Official Season Jerseys,1,0,1765305046.0,1.0,False,theprp.com
1pi963c,Music,"What band elicits a unique emotional response for you? For me, it’s Fruit Bats.",2,0,1765291413.0,1.0,False,
1pi62ra,Music,The Dresden Dolls - Coin-Operated Boy [Alt Indie],3,0,1765283021.0,0.67,False,youtu.be
1phx3ha,Music,Lonliness When There's No One To Share Your Music With,14,15,1765250665.0,0.7,True,self.Music
1pi02pq,Music,John Prine - I Just Want to Dance With You [country],8,0,1765260550.0,0.76,False,youtu.be
1pidyp3,Music,Pink Floyd's Nick Mason Sees 'No Future' for David Gilmour and Roger Waters: 'I’m more of the Neville Chamberlain of our band',0,3,1765302273.0,0.45,False,vulture.com
1pidkgf,Music,Archspire - Carrion Ladder (2025) [Extreme Technical Death Metal],0,0,1765301406.0,0.33,False,youtu.be
1pidfqr,Music,Good people in music,0,10,1765301117.0,0.5,True,self.Music
1pi4maj,Music,THE HOLLIES - CLOWN [ROCK],3,0,1765278009.0,1.0,False,youtu.be
1picjvx,Music,I'm really sick of this!,0,1,1765299182.0,0.5,True,self.Music
1pich5w,Music,The Royal Macadamians - Arbeit Macht Frei [Spoken Word Rock],1,0,1765299010.0,1.0,False,youtube.com
1phcqjd,Music,"The Cure’s Robert Smith Curates All-Star 2026 Teenage Cancer Trust Gig Line-Up: My Bloody Valentine, Garbage, Placebo &amp; More",141,4,1765201461.0,1.0,False,billboard.com
1pic3mz,Music,Maribou State - Glasshouses is the same song as Maribou State - Steal,0,1,1765298170.0,0.33,True,self.Music
1phvqvm,Music,Favorite Albums Produced By Rick Rubin.,13,76,1765246871.0,0.69,False,
1phs92c,Music,David Bowie - Moonage Daydream (live) [Rock],21,0,1765237427.0,1.0,False,youtube.com
1phszne,Music,The Black Crowes - Jealous Again [Rock],17,2,1765239345.0,0.91,False,youtube.com
1phowrh,Music,Iggy Pop w. Kate Pierson - Candy   [Pop Rock/Alternative Rock]  (1990),30,4,1765229292.0,0.95,False,youtube.com
1piadla,Music,"Yung Wun ft. David Banner - Walk It, Talk It [Hip-Hop/Rap]",1,1,1765294281.0,1.0,False,youtu.be
1phxy7y,Music,Mark Knopfler - What It Is [Rock],7,1,1765253203.0,0.83,False,youtu.be
1pi9dks,Music,Anyone else write songs using partial chords to shape the melody instead of full voicings.,0,4,1765291905.0,0.5,True,self.Music
1pi9aro,Music,Meghan Trainor - All The Ways [Pop],0,3,1765291720.0,0.5,False,youtu.be
1phbhb1,Music,DVDA - Now You're A Man [Rock],99,20,1765197911.0,0.91,False,youtu.be
1ph7nfi,Music,PEACHES - FUCK THE PAIN AWAY [ELECTRO],197,24,1765184102.0,0.9,False,youtu.be
1pgiqdv,Music,White House use clip of Sabrina Carpenter on ‘SNL’ for new ICE deportation video,7246,681,1765115195.0,0.93,False,nme.com
1pi7dai,Music,Sam Phillips - Private Storm [pop / psychedelia],1,1,1765286796.0,1.0,False,youtu.be
1pi6kgk,Music,Stray View veröffentlichen neue Single „Collide“,1,0,1765284558.0,0.67,False,paranoyd-magazin.de
1pi0bd6,Music,Country Teasers - Thank You God for Making Me An Angel [garage rock],4,1,1765261348.0,0.75,False,youtu.be
1pi2bor,Music,Joywave - Like a Kennedy [Indie Rock],2,2,1765269059.0,0.76,False,youtu.be
1pi5nry,Music,HoneyWorks feat. mona (CV: Shiina Natsukawa) - MADE IN JAPAN [J-pop/Electro-pop],1,0,1765281669.0,0.67,False,youtube.com
1pi5gkd,Music,Stephane Legar - Rose Gold [Indie pop],1,0,1765280986.0,1.0,False,youtube.com
1phkiwu,Music,Blink-182 - Dammit [Pop Punk],20,3,1765219445.0,0.8,False,youtu.be
1pgwrap,Music,Primus - My Name Is Mud [alternative metal] (1993),685,114,1765149523.0,0.93,False,youtu.be
1phpsht,Music,Joan Jett - Shout [rock],9,0,1765231347.0,0.92,False,youtu.be
1phtnye,Music,Blues Traveler - I Have My Moments [jam band],6,0,1765241147.0,1.0,False,youtu.be
1phk4bp,Music,Saint Etienne on their farewell album and tour: “It’s a good point to stop – let’s not fuck it up now”,20,5,1765218529.0,0.92,False,nme.com
1pi7ju4,Music,what song would you listen to while hitting the hardest set of your life in the gym?,0,13,1765287289.0,0.38,False,
1pi3fw1,Music,Nas - Get Light [Rap],1,1,1765273589.0,1.0,False,youtu.be
1phxa00,Music,DJ Galactic - Die Fabrik [Techno],3,0,1765251206.0,0.81,False,youtube.com
1phzexc,Music,Joy of Music,2,0,1765258274.0,0.76,True,self.Music
1phangr,Music,Ministry - Jesus Built My Hotrod [Industrial Metal],50,8,1765195287.0,0.96,False,youtu.be
1pi9ja8,Music,Busta Rhymes firmly sets TikTok creator straight for calling him Tracy Morgan,0,5,1765292297.0,0.47,False,the-independent.com
1pi97y2,Music,What genre would you consider “Careless Whisper” to be?,0,30,1765291535.0,0.33,True,self.Music
1phicka,Music,The Needle Drop Writers' Top 20 Songs of 2025,22,0,1765214594.0,0.72,False,theneedledrop.com
1pi2fj5,Music,De Dijk - Stampvol Café [Blues-Pop Rock] (1997),1,1,1765269511.0,1.0,False,youtube.com
1pi8y98,Music,Ghetts pleads guilty to causing death by dangerous driving,0,0,1765290884.0,0.17,False,nme.com
1phaasm,Music,Suicidal Tendencies - You Can't Bring Me Down [Punk],47,5,1765194109.0,0.96,False,youtu.be
1phon9s,Music,The J. Geils Band - Love Stinks  [Pop Rock/New Wave]  (1980),8,0,1765228683.0,0.85,False,youtube.com
1php9n9,Music,HEALTH - ANTIDOTE [Electronic Rock],8,1,1765230124.0,1.0,False,youtube.com
1pi8c8i,Music,Will Smith - Miami [Rap],0,1,1765289313.0,0.3,False,youtu.be
1pi1xne,Music,This Is Not My Lane by Pope Caid,1,1,1765267447.0,0.67,False,distrokid.com
1phnpn2,Music,"Rafael Ithier, a legend of salsa music, dies at 99",8,0,1765226566.0,0.9,False,npr.org
1phorw9,Music,Dire Straits - The Bug  [Rockabilly]  (1991),8,2,1765228981.0,0.9,False,youtube.com
1phx8xi,Music,DJ Galactic - Zapotec [Techno],2,0,1765251113.0,0.76,False,open.spotify.com
1phncwg,Music,Jonas Brothers Deliver Nostalgic Surprise In New Orleans With Emotional ‘How To Save A Life’ Duet,6,1,1765225764.0,0.59,False,newzsquare.com
1pi0y64,Music,"You're My Only Christmas Wish /MBeker [Christmas Song, Pop, EDM]",1,0,1765263593.0,0.67,True,self.Music
1pi0ui2,Music,You're my only Christmas Wish,0,0,1765263215.0,0.5,True,self.Music
1pgkiv7,Music,"Gene Simmons claims ""bad decisions"" led to Ace Frehley's fatal fall at his home studio: ""Falling down the stairs — I'm not a doctor — doesn't kill you.""",1454,569,1765119977.0,0.86,False,consequence.net
1phnt7y,Music,Men At Work - Still Life [Synthpop],6,1,1765226787.0,1.0,False,youtube.com
1phr0an,Music,The Nightmare Before Christmas: Holiday Music in November,4,1,1765234265.0,0.75,False,34st.com
1phvv0f,Music,Aemo Records - want you here [emo rap] 2025,2,4,1765247184.0,0.76,False,open.spotify.com
1ph7xgp,Music,Give me some hidden gem classic rock songs,42,415,1765185216.0,0.73,True,self.Music
1ph8g8u,Music,The Cure’s Robert Smith curates epic lineup for Teenage Cancer Trust concert series,35,1,1765187327.0,0.94,False,metro.co.uk
1pia9nd,Music,Vent post,0,7,1765294030.0,0.1,True,self.Music
1phl2lm,Music,New Model Army - Lights go out (Us Mix) [Rock],7,3,1765220645.0,1.0,False,youtube.com
1ph8qwt,Music,"CKY - 96 Quite Bitter Beings [Stoner Rock, Alternative Metal]",29,5,1765188443.0,0.94,False,youtube.com
1phpwfm,Music,Silly - Different Breed [Melodic UK Trap],3,0,1765231608.0,0.81,False,youtu.be
1phlc29,Music,Norman Greenbaum - Spirit In The Sky [Folk] (1969),5,0,1765221227.0,0.86,False,youtube.com
1pgw7cz,Music,"""I acknowledge the talent, but I can't get into them.""",208,966,1765148052.0,0.83,True,self.Music
1phdz9e,Music,UK government tightens criteria for touring funding after Kneecap legal battle,9,1,1765204654.0,0.74,False,nme.com
1phmlqb,Music,Slade - Gudbuy T'Jane [glam rock],4,1,1765224075.0,0.83,False,youtu.be
1phx8bs,Music,"Dumb question, but…",0,1,1765251064.0,0.5,True,self.Music
1pgm26p,Music,Miley Cyrus Shares Update on Godmother Dolly Parton After the Country Singer's Health Challenges,677,10,1765123716.0,0.89,False,people.com
1phowzj,Music,Pink Floyd - Run Like Hell &amp; Waiting For The Worms [soundtrack],1,0,1765229306.0,0.57,False,youtu.be
1phimp8,Music,Avenged Sevenfold &amp; Good Charlotte Announce Summer 2026 North American Co-Headlining Tour,6,2,1765215233.0,0.65,False,theprp.com
1phwto6,Music,Help with Theory Question,0,0,1765249884.0,0.5,False,
1phwo69,Music,How do I make my songs more whimsy?,0,1,1765249441.0,0.4,True,self.Music
1phrbuy,Music,"Nick Isham ft. Miranda Glory - Change (from the Motion Picture ""Honest Thief"") [Pop Music]",2,0,1765235038.0,1.0,False,youtu.be
1phe9o6,Music,Morcheeba - The Sea [Downtempo],10,0,1765205367.0,0.92,False,youtu.be
1phvvl5,Music,DJBigWill - Love Me Freestyle [Rap],0,0,1765247228.0,0.5,False,youtube.com
1phn7tj,Music,Slade - How Does It Feel [rock],3,0,1765225455.0,1.0,False,youtu.be
1ph2z2b,Music,Gibberish songs worth hearing,60,154,1765167441.0,0.86,True,self.Music
1phvnqb,Music,What would be a good song as my alarm from these singers?,0,2,1765246625.0,0.4,True,self.Music
1phn1ep,Music,Duran Duran - The Universe Alone [OFFICIAL AUDIO] [Synthpop],3,0,1765225059.0,1.0,False,youtube.com
1phmq2i,Music,Earth Crisis - Gomorrah's Season Ends [Metalcore],3,0,1765224340.0,1.0,False,youtu.be
1phvbzt,Music,"Fandango - Autos, Moda Y Rock N Roll [synth pop, italo disco]",1,1,1765245706.0,1.0,False,youtube.com
1phuvft,Music,Indago Child ft. Janadrian Mikal Bettard - Give It Up [Hip-Hop/Rap],1,0,1765244431.0,1.0,False,youtu.be
1php32s,Music,Need help with finding a beat just like these songs,2,0,1765229694.0,1.0,False,
1phknkj,Music,"We're Attack Attack! and we released our first full length album since 2012 over the summer, ask us anything!",1,0,1765219736.0,0.56,False,
1pho3t9,Music,Help with beat,2,1,1765227448.0,0.67,True,self.Music
1ph9uer,Music,The Smiths - How Soon Is Now? [New Wave],11,2,1765192497.0,0.92,False,youtu.be
1pgi0kg,Music,Frank Zappa was a better human than you know...,632,120,1765113056.0,0.88,True,self.Music
1phsr1c,Music,"New to the accordion and I might have ordered a broken instrument, or did I?",1,0,1765238712.0,1.0,True,self.Music
1phsnjw,Music,Sharing some of my new RNB tracks,0,0,1765238466.0,0.4,False,
1ph90bc,Music,Metallica - Bleeding Me [Metal],12,20,1765189436.0,0.64,False,youtu.be
1phsdfa,Music,Can anyone help with what genre this song is?,0,0,1765237738.0,0.5,True,self.Music
1phsb7a,Music,USA Mix 1994,0,0,1765237578.0,0.5,True,self.Music
1phs6cs,Music,New updates for EverySound - a music genre discovery tool for iOS!,1,0,1765237227.0,1.0,False,
1phrxqj,Music,EVANDALE - She Devil [Rock],1,0,1765236609.0,1.0,False,youtube.com
1pi4dpc,Music,Miley Cyrus adoption claims explained as lawsuit dismissed,0,2,1765277142.0,0.33,False,newsweek.com
1phij40,Music,"All Shall Perish, Cradle Of Filth, The Tony Danza Tapdance Extravaganza, Etc. Set For Inaugural 'Crush The Coast' Festival",3,0,1765215006.0,0.81,False,theprp.com
1phrsex,Music,Need help finding a song that sounds like a Nelly Furtado song,0,1,1765236223.0,0.5,True,self.Music
1phrmux,Music,I have a quick question for a friend,0,0,1765235824.0,0.33,True,self.Music
1phrjv9,Music,Marques Houston - Out The Window (kmh) [R&amp;B/Soul],0,0,1765235611.0,0.5,False,youtu.be
1phfmrx,Music,WAX TAILOR feat Charlotte Savary - Seize The Day (Live) [Trip-Hop],3,1,1765208501.0,0.72,False,youtube.com
1ph7jdu,Music,Hole - Whose Porno You Burn Black [grunge],14,8,1765183635.0,0.69,False,youtu.be
1phlhdt,Music,Slade - My Oh My [rock],2,0,1765221554.0,0.75,False,youtu.be
1phr5f0,Music,IlyKaxy - PUBLIC [Rap],1,0,1765234603.0,0.67,False,on.soundcloud.com
1ph9yl6,Music,The Chemical Brothers - Setting Sun [Electronic],7,1,1765192926.0,0.83,False,youtu.be
1phknj4,Music,Eyehategod - New Orleans Is the New Vietnam [Sludge Metal],2,0,1765219734.0,1.0,False,youtu.be
1phqd2f,Music,Killa T - Where Did All The Real Niggas Go [Hip-Hop/Rap],1,0,1765232708.0,1.0,False,youtu.be
1phkbm4,Music,The Sisters of Mercy - Something fast [Rock],2,0,1765218988.0,0.76,False,youtube.com
1pi0xrr,Music,spotify alternatives?,0,7,1765263549.0,0.38,True,self.Music
1phpxi1,Music,70s/80s Pop,1,0,1765231679.0,1.0,False,siriusxm.com
1pi0p5g,Music,Did He take it or he stole it ?,0,2,1765262670.0,0.22,False,
1phplgi,Music,"The Doctor - Cycles:The 10 Hertz Frequency (Album) [Alternative, EDM, Rock, Pop]",1,0,1765230905.0,1.0,False,youtu.be
1phplev,Music,David Ackles - Love's Enough [singer-songwriter] [1972],1,1,1765230901.0,1.0,False,youtu.be
1phjghi,Music,My monday commute list!,2,3,1765217058.0,0.75,True,self.Music
1pgww7z,Music,Stone Temple Pilots - Dead and Bloated [alternative metal / grunge] (1992),56,6,1765149881.0,0.86,False,youtu.be
1pgom0u,Music,Alice In Chains - Would? [alternative metal / grunge] (1992),164,16,1765129872.0,0.95,False,youtu.be
1phostj,Music,"EYESBYTE, Nordic Cool, Anton Peters - Christmas [K-Pop] (2025)",0,0,1765229039.0,0.5,False,open.spotify.com
1phiqld,Music,The Algorithm - Endless Iteration (2025) [Metal/Drum &amp; Bass],2,0,1765215473.0,1.0,False,youtu.be
1pgoezy,Music,Seven Mary Three - Cumbersome [alternative rock / post-grunge] (1995),157,65,1765129415.0,0.84,False,youtu.be
1pi1iph,Music,What goes on inside the mind of death metal fans?,0,28,1765265732.0,0.37,True,self.Music
1pho7it,Music,Areti Ketime - Tráva Re Aláni [Traditional],0,0,1765227675.0,0.43,False,youtu.be
1phhiz5,Music,Tied Up - Gun [alternative rock / post-hardcore],2,4,1765212770.0,1.0,False,youtu.be
1phdzah,Music,Voice of the Beehive - Monsters and Angels [Pop Rock],3,0,1765204656.0,1.0,False,youtu.be
1pg5rtj,Music,"Sabrina Carpenter tells industry insiders ""write the music you want to listen to yourself"" as she receives Variety's Hitmaker of the Year honor.",2782,204,1765070903.0,0.94,False,variety.com
1phn42i,Music,Help me identify a band/artist,0,3,1765225221.0,0.33,True,self.Music
1phmtnk,Music,Shock Value and Cultural Appropriation in Experimental Music,1,1,1765224565.0,0.67,False,microgenremusic.com
1phb6ad,Music,Marianne Faithfull - Ruby Tuesday (Cover) [Baroque Pop],3,3,1765196979.0,0.67,False,youtu.be
1phmk3m,Music,How special is Dnb to you?,1,0,1765223979.0,0.67,False,
1phmcnh,Music,[tomt] 80s dance track,1,0,1765223517.0,1.0,False,
1phmasd,Music,Was there an artist you saw in 2025 that made you say “Why didn’t I ever see this band before?”,2,9,1765223402.0,0.62,False,
1pfsawl,Music,"Frank Sinatra ‘loathed’ Trump, legendary singer’s daughter Nancy tells MAGA supporter",25625,563,1765035884.0,0.95,False,the-independent.com
1phy9fo,Music,Best music era IMO,0,13,1765254176.0,0.25,True,self.Music
1phll9u,Music,Deadshot – Lone Warrior [Rap] ⚔️ A Journey of Resilience,1,0,1765221806.0,1.0,False,youtube.com
1phxwyb,Music,My friend made a website that you can upload your Spotify wrapped and get it roasted,0,0,1765253098.0,0.14,False,gatekeeperwrapped.com
1phlarh,Music,Does anyone know why some songs just sound... right? discussion,0,4,1765221147.0,0.44,True,self.Music
1phc1eo,Music,Pure Aftermath - Was I Wrong? [Metal],3,3,1765199518.0,1.0,False,youtu.be
1phf2cd,Music,White Lies - Bigger Than Us [Alternative],1,1,1765207190.0,0.57,False,youtu.be
1phxime,Music,Sự Nổi Loạn Của Tuổi Teen Và Cơ Duyên Với Bộ Trống,0,0,1765251925.0,0.3,True,self.Music
1phkv7o,Music,Question for the Musicians,1,3,1765220199.0,0.57,True,self.Music
1phyjo2,Music,"Kelly Boesch - Feel It In My Bones [Dance, AI]",0,1,1765255109.0,0.17,False,youtu.be
1pgh2e7,Music,"Cake - Short Skirt, Long Jacket [Alt Rock]",279,13,1765110024.0,0.94,False,youtu.be
1phklkt,Music,What's the genre of prix garantie - appletreefruit? [genre needed],1,1,1765219612.0,0.67,True,self.Music
1phk4js,Music,Recorders are underrated,0,10,1765218542.0,0.5,True,self.Music
1phk2l0,Music,Marcel Krause - Older with you [Deep House],1,0,1765218428.0,1.0,False,youtu.be
1phjpx8,Music,HELP HELP HELP,1,0,1765217637.0,1.0,False,
1phjlp7,Music,Rap Shar3 feat. Korsan - D5ol Mofage2 [Arab Street Rap],0,0,1765217376.0,0.4,False,youtu.be
1phjip3,Music,The Kid LAROI x Sample Instrumental - Fade Away [HipHop],0,0,1765217192.0,0.5,False,youtube.com
1phj6a3,Music,Advice on the world of songwriting,0,0,1765216447.0,0.5,False,
1phj4pc,Music,What's it called when a certain motif or song just makes you so emotional you're choking back tears?,0,13,1765216347.0,0.5,True,self.Music
1phyb5i,Music,Mblue &amp; AViVA - Hold us back [pop],0,4,1765254336.0,0.27,False,youtu.be
1phagif,Music,"William S. Burroughs &amp; Bill Laswell - Seven Souls [Spoken Word, Electronic]",3,1,1765194652.0,0.81,False,youtu.be
1ph8v53,Music,Mr. Bungle - Travolta (1991) [Avant-Garde Metal],3,0,1765188895.0,0.81,False,youtube.com
1phixxs,Music,Captain Brick - Battle Scarred [Hip Hop],1,0,1765215927.0,1.0,False,youtu.be
1phisg4,Music,First song,0,0,1765215588.0,0.33,False,
1phi048,Music,Gitano punk ( gypsi punk),1,0,1765213818.0,0.67,False,
1phhsop,Music,The Lonely Ones - Make A Scene [Rock],1,0,1765213359.0,1.0,False,youtube.com
1phhnfc,Music,Similar artists ?,1,1,1765213048.0,0.67,False,
1pgwb4f,Music,Nirvana - All Apologies [alternative rock / grunge] (1993),27,4,1765148320.0,0.89,False,youtu.be
1ph9bth,Music,Mr. Big - Wild World (Cover) [Pop Rock],3,1,1765190619.0,0.8,False,youtu.be
1phn3az,Music,"Why do record companies allow illegal AI ""cover"" songs?",0,8,1765225172.0,0.43,True,self.Music
1phfds7,Music,Lionel Richie - Hello [R&amp;B],0,0,1765207925.0,0.5,False,youtu.be
1ph4nrj,Music,How an 18th century sonatina became a hit song— twice!,7,0,1765172783.0,0.74,False,frankterranella.com
1phf9xs,Music,Fervid - Furry Little Animals VHS version [poprock],0,0,1765207685.0,0.5,False,youtu.be
1phf52q,Music,Fire Engines - Big Gold Dream [post punk],1,1,1765207366.0,1.0,False,youtu.be
1phf1rt,Music,White Lies - Death [Alternative],0,1,1765207152.0,0.5,False,youtu.be
1phexzf,Music,Aemo Records - designer scars [emo rap] 2025,0,5,1765206909.0,0.33,False,open.spotify.com
1pgu7yt,Music,"Converge drummer Ben Koller t-boned in hit-and-run, driver leaves license plate behind",26,1,1765143083.0,0.84,False,lambgoat.com
1pheg5k,Music,Finding a certain sound,0,1,1765205802.0,0.5,True,self.Music
1phe6zv,Music,Robert Eggers - Nosferatu [Dark Jazz],1,2,1765205189.0,1.0,False,youtu.be
1pgc88q,Music,Savage Garden - I Want You [pop rock] (1997),327,80,1765091672.0,0.88,False,youtu.be
1phdt54,Music,Yasmeen - Blue Jeans (2002) [R&amp;B Pop],1,1,1765204228.0,1.0,False,youtu.be
1phdr7u,Music,Station 2093,0,2,1765204089.0,0.33,True,self.Music
1phjo77,Music,Rap Shar3 feat. Korsan - D5ol Mofage2 [Arab Street Rap],0,0,1765217524.0,0.25,False,youtu.be
1ph1es9,Music,Metallica - Holier Than Thou [Heavy Metal],7,1,1765162671.0,0.82,False,youtu.be
1phd6vo,Music,Matty Mullins - Unstoppable [pop] (2017),0,1,1765202633.0,0.5,False,youtube.com
1phqxla,Music,Is “White Christmas” really worthy of being the “best-selling record of all time?”,0,2,1765234070.0,0.36,True,self.Music
1ph3wld,Music,Sunny Day Real Estate - Pillars [Indie Rock / Emo / Alt] (1998),3,0,1765170301.0,0.72,False,youtube.com
1pgo63v,Music,Soundgarden - Outshined [alternative rock / grunge] (1991),42,4,1765128820.0,0.96,False,youtu.be
1phsd4n,Music,Pooh Shiesty Pursues Cardi B While She’s With Stefon Diggs In Miami,0,1,1765237716.0,0.1,False,hot97.com
1phbztv,Music,Lofi México - Studio Ghibli Music Collection Piano and Violin Duo - [Study Music],0,1,1765199397.0,0.5,False,youtu.be
1ph1rgb,Music,Re-Flex - The Politics of Dancing [Synth pop],6,3,1765163739.0,0.8,False,youtu.be
1phbo8c,Music,Mr. TripZter - Boulevard of Frainbreeze Dreams [mashup],0,2,1765198484.0,0.5,False,youtu.be
1phbno7,Music,Who was at the Hurts Concert at the O2 Brixton on Thurs 07 Dec 2017?,0,2,1765198439.0,0.5,False,
1pgohs1,Music,"Days of The New - Touch, Peel and Stand [alternative rock / post-grunge] (1997)",33,9,1765129594.0,0.8,False,youtu.be
1pham5s,Music,Loving Lion - We Rise [Pop Rock],0,1,1765195182.0,0.5,False,youtu.be
1pgntt9,Music,What's your emotional life support song?,31,65,1765128001.0,0.85,True,self.Music
1ph1k82,Music,Orbital - Where Is It Going? (feat. Stephen Hawking) [Electro House],5,0,1765163121.0,1.0,False,youtube.com
1ph2ywf,Music,White Lies - Am I Really Going To Die [Alternative],4,0,1765167427.0,1.0,False,youtu.be
1phooub,Music,Is it ok for an Artists to release Music for many different Genres?,0,6,1765228782.0,0.13,True,self.Music
1phmmi0,Music,HMU for a free beat,0,2,1765224122.0,0.22,True,self.Music
1ph9vuj,Music,Prehistoric music resources,0,4,1765192644.0,0.5,True,self.Music
1ph9r6m,Music,Which music genre didn’t interest you at first but ended up surprising you later?,0,32,1765192177.0,0.45,False,
1ph3zi5,Music,White Lies - To Lose My Life [Alternative],3,1,1765170544.0,0.81,False,youtu.be
1ph9p8d,Music,The time I met Eric Clapton in Japan,0,0,1765191975.0,0.5,False,
1phm4od,Music,‘All I Want For Christmas Is You’ Ties Record For Most Weeks As Billboard Hot 100 No. 1,0,3,1765223021.0,0.38,False,go.forbes.com
1pgsk5k,Music,Beastie Boys - Body Movin' [hip-hop],16,1,1765138999.0,0.95,False,youtu.be
1pgqgxn,Music,Fastball - Out Of My Head [Alternative Rock] (1999),17,3,1765134257.0,0.95,False,youtu.be
1pgwgkt,Music,Silverchair - Abuse Me [alternative rock / post-grunge] (1997),8,1,1765148712.0,0.73,False,youtu.be
1pgzlmc,Music,Apple vs. YouTube Music,5,62,1765157426.0,0.55,True,self.Music
1phknlp,Music,10 Moments That Defined K-Pop's Huge Year,0,0,1765219739.0,0.25,False,rollingstone.com
1pholqn,Music,Kiss frontman Gene Simmons says ‘bad decisions’ led to bandmate Ace Frehley’s death,0,6,1765228581.0,0.23,False,the-independent.com
1pgoij7,Music,The Cure - A Forest (Peel Session)[Post-Punk],18,1,1765129642.0,0.96,False,youtube.com
1ph8afs,Music,Beth Hart – War In My Mind (2019),0,0,1765186678.0,0.5,False,
1ph89wh,Music,Billy Joel – The Stranger (1977),1,1,1765186615.0,0.67,False,
1ph4nfl,Music,Akiaura - Sleepwalker (D&amp;rwin Remix) [DarkWave]  (50 Hours +),2,0,1765172753.0,1.0,False,
1pgm5zv,Music,Steve Cropper: A Legacy That Shaped American Music,22,3,1765123981.0,0.9,False,bluesrockreview.com
1ph6vqe,Music,What’s the least essential 20th (or whatever) anniversary edition?,0,1,1765180972.0,0.33,True,self.Music
1ph6lpp,Music,Bekim! - We Belong Together [Eurodance],1,0,1765179894.0,1.0,False,youtu.be
1pggce0,Music,Madonna - Like A Prayer [Pop Rock] (1989),41,5,1765107482.0,0.87,False,youtu.be
1phepgf,Music,"Ever recorded a song in natural tuning and realized after, that when you wrote it, your guitar was tuned a 1/2 step down?",0,5,1765206380.0,0.25,True,self.Music
1phg8e6,Music,Which rock or metal song made you fall in love with the genre?,0,13,1765209839.0,0.3,True,self.Music
1pgj57e,Music,Craig Ferguson - Scottish Rite Temple Stomp (Cover) [Garage Punk],25,5,1765116361.0,0.93,False,youtu.be
1ph5vyj,Music,Notorious B1 - Big Daddy [Hip Hop],0,2,1765177140.0,0.5,False,youtu.be
1ph5spe,Music,Silo Haze - Mischief and Laughter [Indie Folk],1,1,1765176799.0,0.66,False,music.apple.com
1ph1kdm,Music,itstwobad - EL OH EL [pop-house/edm] (2025),2,0,1765163135.0,0.76,False,open.spotify.com
1ph0rtb,Music,JD McPherson - Fire Bug [rock n' roll],2,0,1765160793.0,1.0,False,youtu.be
1ph0q32,Music,BRKN LOVE - Fever Dream [Hard Rock],2,0,1765160654.0,0.76,False,youtu.be
1pgtrh5,Music,Musical kinesthetic synesthesia,6,8,1765141967.0,0.75,True,self.Music
1pfps97,Music,"Garbage’s Shirley Manson defends rant against fan who threw beach balls during Australian gig: ""I make no apologies whatsoever""",1561,634,1765029062.0,0.94,False,nme.com
1pgzu9m,Music,Flint Moorehead - Oxygen EP [Alternative Rock],2,0,1765158117.0,0.76,False,youtu.be
1ph47sz,Music,In Flames - Down In A Hole [metal],0,0,1765171264.0,0.4,False,youtu.be
1ph45at,Music,"tboGeorge - Ferrari [edm , house]",0,0,1765171049.0,0.5,False,soundcloud.com
1phdrpf,Music,beatles to revolutionise contemporary music one last time? had john lennon not died.,0,2,1765204126.0,0.13,False,
1ph9bdl,Music,"When people say Jay z’s time is coming and he’s just like Diddy, what exactly are people referring to?",0,26,1765190573.0,0.47,True,self.Music
1ph3dni,Music,Necesito encontrar canción o video,0,0,1765168665.0,0.4,True,self.Music
1pg2hcu,Music,Tom Morello and Beartooth Collaborate on New Final Fantasy XIV Track,228,17,1765061659.0,0.95,False,metalsucks.net
1ph6yel,Music,Stillmint - Twisted Game [Dark K-Pop],0,2,1765181260.0,0.29,False,youtube.com
1ph8ulv,Music,Kirk Franklin - He Reigns [Choir],0,1,1765188838.0,0.2,False,youtu.be
1pgsinf,Music,Living Colour - Love Rears Its Ugly Head [Funk Rock],4,0,1765138897.0,1.0,False,youtu.be
1phb80f,Music,"Is it just me, or has festival/club music gotten painfully commercial lately?",0,17,1765197124.0,0.38,True,self.Music
1pgowz5,Music,Killing Joke - Love Like A Blood (The 86' Remix) [Rock],6,0,1765130597.0,0.81,False,youtube.com
1phh400,Music,White House trolls Sabrina Carpenter with altered SNL clip to promote ICE: 'I might need to arrest someone',0,2,1765211833.0,0.24,False,azexpress.net
1pgpr0e,Music,The Stone Roses - Made of Stone (808 State Mix) [House],6,1,1765132593.0,1.0,False,youtube.com
1pfd8t6,Music,"White House Trolls Sabrina Carpenter With Second Pro-ICE Video, Alters ‘SNL’ Clip to Have Her ‘Arrest’ Marcello Hernández for ‘Being Too Illegal’",10263,1038,1764986033.0,0.92,False,variety.com
1phcm7h,Music,"as rem would be in consideration for most influential band of all time, which band/artist do you think is most derivative???",0,12,1765201138.0,0.11,False,
1pgw9ts,Music,Lil j7 - Anxiety Freestyle [hip hop],2,0,1765148226.0,0.75,False,open.spotify.com
1ph5cj7,Music,does anyone else listen to ari abdul and ella boh religiously?,0,0,1765175162.0,0.43,False,
1pgkvrh,Music,Tones on Tail - Rain [Post-Punk],7,1,1765120866.0,0.9,False,youtube.com
1ph0v55,Music,ghøsthxrt - no more goodbyes just forever [instrumental/soundtrack] (2025),1,0,1765161067.0,1.0,False,youtu.be
1ph0s7f,Music,BRKN LOVE - Forever's Enough [Hard Rock],1,0,1765160824.0,1.0,False,youtu.be
1pgkk6z,Music,Slade - Merry Xmas Everybody [Xmas song],9,0,1765120067.0,1.0,False,youtu.be
1pg79sl,Music,Sneaker Pimps - Six Underground [Trip-Hop],73,3,1765075418.0,0.96,False,youtu.be
1pgjnxq,Music,World Party - Is It Like Today? [Alt Rock],9,1,1765117790.0,1.0,False,youtu.be
1pgklpu,Music,The Sundays - Joy [Dream Pop],7,1,1765120174.0,0.89,False,youtube.com
1pgip3n,Music,Peter Bjorn and John (w/ Victoria Bergsman) Young Folks [Indie Pop],9,1,1765115092.0,1.0,False,youtu.be
1pgzm9r,Music,Uniflora Feature Interview,1,0,1765157475.0,0.67,False,post-trash.com
1phbiu8,Music,abbey rd side 2 is the greatest string of songs ever put on a record. what else rivals this?,0,8,1765198040.0,0.1,False,
1phaobj,Music,Ed Sheeran Speaks Out After New Songs Spark Marriage Speculation,0,3,1765195361.0,0.25,False,huffingtonpost.co.uk
1pgmt6u,Music,The Smiths - How Soon Is Now? [Italian 12-Inch  Version] [Rock],5,0,1765125586.0,0.86,False,youtube.com
1pgzgog,Music,We Made a Player for our Mixes,1,0,1765157025.0,1.0,True,self.Music
1pgudia,Music,Tony Christie - I Did What I Did For Maria [Rock],2,0,1765143469.0,1.0,False,youtu.be
1pgq55p,Music,Slipknot - Left Behind [Nu Metal],4,1,1765133550.0,0.83,False,youtu.be
1pgq15g,Music,"Norma Jean - Sword In Mouth, Fire Eyes [Metalcore]",3,2,1765133284.0,0.81,False,youtu.be
1pf5gxi,Music,White House Deletes Video Using Sabrina Carpenter Song After She Called It ‘Evil And Disgusting’,29958,514,1764965805.0,0.95,False,forbes.com
1pf6qnh,Music,White House Quietly Deletes ICE Video Using Sabrina Carpenter's Music After Getting Ratioed by Pop Star,18637,199,1764968894.0,0.96,False,consequence.net
1pg5rs2,Music,CAN - Vitamin C [Krautrock/experimental] (1972),67,15,1765070900.0,0.99,False,youtube.com
1pgsint,Music,idialedyournumber - Bunny Goes 2 Business School [Emo/Skramz],2,0,1765138898.0,1.0,False,youtube.com
1pg844c,Music,How music can trigger memories — curious how others experience this,45,61,1765077968.0,0.91,True,self.Music
1pgx5jj,Music,Album Cover Search!,0,11,1765150600.0,0.5,True,self.Music
1pgx02k,Music,I sometimes start to hear songs in different pitch,1,4,1765150172.0,0.6,True,self.Music
1pgwvrt,Music,VA / Richmond Artists Looking to Collab Rappers and Singers,0,0,1765149848.0,0.5,False,
1pgwrwi,Music,cant find this anywhere,1,0,1765149570.0,1.0,False,
1pgctpd,Music,Roxy Music - Spin Me Round [Art-Rock] (1979),17,4,1765093965.0,1.0,False,youtu.be
1pgmq2s,Music,Donnie Iris - King Cool [rock],3,2,1765125370.0,1.0,False,youtu.be
1pg4n53,Music,Fleetwood Mac - Little Lies [Pop-Rock],56,6,1765067613.0,0.95,False,youtube.com
1pgvael,Music,10 minute limit per song,0,0,1765145717.0,0.33,False,
1pgm7zk,Music,Ariel Pink - Doggie in the Window [indie rock],3,1,1765124117.0,0.81,False,youtu.be
1pgv4pu,Music,Jake Thackray – Side by Side [Reggae],0,3,1765145322.0,0.44,False,youtube.com
1pg90xb,Music,John Frusciante - Look On [Alternative Rock] (2004),25,3,1765080841.0,0.95,False,youtu.be
1pguxuq,Music,Please help me look for this song I BEG,1,0,1765144853.0,1.0,False,
1pgusr0,Music,Título del Post: [TOMT][VIDEO][2010s?],1,1,1765144510.0,0.67,True,self.Music
1pguizz,Music,Navjaxx - Tea Pragmatic [Synthwave/Retrowave] (2025),0,1,1765143849.0,0.5,False,youtube.com
1pghpx9,Music,Joni Mitchell - River [Folk],5,1,1765112168.0,1.0,False,youtu.be
1pgfrfk,Music,Kraftwerk - The Man-Machine [Synthpop],7,3,1765105248.0,1.0,False,youtu.be
1pgde6u,Music,George Gershwin &amp; Leonard Bernstein - Rhapsody in Blue [Orchestral],11,0,1765096178.0,0.88,False,music.youtube.com
1pgodpv,Music,Charlie - Don't Look Back [Rock] (1976),2,3,1765129330.0,0.75,False,youtu.be
1pgtl69,Music,👋Welcome to r/urfavoriteartists - Introduce Yourself and Read First!,0,0,1765141527.0,0.33,False,
1pgtixp,Music,Jingle Bells ft. The Puppini Sisters Transcription,1,0,1765141371.0,1.0,False,
1pgt9o2,Music,Silly - Low Light [Melodic UK trap],0,0,1765140753.0,0.5,False,youtube.com
1pgnfwn,Music,Ane Brun - These Days (live) [Folk],2,2,1765127082.0,1.0,False,youtube.com
1pgsbdm,Music,Deadshot0362 - lone war[hiphop],0,0,1765138399.0,0.33,False,youtube.com
1pgc1pw,Music,Cheap Trick - I Want You To Want Me (Live from Budokan 1978) [classic rock] (1977),11,6,1765090990.0,0.92,False,youtu.be
1pgixje,Music,Royal Blood - Oblivion [Hard Rock],3,1,1765115775.0,1.0,False,youtu.be
1pgbv3i,Music,Marvin Gaye - I Want You [soul jazz FUNK] (1976),11,2,1765090348.0,1.0,False,youtu.be
1pglrf8,Music,Music History Events: albums released December 7,2,1,1765123005.0,0.75,False,
1pg739t,Music,The Cure - Just like Heaven [New Wave],23,3,1765074871.0,1.0,False,youtu.be
1pgksta,Music,Piero Umiliani - Lady Magnolia [Film Music],2,0,1765120663.0,1.0,False,youtube.com
1ph00hg,Music,drop down - B0NN3R [meme dance],0,2,1765158614.0,0.29,False,youtu.be
1ph1ggj,Music,Who do you think of as the “least talented” members of famous acts?,0,53,1765162809.0,0.39,True,self.Music
1pg9zh3,Music,yo! Curtis Mayfield - Diamond In The Back  [1970s Sweet Soul],11,1,1765083882.0,0.79,False,youtu.be
1pf9brz,Music,White House Quietly Delete's ICE Video That Featured Sabrina Carpenter's Song 'Juno' on X,2803,79,1764975272.0,0.96,False,ibtimes.co.uk
1ph3sfh,Music,Is the swans better than I think it is?,0,7,1765169963.0,0.21,True,self.Music
1pgo9jr,Music,Flint Moorehead - Wet Noodles [Pop Rock],1,1,1765129053.0,1.0,False,youtu.be
1ph3kcj,Music,"Trump hosts the Kennedy Center Honors recognizing Stallone, Kiss, Gaynor and others",0,5,1765169259.0,0.21,False,apnews.com
1pgimz6,Music,"Von düster zu explosiv: Of Mice &amp; Men, Ghostkid und Gore zerlegten das Backstage in München",2,1,1765114915.0,1.0,False,paranoyd-magazin.de
1pgi70r,Music,The Haunted - Demon Eyes (2003) [Groove/Thrash Metal],2,1,1765113585.0,1.0,False,youtu.be
1pgvm5c,Music,WWE Star John Cena Reflects On His 2005 Hip-Hop Album,0,2,1765146540.0,0.2,False,yahoo.com
1pglw4v,Music,Airlocksound - Fountain of Fortune [Alternative pop],1,2,1765123310.0,1.0,False,youtu.be
1pggj67,Music,Death Grips - No Love [Experimental Hip-hop],2,1,1765108184.0,1.0,False,youtube.com
1pfaf6x,Music,Hayley Williams Says She Needs to 'Understand' Who She Is Outside of Paramore: 'It's Time',1539,267,1764978140.0,0.91,False,people.com
1pgu1yk,Music,The Future is Now: 12 Hip-Hop Rising Stars Who Are Shaping the Game,0,0,1765142671.0,0.29,False,hiphophighsociety.com
1pggbt3,Music,Fantômas - Rosemary's Baby [Avant-garde Metal/Film Score],2,1,1765107419.0,1.0,False,youtube.com
1pggbiv,Music,"Underground, different or alternative music",2,12,1765107386.0,0.63,True,self.Music
1pgkoy6,Music,Perfume - Sweet Donuts [Electropop],1,0,1765120395.0,1.0,False,youtube.com
1pgfy3l,Music,Stu Moseley - A Place in the world [blues/soul],2,5,1765105950.0,1.0,False,youtu.be
1pgkank,Music,Headjack-Feel it again[2025],0,0,1765119410.0,0.33,False,
1pgk92w,Music,Lil j7 - Anxiety Freestyle [Hip Hop] (2025),1,4,1765119294.0,0.67,False,open.spotify.com
1pgt4l6,Music,a millions guy at moon,0,0,1765140409.0,0.2,True,self.Music
1peydfg,Music,Sabrina Carpenter Fans Furious: Trump Using Her Song to Push His Agenda? ‘Sue Him!’,6153,319,1764949469.0,0.93,False,azexpress.net
1pffi0d,Music,"Paul Anka Doubles Down on Frank Sinatra's Huge Penis, Looks Back on Career",628,117,1764992838.0,0.74,False,tmz.com
1pfx09i,Music,What’s is everyone’s favourite underrated artist ?,37,269,1765047559.0,0.78,True,self.Music
1pgv00i,Music,There are some great popular songs out there that are actually religious based - that you might not make the association at first.,0,54,1765145000.0,0.41,True,self.Music
1pgjdf1,Music,Ninian Hawick - Scottish Rite Temple Stomp [Indie Pop],2,1,1765116980.0,1.0,False,youtu.be
1pgjbk6,Music,Vienna Teng - The Hymn of Acxiom [A Capella / Hymnody],1,2,1765116844.0,1.0,False,youtube.com
1ph273o,Music,Asking my mother permission to ask her hand in marriage? Anyone else not have a father figure and have done this?,0,3,1765165074.0,0.13,False,
1pgirrv,Music,Found a great music player with material 3 expressive!,1,2,1765115304.0,1.0,True,self.Music
1pgiigh,Music,"What makes a 'Dil Ka Safar (Official Video) - A Soulful Journey of Love &amp; Longing""",0,1,1765114547.0,0.4,True,self.Music
1pgi9iv,Music,Dil Se Dil Tak (Heart to Heart) - Official Music Video | New Hindi Roman...,1,0,1765113802.0,0.66,True,self.Music
1pgi6u6,Music,Moon Walker - Revisionist History Blues [Country Rock],1,1,1765113569.0,0.66,False,youtube.com
1pf377z,Music,World Cup 2026 draw fans rage as 'stale' audience stays silent for Lauryn Hill,2550,248,1764960477.0,0.93,False,irishstar.com
1pge813,Music,The Midnight - Shadowverse [synth pop],2,2,1765099389.0,0.75,False,youtu.be
1pgn66l,Music,"999 club, long live juice wrld",0,0,1765126440.0,0.38,False,
1pghogm,Music,"Band Gründen in Hessen (Founding a band in Hessen)(It's not a ""Advertisement""!)",0,2,1765112037.0,0.4,True,self.Music
1pgvhna,Music,Mustacio67 - I’m Stronger on my Own [K-Pop],0,1,1765146222.0,0.11,False,youtube.com
1pg2i9z,Music,"Cave In Reflect On Their Major Label Era: ""There Were Certainly Cries Of ‘Sell-Out’ And People Wondering How Watered Down We Had Become""",10,0,1765061725.0,0.92,False,theprp.com
1pg0yty,Music,Devo - Head Like a Hole (Nine Inch Nails cover) [Industrial],14,1,1765057650.0,1.0,False,youtube.com
1pggbut,Music,Pastis &amp; Buenri - Pildo but older version?,1,2,1765107424.0,0.6,True,self.Music
1pg7ei7,Music,Jim E. Brown - Prawn Mayo [comedy rock &amp; roll],6,4,1765075811.0,1.0,False,youtube.com
1pg02y2,Music,Prince Buster - One Step Beyond (1964)  [roots reggae],13,2,1765055355.0,0.89,False,youtu.be
1pgg3ta,Music,Whisky Turned to Water,1,1,1765106570.0,1.0,False,
1pgg2ga,Music,What's the benefits studying MM in Music Education(non thesis)?,1,1,1765106417.0,1.0,False,
1pgkf6l,Music,"Violet Grohl Releases Debut Solo Single ""THUM""",0,2,1765119723.0,0.38,False,stereogum.com
1pgk4c9,Music,"TV show Idea- ""Cross-Collaboration-Nation."" Artists are randomly paired/selected to do a Cross-Collaboration. If they collab then they win money for their Charity. Would you watch?",0,11,1765118960.0,0.5,True,self.Music
1pfsbfn,Music,Shells found in Spain could be among oldest known musical instruments | Music,33,5,1765035919.0,0.95,False,theguardian.com
1pgbzl7,Music,Ekkah - Small Talk [Nu-Disco] (2016),2,0,1765090781.0,1.0,False,youtube.com
1pg16q0,Music,Poe - Hey Pretty [Alternative Rock]  (2000),10,1,1765058218.0,0.92,False,youtube.com
1pgbno7,Music,Kailee Morgue Feat. Hayley Kiyoko - Headcase [Altpop] (2019),2,1,1765089601.0,1.0,False,youtube.com
1pg5n53,Music,deftones - infinite source [alternative] (2025),6,0,1765070512.0,0.87,False,youtu.be
1pgsoev,Music,What is special in clapton's playing?,0,12,1765139300.0,0.29,False,
1pg2gix,Music,The Pharcyde - Illusions [alternative hip-hop] (2004),7,2,1765061598.0,1.0,False,youtu.be
1pfg2jc,Music,"XG’s Cocona Comes Out as Transmasculine, Nonbinary",215,149,1764994614.0,0.64,False,hollywoodreporter.com
1pge3l2,Music,spikycactus - Radak [phonk],0,1,1765098929.0,0.33,False,youtu.be
1pf1eka,Music,"Garbage's Shirley Manson Rages Out Over Beach Balls Thrown at Stage: ""I Joined a Band Because I HATED THE FUCKING BEACH""",1472,344,1764956358.0,0.93,False,consequence.net
1pfg42a,Music,Evanescence to perform ‘Devil May Cry’ anthem at Game Awards,201,20,1764994748.0,0.94,False,nme.com
1pgdysk,Music,Does anyone still remember Vidya Vox???????,0,0,1765098411.0,0.5,False,
1pgdwnx,Music,Denny - Time [Cloud Rap],0,0,1765098183.0,0.5,False,youtu.be
1pgdaxg,Music,The White Boys Band Released 2 New Albums Recently - Genesis + Canon,0,0,1765095812.0,0.5,False,
1pgdalq,Music,The White Boys Band Released 2 New Albums Recently - Seattle Band,0,0,1765095775.0,0.33,False,
1pgd92u,Music,how's audiomack as a spotify alternative?,0,0,1765095605.0,0.4,True,self.Music
1pgn1i3,Music,David Byrne. Altrock. There has to be some deadheads that have seen David Byrne's recent Tiny desk performance?,0,7,1765126131.0,0.38,True,self.Music
1pg31jy,Music,Camp Lo - Rockin' It AKA Spanish Harlem [hip-hop](1997),6,4,1765063186.0,1.0,False,youtu.be
1pg0iqg,Music,Portugal. The Man - Denali [indie/experimental],7,0,1765056491.0,0.82,False,youtu.be
1pg6haj,Music,Maxi Priest - Wild World (Cover) [Reggae-Pop],3,0,1765073028.0,1.0,False,youtu.be
1pgodn7,Music,"Why do Christmas songs tend to sell better than non-holiday songs (I.e. White Christmas, All I Want for Christmas is You)?",0,27,1765129326.0,0.43,True,self.Music
1pg5zzl,Music,VNV Nation - Holding On [electric] 2002,3,0,1765071606.0,1.0,False,youtu.be
1pgc4bd,Music,Gato Barbieri - I Want You [jazz FUNK] (1976) cover of Marvin Gaye,1,1,1765091258.0,1.0,False,youtu.be
1pgbnx9,Music,Rancheras Mexicanas “Latidos de Tierra y Fuego” - MUSICA DE BANDA #bandamexicana https://youtu.be/msjAyXkyAvI,1,0,1765089627.0,1.0,False,
1pgbjnz,Music,"""SILENCIO Y FURIA"" Musica Ranchera - Grupo Los Herederos del Viento (2025)",1,2,1765089209.0,0.67,True,self.Music
1pgqf7t,Music,Who did Eric Clapton steal “White Room” from?,0,9,1765134182.0,0.13,True,self.Music
1pg3ytv,Music,Capturing a genre,3,0,1765065710.0,0.8,True,self.Music
1pglbh6,Music,Taylor Swift Featured on White House Press Secretary’s Spotify Wrapped Despite Donald Trump’s Attacks,0,5,1765121945.0,0.38,False,azexpress.net
1pfzcp8,Music,"Does calm piano music actually improve sleep quality, or does it just feel that way?",5,17,1765053454.0,0.69,True,self.Music
1pga9bj,Music,Second instrument to complement piano (I'm torn between voice and drums and my pros/cons list is not helping me decide),1,3,1765084774.0,1.0,False,
1pg2wzy,Music,JD McPhereson - Mother Of Lies [Rock],3,3,1765062851.0,1.0,False,youtu.be
1pg0r1n,Music,State Champs - Remedy [Pop Punk],4,4,1765057089.0,1.0,False,youtube.com
1pgis87,Music,Ellie Goulding takes the stage with a growing baby bump days after her pregnancy reveal,0,5,1765115342.0,0.47,False,thefashioncentral.co.uk
1pgis6d,Music,Who needs a singer songwriter?,0,3,1765115338.0,0.27,True,self.Music
1pg2nyv,Music,Kazik - Jeśli nie chcesz [rock rap (Polish)],3,0,1765062149.0,1.0,False,youtu.be
1pgnqxq,Music,TikTok ruins every upcoming artist’s music,0,36,1765127815.0,0.38,True,self.Music
1pg986a,Music,Bobby Hicks - Condo/Hurricane [Florida Folk],1,0,1765081476.0,1.0,False,youtu.be
1pg4p46,Music,"Yuki Matsui - Go Crazy [Intrumental, Fingerstyle Guitar] (2020)",2,0,1765067773.0,1.0,False,youtube.com
1pfwei0,Music,Muse - Supremacy [Alt Rock],5,1,1765046063.0,0.78,False,youtu.be
1pffum2,Music,Rage Against the Machine released their final album 'Renegades' 25 years ago today,78,19,1764993913.0,0.92,False,loudersound.com
1pgt8jv,Music,Christ Is King - We Followed [Gospel],0,5,1765140678.0,0.1,False,youtube.com
1pg0iir,Music,Best New Christmas Songs: Top 30 of 21st Century,2,8,1765056473.0,0.59,False,billboard.com
1pg7qxr,Music,Will Wood - White Noise [Pop(?) ballad],1,1,1765076835.0,0.67,False,youtube.com
1pg7n7r,Music,BANDITT - POU TO PAS [instrumental trap] (2025),1,0,1765076526.0,0.6,False,open.spotify.com
1pghfqd,Music,Gene Simmons claims ‘bad decisions’ caused KISS bandmate Ace Frehley’s death: 'He refused [advice] from people that cared about him',0,11,1765111264.0,0.4,False,metro.co.uk
1pg2sd9,Music,Loose Ends - A Little Spice [Contemporary R&amp;B] (1984),2,2,1765062498.0,1.0,False,youtu.be
1pg2oie,Music,Kleeer - Intimate Connection [R&amp;B / Soul] (1984),2,2,1765062191.0,0.76,False,youtu.be
1pg7cp7,Music,"Shows, Souls and Spots",0,0,1765075661.0,0.5,False,
1pg7awy,Music,Boyish - Prom [Dream-Pop] (2025),1,0,1765075514.0,0.67,False,m.youtube.com
1pgg50j,Music,That’s weird…,0,5,1765106693.0,0.33,True,self.Music
1pgjlaw,Music,Anybody notice how Gen Z and Gen Alpha doesn't know music and TV  celebrities like us 90s babies did?,0,17,1765117589.0,0.22,True,self.Music
1pgke0o,Music,"Gene Simmons Says Ace Frehley's Death Was Due to ""Bad Decisions"": ""Falling Down the Stairs — Doesn't Kill You""",0,13,1765119647.0,0.21,False,consequence.net
1pf91ce,Music,American artists (or their songs) that you were shocked to find aren't as big in the states as they are in your country,153,116,1764974537.0,0.9,True,self.Music
1pf8ldm,Music,"Sumerian Records Founder Calls For A 'Velvet Revolution' Against Labels &amp; Streamers Promoting AI Music: ""It's Time To Remind These Opportunists""",160,11,1764973403.0,0.99,False,theprp.com
1pg6fss,Music,Space Dragon - COOL CITY LOVER [hip hop],1,0,1765072902.0,1.0,False,youtube.com
1pfsz9k,Music,Gorillaz - Dirty Harry [Pop],6,1,1765037650.0,0.8,False,youtu.be
1pfsxu1,Music,Shaggy - It wasn't me [Reggae],5,1,1765037554.0,0.73,False,youtu.be
1pgf4g2,Music,Drake - Summer Sixteen [Hip Hop],0,2,1765102825.0,0.27,False,youtu.be
1pg115v,Music,Can I get a detailed analysis of YouTube Music through anything?,2,1,1765057818.0,0.67,True,self.Music
1pgeqcl,Music,Wish there were English-speaking YouTubers who do in-depth album reviews without just showing their face all the time,0,6,1765101348.0,0.22,True,self.Music
1pft3rm,Music,Fugees - Killing me softly [R&amp;B],6,1,1765037984.0,0.8,False,youtu.be
1pft0xr,Music,Air - Moon Safari Albert Hall Concert [Techno],4,3,1765037777.0,0.75,False,youtu.be
1pf6soe,Music,Twisted Sister Announces First 2026 US Reunion Tour Date,166,36,1764969029.0,0.9,False,ultimateclassicrock.com
1pg02sj,Music,Charlotte Nightstar - Sweetest Hottest Love Shot [Pop],2,1,1765055344.0,1.0,False,youtube.com
1pge4gp,Music,D Stut - Speaker Workout Vol.003 [Tech House],0,0,1765099019.0,0.3,False,youtu.be
1pg4l73,Music,Músicas que te fazem arrepiar!,1,2,1765067457.0,1.0,False,
1pfccsg,Music,"The Dead Milkmen - Punk Rock Girl [rock/punk] I don't know why, but old punk music is just uplifting. Instrumentally and lyrically it's not the best, but it's just fun.",72,15,1764983432.0,0.9,False,youtu.be
1pg49ej,Music,AMIGOS DO FLASHBACK 70 80 90 00 🔊🎬💯🎵 | Facebook,0,0,1765066539.0,0.5,False,facebook.com
1pg3te3,Music,Daddy Yankee - Gasolina [reggaeton],1,3,1765065296.0,0.52,False,youtu.be
1pg31ws,Music,KING PILL - HUSTLE ALL DAY [Hiphop],1,1,1765063212.0,1.0,False,youtu.be
1pg2vyt,Music,Lil j7 - Anxiety Freestyle [hiphop],1,0,1765062773.0,1.0,False,open.spotify.com
1pethxf,Music,Artists who are big in America but not across the pond,615,1148,1764936725.0,0.9,True,self.Music
1pg2kh7,Music,"Sleep Token - Even In Arcadia - [Rock, Pop] 2025",0,1,1765061892.0,0.44,False,open.spotify.com
1pg2ej6,Music,Silly - Slide and Provide [UK Trap/Drill],1,0,1765061449.0,1.0,False,youtu.be
1pg250u,Music,Does this sound good to any of you?,0,0,1765060742.0,0.5,False,beepbox.co
1pfcokx,Music,The real story behind Bob Dylan's “Hurricane”,46,19,1764984394.0,0.76,True,self.Music
1pg1o3y,Music,"What type of music performance is it when the singer interacts with the audience? Jessica Rabbit ""Why don't you do it right"" and Angel Dust ""Losin Streak"" are 2 examples.",0,7,1765059486.0,0.5,True,self.Music
1pg1nbw,Music,EricTF - ROTUNDA [Brazilian Phonk] (Preview),0,0,1765059429.0,0.5,False,youtube.com
1pfsuzm,Music,Inkcarnation 2026,3,3,1765037354.0,0.8,True,self.Music
1pfqjgq,Music,David Sylvian - Sleepwalkers [Art Pop/Avantgarde Pop Music]  (2010),4,0,1765031157.0,1.0,False,youtube.com
1pfvpf4,Music,orevvvvvv0 - ONE-WAY TRIP [Chill],2,0,1765044361.0,1.0,False,open.spotify.com
1pg0xp2,Music,Add a “Like/Heart” Button to Lock Screen Music Controls,0,0,1765057568.0,0.5,False,
1pg0eqy,Music,Need help picking a good portable speaker!,1,11,1765056202.0,1.0,True,self.Music
1pfzrw5,Music,Warriyo - Mortals [FUNK],1,0,1765054546.0,1.0,False,youtu.be
1pfzbxu,Music,"Chaka Khan - I Know You, I Live You [R&amp;B]",1,1,1765053397.0,0.6,False,youtube.com
1pfz6fo,Music,How do you cram to accompany?,1,0,1765052989.0,1.0,False,
1pfomtm,Music,Evil Superstars - Oh Girl [indie],4,4,1765025632.0,0.75,False,youtu.be
1pftihs,Music,Lil j7 - Looking 4 Good End [hiphop],2,1,1765039008.0,0.76,False,open.spotify.com
1pfyzf7,Music,Letril - Falling Down [Rock],1,0,1765052487.0,1.0,False,youtube.com
1pfyrk5,Music,What’s this cd I found,1,1,1765051917.0,0.67,False,
1pft6bh,Music,Dean Martin - Drink To Me Only With Thine Eyes/I Don't Care If The Sun Don't Shine/I Love Vegas [Big band],2,2,1765038170.0,1.0,False,youtube.com
1pfyg0j,Music,"""never in my life""",0,0,1765051118.0,0.5,False,
1pgal4w,Music,Is Anyone Else Seeing Fake “Boss IPTV” Websites on Google?,0,3,1765085868.0,0.11,True,self.Music
1pg96uv,Music,Worst Christmas song!,0,143,1765081355.0,0.42,False,
1pfxg51,Music,Came across this cozy rainy-night song and it’s too good not to share 🌧️✨,0,1,1765048630.0,0.33,True,self.Music
1pfxas5,Music,DA CLUJ POSSE - MEMPHIS [TRAP/PHONK],0,0,1765048268.0,0.5,False,soundcloud.com
1pfx8bd,Music,Pull the plug patches,0,1,1765048099.0,0.5,True,self.Music
1pe32kf,Music,Fox News viewers turn on host as he tries to criticize Sabrina Carpenter,21881,607,1764862577.0,0.93,False,irishstar.com
1pfwzqp,Music,"Ticozz - Celta [Brazilian drift phonk, Arabic-inspired synth leads, perfect for Fast &amp; Furious style car videos] (2025)",0,0,1765047524.0,0.33,False,youtube.com
1pgc84o,Music,"Alternate Lyrics to ""Last Christmas"" (now about sweet sausages)",0,0,1765091661.0,0.15,True,self.Music
1ped6dx,Music,"Trump, 79, Cranks ‘Live and Let Die’ Before ‘Delivering Peace’ Event",3850,178,1764885540.0,0.95,False,thedailybeast.com
1pfwey6,Music,Learning songs by ear,1,2,1765046094.0,1.0,True,self.Music
1pg9z51,Music,kc and the sunshine band do a little dance just doesn't slap as much as it should/could.,0,5,1765083852.0,0.11,True,self.Music
1pfmm6n,Music,Depeche Mode - Home (Live in Mexico City - Official Audio) [Trip hop],4,0,1765018575.0,1.0,False,youtube.com
1pg6dth,Music,Lets Make a Modern (fictious) Supergroup,0,12,1765072747.0,0.3,True,self.Music
1pfw7yn,Music,Millenova – Noche Silenciosa px-01 [ EDM Electronico ],1,0,1765045615.0,1.0,False,youtu.be
1pfmkdq,Music,Creating Music,5,1,1765018390.0,1.0,True,self.Music
1pf6bme,Music,"After surprise Trump pardon, Oak View Group's Leiweke Refuses to Testify in Live Nation Antitrust Suit",55,3,1764967873.0,0.9,False,ticketnews.com
1pfvzrw,Music,DFlexXx - Share the night [Rap],0,0,1765045069.0,0.33,False,submithub.com
1pgcac2,Music,"Alternate Lyrics to ""Here Comes Santa Claus"" (now about festive woe)",0,2,1765091888.0,0.07,True,self.Music
1pfvsn3,Music,ADEPT entfachen in Stuttgart mit Supportbands ein Core-Feuer Deluxe,1,0,1765044577.0,1.0,False,paranoyd-magazin.de
1pg74dk,Music,Mexican people: I've got a musical question for you :D,0,14,1765074969.0,0.38,True,self.Music
1pfvcaw,Music,Silly - Rich &amp; Gorgeous [UK trap],1,0,1765043498.0,1.0,False,youtu.be
1pfv7zc,Music,"The Astronauts - Material Girl [rock]
music",1,0,1765043205.0,1.0,False,youtube.com
1pfv3ax,Music,Various Artists - Love Rendezvous 1 [Chopped &amp; Screwed](2025),0,0,1765042886.0,0.5,False,youtu.be
1pg8tsg,Music,Need a Apple Music code dm me if you have,0,1,1765080199.0,0.1,False,
1pfuqrf,Music,Looking for a Sugar – Maroon 5 cover with the same lyrics but different melody,0,2,1765042043.0,0.5,True,self.Music
1pfehwo,Music,What song invokes the most nostalgia within you,14,83,1764989761.0,0.85,True,self.Music
1pfmq7t,Music,Luna Elle  - Wasting Away [R&amp;B] (2025),3,0,1765018970.0,0.81,False,youtu.be
1pfu2ko,Music,Spitfire Audio BBCSO Core Full Articulation Template,1,0,1765040396.0,1.0,False,
1pftfeg,Music,Ayudame a encontrar un dembow más o menos viejo,1,0,1765038789.0,1.0,True,self.Music
1pfoe3w,Music,Skye Sweetnam - Number One [Pop-punk],2,1,1765024869.0,0.75,False,youtu.be
1pft4il,Music,Music History Events: albums released December 6,1,1,1765038039.0,0.66,False,
1pfykpk,Music,Unbound - You got this [rock/rap],0,3,1765051432.0,0.25,False,youtu.be
1pfstgq,Music,👋 Welkom bij r/Dubmaking - Stel jezelf voor en lees eerst!,0,3,1765037239.0,0.5,False,
1pg4z67,Music,"YouTube, aka the Biggest Platform on Earth, Has Deleted All My Albums",0,9,1765068541.0,0.44,False,counterpunch.org
1pfsp3s,Music,"Ragazzi,mi dareste un’opinione su questa traccia?",1,1,1765036921.0,1.0,True,self.Music
1pfsjoo,Music,ivycomb - leave a message [ lo-fi / R&amp;B / chill / relaxed electronic ] (2022),1,0,1765036536.0,1.0,False,youtu.be
1pfsfro,Music,"Eugenia Nicolae - Astă iarnă, era iarnă [Romanian Traditional]",0,1,1765036248.0,0.33,False,youtu.be
1pg0w59,Music,80s - 00s,0,10,1765057461.0,0.33,True,self.Music
1pfd7pn,Music,John Cougar Mellencamp - Hurts So Good [rock] it's just a classic.,11,0,1764985943.0,0.79,False,youtu.be
1pe5c42,Music,"Diddy charged The Notorious B.I.G.'s funeral back to rapper's estate, Bad Boy Records co-founder says.",5102,174,1764867733.0,0.98,False,rollingstone.com
1pg1o1w,Music,O Holy Night (Mariah Carey excluded),0,15,1765059482.0,0.29,True,self.Music
1pfqz7l,Music,Old concert tickets,0,8,1765032362.0,0.43,True,self.Music
1pff4m7,Music,Sly &amp; The Family Stone - Life [psychedelic FUNK] (1968),9,1,1764991678.0,1.0,False,youtu.be
1peovsc,Music,"Impressively Metallica was streamed over 21,000 years worth on Spotify in 2025 so far",276,96,1764919496.0,0.84,False,lambgoat.com
1pfg2rq,Music,Backstreet Boys announce 'Homecoming: Live In Germany' arena residency – their only European shows of 2026,7,3,1764994634.0,0.82,False,nme.com
1pff09t,Music,Nathaniel Rateliff &amp; The Night Sweats - S.O.B.  [Alternative/Indie] (2015),8,0,1764991310.0,0.83,False,youtube.com
1pf6g8v,Music,Eels - Flyswatter [Alternative],24,6,1764968184.0,0.96,False,youtu.be
1pfjip4,Music,Cory Wong (feat. Benny Sings) - Lost in the Wonder [funk],3,2,1765006598.0,1.0,False,youtube.com
1pfljes,Music,Carmelo Paolucci -  Bach Fugue n 19 in A Major BWV 864 WTC1 [Classical music],2,2,1765014465.0,0.6,False,youtu.be
1pflc3u,Music,"Sleaford Mods: 7 songs that changed my life — State of Sound | News, Reviews, Essays, Interviews &amp; More",2,0,1765013666.0,0.76,False,stateofsoundmagazine.com
1pfp0aq,Music,"👋¡Te damos la bienvenida a r/LegacyOfMendy666 - ¡Antes de nada, preséntate y lee!",1,2,1765026794.0,0.67,False,
1pftxj7,Music,Do these 4 songs use the same sample?,0,5,1765040043.0,0.33,True,self.Music
1pf3ac6,Music,"Non-American Perception of US-Originated Genres: Is Rock, Hip-Hop, or Jazz, etc, seen as ""American Music"" regardless of the artist?",30,154,1764960680.0,0.73,True,self.Music
1pfeqbk,Music,Heavy D &amp; The Boyz ft Aaron Hall - Now That We Found Love [Dance],6,1,1764990456.0,1.0,False,youtu.be
1pfohwg,Music,Nicholas KMA - CHANGE [Pop],0,0,1765025204.0,0.5,False,soundcloud.com
1pg1oqo,Music,"What type of music performance is it when the singer interacts with the audience? Jessica Rabbit ""Why don't you do it right"" and Angel Dust ""Losin Streak"" are 2 examples.",0,2,1765059532.0,0.2,False,
1pe91hx,Music,Commentary: The DHS keeps poaching music for ICE recruitment ads. Musicians keep demanding it back,1977,103,1764875837.0,0.97,False,latimes.com
1pffe0b,Music,B.T. Express - Once You Get It [FUNK] (1974),5,1,1764992497.0,1.0,False,youtu.be
1pf7uvq,Music,Living Colour - Glamor Boys [reggae rock] (1988),15,2,1764971608.0,0.94,False,youtu.be
1pep72h,Music,Which song made you stop in your tracks the very first time you heard it — like the world paused for a second?,186,832,1764920744.0,0.89,True,self.Music
1pe0h63,Music,Spotify Unwrapped campaign calls for boycott over ICE ads and AI music,4990,507,1764856167.0,0.92,False,nme.com
1pfnic4,Music,The best music books of 2025,1,2,1765021840.0,0.67,False,theguardian.com
1pfc77x,Music,Albert King &amp; Stevie Ray Vaughan - Blues At Sunrise [Blues],6,0,1764982992.0,0.88,False,youtu.be
1pfb83v,Music,"Turbine &amp; PAV4N - Enter the Dance [Dubstep, Rap, Turntablism]",7,4,1764980280.0,0.9,False,open.spotify.com
1pfmx5t,Music,Licenses music for workout,0,0,1765019694.0,0.5,True,self.Music
1pfmvd8,Music,Mark Cee - And Now the Rain is Gone [Indie Chill] (2025),1,0,1765019506.0,1.0,False,youtu.be
1pfzklk,Music,"When Les Claypool auditioned as bassist for Metallica, why didn't it work out?",0,28,1765054029.0,0.29,True,self.Music
1pf64uo,Music,The Father of Rhythm Guitarists,15,1,1764967415.0,1.0,False,theatlantic.com
1pg4hhb,Music,Ai music,0,10,1765067169.0,0.19,True,self.Music
1peq2hi,Music,Garbage in Melbourne today,124,89,1764924220.0,0.78,True,self.Music
1pex1zw,Music,System of a Down - Toxicity [Rock],40,7,1764946335.0,0.76,False,youtu.be
1pfmag2,Music,Wanna grow music wise,0,4,1765017359.0,0.33,True,self.Music
1pebiwo,Music,Jonas Brothers Reflect on Dad Losing His Job as a Pastor Because the Band Wasn't Only Singing Christian Music,963,122,1764881680.0,0.92,False,people.com
1pfi805,Music,Supporting a Musical Community,2,0,1765001845.0,1.0,False,
1pflq1j,Music,Cassidy - Rap City [Rap],1,2,1765015166.0,0.67,False,youtu.be
1pflixl,Music,"Ariel Pink - Bright Lit, Blue Skies [psychedelic rock]",1,4,1765014416.0,0.6,False,youtube.com
1pfwa7o,Music,A I Music Fakes taking over....,0,10,1765045762.0,0.37,True,self.Music
1pfc18h,Music,Donnie Iris - That’s The Way Love Ought To Be [rock],5,2,1764982535.0,0.86,False,youtu.be
1pfl71b,Music,Bobby Valentino - Anonymous [RnB],1,0,1765013106.0,1.0,False,youtu.be
1pepwgl,Music,'He wanted to make his own Thriller': Inside Freddie Mercury's debut solo album,100,12,1764923537.0,0.9,False,inews.co.uk
1pf4lub,Music,"Devo's Mark Mothersbaugh on band's second Grammy nod, 50+ years of music and visuals",10,2,1764963766.0,0.82,False,usatoday.com
1pfkymp,Music,Deathsole - Echoes in the Mix – Dark Electronic Horror Song About Loss &amp; Revenge [rap] (2025),1,0,1765012194.0,1.0,False,youtu.be
1pf1eqq,Music,Pink Floyd - Paranoid eyes [rock],16,18,1764956369.0,0.79,False,youtu.be
1pfkgaj,Music,Earbuds OR Headphones,0,3,1765010175.0,0.5,True,self.Music
1pet1ba,Music,Has anyone else had periods where music just doesnt feel the same anymore,41,39,1764935270.0,0.86,True,self.Music
1pffyyt,Music,"10 years ago E.VAX of Ratatat said in an AMA here, I want to do the shows in a giant dome",2,1,1764994292.0,0.75,True,self.Music
1pfjs89,Music,Silly - Foreign plates  [Melodic UK Trap],1,2,1765007596.0,0.66,False,youtu.be
1pfqzjt,Music,New era of what?,0,3,1765032388.0,0.22,True,self.Music
1pff51f,Music,What is this called?,2,0,1764991717.0,1.0,False,
1pfj2b1,Music,SurferBOY -- Dopamine [Pop] (2025),1,1,1765004887.0,1.0,False,youtube.com
1pfsb3g,Music,Was Meatloaf ever cool ?,0,54,1765035896.0,0.4,True,self.Music
1pfiwd1,Music,"I cant find this song, pls help",1,0,1765004289.0,1.0,False,
1pfufsh,Music,Tell me your favourite song that and I'll rate it,0,44,1765041284.0,0.29,True,self.Music
1pfiivm,Music,Did King Von sample Mustard?,1,1,1765002938.0,0.67,True,self.Music
1pfeb14,Music,The Father of Rhythm Guitarists,2,0,1764989186.0,0.62,False,theatlantic.com
1pfvtgz,Music,"Spotify is scummy, Apple music is not great imo... What is the best other option?",0,104,1765044633.0,0.43,True,self.Music
1pfw8el,Music,Is AI Music (Artificial Intelligence) dangerous to this generation of Music Yes or No and Why?,0,10,1765045647.0,0.3,True,self.Music
1pfhnn3,Music,Viju x Nohisry - Moon [melodic hard trap] 2025,1,0,1764999838.0,1.0,True,self.Music
1pez0ba,Music,Times a radio edit took the heart and soul out of a song?,9,56,1764950930.0,0.62,True,self.Music
1pfghj9,Music,Can Anyone Else Remember this Music Video?,1,2,1764995985.0,0.67,True,self.Music
1pf8u9y,Music,"Metronomy - Live in ""Passengers"" [Indie Pop]",3,2,1764974041.0,1.0,False,youtu.be
1pf6id0,Music,Watch: New RUSH Drummer ANIKA NILLES Launches First-Ever Australian Tour In Melbourne,4,1,1764968331.0,0.65,False,blabbermouth.net
1pf8e5l,Music,The Stranglers - North Winds [pop rock],3,0,1764972908.0,1.0,False,youtube.com
1pf04rp,Music,Do social media algorithms hide more talent than they reveal?,7,37,1764953469.0,0.59,True,self.Music
1pfb6zg,Music,Diana Krall - Live in Paris [Jazz],2,2,1764980194.0,1.0,False,youtu.be
1pfrh31,Music,Currently using Spotify but considering switching to Apple Music for these reasons,0,20,1765033708.0,0.3,True,self.Music
1pfffcw,Music,Star Trash - LAN [Drum and Bass],1,0,1764992617.0,1.0,False,youtu.be
1pe4gwo,Music,Trump despair drives folk icon Joan Baez back to the studio,649,4,1764865777.0,0.97,False,azexpress.net
1pff818,Music,Randy Crawford - Street Life [soul FUNK jazz] (1979),1,1,1764991976.0,0.67,False,youtu.be
1pff4x2,Music,Splitzide - In Love With Her [Hip-Hop/Rap],0,0,1764991704.0,0.5,False,youtu.be
1pf4tjh,Music,KEEP MAKING MUSIC IN YOUR BEDROOM,4,1,1764964269.0,0.83,False,
1pf2nub,Music,Rosalía Announces International Lux Tour Following Record-Breaking Album Release,5,1,1764959204.0,0.78,False,people.com
1pfengr,Music,Okay so this is a shot in the dark.,1,0,1764990209.0,1.0,False,
1pf0nra,Music,Primal Scream - Movin' On Up [psychedelic rock],6,0,1764954655.0,0.88,False,youtube.com
1pfee6c,Music,Listening Time,0,1,1764989447.0,0.5,False,
1pfe7uo,Music,Who's Foolin' Who?,0,0,1764988918.0,0.5,False,
1peduwz,Music,Anthony Green Confirms His 2022 Relapse Ultimately Led To Circa Survive Breaking Up,177,18,1764887188.0,0.94,False,theprp.com
1pfdy1b,Music,Screw Up - Overseer (Big Beat),1,1,1764988099.0,1.0,True,self.Music
1pf8wei,Music,gaana- an indian alternative for spotify?,2,2,1764974189.0,0.67,True,self.Music
1pfdlbd,Music,Jeb Young - Time is Slipping Away [rock],1,1,1764987041.0,1.0,False,youtu.be
1pf8ioz,Music,Mariah Carey - Honey [RnB],2,1,1764973218.0,0.67,False,youtu.be
1pfd80c,Music,Life of Agony - Other Side of the River [Alt Metal],1,0,1764985966.0,1.0,False,youtu.be
1pfcopu,Music,Sharing some of my new RNB tracks,0,0,1764984406.0,0.5,False,
1pfnygl,Music,“I listen to everything”,0,12,1765023402.0,0.09,True,self.Music
1pfbwj9,Music,Sharing some of my new RNB tracks,0,2,1764982179.0,0.4,False,
1pf3ar9,Music,"Indy Spotlight – December – Young Reese Dude...Dayton, Ohio’s Young Reese Dude is prepared to put the soulful history of his city on his back",3,0,1764960707.0,1.0,False,hiphophighsociety.com
1pf6kvc,Music,Annabelle Dinda,2,2,1764968497.0,0.75,False,
1pf37s1,Music,Finger Eleven - Above [Alt Rock],3,1,1764960514.0,1.0,False,youtu.be
1pfq64t,Music,We have AI everything… why has no one upgraded GPS guidance?,0,3,1765030134.0,0.11,True,self.Music
1pfob4w,Music,"Tom Waits – “I’m Still Here”: the quietest, most devastating song he ever wrote",0,9,1765024595.0,0.32,True,self.Music
1pezlxo,Music,UNDERMINE - TANK TOWN [PUNK],25,0,1764952280.0,0.89,False,youtu.be
1pfkina,Music,Damien Jurado top 0.1%,0,2,1765010442.0,0.27,False,
1pftz7y,Music,A speech to those who listen to classical music.,0,11,1765040161.0,0.13,True,self.Music
1pff71x,Music,Swag Ali ft. Chris Ray - Where Did The Music Go [Hip-Hop/Rap],0,0,1764991889.0,0.25,False,youtu.be
1pfhi07,Music,"starting a no-rules collective producers, rappers, engineers, creatives (any age)",0,6,1764999319.0,0.4,True,self.Music
1pf9yb8,Music,Asoookha - themes (learning) [Hip-Hop Instrumental],1,2,1764976896.0,1.0,False,youtu.be
1pf333g,Music,Indago Child ft. Joint Inc. - Leave Them Behind [Hip-Hop/Rap],2,0,1764960199.0,1.0,False,youtu.be
1pezeyt,Music,Adam Franklin - Syd's Eyes [indie psychedelia alt rock shoegaze],3,1,1764951844.0,0.72,False,youtu.be
1pfd73d,Music,Nickelback - One Last Run [Post-Grunge],0,0,1764985893.0,0.38,False,youtu.be
1pfcz5y,Music,Sharing some of my new RNB tracks,0,0,1764985253.0,0.25,False,
1peyj4f,Music,Pink Floyd and Rock's Greatest Bootlegger,1,1,1764949839.0,0.53,False,rollingstone.com
1pf7pjd,Music,aykanlyar - PRIVET [Alternative Rap],1,1,1764971239.0,1.0,False,youtu.be
1pf1kvx,Music,Top 20 EPs of 2025,2,0,1764956758.0,1.0,False,nofrillsreviews.com
1pfm8gu,Music,Why is dark side of the moon considered one of the greatest albums of all time?,0,18,1765017141.0,0.25,True,self.Music
1pf74y0,Music,"Seth Wyatt - ""Requiem of Callahan [Soundtrack]",1,2,1764969846.0,1.0,False,youtu.be
1pfgq0i,Music,Lil Uzi Vert’s New Single Is Terribly Regular - Single Review,0,35,1764996777.0,0.38,True,self.Music
1pf70xy,Music,Adam Sandler reveals his love for Hole classic ‘Live Through This’,2,6,1764969573.0,0.54,False,nme.com
1pf6ein,Music,I need to talk about this snake handler church music. Wow.,0,9,1764968064.0,0.5,True,self.Music
1pf68wc,Music,Lily Allen Announces 2026 North American Tour,0,6,1764967692.0,0.48,False,pitchfork.com
1pf68r8,Music,Cotton Candy Industrialist - Michael Caine [D&amp;B],1,2,1764967681.0,0.67,False,youtube.com
1pf67yk,Music,Mark Cee - And Now the Rain is Gone [Indie Chill] (2025),1,2,1764967626.0,1.0,False,youtube.com
1pfj46j,Music,There won’t ever be a song by PND or anyone that will ever come close to sound as beautiful as ‘TBH’,0,1,1765005078.0,0.1,False,
1pf5umi,Music,Does anyone?,0,2,1764966721.0,0.5,True,self.Music
1pf5arc,Music,broke records label,0,0,1764965390.0,0.5,False,
1pf5afi,Music,broke records label,0,1,1764965369.0,0.5,False,
1pf51c5,Music,"As Joe Perry teams up with Yungblud for a new EP, he tells tales of his adventures with guitar icons Jeff Beck, Jimmy Page, Slash and other rock greats",1,1,1764964786.0,0.6,False,guitarplayer.com
1pf50lx,Music,Emarosa - Good Enough [Synth Rock?],0,2,1764964736.0,0.5,False,youtu.be
1pf4sru,Music,Headjack-Feel it again[indierock],0,2,1764964220.0,0.5,False,
1pf4n2c,Music,What's the last band/album/song that felt like something totally new?,0,7,1764963845.0,0.5,False,
1peyhts,Music,"Pusha T: Diss Tracks Are ""Dead to Me""",4,0,1764949755.0,0.64,False,consequence.net
1peybk7,Music,Return to underground - Album by Ekleipsis | Spotify [instrumental hip hop rap underground][2025],3,2,1764949349.0,0.71,False,open.spotify.com
1pf9p1v,Music,Luke Combs - Giving Her Away [Country],0,1,1764976231.0,0.33,False,youtube.com
1pegu8f,Music,They Might Be Giants - I Palindrome I [Alternative],31,6,1764894841.0,0.93,False,youtube.com
1pf3gzo,Music,Kendrick Lamar - Money Trees [Hip Hop],1,1,1764961106.0,0.6,False,youtu.be
1pf35yc,Music,Unreleased Jill Sobule music,0,0,1764960390.0,0.5,True,self.Music
1pf348o,Music,FromScratch - NORMAL [pop-punk],1,0,1764960276.0,0.67,False,youtube.com
1pe88uq,Music,Why don’t we talk more about Steve Cropper when we mention the greatest guitarists of all time?,77,67,1764874085.0,0.84,True,self.Music
1pf2q5i,Music,Changing Instrumentation?,1,1,1764959355.0,0.67,True,self.Music
1pf2eew,Music,Grandaddy Souf ft. Get Cool - Run It [Southern Hip-Hop],1,0,1764958599.0,0.67,False,youtu.be
1pd926z,Music,“We won’t apologize”: Sabrina Carpenter calls Trump’s deportation video using her song “evil”—White House responds with mockery,10976,354,1764779763.0,0.96,False,azexpress.net
1pf28qf,Music,que significa esta frase de shakira?,0,0,1764958244.0,0.45,True,self.Music
1pf1yow,Music,"Silly - Her, The Money &amp; The Life [Melodic UK Trap]",1,0,1764957624.0,0.67,False,youtu.be
1pee1id,Music,Pete Best's Niece Cast as John Lennon's Aunt Mimi in Beatles Biopics,35,2,1764887644.0,0.89,False,rollingstone.com
1pfcauf,Music,Anybody else use anything other than spotify😭??,0,12,1764983276.0,0.3,False,
1pffy0f,Music,Am I the only one?😭✌️,0,0,1764994212.0,0.31,False,i.redd.it
1pf180o,Music,Wave Z - What Did You Wear Last Night [Italian Grunge/Indie Rock],1,1,1764955942.0,1.0,False,youtube.com
1pe2zf2,Music,What is your 2025 album of the year?,112,537,1764862366.0,0.88,True,self.Music
1peer4o,Music,Liking an album and every song on it,31,51,1764889439.0,0.78,True,self.Music
1pf0alu,Music,"Deathsole - Lone warrior rap music – Pain, Scars &amp; Survival [rap] (2025)",0,0,1764953837.0,0.4,False,youtu.be
1pf093n,Music,Deathsole - Loyalty or Legacy (Remix) Trap Soul Story [rap] (2025),0,0,1764953741.0,0.4,False,youtu.be
1pf06a8,Music,Deathsole - Loyalty or Legacy (Remix) Trap Soul Story [rap] (2025),0,0,1764953569.0,0.4,False,youtu.be
1pdz21h,Music,Foo Fighters benefit concert will happen on Dave Grohl’s 57th birthday,171,70,1764852224.0,0.82,False,themirror.com
1pepb5z,Music,Brass Against - Glory Box (Portishead Cover) [BRASS MUSIC],5,7,1764921190.0,0.63,False,youtu.be
1pfaqpi,Music,Get so old you forget the name of your favorite song by a band you can't remember either.,0,4,1764979005.0,0.42,True,self.Music
1pez68b,Music,okayblizz - Euphoria [shoegaze] (2025),1,1,1764951301.0,0.67,False,youtu.be
1peyvpn,Music,The Myriad -- A Clean Shot [rock] (2008),1,0,1764950634.0,0.6,False,youtube.com
1peysbi,Music,Your reality is here - CAMCURSE [VIDEO ],1,0,1764950431.0,0.6,False,youtube.com
1peyo8h,Music,What Instrument is this?,1,2,1764950169.0,0.67,True,self.Music
1pf4ha9,Music,Guns N' Roses - Civil War [Rock],0,2,1764963466.0,0.25,False,youtube.com
1peygj7,Music,Stereogum Staff Picks: Our Other Songs Of 2025,1,2,1764949672.0,0.6,False,stereogum.com
1pf71zc,Music,Music App for my Husband,0,15,1764969643.0,0.25,True,self.Music
1pexlrr,Music,Western Saints - Dance Through Your Problems [pop],1,1,1764947636.0,0.67,False,youtu.be
1pexiil,Music,Snowden - So Red [indie rock] (2013),1,0,1764947421.0,0.6,False,youtu.be
1pexfll,Music,{video} Jahphet Landis is the talented drummer from the American rock band “TV on the Radio “ and this is story about his family – and becoming a father.,0,0,1764947228.0,0.33,False,youtu.be
1pexf39,Music,The incredible story of the Les Paul that Dave Navarro bought for his Guns N’ Roses audition – and ended up giving to John Frusciante,0,0,1764947193.0,0.47,False,guitarworld.com
1pex1nk,Music,Christian Löffler &amp; Ensemble - Haul (live) [Electronic],0,0,1764946311.0,0.5,False,youtube.com
1pfdfng,Music,White House Trolls Sabrina Carpenter Again by Editing Her “SNL” Clip to Push Pro-ICE Message,0,5,1764986580.0,0.15,False,topthreeus.com
1pf8q6y,Music,Covers that are better than the original,0,42,1764973747.0,0.33,True,self.Music
1peveeo,Music,Half Built Homes - No More Caroling [Christmas Music/Punk],1,0,1764942213.0,0.67,False,youtu.be
1pevamv,Music,BRKN LOVE - Shades of You [Hard Rock],0,1,1764941946.0,0.5,False,youtu.be
1pdex21,Music,"Spotify Unwrapped Campaign Calls for Boycott in Protest of ICE Ads, AI Music on Platform",1964,186,1764792375.0,0.94,False,consequence.net
1peuh0k,Music,Mr. TripZter - Doin’ Division Time [mashup],0,1,1764939678.0,0.5,False,youtu.be
1pfb6cd,Music,Queerbaiting in The Music Industry,0,19,1764980144.0,0.29,True,self.Music
1peu7mj,Music,Just Subterfuge by Pope Caid,1,2,1764938917.0,0.6,False,distrokid.com
1pefktu,Music,"Raphael Saadiq breaks down ‘I Lied to You’ from ‘Sinners’ — plus unforgettable stories about Whitney, Prince, and D’Angelo:",12,1,1764891565.0,0.88,False,goldderby.com
1pd0lz7,Music,White House hits back at Sabrina Carpenter as they admit 'we won't apologize',13088,901,1764757356.0,0.94,False,irishstar.com
1petql4,Music,Joe Perry on Aerosmith’s surprise Yungblud collab and paying tribute to late Bad Company legend Mick Ralphs,0,1,1764937456.0,0.43,False,guitarworld.com
1pdg81s,Music,Lily Allen's West End Girl Being Released On Butt Plug-Shaped USB Drives,1440,186,1764795344.0,0.91,False,consequence.net
1petlba,Music,Music History Events: albums released December 5,1,1,1764937009.0,0.67,False,
1peptp8,Music,HONOREBEL - Reason To Live [funky house],2,1,1764923222.0,1.0,False,open.spotify.com
1pe4pyt,Music,Cake - Never there [Rock],33,0,1764866345.0,0.95,False,youtube.com
1pd3jgh,Music,Bad Bunny Is the Biggest Artist of 2025 on Spotify With 19.8 Billion Streams,6114,527,1764766923.0,0.94,False,rollingstone.com
1pf67k9,Music,What's your favorite filler hit?,0,2,1764967599.0,0.3,True,self.Music
1pf7nww,Music,"I make music as a creative outlet, but I’ve never really cared about the audio quality. How can I use AI to “cover” one of my own songs?",0,9,1764971125.0,0.2,True,self.Music
1pf5byt,Music,How hard is it to become popular in the music industry if you are not from the USA?,0,8,1764965467.0,0.3,True,self.Music
1pf0c1r,Music,"Alternate Lyrics, The Christmas Song",0,4,1764953931.0,0.33,True,self.Music
1peopm7,Music,Mann Mousike – Believe (Electronic Dance Religion),2,3,1764918823.0,0.75,True,self.Music
1pes6ez,Music,Good Tradition: Tanita Tikaram's Favourite Albums,0,0,1764932269.0,0.5,False,thequietus.com
1pes3zl,Music,World Wide 9/2024 by Edgar Allan Corley III,0,0,1764932022.0,0.5,False,edgarallancorleyiii.hearnow.com
1pf5s69,Music,"No War, Just Peace - Nicholas Maduro [anti-war] (2025)",0,4,1764966556.0,0.13,False,m.youtube.com
1pe6p2l,Music,The Man Who Wrote Songs for the Muppets and the Carpenters Takes a Bow,21,1,1764870739.0,0.9,False,nytimes.com
1pdhmw2,Music,"Steve Cropper, guitarist for Booker T &amp; the MG's, Otis Redding, The Blues Brothers and more, dies at 84",832,57,1764798622.0,0.98,False,variety.com
1pf1pmk,Music,New Zac Brown Band album out today...what do y'all think about it?,0,3,1764957055.0,0.3,True,self.Music
1pergms,Music,Nas - Legit [Rap],0,1,1764929571.0,0.5,False,youtu.be
1pegjsv,Music,Frank Zappa - How Could I Be Such A Fool? [Doo-Wop],6,0,1764894068.0,1.0,False,youtu.be
1pdtvq8,Music,"Steve Cropper, Legendary Guitarist for Booker T. &amp; the MG’s, Otis Redding and the Blues Brothers, Dies at 84",135,16,1764833342.0,0.95,True,self.Music
1pel6ts,Music,Musical exorcism please,3,3,1764907112.0,0.8,True,self.Music
1peqquc,Music,Various Artists - Love Rendezvous 1 [Chopped &amp; Screwed](2025),1,0,1764926831.0,1.0,False,youtu.be
1pegzp1,Music,"Jagged City (Defeater, Etc.) Rail Against Spotify With Mid-Song PSA Exclusively Available Via The Divisive Streaming Service",6,0,1764895246.0,1.0,False,theprp.com
1peqoxm,Music,Trevor and The Joneses - Anywhile [indie psych rock],1,0,1764926619.0,0.67,False,youtu.be
1pfep65,Music,Sabrina Carpenter,0,2,1764990355.0,0.11,True,self.Music
1pd87tg,Music,White House calls Sabrina Carpenter ‘stupid’ after using her song in ICE arrest video,1955,264,1764777908.0,0.93,False,mlive.com
1peqgkg,Music,Musotec.de — Legit ?,0,2,1764925703.0,0.5,True,self.Music
1peu95t,Music,I built a simple site to explore my Spotify listening data,0,4,1764939043.0,0.25,False,beatlist.es
1pf1k0d,Music,Is Derik Fein AI?,0,4,1764956703.0,0.29,True,self.Music
1peqbuw,Music,Can't find lyrics for this song,0,0,1764925212.0,0.5,True,self.Music
1pemi1h,Music,Slightly Stoopid - World Goes Round [reggae/trip mash up] (2025),2,0,1764911163.0,1.0,False,youtu.be
1peq3mx,Music,PHIL CAMPBELL AND THE BASTARD SONS: Band arbeitet an neuem Material – fester Sänger weiterhin gesucht,1,0,1764924341.0,0.67,False,paranoyd-magazin.de
1pf6qzj,Music,Curious what the music community thinks about AI visuals for songs,0,12,1764968915.0,0.24,True,self.Music
1pem84m,Music,Lewis Capaldi - Before You Go [Pop/Singer-songwriter],2,0,1764910317.0,1.0,False,youtu.be
1pe5mrn,Music,Ministry - Thieves [Industrial],16,1,1764868374.0,0.91,False,youtu.be
1pepvca,Music,No Clue - Have Yourself A Wrecking Ball New Year  [Metal],0,1,1764923414.0,0.5,False,orcd.co
1pf1s17,Music,Is this a good reason for boycotting Spotify?,0,30,1764957204.0,0.38,True,self.Music
1pd48mo,Music,Weezer bassist's wife files for divorce months after alleged LAPD shooting incident,2580,267,1764768737.0,0.97,False,nme.com
1pe9jy8,Music,Stone Temple Pilots - Crackerman [Alt Rock],10,0,1764877004.0,0.92,False,youtu.be
1pet46s,Music,Silly - 2 Smokes &amp; A Reload [UK Drill/Trap],0,1,1764935544.0,0.25,False,youtu.be
1pepbf8,Music,Alguien sabe como se llama ésta canción?,0,0,1764921220.0,0.4,True,self.Music
1pe6mld,Music,Ronnie Wood Celebrated His 50th Anniversary in the Rolling Stones By Painting Them,14,0,1764870592.0,0.94,False,rollingstone.com
1pdk3zn,Music,"According To Clown, Slipknot's Long-Delayed 2008 Album Is Finally Coming In 2026",332,58,1764804579.0,0.91,False,theprp.com
1pef8t0,Music,Stacey Q - Two of Hearts [pop] (1986),5,0,1764890720.0,0.86,False,youtu.be
1perwj5,Music,"Some songs of this Phonk's album are unfindable, just lost on every platform, help me to find ways to hear them again please",0,2,1764931249.0,0.25,True,self.Music
1peoczz,Music,Fibonacci pt. 2,0,0,1764917525.0,0.5,False,
1pdezoa,Music,Kalenna Harper Claims Diddy Was Awake 14 Days On Cocaine In Netflix Doc,594,135,1764792538.0,0.81,False,hot97.com
1pe5zh0,Music,The Grateful Dead - Eyes of the World [classic rock] (1973),11,2,1764869150.0,0.92,False,youtu.be
1penxvv,Music,Need some trippy songs.,0,4,1764915987.0,0.5,False,
1penjun,Music,Smino - blkjuptr [Rap],0,0,1764914610.0,0.5,False,youtube.com
1penidg,Music,"YEBBA - “MY MIND” [Contemporary soul, rnb]",0,1,1764914475.0,0.5,False,youtu.be
1pe72k5,Music,‘Made in Heaven’ at 30: How Queen said goodbye to Freddie Mercury on the band’s final studio album,9,0,1764871517.0,0.74,False,goldderby.com
1penhne,Music,Moorelove - Christmas Joint [ jazz ],0,1,1764914417.0,0.5,False,open.spotify.com
1pd6skg,Music,Kanye West’s Concert in Brasil Canceled After City Officials Refuse to Grant Permit,1252,96,1764774729.0,0.98,False,consequence.net
1pena8p,Music,SPITE - IED [Deathcore],1,1,1764913722.0,0.67,False,youtu.be
1pebiea,Music,Liam Gallagher &amp; Roger Daltrey - My Generation [Rock],5,0,1764881646.0,0.73,False,youtube.com
1pen01j,Music,SspSkootah - Sunset Baby [hiphop/r&amp;b],1,3,1764912781.0,0.66,False,music.apple.com
1pemuz3,Music,BRKN LOVE - Pulling Leeches [Hard Rock],1,1,1764912318.0,0.67,False,youtu.be
1pemucc,Music,BRKN LOVE - Diamonds [hard rock],0,0,1764912258.0,0.5,False,youtu.be
1pemrpe,Music,DJ SEAN EL - Everything I Need [house] (2025),1,0,1764912020.0,1.0,False,open.spotify.com
1pdzt7x,Music,Does today's alternative music have a counterculture?,20,51,1764854388.0,0.71,True,self.Music
1peman6,Music,Fulton Lee - Til It's Over [Funk/Soul],1,0,1764910532.0,1.0,False,youtu.be
1peuqcq,Music,Am I the only one who noticed how different Matty’s voice feels in “About You”?,0,3,1764940411.0,0.37,True,self.Music
1pephrn,Music,Funniest and Crucial Headlines of 2025,0,1,1764921876.0,0.33,True,self.Music
1pewpb0,Music,Alternate Lyrics to Let It Snow (pyro version),0,0,1764945461.0,0.23,True,self.Music
1ped687,Music,manifest - Amatör [Turkish Pop],3,4,1764885531.0,0.8,False,youtube.com
1pel54g,Music,I Hate You When You're Pregnant - Desiree [pop/electronic],0,0,1764906970.0,0.5,False,youtube.com
1pev3t1,Music,Apple Music or Spotify,0,34,1764941432.0,0.4,True,self.Music
1pekyhg,Music,Envy - 0 and 1 [post-rock / screamo],1,0,1764906411.0,1.0,False,youtu.be
1peku0r,Music,puberty love - p o e t i t s [emo trap],0,0,1764906049.0,0.5,False,youtu.be
1pekqvw,Music,Does anyone know this ad of this artist?,1,0,1764905796.0,1.0,False,
1pesadi,Music,Recent discussion with friend.,0,3,1764932644.0,0.3,True,self.Music
1pe9urd,Music,Life of Agony - Strung Out [Hard Rock],5,0,1764877792.0,1.0,False,youtu.be
1pek0hc,Music,Gerswhin's Summertime is very familiar,1,15,1764903656.0,0.56,True,self.Music
1pejys4,Music,GO le Hibou Psychic Use - Robin [Metal] 4 system of a down fans,1,0,1764903530.0,1.0,True,self.Music
1pessps,Music,Chosing music platform,0,15,1764934470.0,0.33,True,self.Music
1pe5d57,Music,Starless. King Crimson,6,1,1764867794.0,0.88,False,
1pesqm0,Music,We have a new live album: Live at Stagecoach 2025,0,1,1764934254.0,0.3,False,
1peavrv,Music,TOMORA - Ring the Alarm [Electronic],3,1,1764880175.0,0.72,False,youtube.com
1pf1eqi,Music,Nine Inch Nails revealed as Sydney Sweeney's favorite childhood band,0,5,1764956368.0,0.26,False,lambgoat.com
1pe61n3,Music,Rod Stewart - Maggie May / Gasoline Alley (from One Night Only!) ft. Ron Wood [Rock],5,0,1764869290.0,0.78,False,youtu.be
1peuuo1,Music,Miracle tinnitus relief,0,12,1764940743.0,0.36,True,self.Music
1pen3ud,Music,The Story Behind Why Gregory Porter Always Wears His Iconic Hat – Interesting Read,0,2,1764913136.0,0.4,False,celebritytalk.co.uk
1pe7hb5,Music,Steely Dan - The Fez [Jazz Rock],4,0,1764872407.0,0.75,False,youtu.be
1pe3iem,Music,Strong gender preference for vocals,6,32,1764863611.0,0.6,True,self.Music
1perkt5,Music,"I rememer, you rememer?",0,2,1764930011.0,0.22,False,
1pdcliy,Music,Jimmy Buffett’s Ashes Were Smuggled Into His Rock Hall Induction,291,27,1764787303.0,0.96,False,vulture.com
1pe341k,Music,Joy Division - Warsaw [Post Punk],6,0,1764862676.0,1.0,False,youtube.com
1pesmlb,Music,Donald Trump's feud with Taylor Swift,0,3,1764933867.0,0.11,False,themirror.com
1peo8jq,Music,chek me rock CD thank u,0,1,1764917060.0,0.25,False,
1pdxefz,Music,PJ Harvey - This Is Love [Alternative / Rock],12,1,1764846852.0,1.0,False,youtu.be
1pdmmo4,Music,"Steve Cropper, famed Stax guitarist for Booker T. &amp; The M.G.’s, dies at 84 — USA TODAY",75,3,1764811179.0,0.97,False,apple.news
1peqfnq,Music,Loneliness as a musician,0,7,1764925603.0,0.38,True,self.Music
1pega9t,Music,Sunset Baby,0,3,1764893395.0,0.5,False,url2734.distrokid.com
1pe4mqm,Music,NJ teen hunts for the long lost demo of her Mom's hardcore punk band from 1994,2,0,1764866139.0,0.63,False,nj.com
1peg4n3,Music,Self-Disclosure - Strong Swimmer [alternative],1,2,1764892979.0,1.0,False,youtu.be
1pewg21,Music,Alternate lyrics for All I Want For Christmas,0,9,1764944824.0,0.26,True,self.Music
1pekg39,Music,Better intro/opening?,0,1,1764904921.0,0.5,True,self.Music
1pdvsf9,Music,"'Dream come true' as Wales’ youngest DJ, 11, meets his hero Fatboy Slim",13,0,1764840826.0,0.89,False,nation.cymru
1pe4kay,Music,Talking Heads - Crosseyed and Painless [New Wave],3,0,1764865987.0,0.8,False,youtube.com
1pdlfi0,Music,Death - Politicians In My Eyes [punk](1975),59,9,1764807952.0,0.95,False,youtube.com
1ped9n8,Music,Silly - Three Man Loaded [UK Trap/Drill] (2025),0,1,1764885745.0,0.4,False,youtu.be
1pecwdd,Music,Anyone??,0,0,1764884859.0,0.5,False,
1pe37v0,Music,"Guns N' Roses Unleash New Songs ""Nothin'"" and ""Atlas""",3,16,1764862934.0,0.54,False,consequence.net
1peced6,Music,Bathroom Breakers Fan's i would like to make a reauest to you,0,4,1764883691.0,0.4,True,self.Music
1peccsg,Music,Sam Smith - Omen [POP],0,0,1764883595.0,0.5,False,youtube.com
1peno0y,Music,Kickin off da solo,0,32,1764915018.0,0.43,True,self.Music
1pd1l7z,Music,Zack De La Rocha is one of the greatest frontmen in rock history,494,188,1764760873.0,0.79,True,self.Music
1pdo6gs,Music,"The Beatles - Let It Be [Rock]  (January 31, 1969)",28,12,1764815470.0,0.77,False,youtube.com
1pebfth,Music,How does Apple Music track plays?,0,0,1764881483.0,0.5,True,self.Music
1pegtli,Music,"Leon Knight's ""Unc Core"" is reviving old-school",0,0,1764894794.0,0.25,False,newsweek.com
1pdph1e,Music,"Spotify Wrapped: Kneecap score more listeners than The Beatles in Ireland, as Irish music continues to thrive",22,5,1764819063.0,0.7,False,nme.com
1pcco3a,Music,Sabrina Carpenter Slams Trump’s White House for Using ‘Juno’ in ICE Raids Video: ‘Evil and Disgusting… Do Not Involve Me in Your Inhumane Agenda’,45568,1413,1764692316.0,0.91,False,variety.com
1peaj23,Music,Songs with superb violins,1,4,1764879337.0,0.67,False,
1peaguy,Music,Perfect Albums: Merriweather Post Pavilion,0,0,1764879196.0,0.5,False,justinpaulson.com
1pea7lx,Music,​DJ NÉVOA CÓSMICA - Névoa Cósmica [Electronic/Ambient] (2025) Official Video,0,1,1764878602.0,0.5,False,youtube.com
1pea6wh,Music,"If you had to name songs that embody the vibes of places you've lived, what would they be?",1,5,1764878559.0,0.6,True,self.Music
1pem05e,Music,D Stut - Speaker Workout Vol.003 [Tech House],0,0,1764909619.0,0.13,False,youtu.be
1pe9xr2,Music,Somebody told me - Killers .. Acoustic bass line?,0,1,1764877990.0,0.4,False,
1pdin17,Music,Good Alternatives to Spotify?,51,151,1764800982.0,0.64,True,self.Music
1pep1d1,Music,Is it even worth to do music in 2025?,0,26,1764920116.0,0.22,True,self.Music
1pe9gv3,Music,Ice Cube - Everythang's Corrupt [Rap],0,3,1764876809.0,0.33,False,youtube.com
1pccxp5,Music,BREAKING: Sabrina Carpenter slams 'evil and disgusting' White House for using her song in ICE video,17313,405,1764692902.0,0.93,False,irishstar.com
1pe901h,Music,Find off-the-beaten-track holiday music you haven't heard yet,1,0,1764875745.0,0.67,False,unheard.fm
1pe86ua,Music,PRETTY BLOOD JUMPSTYLE REMIX !!!,0,0,1764873961.0,0.5,False,
1pegsa0,Music,The  Velvet Underground,0,0,1764894695.0,0.33,True,self.Music
1pdk4t7,Music,Booker T. &amp; The MG's - Green Onions (Official Audio) [Soul/ R&amp;B],35,1,1764804633.0,0.97,False,youtu.be
1pe7c5r,Music,Migos - Hannah Montana [Rap],0,0,1764872096.0,0.5,False,youtu.be
1ped4vo,Music,"Leon Knight's ""Unc Core"" is reviving old-school",0,2,1764885442.0,0.4,False,newsweek.com
1pe6mcr,Music,Ekleipsis - return to underground - hip hop,0,0,1764870577.0,0.5,False,
1pdy1of,Music,Calema - Te Amo (Acoustic) [AfroPop],3,0,1764849056.0,0.8,False,youtu.be
1pe63y0,Music,St. Paul &amp; The Broken Bones - Change a Life [Southern Soul] 2025,1,1,1764869434.0,0.67,False,youtube.com
1pdo16d,Music,Jimi Hendrix - Stone Free [Psychedelic/Hard Rock]  (1967),16,0,1764815060.0,0.91,False,youtube.com
1pe5sx4,Music,Mashup - Santa Clause is coming to town [Christmas Carol],0,0,1764868744.0,0.5,False,youtube.com
1pe5roi,Music,Cover of Whitney’s “I Wanna Dance With Somebody”,0,5,1764868664.0,0.5,True,self.Music
1pe5l2l,Music,Plat Hav Pro - The Age Of [Rap],0,0,1764868268.0,0.5,False,youtu.be
1pe52oi,Music,Sobreezay - Trinity [Afrohouse] (2025),0,0,1764867149.0,0.5,False,youtu.be
1pe51n5,Music,Daft Punk - Veridis Quo (Very Disco Mix) [electronic / orchestral] (2025),0,0,1764867086.0,0.5,False,youtube.com
1pe4i04,Music,Astroverse Dimensions - Agent X Title Theme Remix [Prog Rock],1,0,1764865843.0,1.0,False,youtu.be
1peix02,Music,"If 2027's Super Bowl Half Time show was geared toward Gen X, what's your Super Bowl line look like?",0,5,1764900554.0,0.11,True,self.Music
1peifvu,Music,The U.S. concert tickets sell become greed,0,6,1764899224.0,0.29,True,self.Music
1pdojty,Music,"The Warning - Consume [Rock] Live From Auditorio Nacional, CDMX",9,1,1764816487.0,0.81,False,youtu.be
1pe3crz,Music,"Greg Kurstin, Action Figure Party, and the Value of Side Projects.",1,1,1764863251.0,0.67,False,
1pe2xoa,Music,Michel Tirabosco - Across the Stars [classical] (2022),1,1,1764862245.0,0.67,False,youtube.com
1peeeqj,Music,Alice In Chains’s “Would” and Bush’s “Glycerine” has one of the most haunting lyrics I’ve ever heard.,0,14,1764888562.0,0.44,True,self.Music
1pebtd7,Music,I found a song I like but can’t find others that are like it,0,3,1764882343.0,0.29,True,self.Music
1pehl0c,Music,Is there a better place to listen to music than Spotify?,0,38,1764896858.0,0.39,True,self.Music
1pe1bhg,Music,Random Videos 139 - Bound by Pomegranate Fate [Symphonic Metal] (2025),0,0,1764858323.0,0.4,False,youtu.be
1pczym2,Music,Netflix Defends Sean Combs Documentary After Diddy Brands Series 'Shameful',197,77,1764754887.0,0.92,False,huffingtonpost.co.uk
1pdily0,Music,Buffalo Springfield - For What It's Worth [psychedelic rock] (1967),18,0,1764800909.0,0.95,False,youtu.be
1pe6m9q,Music,Ekleipsis - return to underground - hip hop,0,0,1764870571.0,0.25,False,
1pdif6k,Music,From ‘Homies Hate Ticketmaster’ to $300 Nosebleeds: Zach Bryan Fans Face Sky-High Prices for 2026 Tour,16,1,1764800446.0,0.88,False,ticketnews.com
1pe0nkk,Music,{video} A musician–researcher on how new generative technologies are helping and hurting artists,0,2,1764856628.0,0.44,False,youtu.be
1pdfhwz,Music,Leona Lewis Never Toured the U.S. After ‘Bleeding Love.’ Why Her Las Vegas Residency Is a 'Second Chance',25,2,1764793691.0,0.85,False,people.com
1pehnpj,Music,I’m going crazy literally,0,2,1764897060.0,0.1,True,self.Music
1pdp7qy,Music,Indie Band Los Campesinos! Reveal How Much They Earned from Each Streaming Service,6,2,1764818323.0,0.72,False,consequence.net
1pe5svg,Music,American Sports Are Turning Up the Volume of Afrobeats,0,0,1764868740.0,0.3,False,nytimes.com
1pdzvir,Music,edem mt - Shave,1,3,1764854559.0,0.56,False,
1pdzcb8,Music,Amazing and Awful Covers?,0,35,1764853075.0,0.44,True,self.Music
1pdoxso,Music,Sublime - Date Rape [Ska Punk],6,1,1764817554.0,0.69,False,youtu.be
1pdh8yp,Music,Apocalyptica Land Their First-Ever Gold &amp; Platinum Certifications In The United States,16,0,1764797735.0,0.91,False,theprp.com
1pd9wwp,Music,"The Grifters, Dreamers, and Robots Behind AI-Generated Music",33,12,1764781595.0,0.74,False,consequence.net
1pdu5i5,Music,"La Femme - Live for ""Paradigmes""  [French Psychedelic Pop Rock]",2,0,1764834378.0,0.75,False,youtu.be
1pe8hac,Music,The Secrets Sheryl Crow Will Never Tell,0,2,1764874598.0,0.36,False,esquire.com
1pdhprr,Music,Ozzy Osbourne - Perry Mason [metal] (1995),12,0,1764798805.0,0.93,False,youtu.be
1pdxhi2,Music,AURORA fans in greece?,0,1,1764847146.0,0.5,True,self.Music
1pc915c,Music,Trump White House Twists Sabrina Carpenter’s ‘Have You Ever Tried This One’ Arrest Bit From ‘Juno’ Into ICE Propaganda Video,4433,151,1764683679.0,0.94,False,billboard.com
1pdbzp3,Music,David Bowie - Lazarus [Art Rock],23,4,1764786037.0,0.96,False,youtu.be
1pd75dn,Music,Canadian Bands/Listening to Music from Your Country,37,259,1764775532.0,0.82,True,self.Music
1pdmec2,Music,Robert Johnson - Malted Milk [Blues],6,0,1764810536.0,0.88,False,youtube.com
1pdwtpd,Music,Music History Events: albums released December 4,1,2,1764844796.0,0.57,False,
1peh825,Music,Taylor Swift Reportedly Paid Another Bride To Move Her Wedding So She &amp;amp; Travis Kelce Could Have Her Preferred Date | Whiskey Riff,0,17,1764895884.0,0.26,False,whiskeyriff.com
1pe4gqg,Music,"What's with all the rappers articles with the ""known professionally as"" term on the lead instead of leaving the ""better known by his/her stage name"" on Wikipedia?",0,1,1764865767.0,0.36,False,
1pe3yq2,Music,transfer from spotify to qobuz,0,3,1764864628.0,0.25,True,self.Music
1pdcm7w,Music,KNOWER - It's All Nothing Until It's Everything [Jazz-Funk],17,1,1764787344.0,0.87,False,youtu.be
1pdi2xu,Music,Thoughts on Deezer?,8,30,1764799647.0,0.66,True,self.Music
1pefcu7,Music,"Why does everytime Mike Shinoda raps annoyingly and aggressive like he's trying to rip-off Daddy Yankee, while also being the blatant rapper version of Colin Farrell?",0,2,1764891005.0,0.13,False,
1pe80zm,Music,Trespass Charge Filed After Man Reportedly Went to Travis Kelce's Home to Deliver Subpoena to Taylor Swift,0,1,1764873603.0,0.29,False,ibtimes.co.uk
1ped8qq,Music,Kanye west,0,3,1764885689.0,0.08,True,self.Music
1pcdllu,Music,Sabrina Carpenter Condemns White House’s Use of Her Music in Pro-ICE Video as ‘Evil and Disgusting’,1771,42,1764694363.0,0.97,False,azexpress.net
1pdi1p5,Music,"Big Bill Broonzy - Black, Brown and White [Blues]",9,0,1764799565.0,1.0,False,youtube.com
1pe6s4s,Music,как найти название песни по шестисекундному отрывку? How do I find the name of a song based on a six-second passage?,0,0,1764870925.0,0.3,True,self.Music
1pdlc7x,Music,Death cab for cutie - Amputations [indie rock / Midwest emo],6,1,1764807720.0,0.8,False,youtu.be
1pdv81f,Music,Needing some new up tempo R&amp;B!,1,0,1764838591.0,0.67,False,
1pdv7wx,Music,Is there anywhere to license for films in concert?,1,1,1764838577.0,0.67,True,self.Music
1pe8j9n,Music,"Behemoth's Nergal bashes Sleep Token - ""It's Not My DNA""",0,12,1764874725.0,0.29,False,lambgoat.com
1pdunpx,Music,42ellz - Shots [Underground Rap],1,0,1764836294.0,0.6,False,on.soundcloud.com
1pefj2h,Music,"""blured lines"" robin Thicke",0,19,1764891438.0,0.1,True,self.Music
1pe2u2e,Music,I built Spotify Wrapped for your concerts.,0,5,1764862009.0,0.3,True,self.Music
1pd8t9f,Music,The 100 Best Albums of 2025,18,26,1764779214.0,0.69,False,rollingstone.com
1pdu5cj,Music,Angel License - Wrecked Sun [Shoegaze] (2025),0,1,1764834362.0,0.5,False,open.spotify.com
1peaip1,Music,"Country music legend hospitalized after stabbing himself after mixing cocaine, whiskey",0,9,1764879315.0,0.13,False,yahoo.com
1pdmruw,Music,Deftones - Cherry Waves [Alternative Metal],2,1,1764811574.0,0.63,False,youtu.be
1pdton2,Music,Vintage Pictures - Mi Obsesión [alt/cumbia],1,0,1764832600.0,0.67,False,youtu.be
1pdp2j1,Music,Smilez &amp; Southstar - Tell Me [Hip-Hop/Rap],2,0,1764817922.0,1.0,False,youtu.be
1pdtbj2,Music,LOUDUS - This is MTL [Tech House] (2025),1,1,1764831275.0,0.67,False,youtube.com
1pdo727,Music,Nourished By Time - Hell of a Ride [Hypnagogic Pop / Bedroom Pop / Synthpop] (2024),2,0,1764815517.0,0.75,False,youtube.com
1pd85r6,Music,Incubus - Pardon Me (live) [Alt Rock],13,1,1764777784.0,0.89,False,youtube.com
1pdnqmr,Music,"Jimmy Buffett  - Bama Breeze  [Country/Tropical Rock]   (Gulf Shores Benefit Concert - July 11, 2010)",2,0,1764814257.0,0.75,False,youtube.com
1pdhyyj,Music,"Al Green - Let's Stay Together [soul] -- Late Show, January 13, 1995 (stereo)",5,0,1764799388.0,1.0,False,youtube.com
1pe4yoq,Music,FIFA taps Village People for show as Trump influence dominates draw,0,5,1764866904.0,0.21,False,reuters.com
1pdfh3l,Music,New digital music players,5,7,1764793638.0,0.69,True,self.Music
1pd7gb7,Music,Pusha and Malice of the Clipse here - thank you for all the support this year. We’re back for a special AMA on r/hiphopheads.,10,2,1764776205.0,0.82,False,
1pdqqa4,Music,Musical six degrees of seperation?,0,6,1764822806.0,0.44,True,self.Music
1pcih3s,Music,Modern Country Music Is Weak Because Nashville Kills Musicianship,405,292,1764704962.0,0.77,True,self.Music
1pdqafv,Music,[Selling] Echoes of Earth :: 1 Festival Pass – Dec 13–14 (Tier 2) – Selling for ₹6.5k (₹1.2k OFF) – Negotiable,1,1,1764821465.0,0.57,False,
1pdq9x0,Music,Underated songs from popular artists?,0,9,1764821423.0,0.5,True,self.Music
1pdq7oc,Music,"What is that one song that will always remain your 'Number 1' forever, no matter what new music comes out?",1,1,1764821238.0,0.6,False,
1pdfo7l,Music,Kamasi Washington - Change of the Guard [Jazz] (2015),4,1,1764794085.0,0.84,False,youtu.be
1pe56yu,Music,"John Popper Developed ""Timothée Chalamet Phobia"" After Watching Dune",0,5,1764867418.0,0.26,False,consequence.net
1pddb1q,Music,Eagles of Death Metal - Stuck in the Metal [rock],5,1,1764788800.0,0.86,False,youtu.be
1pe0zd3,Music,Had Aaliyah lived where do you think her career would’ve gone?,0,11,1764857464.0,0.38,True,self.Music
1pe0wm9,Music,How do I start owning the music I like without selling an arm and a leg?,0,24,1764857272.0,0.33,True,self.Music
1pdct9p,Music,Arcade Fire - Year of the Snake [alternative/indie],5,0,1764787754.0,0.78,False,youtube.com
1pdkf3c,Music,She'll Hunt - 1942 [Alt],2,0,1764805360.0,0.75,False,youtu.be
1pdpefo,Music,Change (WOD) &amp; Wind of Change (Scorpions) Guitar?,0,0,1764818859.0,0.5,False,
1pdpclq,Music,​DJ NÉVOA CÓSMICA - Névoa Cósmica - [Electronic/Ambient]-[2025]-Official Video,0,3,1764818711.0,0.5,False,youtu.be
1pdp8gh,Music,DJ NÉVOA Cósmica - Névoa Cósmica [cosmic pop],0,0,1764818378.0,0.5,False,open.spotify.com
1pdp2zx,Music,Please help me figure out what song this is!!,1,0,1764817956.0,0.67,False,
1pdwwry,Music,متقبلة لجميع انواع الفن,0,0,1764845111.0,0.22,True,self.Music
1pe78zv,Music,Why I think Michael Jackson is the most overrated singer ever,0,13,1764871901.0,0.15,False,
1pdna0j,Music,Youth - Daughter remix/cover?,0,1,1764812983.0,0.5,False,
1pd9kva,Music,"Øya festival 2026 adds Geese, Blood Orange, Mogwai, Wilco, Clipse and Dagny",7,0,1764780899.0,0.89,False,nme.com
1pdmxqj,Music,uncledanrecords - Larry The Cat [folk],1,0,1764812028.0,1.0,False,youtube.com
1pdmwz7,Music,Can anyone help?,0,4,1764811965.0,0.5,True,self.Music
1pc5prk,Music,Rapper Poorstacy Dies at 26 After 'Incident' in Boca Raton: Reports,1156,461,1764673593.0,0.89,False,people.com
1pdh7vk,Music,"Shadow Of Intent, AngelMaker, Mental Cruelty &amp; Synestia Booked For Spring 2026 North American Tour",2,0,1764797665.0,0.76,False,theprp.com
1pcqy1h,Music,I just listened to the cd of music I’ve so far only listened to through streaming,80,74,1764725553.0,0.79,True,self.Music
1pdvy2p,Music,How much for use background songs on my app ?,0,7,1764841457.0,0.22,True,self.Music
1pbwhih,Music,NFL Adds Another Trump Foe to Super Bowl Lineup | Trump detractor and country-rock singer Brandi Carlile is one of 3 singers the NFL has named for its Super Bowl’s pre-game show.,4935,229,1764642285.0,0.95,False,thedailybeast.com
1pdleq6,Music,Trying to live up to the music dream of my brother,1,1,1764807896.0,0.67,True,self.Music
1pdl5wq,Music,Petey Pablo - Blow Your Whistle [Hip-Hop/Rap],1,1,1764807265.0,0.67,False,youtu.be
1pd33gx,Music,Amy Winehouse - Rehab [Soul/R&amp;B],8,2,1764765678.0,0.75,False,youtu.be
1pdeys2,Music,Warner Music sued Suno for theft—now it's licensing its artists to them,2,2,1764792480.0,0.58,False,soundguys.com
1pces9j,Music,Jesse Welles - The Department of War [Folk/Protest],259,70,1764696938.0,0.79,False,youtu.be
1pdx12h,Music,My Spotify Wrapped 2025,0,2,1764845543.0,0.17,False,
1pded4d,Music,Jakob Dylan and Cat Power - You Showed Me [indie rock],2,0,1764791148.0,0.75,False,youtu.be
1pd7zeb,Music,Tyler Childers - Bitin' List [Americana],4,0,1764777398.0,0.83,False,youtu.be
1pddzx4,Music,What happened to 90s R&amp;B singer Tina Moore?,2,0,1764790331.0,0.67,False,
1pdjpov,Music,i created my own concert tracker :D,1,17,1764803583.0,0.6,True,self.Music
1pbn4td,Music,"Madonna Slams Trump Administration for Refusing to Acknowledge World AIDS Day: ""Ridiculous, Absurd, Unthinkable""",15516,343,1764619268.0,0.94,False,consequence.net
1pdvorm,Music,Sabrina Carpenter Explains Meaning Behind Controversial Man's Best Friend Cover,0,1,1764840417.0,0.28,False,huffingtonpost.co.uk
1pddb9a,Music,"Kontra K in der Schleyerhalle Stuttgart – stärker, lauter, rockiger denn je",2,0,1764788813.0,1.0,False,paranoyd-magazin.de
1pdj4du,Music,By the way,0,1,1764802141.0,0.33,False,
1pdiyw1,Music,Radiohead is my top artist this year,0,17,1764801770.0,0.49,True,self.Music
1pdicsg,Music,My afterglow ranking:,0,0,1764800288.0,0.5,False,
1pdhyoy,Music,A new Wordle inspired game about guessing album art,0,0,1764799369.0,0.5,False,coverdle.com
1pdt6n5,Music,I am trying to find this damn song. I have tried Shazam and ChatGPT...,0,2,1764830790.0,0.31,True,self.Music
1pdhwgs,Music,"How an Unknown Artist With 1,000 Followers Pulled Off Drake and Kanye's First Collaboration in 8 Years - New York Telegraph",1,1,1764799229.0,0.54,False,thenytelegraph.com
1pdhgu9,Music,IDONTNEED ft. Armut crugoe [electric/phonk?],0,0,1764798239.0,0.5,True,self.Music
1pcsyaz,Music,Yeah Yeah Yeahs - Spitting Off The Edge Of The World [Alt/Indie],32,2,1764731087.0,0.97,False,youtu.be
1pczza1,Music,Sum 41 - Noots [Pop Punk],9,0,1764754960.0,1.0,False,youtu.be
1pdb54y,Music,Carlos Puebla - Y en eso llegó Fidel [Latino],2,1,1764784229.0,0.75,False,youtu.be
1pd4zf2,Music,What do you do while you listen to music?,4,33,1764770562.0,0.6,True,self.Music
1pdg6gq,Music,Faderhead - Cold Chrome (Into The Metadrome) [Industrial],1,1,1764795244.0,0.67,False,youtube.com
1pdufom,Music,Stop listening to music that you don’t actually enjoy.,0,25,1764835425.0,0.25,True,self.Music
1pcau9f,Music,"The Osbournes Go Scorched Earth on Roger Waters with ""Another Prick in the Wall"" Ozzy Shirt",233,158,1764688121.0,0.6,False,consequence.net
1pdri6e,Music,Explain to me in detail... What are the loudness wars? And why does it matter?,0,35,1764825184.0,0.42,True,self.Music
1pdfihz,Music,Holodout - Projection [Goth rock],0,0,1764793728.0,0.5,False,youtu.be
1pdnwsa,Music,BigXThaPlug ft. Post Malone - Cold [Country],0,1,1764814717.0,0.33,False,youtube.com
1pdeo7d,Music,The Jokerr - INVE$TOR [Hip-Hop/Rap],1,0,1764791842.0,1.0,False,youtu.be
1pdde51,Music,New Bandcamp-Exclusive Album for Lovers of Classical and (Dark) Jazz,0,0,1764788995.0,0.5,False,
1pd3ms5,Music,Weird Al Yankovic - I Think I'm A Clone Now [Interperative Tiffanic],3,1,1764767166.0,0.59,False,youtube.com
1pdlwqx,Music,Is the Dies Irea motif in the Kaiju theme?,0,3,1764809218.0,0.33,False,
1pdcc52,Music,Music Exploration: Rosalia,1,0,1764786757.0,0.67,False,coloradosound.org
1pdbms6,Music,NYE rave in Europe,0,0,1764785258.0,0.33,True,self.Music
1pck5fx,Music,Just discovered Remi Wolf,49,42,1764708748.0,0.85,True,self.Music
1pdktqi,Music,How do music reviewers base their critiques?,0,6,1764806406.0,0.25,True,self.Music
1pcqp3z,Music,TOOL - Stinkfist [metal/rock] just the instrumental does it for me.,21,0,1764724877.0,0.96,False,youtu.be
1pdkk7y,Music,She'll Hunt - Banning Books [Alt],0,0,1764805727.0,0.29,False,youtu.be
1pdmie4,Music,How many different artists did you listen to this year?,0,15,1764810852.0,0.35,True,self.Music
1pdatds,Music,Fahrettin Tekin – Kimse Bilmez [Pop] (2025),0,0,1764783520.0,0.5,False,open.spotify.com
1pdn6vu,Music,Who was your top Artist on Spotify Wrapped this year?,0,5,1764812745.0,0.33,False,
1pdoemm,Music,Is rock still mainstream?,0,11,1764816096.0,0.28,True,self.Music
1pbjyu3,Music,Is Paul McCartney's 'Wonderful Christmastime' simply… horrible?,6024,1488,1764612356.0,0.86,False,npr.org
1pd9k54,Music,"John 5 on his final conversations with Ace Frehley, working on Peter Criss’ new record, and the signature guitar so good he’s written a song about it",0,0,1764780857.0,0.33,False,guitarworld.com
1pct5wx,Music,Selena - I Could Fall in Love [Pop Contemporary] [1995],13,2,1764731687.0,0.93,False,youtu.be
1pd90ns,Music,American Head Charge - Just So You Know [Nu Metal],1,2,1764779671.0,0.67,False,youtu.be
1pd8ypu,Music,S.O.D. - United Forces [Crossover Thrash],0,0,1764779550.0,0.33,False,youtu.be
1pd8xo1,Music,"[Help] Looking for a 2012 unofficial uploaded song – Male ""I’ll Be""",1,0,1764779488.0,0.67,False,
1pcwcxz,Music,strange reaction to certain kinds of music,8,2,1764741431.0,0.9,True,self.Music
1pd8owi,Music,How do I convert graphs to sound waves?,0,4,1764778948.0,0.33,False,
1pbkwx4,Music,"Mötley Crüe's Nikki Sixx Doesn’t Think It’s ‘Cool’ When Rock Stars ‘Act 25, and They’re 65’",4533,316,1764614396.0,0.97,False,people.com
1pd86b8,Music,"Jon Lefkovitz - Sunday Morning, 6 a.m. [folk instrumental]",0,0,1764777817.0,0.5,False,youtu.be
1pd7m04,Music,JACK EVERETT- BAD LIKE A HABIT,0,0,1764776557.0,0.5,False,
1pcjwbe,Music,Faith No More - Digging The Grave [Alt Rock],33,3,1764708157.0,0.93,False,youtu.be
1pd7j1q,Music,Can’t remember the name of a marijuana theme album,0,4,1764776376.0,0.5,True,self.Music
1pd7dom,Music,Everything Opera channel,0,0,1764776041.0,0.5,False,
1pd787g,Music,5 Minutes That Will Make You Love the A.A.C.M.,0,0,1764775702.0,0.4,False,nytimes.com
1pd77at,Music,I know a small but iconic part of this song? can anybody help?,0,2,1764775648.0,0.5,False,
1pd6qro,Music,Album Review: A$AP Ferg – Flip Phone Shorty – Strictly For Da Streetz Vol.1,1,0,1764774621.0,0.6,False,hiphophighsociety.com
1pd6ocm,Music,Music History Events: albums released December 3 - Sheet Music Library (PDF),1,0,1764774462.0,0.67,False,
1pd6g7s,Music,"This Maine country band is on the rise,  headlining a Portland holiday show and about to announce a major tour.",0,0,1764773960.0,0.5,False,pressherald.com
1pcpzzh,Music,What's a cover you would love to hear?,14,50,1764722993.0,0.94,True,self.Music
1pd5r7a,Music,"Is ""Capullito de Alelí"" - music by Rafael Hernández - 1950 - plagiarism or a ""version"" of Artie Shaw's ""Frenesi"" - 1940?",1,0,1764772370.0,0.67,False,
1pcqpwx,Music,Why do popular songs now spend so much more time in the charts than they used to?,10,23,1764724936.0,0.68,True,self.Music
1pcn45s,Music,"Bonnaroo announces 2026 lineup featuring Skrillex, The Strokes, Noah Kahan.",16,18,1764715607.0,0.71,False,tennessean.com
1pcmviw,Music,Clown Core - Earth [Experimental],17,0,1764715028.0,0.95,False,youtu.be
1pd4c52,Music,Caricia del alma.,1,0,1764768970.0,0.6,True,self.Music
1pda9fj,Music,Live concert,0,2,1764782338.0,0.25,True,self.Music
1pdkyhq,Music,Anyone else annoyed that popular songs aren't panned as much these days?,0,13,1764806727.0,0.38,True,self.Music
1pd45y4,Music,Rap song about a female friend,0,0,1764768557.0,0.5,False,
1pd3qqz,Music,What instrument is this?,1,1,1764767457.0,0.67,True,self.Music
1pd3pwr,Music,Deathsole - Lone warrior [rap] (2025),1,0,1764767396.0,0.67,False,youtu.be
1pcxm6v,Music,My road with no ending-Ziao,3,0,1764745863.0,0.8,True,self.Music
1pcs7a9,Music,"Quebec to tighten consumer protection around ticket resales, subscription renewals",8,0,1764729003.0,0.84,False,cbc.ca
1pcc354,Music,Am I right in thinking Johnny Marr is generally considered Cool? and Morrissey is not a good egg to put it very light.,48,71,1764690983.0,0.71,True,self.Music
1pd2w64,Music,Soulful House 90s style,0,0,1764765080.0,0.33,False,
1pd2hfd,Music,us - Unlikely Stories: Rabbit in the Hive (Album),0,0,1764763808.0,0.5,True,self.Music
1pcocyd,Music,Cantaloop (Us3): the jazz sample that brought Blue Note back into the charts,10,1,1764718716.0,0.81,True,self.Music
1pd26ar,Music,Daughters of Sophia - L'Ombre de la Mort [Metal],0,0,1764762810.0,0.5,False,youtu.be
1pdld1h,Music,"Will ""the wall"" be Pink Floyd's best album?",0,14,1764807777.0,0.19,True,self.Music
1pdibcp,Music,Britney Spears vs Beyoncé? Miley Cyrus Reveals Her True Pop Pantheon Loyalty and Why She Quits Touring,0,0,1764800191.0,0.11,False,celebeatonline.com
