id,subreddit,title,score,num_comments,created_utc,upvote_ratio,is_self,domain
1ph5x6j,gaming,Making Friends Monday! Share your game tags here!,0,5,1765177260.0,0.37,True,self.gaming
1ozkqeq,gaming,[MEGATHREAD] The Game Awards 2025 - Live Nominees Announcement,958,2679,1763396751.0,0.89,True,self.gaming
1picry2,gaming,Seeing it for the switch 2 reminds me of this meme.,4378,54,1765299671.0,0.99,False,i.redd.it
1pi8fc5,gaming,"Remember Need for Speed? Someone built a real-life Mini Map from the game to use in your car (and it's Open Source) | ""Getting this to work on a $20 microcontroller meant processing the entire UK into 2.5 million map tiles, totaling 236GB of data""",1295,67,1765289535.0,0.94,False,yankodesign.com
1pi8a0l,gaming,CAPCOM updates the cover of Resident Evil: Requiem in the PS Store featuring old Leon S. Kennedy,640,134,1765289161.0,0.91,False,i.redd.it
1pi1gqq,gaming,Pixel Art Appreciation: KH Chain of Memories has some of the best pixel art of all time,1176,50,1765265512.0,0.94,False,i.redd.it
1phy5v8,gaming,Do I need to play Cities Skylines 1 to understand the plot of Cities Skylines 2?,1891,171,1765253852.0,0.86,True,self.gaming
1pi8pmd,gaming,"Best boss fights where the boss is literally ""just a guy""?",131,331,1765290276.0,0.77,True,self.gaming
1phihoa,gaming,Lost Planet: Extreme Condition was one of the first games I played after I bought a console all on my own; many fond (and frustrating!) memories of this frozen survival-action shooter - this series was ahead of its time!,5727,357,1765214913.0,0.97,False,i.redd.it
1phkd9c,gaming,"Fired up Black Flag again after years... holy crap, the fun's still the same!",4075,240,1765219090.0,0.96,False,i.redd.it
1pi96zw,gaming,My 1:12(6in) Mad Max themed Wario and Waluigi,94,10,1765291471.0,0.9,False,i.redd.it
1phvs8n,gaming,Astro Bot is one of the best games I've ever played,882,226,1765246972.0,0.78,False,i.redd.it
1pif4yd,gaming,The next Tomb Raider game to be announced at The Game Awards,25,11,1765305024.0,0.79,False,kitguru.net
1pi5moy,gaming,"Been replaying The Devil Inside (2000) lately, what a cool obscure survival horror game, it plays well enough, good art direction, good usage of magic spells, and minimal HUD for better immersion. The player can also switch between 2 protagonists at certain stages.",68,18,1765281587.0,0.88,False,i.redd.it
1pifkpd,gaming,What game you never uninstall that you always need alongside your currently-playing game?,12,84,1765306111.0,0.69,True,self.gaming
1pi0cnd,gaming,"""BAHN"" is the first game I ever played back in ~1994 and is still receiving updates.",109,11,1765261466.0,0.88,True,self.gaming
1ph7jr5,gaming,my Jill Valentine cosplay 💙,5716,164,1765183680.0,0.92,False,i.redd.it
1pifyxa,gaming,The Mystery of The Game Awards 'Statue' Teasing A New Game Announcement Seems To Have Been Solved -  It Is For Divinity: Original Sin 3,14,12,1765306939.0,0.79,False,mp1st.com
1phc409,gaming,Could RAM pricing cripple the next gen consoles ?,1725,505,1765199724.0,0.92,True,self.gaming
1ph9h7y,gaming,'Tekken' Boss Katsuhiro Harada announces he is leaving Bandai Namco after 30 years of work and leading development on the fighting-game series,2611,86,1765191183.0,0.98,False,ign.com
1pifco6,gaming,How many Bobs are you willing to sacrifice to rule this world? (Song of Syx Trailer),7,3,1765305602.0,1.0,False,youtube.com
1phb0gk,gaming,"Kojima says OD is something entirely unique, but jokes that he could make Physint’s stealth gameplay in his sleep",1648,102,1765196466.0,0.96,False,videogameschronicle.com
1pi9gay,gaming,LEGO Voyagers ‘Cross-Play’ update now available,14,9,1765292094.0,0.72,False,gematsu.com
1phokqi,gaming,What would be the worst job in any given video game world?,224,155,1765228517.0,0.88,True,self.gaming
1phc7qk,gaming,Remember: be nice to your teammates! We can all have a poor match from time to time,901,118,1765200015.0,0.91,False,i.redd.it
1pi9fo0,gaming,Teenage Mutant Ninja Turtles: Empire City | Gameplay Trailer | VR,7,6,1765292050.0,0.61,False,youtube.com
1phjpk2,gaming,"Metal Warriors · SNES · LucasArts, 1995 (NoSoloBits)",303,45,1765217612.0,0.91,False,streamable.com
1phgwgw,gaming,Amazing year for games! I think September was the best month with back-to-back bangers,223,120,1765211347.0,0.72,False,i.redd.it
1phprpc,gaming,"Sony Pictures Virtual Reality, Arvore Games Studio Team For Inaugural ‘The Boys’ VR Game Featuring Cast",43,10,1765231298.0,0.75,False,deadline.com
1pifj3j,gaming,D4 vs PoE2? Both getting major updates this week,0,11,1765306019.0,0.33,True,self.gaming
1pieg94,gaming,"Sekiro - The Owl ""Mikiri"" Counter",3,5,1765303301.0,0.54,False,i.redd.it
1pguauh,gaming,The small habit you picked up from games that you now do in real life.,3116,814,1765143280.0,0.88,True,self.gaming
1pgm7g7,gaming,Older GOW games hit different,9828,499,1765124082.0,0.92,False,i.redd.it
1pgytud,gaming,We haven't seen a good space opera game where you play a spaceship commander with a loyal crew since 2012,1413,381,1765155245.0,0.88,False,i.redd.it
1pgtiui,gaming,First game for a 90yo?,2565,1762,1765141365.0,0.94,True,self.gaming
1phk8aw,gaming,"Never played any souls like games, what makes them appealing to you personally?",40,309,1765218783.0,0.62,True,self.gaming
1ph4p4l,gaming,Spyfox but he's old and proud of you,350,12,1765172914.0,0.9,False,i.redd.it
1phhan8,gaming,"Project Motor Racing developer Straight4 with a statement regarding the future of the game, and of the company",40,22,1765212257.0,0.73,False,i.redd.it
1ph8u4k,gaming,If you like Rhythm games please do yourself a favour and play Rhythm Doctor,110,25,1765188787.0,0.83,True,self.gaming
1pgf76h,gaming,I bought this PS5 Pro bundle for less than this 64gb DDR 5 RAM,8703,391,1765103113.0,0.96,False,i.redd.it
1pic11r,gaming,Are grand strategy/RTS games worth it on console?,0,30,1765298012.0,0.42,True,self.gaming
1pig3vh,gaming,ARC Raiders Using AI is Bad for Games,0,5,1765307236.0,0.33,False,youtu.be
1pggjts,gaming,"Developer of New Postal Game Shuts Down Studio After Game Was Announced, Then Canceled Over Gen AI Allegations",3169,118,1765108247.0,0.97,False,ign.com
1pgtbz3,gaming,"I just finished playing The Forgotten City, and I loved it",557,58,1765140911.0,0.93,False,i.redd.it
1pgxr6h,gaming,What was a game you got stuck in as a kid you and never ended up beating it?,275,784,1765152234.0,0.91,True,self.gaming
1pi6phl,gaming,Recommend me a JRPG for a 7 year old,0,70,1765284976.0,0.44,True,self.gaming
1pi7zfr,gaming,Surprise! 'Metal Gear Solid Δ: Snake Eater' grabs the Xbox Play Anywhere tag,0,0,1765288415.0,0.32,False,windowscentral.com
1ph4ra5,gaming,What have been your personal experiences with the Tetris Effect?,52,104,1765173117.0,0.78,True,self.gaming
1ph5kwe,gaming,First-person games with a button to zoom view?,33,43,1765176009.0,0.68,True,self.gaming
1pi7d2t,gaming,"An Elder Scrolls TV series ""can't be ruled out"", Todd Howard teases, but remains tight-lipped on the status of the Wolfenstein adaptation",0,19,1765286778.0,0.29,False,eurogamer.net
1pgyqr5,gaming,Anyone else go through phases where they just pretty much play the same games over and over again?,79,56,1765155007.0,0.85,True,self.gaming
1pia3of,gaming,PEGI rates Assassin’s Creed Black Flag Resynced,0,16,1765293654.0,0.23,False,gematsu.com
1pi7hrp,gaming,MMO's turning into regular games,0,31,1765287134.0,0.12,True,self.gaming
1pguh56,gaming,"Vote for ""Drakan: Order of the Flame"" on the GOG Dreamlist because this title is abandonware",121,17,1765143719.0,0.82,False,gog.com
1pgj4ok,gaming,"Has anyone here ever had something cool happen in a game, like a bug or exploit, and never told anyone online to stop it being patched? (You can answer if it's been patched now)",456,314,1765116320.0,0.82,True,self.gaming
1pi1toj,gaming,Was there a game you can point when asked what game taught you that you are a gamer?,0,76,1765267005.0,0.45,True,self.gaming
1pi8pw2,gaming,"Key Square Enix Shareholder Publicly Criticises Weak Game Sales, Company Management",0,31,1765290294.0,0.41,False,pushsquare.com
1pgl8dh,gaming,Pure - one of the most underrated racing games ever,308,72,1765121736.0,0.92,False,i.redd.it
1pi3heb,gaming,What game had the best original IP in the last 5 years?,0,92,1765273753.0,0.33,True,self.gaming
1pfykxl,gaming,Akira homage in Metroid Prime 4,4813,255,1765051446.0,0.91,False,i.redd.it
1pi03m4,gaming,When was the golden era of AAA games?,0,12,1765260635.0,0.17,True,self.gaming
1pgfbh2,gaming,"With the highly anticipated release of GTA6 coming in 2026, a look back...",274,66,1765103567.0,0.8,False,i.redd.it
1phumw4,gaming,What is the minimum time you want to have for gaming in a sitting for it to be worth it?,0,22,1765243773.0,0.33,True,self.gaming
1pgc5y9,gaming,"""Amidst Shadows Gleam"" NINJA GAIDEN 4's Yakumo, Ryu Hayabusa, and Seori - Fan Art/Digital Illustration by Me (Vamkire C. Trannel - My Artist Pseudonym)",474,32,1765091431.0,0.96,False,i.redd.it
1pgafjl,gaming,What Does A Real Census Reveal About Red Dead Redemption 2?,607,73,1765085345.0,0.81,False,youtu.be
1pi03py,gaming,When was the golden era of AAA games?,0,25,1765260644.0,0.18,True,self.gaming
1phrpaz,gaming,Where is this sound effect from?,0,10,1765235996.0,0.35,True,self.gaming
1pgkqu1,gaming,Games for a Concussed Gamer,52,126,1765120527.0,0.65,True,self.gaming
1pgcixe,gaming,What video game had the coolest premium/collectors edition in your opinion?,129,175,1765092794.0,0.82,True,self.gaming
1phka3j,gaming,Looking for a specific style of game,0,12,1765218895.0,0.37,True,self.gaming
1pgoua9,gaming,Looking for the name of a game,17,8,1765130430.0,0.66,True,self.gaming
1phik7b,gaming,JUSTICE (02:18) - Making a music video in Cyberpunk 2077,0,2,1765215074.0,0.42,False,youtu.be
1phjlrz,gaming,Photo Mode: Marvel's Guardians of the Galaxy (2021) | 73 Images Total,0,2,1765217380.0,0.43,False,i.redd.it
1phxcis,gaming,Anyone’s gaming experience got ruined ever since playing The Witcher 3?,0,108,1765251418.0,0.27,True,self.gaming
1phlbf8,gaming,Steam deck or wait for the steam machine??,0,28,1765221189.0,0.35,True,self.gaming
1phes1a,gaming,What is a good exercise game?,0,61,1765206535.0,0.44,True,self.gaming
1pfnomc,gaming,"Don't Expect A New Dead Space Any Time Soon, As EA Reportedly Has ""Zero Plans"" To Bring Back The Franchise",1940,294,1765022469.0,0.95,False,thegamer.com
1phd1ep,gaming,Holiday season is coming up! What to buy for me and my 6yo?,0,35,1765202264.0,0.43,True,self.gaming
1phgq2a,gaming,Games that accurately portray relationships/dating?,0,56,1765210932.0,0.35,True,self.gaming
1pg45vk,gaming,TimeSplitters Rewind - Release Trailer (Early Access) available now.,139,26,1765066251.0,0.8,True,self.gaming
1pfjm0g,gaming,"Big New Star Wars Game Could Be at The Game Awards, And It's Not Zero Company or Eclipse",2082,293,1765006946.0,0.93,False,gamerant.com
1pg7rya,gaming,Decent:Freespace final mission,60,27,1765076920.0,0.88,True,self.gaming
1phdbu9,gaming,ARC Raiders PC Optimization truly is incredible.,0,16,1765202985.0,0.38,True,self.gaming
1pft4hx,gaming,got my hands on a 64 just to play this bad boy this weekend.,281,112,1765038037.0,0.87,False,i.redd.it
1pfui3d,gaming,"Sandy Petersen, on designing the Spaniards in ""Age of Empires 2: The Conquerors""",185,20,1765041444.0,0.9,True,self.gaming
1pfq3wt,gaming,Thoughts on Metroid Prime 4,292,432,1765029960.0,0.78,True,self.gaming
1ph13yi,gaming,"I created a ""History of Gaming"" challenge.",0,43,1765161792.0,0.47,True,self.gaming
1pficon,gaming,"Alan Wake II, a great example of “When the tech is there”",928,170,1765002309.0,0.91,True,self.gaming
1pfob2u,gaming,Found my OG Crysis special edition box. Right in the feels,282,38,1765024590.0,0.9,False,i.redd.it
1peyhlg,gaming,"Come on Netflix, it’s an easy PR win.",20739,579,1764949741.0,0.95,False,i.redd.it
1pfa79w,gaming,The tiny design choice that secretly decides if you keep playing or quit.,2322,1173,1764977548.0,0.89,True,self.gaming
1pha0b0,gaming,I took half a day off work to watch the game awards.,0,43,1765193094.0,0.19,True,self.gaming
1pgsf2h,gaming,Looking for an old pixel art detective game for mobile phones,0,9,1765138653.0,0.48,True,self.gaming
1phc3wl,gaming,"""Salt"" grew on my controllers?!",0,49,1765199716.0,0.21,False,i.redd.it
1peys0v,gaming,I turned pinball into a vertical climbing game where one mistake can erase everything (Fallosophy),6037,260,1764950414.0,0.98,False,i.redd.it
1ph0vo4,gaming,How much quality do you expect from an indie game priced around $20?,0,25,1765161113.0,0.2,True,self.gaming
1pf4ynt,gaming,"Civilization 7 is sitting at ""Mixed"" reviews right now on Steam. Is this really the best on offer for the strategy game genre?",2440,563,1764964609.0,0.91,False,i.redd.it
1pfeqxa,gaming,Iron Lung: Final Trailer,613,164,1764990509.0,0.85,False,youtu.be
1peum8n,gaming,Netflix Has Officially Acquired Warner Bros. In Deal Valued at $82.7 Billion,9026,1543,1764940085.0,0.96,False,about.netflix.com
1pfdrpk,gaming,GDC has released a report on salaries in the U.S. gaming industry.,628,138,1764987567.0,0.94,True,self.gaming
1peztyz,gaming,Fallout co-creator Tim Cain is out of 'semi-retirement' and back at Obsidian,3283,186,1764952796.0,0.98,False,pcgamer.com
1pg7p1b,gaming,Ur-Quan Masters HD - Launch Trailer,5,23,1765076676.0,0.56,False,youtu.be
1pgxtzo,gaming,Metroid Prime 4 - Dunkey,0,15,1765152451.0,0.41,False,youtu.be
1pf53ah,gaming,"Sega says it will use AI in game development, but only in “appropriate use cases”",732,293,1764964905.0,0.91,False,videogameschronicle.com
1pgmb5j,gaming,Whats a good place to get gaming collectables,0,3,1765124345.0,0.39,True,self.gaming
1pgmidu,gaming,"Have you ever revisited one of your all-time favorite games, only to be disappointed?",0,121,1765124852.0,0.47,True,self.gaming
1pgujbr,gaming,Are there any games that used the Big-3 Cloud server but doesn't suck?,0,7,1765143870.0,0.13,True,self.gaming
1pgmbkj,gaming,Kefka level villain (Octopath Traveler 0),0,15,1765124373.0,0.36,False,i.redd.it
1pf7wbw,gaming,Favourite guns of all time?,255,877,1764971704.0,0.78,True,self.gaming
1pgue9f,gaming,These games hit the same emotions,0,16,1765143522.0,0.32,False,i.redd.it
1pgc091,gaming,Simple Questions Sunday!,0,24,1765090845.0,0.4,True,self.gaming
1pfmtfi,gaming,Everyone has their favourite movies to watch around Christmas (Christmas films or otherwise). What are your go to games for the festive period?,16,109,1765019301.0,0.61,True,self.gaming
1pgnkb0,gaming,Any suggestions for games with open world PvP where you can’t opt out of it?,0,38,1765127378.0,0.24,True,self.gaming
1pguc4t,gaming,I have a theory about difficulty,0,34,1765143371.0,0.21,True,self.gaming
1pf3o95,gaming,Which sequels are significantly more difficult than the first title ?,187,223,1764961568.0,0.9,True,self.gaming
1pgfeh2,gaming,The Game Awards statue hint,0,36,1765103890.0,0.36,True,self.gaming
1pf0x5k,gaming,Ball x pit is dope,217,92,1764955253.0,0.77,True,self.gaming
1pgw5ql,gaming,Turned off by how games look,0,84,1765147940.0,0.14,True,self.gaming
1peua1c,gaming,"""In a lot of situations, it's straight up double"" - Path of Exile 2 is about to get a significant performance boost, especially on PS5 and Xbox S/X",391,51,1764939115.0,0.93,False,eurogamer.net
1peuet7,gaming,Monster Hunter Wilds' next big update and turn-based spin-off RPG Monster Hunter Stories 3 get a dedicated showcase set for next week,309,56,1764939509.0,0.94,False,gamesradar.com
1penfd3,gaming,"Cary-Hiroyuki Tagawa, actor who played Shang Tsung in ‘Mortal Kombat’, dies at 75",1110,59,1764914197.0,0.98,False,hollywoodreporter.com
1pgc3bp,gaming,GTA 5 controlled with a car,0,5,1765091155.0,0.37,False,youtu.be
1pe8xn8,gaming,Todd Howard invited Obsidian devs onto 'Fallout' season 2's set so they could see New Vegas in the flesh: 'Huge respect to the folks at Obsidian',6649,315,1764875601.0,0.98,False,pcgamer.com
1pg037k,gaming,Looking for recommendations!,0,62,1765055374.0,0.47,True,self.gaming
1peukeg,gaming,What is a terrible game that you have a soft spot for ?,178,604,1764939939.0,0.83,True,self.gaming
1pg6fc1,gaming,Looking for this game that listed every gun on it's Steam page,0,10,1765072867.0,0.42,True,self.gaming
1pey460,gaming,What are your thoughts about anime-style games?,98,373,1764948851.0,0.65,True,self.gaming
1pe59qt,gaming,The cast of Clair Obscur: Expedition 33 have called on The Game Awards to add more award categories highlighting motion capture performers and supporting actors.,5016,269,1764867594.0,0.96,False,videogameschronicle.com
1pfa0kc,gaming,"Does the Kessen (PS2, Koei) series have a spiritual successor?",18,14,1764977061.0,0.81,True,self.gaming
1peicyk,gaming,Outer Wilds drawing I've made,513,25,1764898997.0,0.96,False,i.redd.it
1pghqsi,gaming,Please explain to me why lately I get so much hate for saying I like 30fps games and don't care for 60,0,93,1765112241.0,0.17,True,self.gaming
1pf3atp,gaming,PC only cozy games that are Steam Deck compatible?,17,62,1764960712.0,0.61,True,self.gaming
1pg4rlz,gaming,Hellblade 2,0,40,1765067966.0,0.29,True,self.gaming
1pg5u8g,gaming,"What if Wuthering Waves got the ""Solo Leveling Arise Overdrive"" / ""Octopath Traveler 0"" treatment every 2 years as a series of no-gacha $60 games?",0,22,1765071108.0,0.29,True,self.gaming
1pf1ius,gaming,Art-style is my number one factor and I’m ashamed,18,65,1764956629.0,0.6,True,self.gaming
1pdt9n9,gaming,What if it’s not teasing a game at all and Geoff Keighley is just planning on destroying the world on December 11th,15970,752,1764831085.0,0.97,False,i.redd.it
1pe1sd2,gaming,I do not recommend: 'Metroid Prime 4: Beyond' - Review - SkillUp,2195,1532,1764859492.0,0.82,False,youtu.be
1pfy4we,gaming,Which games do you recommend playing on hardest Hardest difficulty and which games were you found being easy even though they said the difficulty was easy.,0,64,1765050336.0,0.27,True,self.gaming
1peyt7q,gaming,Sol Shogunate reveal trailer - PC Gaming Show: Most Wanted 2025,13,12,1764950479.0,0.63,False,youtube.com
1pebp3x,gaming,What video game did you find to be unexpectedly tough?,470,861,1764882071.0,0.91,True,self.gaming
1pfy58i,gaming,Battle Brothers - convince me one way or the other whether to get it.,0,20,1765050358.0,0.28,True,self.gaming
1pfz4zb,gaming,can someone tell me how to beat crisis zone select weapon 3 in normal i tried like 10 times and i cant,0,8,1765052884.0,0.05,True,self.gaming
1pg83xj,gaming,OG Modern Warfare 2 campaign is extremely overrated,0,23,1765077953.0,0.21,True,self.gaming
1pfnwk1,gaming,Help with marvel cosmic invasion QOL,0,4,1765023228.0,0.39,True,self.gaming
1pemgk5,gaming,Just need some recommendations...,76,51,1764911028.0,0.77,True,self.gaming
1pftm0f,gaming,Race across the world in this cool game called Geo Racers!,0,5,1765039252.0,0.21,False,geo-racers.com
1pe2s9t,gaming,Ball x Pit sells 1 million copies as future updates officially confirmed,873,60,1764861890.0,0.96,False,kitguru.net
1pfxmfl,gaming,"Played ""Dispatch"" recently through",0,11,1765049063.0,0.28,True,self.gaming
1pe7spa,gaming,A few Expansions were better than endless DLC and skins.,340,148,1764873097.0,0.84,True,self.gaming
1pe8ogr,gaming,"Future Total War games can come to PlayStation and Xbox, Creative Assembly confirms",288,55,1764875022.0,0.92,False,gamesradar.com
1pehxoe,gaming,Remember spending hours playing Ultima? Whatever happened to Origin Systems?,78,71,1764897819.0,0.82,True,self.gaming
1pe957b,gaming,Shooters Focused on Single Player Experience?,229,494,1764876063.0,0.9,True,self.gaming
1pfu48o,gaming,Games That We'd Never Thought Would Exist,0,42,1765040498.0,0.44,False,i.redd.it
1pe5c4m,gaming,Total War Medieval 3 announced. In VERY early pre-production.,279,115,1764867734.0,0.89,False,youtube.com
1peg18y,gaming,Games that are more story-driven than they appear?,76,89,1764892753.0,0.79,True,self.gaming
1pe4zpj,gaming,What is your favorite case of a boss becoming a playable character or Vice-Versa?,272,306,1764866966.0,0.9,True,self.gaming
1pg3hn7,gaming,SSO - stupid stat overload. So many game suffer,0,50,1765064390.0,0.14,True,self.gaming
1pfixpy,gaming,Self Promotion Saturday! Small streamer? Just getting started? Tell us about it here!,0,8,1765004427.0,0.42,True,self.gaming
1pe7rc6,gaming,The God Slayer - Official Gameplay Reveal Trailer (looks like avatar the last airbender powers),134,80,1764873020.0,0.73,False,youtube.com
1pe356y,gaming,What game changed your life?,152,398,1764862752.0,0.78,True,self.gaming
1pdrhwx,gaming,Feels awesome seeing my girl Samus’ eyes reflected in her visor again after all these years,1000,74,1764825161.0,0.88,False,i.redd.it
1pfh0yu,gaming,OCTOPATH journey,0,12,1764997733.0,0.31,True,self.gaming
1pfmvwx,gaming,The 100 best PC games of all time in 2025 (by Rock Paper Shotgun),0,50,1765019564.0,0.17,False,rockpapershotgun.com
1pdd1o8,gaming,"Indie dev Chequered Ink puts together $10 10,000 game assets pack so developers ""don't feel the need to turn to AI""",5973,178,1764788256.0,0.97,False,gamesindustry.biz
1peagn1,gaming,Blood: Refreshed Supply - Launch Trailer | Nightdive Studios,40,29,1764879182.0,0.84,False,youtu.be
1pfgpep,gaming,So about this Metroid Prime 4 amiibo music paywall,0,6,1764996715.0,0.31,True,self.gaming
1pd5m0s,gaming,"I'm gonna finish it I swear, and this time NOT as a stealth archer",9141,699,1764772036.0,0.96,False,i.redd.it
1pfb60i,gaming,Is Another Crab's Treasure fun for an adult?,0,39,1764980120.0,0.44,True,self.gaming
1pdz2nm,gaming,The God Slayer Impressions: The Last Airbender meets Assassin's Creed,110,34,1764852276.0,0.78,False,gamereactor.eu
1pe241g,gaming,Doom has now been ported to Smooth McGroove!,68,9,1764860303.0,0.71,False,youtube.com
1pdo0lx,gaming,The small sound in a game that instantly pulls you back into the world.,561,595,1764815015.0,0.91,True,self.gaming
1pdewt3,gaming,"Skyblivion Has Been Delayed Into 2026, But It's Looking Better Than Ever",1317,142,1764792359.0,0.94,False,thegamer.com
1peoi4x,gaming,Free Talk Friday!,1,14,1764918057.0,0.56,True,self.gaming
1pdh3ns,gaming,Beating Grand Theft Auto III on a device the size of a GBA SP feels like the future.(Miyoo Flip),872,219,1764797391.0,0.86,False,i.redd.it
1pcytab,gaming,"It turns out Saudi Arabia will own 93.4 percent of EA if the buyout goes through, which is effectively all of it",8301,496,1764750397.0,0.97,True,self.gaming
1pf2ln4,gaming,*DONKEY &amp; DIDDY KONG* from Donkey Kong Country,0,8,1764959063.0,0.41,False,i.redd.it
1pf022i,gaming,"Let it Die: Inferno is maybe the weirdest extraction game I've ever played, both endlessly intriguing and disappointing",0,18,1764953297.0,0.45,False,eurogamer.net
1pdb7yn,gaming,Lord of the Rings Online - new expansion Kingdoms of Harad has officially launched!,699,75,1764784400.0,0.94,False,lotro.com
1pf4rue,gaming,"Metroid 4 Prime Beyond, a different take.",0,19,1764964157.0,0.32,False,youtu.be
1pf8o0p,gaming,Why are all games super loud by default?,0,30,1764973588.0,0.2,True,self.gaming
1pd7sl1,gaming,Playing GTA on a PSP is such a vibe!,772,86,1764776973.0,0.87,False,i.redd.it
1pdcacs,gaming,Guild Wars Reforged Launch Trailer,406,199,1764786657.0,0.89,False,youtube.com
1pfd4ti,gaming,So many vagina shaped objects in this game! [Metroid Prime 4],0,65,1764985706.0,0.33,False,i.redd.it
1pdly82,gaming,What’s a game outside your usual taste that you ended up loving?,123,293,1764809331.0,0.82,True,self.gaming
1pcvnhp,gaming,So I got to visit the statue!,4558,389,1764739138.0,0.95,False,i.redd.it
1petlje,gaming,How did officially supported 3D die when it looks this good?,0,26,1764937028.0,0.38,True,self.gaming
1pd4z3c,gaming,Clair Obscur: Expedition 33 Is the Biggest New Third-Party Game Launch on Xbox Game Pass of 2025,626,165,1764770543.0,0.87,False,news.xbox.com
1pdyegm,gaming,"What is a game you hated at first, but have grown to love over time ?",13,121,1764850191.0,0.59,True,self.gaming
1pesevc,gaming,Epic Games Store Hints at New Mystery Title Revealed During Game Awards,0,26,1764933100.0,0.41,False,notebookcheck.net
1pd1y4p,gaming,"Elden Ring Nightreign's DLC is ""definitely a little bit harder"" than the main game, ""but it's not ridiculous"", says director",565,96,1764762066.0,0.92,False,eurogamer.net
1pd8va4,gaming,What would you say are some of the greatest cutscenes or cinematics in gaming?,198,542,1764779340.0,0.88,True,self.gaming
1pdt4qd,gaming,What game or reboot/etc effectively killed one of your favorite franchises?,9,180,1764830594.0,0.55,True,self.gaming
1pcd8ly,gaming,Helldivers 2 File Size On PC Has Been Reduced By 85% From 154GB To Roughly 23GB With The Help Of Playstation PC Port Studio Nixxes,20115,1043,1764693572.0,0.99,False,store.steampowered.com
1pejumj,gaming,The best part about liking different kinds of games is that you'll never run out things to play,0,25,1764903206.0,0.47,True,self.gaming
1peru8m,gaming,I strongly recommend: Arc Raiders (Review) - SkillUp,0,49,1764931017.0,0.27,False,youtu.be
1pcgp0m,gaming,Dragon Age Origins was wild.,3748,449,1764701049.0,0.98,False,i.redd.it
1pckah5,gaming,"The First Descendant Has Announced That It Undergo A Complete Overhaul In 2026 - New Foundation To Include A Reworked Gameplay Loop, Brand New Endgame, Redone Main Story, New Farming System, New Dungeon/Raid System, New UI, And More. The Much Anticipated 'Dia' Will Also Finally Be Added To The Game.",2363,413,1764709068.0,0.87,False,i.redd.it
1pemuud,gaming,Content Creator games,0,7,1764912304.0,0.14,True,self.gaming
1pcffcj,gaming,"Ex Bethesda devs' ambitious Elder Scrolls Daggerfall successor 'The Wayward Realms' has announced it has completely ditched Unreal Engine 5 for its own proprietary engine, to make ""a far better game""",3133,254,1764698318.0,0.98,False,pcgamesn.com
1pegjor,gaming,How many consoles do you have hooked up at one time?,0,36,1764894060.0,0.29,True,self.gaming
1pe7o88,gaming,"Dawn of Defiance Review – So Much Potential, So Many Problems (2025)",0,6,1764872826.0,0.43,False,youtube.com
1pcmqhu,gaming,One small game mechanic you wish more studios copied because it simply works.,798,763,1764714694.0,0.92,True,self.gaming
1pcve9h,gaming,RDR still looks ridiculously good for a 15 year old game.,199,113,1764738327.0,0.73,True,self.gaming
1pc2cho,gaming,One of the coolest moments in gaming history,13967,420,1764660592.0,0.96,False,i.redd.it
1pegz44,gaming,Star Wars Outlaws,0,7,1764895201.0,0.24,False,youtube.com
1pcbc85,gaming,"After 13 years in development hell, Routine is a singular sci-fi horror that solves Alien Isolation's biggest problems",1936,172,1764689281.0,0.94,False,pcgamesn.com
1pcn98l,gaming,"Every Winner of a Major ""Game of the Year"" Award since 2013 (TGA, TGJ, BAFTA, Steam, GDCA, and DICE) by Year",469,196,1764715959.0,0.89,True,self.gaming
1pc6riz,gaming,"Execs pushing AI are ""not the most humane or creative people,"" says Rockstar co-founder, comparing the tech to ""mad cow disease""",3460,177,1764677206.0,0.97,False,eurogamer.net
1pc6mkg,gaming,"Embark says moving from free-to-play made designing Arc Raiders ""drastically easier""",3440,385,1764676776.0,0.97,False,gamesindustry.biz
1pcirm0,gaming,Shovel Knight studio Yacht Club Games is ‘make or break’ and relying on its next game’s success,644,98,1764705624.0,0.96,False,videogameschronicle.com
1pd3ua5,gaming,Ever get an elderly family member to play a video game for the first time?,24,118,1764767722.0,0.67,True,self.gaming
1pe4nac,gaming,Repeat Timer Overlay for Counting Stuff in Game,0,1,1764866175.0,0.2,True,self.gaming
1pcxb0w,gaming,Red Dead Redemption is playable on Netflix and Mobile now.,78,169,1764744727.0,0.76,False,rockstargames.com
1pebir7,gaming,"Ever wonder what the next ""Genre-Defining"" game would be like?",0,59,1764881669.0,0.23,True,self.gaming
1pe91vn,gaming,Klozy4twenty Where R U?,0,18,1764875860.0,0.43,True,self.gaming
1pe4wap,gaming,Please suggest a game!,0,24,1764866753.0,0.18,True,self.gaming
1pcb5wi,gaming,Who gets to vote on the Game Awards? A map of all 153 publications in the 2025 Game Awards' Jury.,668,142,1764688883.0,0.92,False,i.redd.it
1pe7svc,gaming,"Call of Duty: Black Ops 7 topped downloads, PlayStation Blog",0,33,1764873107.0,0.3,False,blog.playstation.com
1pcbbgf,gaming,'Metroid Prime 4: Beyond' - Review Thread,470,376,1764689232.0,0.89,True,self.gaming
1pe9gv5,gaming,Is it Weird More Main Male Characters Die in Wow?,0,42,1764876809.0,0.28,True,self.gaming
1pcgexb,gaming,Is Clair Obscur the type of game you can play short sessions in occasionally or does it need longer dedicated sessions?,221,160,1764700433.0,0.79,True,self.gaming
1pe8dhm,gaming,Sony Rolling Out PS5 System Update — Here's What It Does - IGN,0,7,1764874362.0,0.1,False,ign.com
1pcbocb,gaming,I present the Toadster from my 1/12(6in) figure mashup of Mario and Mad Max,296,16,1764690049.0,0.96,False,i.redd.it
1pe3nz1,gaming,"God, I see what you've been doing for others. Can I have some?",0,23,1764863977.0,0.24,False,i.redd.it
1pbniw8,gaming,Can You Live a Normal Life in Cyberpunk 2077?,5816,390,1764620168.0,0.92,False,youtu.be
1pc5dxj,gaming,Splinter Cell Remake’s Original Director Returns to the Project After Leaving in 2022,203,34,1764672420.0,0.95,False,sea.ign.com
1pcdg8a,gaming,How the Witcher 3 helped me through some really tough times.,67,16,1764694039.0,0.7,True,self.gaming
1pdp4p6,gaming,What are you guys preferred drink or snack when playing a game?,0,249,1764818082.0,0.47,True,self.gaming
1pdnsla,gaming,is star wars fallen order good for non star wars fan?,0,38,1764814405.0,0.42,True,self.gaming
1pdu9na,gaming,Top Ten games and Apps I played this year,0,19,1764834811.0,0.18,True,self.gaming
1pc107w,gaming,"Captain America: Super Soldier, an insanely underrated Arkham Clone.",391,73,1764655741.0,0.87,False,i.redd.it
1pdqjnp,gaming,"How much more would you spend on a game if developers found a non-intrusive, but costly, anti-cheat solution?",0,35,1764822234.0,0.33,True,self.gaming
1pcaexr,gaming,Whats your go to game when your feeling overwhelmed?,64,321,1764687096.0,0.7,True,self.gaming
1pbn60h,gaming,Carnage night,1615,126,1764619341.0,0.96,False,i.redd.it
1pdjxf4,gaming,By what metric?!,0,10,1764804108.0,0.36,True,self.gaming
1pcaze0,gaming,What is the weirdest / most obscure game in your Steam library?,46,138,1764688457.0,0.73,True,self.gaming
1pc3yei,gaming,A game with a moving base?,131,166,1764666904.0,0.82,True,self.gaming
1pdkk7h,gaming,"The Forest and Subnautica are kind of the same game, in a good way.",0,7,1764805726.0,0.2,True,self.gaming
1pc0o02,gaming,Games with interesting backstory but bad/half-baked gameplay.,224,286,1764654623.0,0.89,True,self.gaming
1pdgp5v,gaming,Real Life ff7 G-bike (VRacer)PSVR2,0,1,1764796442.0,0.36,False,youtu.be
1pcqhbm,gaming,"What games do the best holiday or special ""events""",5,25,1764724285.0,0.58,True,self.gaming
1pdkj4l,gaming,Photogenic People in Saint Denis,0,10,1764805648.0,0.4,False,i.redd.it
1pbd4gm,gaming,What games successfully included their own verbage to make their universe feel alive and lived in?,3368,580,1764596645.0,0.96,True,self.gaming
1pcdp12,gaming,"Warhammer 40,000: Darktide - Hive Scum - Gameplay Trailer",19,10,1764694574.0,0.71,False,youtube.com
1pc0ev1,gaming,Trying to remember a title from my past and google hasn't been any help,136,73,1764653784.0,0.83,True,self.gaming
1pbn92u,gaming,"'God Of War' TV Series At Prime Video Has Begun Pre-Production And Casting. First Two Episodes To Be Directed By Emmy-Winning Director Frederick E.O. Toye (Shōgun, The Boys). Ronald D. Moore Is Showrunner, Writer &amp; Exec-Producer.",766,264,1764619532.0,0.91,False,deadline.com
1pdkpke,gaming,"Why, Nintendo? Why?!",0,16,1764806110.0,0.29,False,i.redd.it
1pda7km,gaming,What would you say is the most difficult game from each console/handheld generation?,0,59,1764782230.0,0.35,True,self.gaming
1pbqsr1,gaming,Marvel Cosmic Invasion: IGN Review,298,74,1764627674.0,0.9,False,ign.com
1pcfetm,gaming,So how has this gaming year gone for you? Games completed? Games you gave up on? Best game?,7,109,1764698287.0,0.55,True,self.gaming
1pcg3bj,gaming,Old games remembered with better graphics,8,83,1764699743.0,0.56,True,self.gaming
1pbdhn7,gaming,What is an RPG released in the last 3 years that is a sleeper hit? Any system/console.,1270,408,1764597610.0,0.93,True,self.gaming
1pdbwm0,gaming,"Sonic Unleashed could have been great if they did 1 thing only: make 1 Night stage for every 3 day stages instead of the 3 by 3 ratio. Fans were excited to try the Werehog but his stages are dragging, slow and can be boring (with how clunky it can be), so having that 3:1 would have balanced it out.",0,16,1764785850.0,0.25,False,i.redd.it
1pbfahy,gaming,Drew some Classic DoomGuy.,772,40,1764602020.0,0.97,False,i.redd.it
1pb7rg2,gaming,"After 10 years in storage, finally got my gaming stuff back",1818,117,1764578683.0,0.95,False,i.redd.it
1pbh55p,gaming,"'If You Think It's Just a Remake, You're Hugely Mistaken': Yakuza Kiwami 3 Has 'Major Hints' About Series' Future",417,58,1764606178.0,0.9,False,pushsquare.com
1pcys54,gaming,What is one game that you have seen the start of multiple times regardless of you playing or watching a YouTube/stream?,0,14,1764750269.0,0.4,True,self.gaming
1pcy8xp,gaming,What is the most purely fun and enjoyable game for you?,0,18,1764748208.0,0.25,True,self.gaming
1pbk9h0,gaming,Retro Studios cancelled game: Harmony,140,19,1764612989.0,0.8,False,i.redd.it
1pat0k6,gaming,"Fortnite fans are saying ""no to AI slop"" after spotting what they believe are AI-generated images in-game",8536,466,1764535645.0,0.92,False,eurogamer.net
1pb23nv,gaming,"Great Game, not perfect but definitely not Mid",1575,709,1764559663.0,0.7,False,i.redd.it
1pc7mg6,gaming,Miami in Video Games,2,4,1764679872.0,0.53,False,youtu.be
1pb903q,gaming,Black Friday Miracles do exist,412,44,1764583489.0,0.84,False,i.redd.it
1pcymkx,gaming,"Red Dead Redemption: Race, Revenge, and the Shifting Paradigms of Identity and Redemption",0,3,1764749649.0,0.24,False,youtu.be
1pcwn1n,gaming,Advice to listen to music while in voice chat?,0,13,1764742397.0,0.3,True,self.gaming
1palcij,gaming,"TIL - No Man's Sky has never won Steam's Labor of Love award, despite being nominated five times.",14100,884,1764517409.0,0.92,True,self.gaming
1pahpt6,gaming,"Valve artist responds to Epic Games CEO Tim Sweeney and more calling on Steam to drop the 'Made with AI' label: ""This is like saying food products shouldn't have their ingredients list... The only people afraid of this are the ones that know their product is low effort.""",53544,2138,1764507574.0,0.94,False,gamesradar.com
1pbqis5,gaming,Looking for a fun 3rd person shooter (PC),30,139,1764627020.0,0.66,True,self.gaming
1pcdqtd,gaming,Hell Let Loose - Smolensk - Update 19 Overview Trailer,3,1,1764694681.0,0.55,False,youtube.com
1pcsck2,gaming,Where are the unarmed combat games?,0,78,1764729407.0,0.42,True,self.gaming
1par3lo,gaming,"Digging for Christmas lights, found an old trove.",4041,206,1764531056.0,0.98,False,i.redd.it
1pb9spu,gaming,What’s your most time-consuming games top 3?,202,676,1764586436.0,0.73,True,self.gaming
1pbhy0t,gaming,Which game has/had character creation/customization better than the actual game?,67,64,1764607982.0,0.8,True,self.gaming
1pcq2nf,gaming,"If RDR can survive on mobile, maybe hundreds more can too",0,43,1764723189.0,0.44,False,i.redd.it
1pcywj3,gaming,"Assuming Clair Obscur: Expedition 33 clinches GOTY’25, which would be your Game of The Decade (GOTD)?",0,111,1764750754.0,0.25,True,self.gaming
1pcsxj6,gaming,Gang beast,0,6,1764731025.0,0.18,True,self.gaming
1paqrqj,gaming,"You said it, Dr Hildern! (FNV)",2638,52,1764530269.0,0.98,False,i.redd.it
1pb16li,gaming,I'm replaying Ocarina of Time for the first time a long while and I remembering how back in the day I always wanted to physically have certain items from games IRL.,568,110,1764557073.0,0.91,False,i.redd.it
1pbfsjg,gaming,Developer’s Confession II,56,20,1764603158.0,0.74,True,self.gaming
1pbp2fp,gaming,Co-Op games playable w one hand?,18,100,1764623679.0,0.59,True,self.gaming
1pcldrn,gaming,"Pick my next game from my backlog: Bioshock 1, Arkham City, Borderlands 1 or Ratchet &amp; Clank?",0,27,1764711530.0,0.35,True,self.gaming
1pcl3np,gaming,Resident Evil 2 - PS1 - Mr X as Michael Jackson,0,1,1764710885.0,0.35,True,self.gaming
1pcn3v6,gaming,I enjoy these games so much. What would you add to this and why?,0,2,1764715587.0,0.33,False,escapistmagazine.com
1paiwed,gaming,"‘I’d love to play her again’: Bayonetta actor Hale says she’d return, despite online ‘hate’ storm",2978,253,1764511052.0,0.95,False,videogameschronicle.com
1pawq8a,gaming,PacMan neon light found in Buenos Aires,356,21,1764544888.0,0.88,False,i.redd.it
1paozmc,gaming,The way this game did its credits at the end was amazing,845,97,1764526051.0,0.9,False,i.redd.it
1pcmftd,gaming,About 50 eur on PS in Norway atm.. Cheaper than standard edition....,0,13,1764714007.0,0.19,False,i.redd.it
1pcaba0,gaming,Atomic Heart could've been great but...,0,70,1764686849.0,0.46,True,self.gaming
1pcenip,gaming,Snubbed by the game awards,0,21,1764696658.0,0.21,True,self.gaming
1pb6429,gaming,Making Friends Monday! Share your game tags here!,32,20,1764572438.0,0.83,True,self.gaming
1patd72,gaming,What are some good strategy games where you control small but elite units?,178,181,1764536493.0,0.88,True,self.gaming
1pc4lrx,gaming,Could I get a metroidvania recommendation for Steam?,0,84,1764669465.0,0.41,True,self.gaming
1pc3ler,gaming,Guys...i need recommendations for coop games for more than 4 players (Ps5),0,45,1764665474.0,0.44,True,self.gaming
1pc49bw,gaming,This super cool Red Dead Redemption 2 rowing machine mod might be the only thing that could get me to work out,0,6,1764668097.0,0.39,False,pcgamer.com
1pceaow,gaming,MindsEye has a free trial! Could it dazzle you to buy the $80 version?,0,45,1764695892.0,0.1,False,store.steampowered.com
1pawoao,gaming,Some good games for when you’re taking a break from RPGs?,59,99,1764544747.0,0.79,True,self.gaming
1pahw3g,gaming,"Metal Gear’s producer says he’s undecided on future remakes, MGS4 would be ‘real challenge’ | VGC",354,91,1764508104.0,0.94,False,videogameschronicle.com
1p9z1q9,gaming,"The Witcher 4 Is The Start Of A New Trilogy That Is Planned To Be Fully Released Within 6 Years, Devs Say Their Expertise With Unreal Engine 5 Should Shorten Release Time",7760,727,1764448404.0,0.94,False,tweaktown.com
1pa90zz,gaming,"Any recommendation for ""Loot progression"" games, but solo focused? (Ex. Warframe, Deep Rock, most MMOs)",1010,549,1764476504.0,0.94,True,self.gaming
1p9v8sq,gaming,"EU moving to regulate loot boxes, pay to win and virtual currencies",5179,385,1764439013.0,0.98,False,euperspectives.eu
1pc5far,gaming,My game awards,0,11,1764672558.0,0.07,True,self.gaming
1pac8k6,gaming,many Sundays playing,341,33,1764487406.0,0.9,False,i.redd.it
1p9svkq,gaming,Gaming. The moment you realized you were exploring a map but not actually looking at the world.,3794,490,1764433184.0,0.94,True,self.gaming
1pc5tql,gaming,"after playing silksong, i am never buying a game blind again",0,103,1764673979.0,0.3,True,self.gaming
1p9xyp2,gaming,Gaming with Depression?,1477,561,1764445644.0,0.92,True,self.gaming
1pbrux2,gaming,Justin Lin to Direct ‘Helldivers’ Video Game Movie,0,26,1764630241.0,0.42,False,hollywoodreporter.com
1pbz3ev,gaming,Just impulse bought Alan Wake 1&amp;2 for some reason (Read Description),0,54,1764649657.0,0.35,False,i.redd.it
1p9noth,gaming,"Battlefield 6 says its anticheat has been a success, with data to prove it",4881,707,1764419007.0,0.95,False,windowscentral.com
1pbj5y3,gaming,How many games do you guys typically play at once?,0,80,1764610622.0,0.39,True,self.gaming
1p9vwf9,gaming,"Two Years After That Stunning Reveal, Light No Fire Still Only Has a 'Tiny' Team Working on It",901,128,1764440595.0,0.87,False,wccftech.com
1pbpjjg,gaming,What's a Game That changed your Life,0,75,1764624773.0,0.31,True,self.gaming
1paq45h,gaming,Best non-clicky controller for Xbox Series?,9,19,1764528719.0,0.59,True,self.gaming
1pbnceq,gaming,"Help choose next game to play?  RedDead2, Cyberpunk 2077, SpiderMan, Metro Series, RE Series, or Silent Hill 2",0,46,1764619752.0,0.31,True,self.gaming
1p9si87,gaming,This is pretty standard dialogue for a companion  in Warhammer 40k: Rogue Trader. Love my unhinged homies.,849,109,1764432255.0,0.92,False,i.redd.it
1p9miti,gaming,Hey guys. I find disco elysium  too intriguing but I can’t understand it. Everything read too poetic to the point I stop comprehending. Am I missing something!,1917,340,1764414964.0,0.89,True,self.gaming
1p9xki6,gaming,i finish time crisis 1 with 0 damage,308,37,1764444669.0,0.86,True,self.gaming
1pbopm5,gaming,Sick of Dan Houser takes.,0,44,1764622858.0,0.22,True,self.gaming
1pa3qyq,gaming,Is there a platform where you can sign up to translate (indie) games?,67,12,1764460836.0,0.8,True,self.gaming
1p9sbop,gaming,A Solid Space Flight Simulator,294,136,1764431799.0,0.77,False,i.redd.it
1pbiuuk,gaming,Time for comeback for Sega on the hardware side?,0,67,1764609960.0,0.15,True,self.gaming
1pba56b,gaming,Can you make a map of your life-video-game?,0,12,1764587628.0,0.27,True,self.gaming
1pbb0kb,gaming,"Fortnite Zero Hour Live Event Draws 10.5 Million Players, As Godzilla, King Kong, Iron Man and KPop Demon Hunters Unite For Avengers: Endgame-Style Finale",0,57,1764590597.0,0.31,False,ign.com
1pa3c7v,gaming,[Self post] What optimized features should I get for clear vision and comfort?,31,16,1764459706.0,0.75,True,self.gaming
1p94i9m,gaming,Got a copy of Metroid Prime 4 early,4834,441,1764359954.0,0.93,False,i.redd.it
1p9okmo,gaming,These two action-RPGs came out in the same year. One of these has one of the highest Metacritic scores of all time and was lauded for its breathtaking graphics. The other got negative reviews and was criticized for its visuals. Both developers are now owned by Microsoft.,159,82,1764421748.0,0.96,False,i.redd.it
1p8wgz0,gaming,Graph - total number of games on Steam since 2005,10206,319,1764340845.0,0.98,False,i.redd.it
1p9271n,gaming,CD Projekt's PC Game Storefront GOG Gets Behind Horses After Valve Steam Ban: 'Players Should Be Able to Choose the Experiences That Speak to Them' - IGN,4080,490,1764354413.0,0.93,False,ign.com
1pbohxt,gaming,"It’s rogueLIKE, not rogueLITE",0,99,1764622378.0,0.04,True,self.gaming
1paw1ob,gaming,Is there a collective list of the biggest financial flops in gaming history?,0,69,1764543144.0,0.44,True,self.gaming
1pa0pjf,gaming,Does anyone know of a recurring article in Game Informer where devs of a major game series would pitch an idea for another major game series?,16,1,1764452711.0,0.7,True,self.gaming
1p8vmgu,gaming,Dave The Diver Has Completely Flopped On Xbox With Poor Sales,5924,814,1764338649.0,0.95,False,trueachievements.com
1p9cboo,gaming,New Dead Rising game set in hollywood in development-MP1st,608,77,1764380555.0,0.96,False,mp1st.com
1pbacu8,gaming,"Fortnite added COD's ""pay F to respect"" meme where players can press a button to pay respect to the bus driver",0,26,1764588371.0,0.18,False,i.redd.it
1pat6ra,gaming,SHIB Ninja Gaiden 4 or Metal Gear Solid Snake Eater?,0,22,1764536059.0,0.38,True,self.gaming
1p91ncv,gaming,Hollow Knight: Silksong Dev Team Cherry Confirms It's Working on DLC — but It Doesn't Know When It Will Come Out,1928,179,1764353141.0,0.96,False,ign.com
1p984wo,gaming,Metroid Prime Remastered really is beautiful,843,102,1764369026.0,0.86,False,i.redd.it
1parhn1,gaming,"My backlog has been growing too much and I've been trying to tame it for a while, help me create a shortlist of must play games",0,60,1764531983.0,0.42,True,self.gaming
1p936te,gaming,"Winter gaming recommendation: Resident Evil Village (2021). Creepy, yet somehow cozy.",1158,98,1764356757.0,0.95,False,i.redd.it
1p9gqm9,gaming,"I'm sure a ton of posts have been made like this, but I just finished Clair Obscur and I'm feeling a certain way",153,97,1764393981.0,0.68,True,self.gaming
1pa98eb,gaming,A Jurassic World Evolution style game but with ice age creatures?,2,9,1764477153.0,0.52,True,self.gaming
1p9xeut,gaming,"My backlog spreadsheet (AKA, how I learned to love the bomb and stop worrying, AKA, a love letter to Daryl Talks Games)",11,24,1764444299.0,0.59,False,i.redd.it
1pabvce,gaming,Simple Questions Sunday!,0,30,1764486033.0,0.5,True,self.gaming
1p8tb8h,gaming,PS5 Roguelike Let It Die: Inferno Uses a Crapload of Generative AI,2612,407,1764331844.0,0.93,False,pushsquare.com
1pavhd2,gaming,The recent trend of open-structure narrative needs to die,0,70,1764541699.0,0.42,True,self.gaming
1p8wzds,gaming,"Hytale enters Early Access on January 13, 2026!",1343,162,1764342111.0,0.92,False,i.redd.it
1panlrb,gaming,Is a PS5 worth it when i have a good PC.,0,97,1764522834.0,0.39,True,self.gaming
1p8y6d7,gaming,Took me 5 tries but i finally figured out kenshi,615,90,1764345031.0,0.92,False,i.redd.it
1p97wxl,gaming,Non Co-op games that are fun to play co-op-ish (Spectating),161,177,1764368457.0,0.88,True,self.gaming
1pakc2c,gaming,"So what should I get, The Elder Scrolls IV: Oblivion deluxe edition or Fallout New Vegas.",0,38,1764514889.0,0.27,True,self.gaming
1pafwup,gaming,Just finished the PS5 platinum of the new Anniversary port.,0,2,1764501429.0,0.23,True,self.gaming
1p9imv6,gaming,4 player games on ps5 like phasmophobia,27,31,1764400551.0,0.7,True,self.gaming
1patpb7,gaming,steam isn't 'do nothing and win',0,37,1764537314.0,0.28,True,self.gaming
1p8sn88,gaming,What was the worst reviewed game that you actually enjoyed?,687,1372,1764329525.0,0.91,True,self.gaming
1pajts7,gaming,I'm so tired of games that have an onboarding of an hour or more to be fun. I'm so tired,0,123,1764513587.0,0.43,True,self.gaming
1p8hkxe,gaming,What's a video game quote so recognizable that the entire series can be represented by that one phrase?,4692,4539,1764290896.0,0.93,True,self.gaming
1p8x2ad,gaming,The church where I spent most of my youth.,315,23,1764342309.0,0.93,False,i.redd.it
1p91ws0,gaming,i love Zorro. Wish there was a good open world rpg based on Zorro,100,41,1764353747.0,0.81,True,self.gaming
1p8elap,gaming,Fortnite's Kill Bill Collab Takes the Pussy Out of the Pussy Wagon,3883,669,1764281901.0,0.92,False,pcgamer.com
1p8s0z1,gaming,Which game would you want to experience for the first time again if your mind were wiped of it?,353,964,1764327312.0,0.84,True,self.gaming
1p8dbi6,gaming,What game mechanic was not explained (not clear enough) so you missed using it until FAR too late in the game?,4054,1604,1764278296.0,0.97,True,self.gaming
1pa8583,gaming,What do you want to see as a vr game?,0,28,1764473725.0,0.33,True,self.gaming
1pa9pjr,gaming,Perfect game vs flawed game,0,29,1764478704.0,0.33,True,self.gaming
1packpx,gaming,"Once you go double back triggers on a controller, you just can't go back",0,16,1764488725.0,0.25,True,self.gaming
1pab7sx,gaming,Why are so many complex games so unbelievable poor at onboarding new players?,0,71,1764483645.0,0.39,True,self.gaming
1p82gw0,gaming,"This was confirmed by Capcom lead artist Akiman, referring to them as ""vertically elongated pixels"".",10963,230,1764250839.0,0.98,False,i.redd.it
1p8xfnc,gaming,What are some games that are pure roller coaster ride?,67,147,1764343223.0,0.78,True,self.gaming
1p8x69b,gaming,Memorable 'you might need an item in future to get past this' moments?,54,47,1764342579.0,0.76,True,self.gaming
1p834cj,gaming,"CD Projekt Red is slowly ramping up production of 'Cyberpunk 2'. As many as 400 devs are expected to be working on the game by 2028, due to 'The Witcher 4' team finishing up around 2027 and moving on to the Cyberpunk team.",4991,348,1764252606.0,0.97,False,thegamer.com
1pa2mww,gaming,Hands-On With The AYN Odin 3: The Future of Android Gaming?,0,8,1764457795.0,0.37,False,gardinerbryant.com
1paldnt,gaming,This game is the type of games that justify a $100 price tag and it's free. Goes to show how out of touch and behind certain Western studios have become.,0,69,1764517490.0,0.15,False,i.redd.it
1p9zglu,gaming,"The Last Of Us 2 on Grounded mode is genuinely one of the most tense, exhilirating and rewarding gaming experiences i've ever played through",0,11,1764449466.0,0.48,True,self.gaming
1p8x80t,gaming,I miss the old Xbox Magazine &amp; Demo Discs. The secret codes on them were so cool.,29,15,1764342697.0,0.75,True,self.gaming
1p9y7gc,gaming,Top 5/10 must play games from this list,0,51,1764446275.0,0.28,True,self.gaming
1p9xxc3,gaming,The Economist reveals ‘The Best Video Games of 2025’…,0,44,1764445550.0,0.43,True,self.gaming
1p8bdfi,gaming,Wizardry 1 really hates how I'm trying to speedrun it currently,638,59,1764273066.0,0.9,False,i.redd.it
1p8ieid,gaming,Any decent dungeon crawling/exploration RPGs out there that I may have missed?,196,155,1764293468.0,0.9,True,self.gaming
1p9v6wq,gaming,Would you prefer one $60 bigger (60h) game or 2x $30 smaller (30h each) games?,0,114,1764438886.0,0.46,True,self.gaming
1p8zvmb,gaming,Looking for new game to play,11,91,1764349055.0,0.58,True,self.gaming
1pa2pn0,gaming,World of Warcraft,0,40,1764457996.0,0.32,False,i.redd.it
1p7wwlf,gaming,"Nintendo has acquired Bandai Namco Singapore. Now renamed to ""Nintendo Studios Singapore""",2552,155,1764231403.0,0.97,False,nintendo.co.jp
1p83mav,gaming,The Mario balloon at the Macy's Thanksgiving Parade looks wonderful!,657,40,1764253905.0,0.92,False,i.redd.it
1p9n54v,gaming,Mike Aetherial has raised his previous record in Cult of the Lamb on PS5 to 460 followers,0,2,1764417197.0,0.33,False,youtube.com
1p9mzq4,gaming,I have this Ghost of Tsushima promotion display printed on PVC foam board. I got it a few years ago for free.,0,9,1764416660.0,0.43,False,i.redd.it
1p82udu,gaming,"MGS fans: This is my personal ""Definitive Edition"" board game.",450,44,1764251882.0,0.91,False,i.redd.it
1p7wqso,gaming,"S&amp;box, Garry's Mod' successor game engine that's based on Valve' Source 2 has gone open source",1293,61,1764230805.0,0.98,False,sbox.game
1p8bg79,gaming,4 Years ago a studio I applied to set me a technical test to recreate Asteroids. Since then I've had tons of fun evolving it into something more and today it launched on Nintendo Switch and Steam!,143,53,1764273265.0,0.87,False,i.redd.it
1p84d21,gaming,"The Blood of Dawnwalker's Freedom Is Closer to Fallout 1 &amp; 2 and Pen-and-Paper Games, Says Developer",320,36,1764255801.0,0.92,False,wccftech.com
1p9ie7m,gaming,Self Promotion Saturday! Small streamer? Just getting started? Tell us about it here!,0,10,1764399681.0,0.45,True,self.gaming
1p9vkec,gaming,"Finally bought it, lets see whats all the craze is about",0,31,1764439793.0,0.13,True,self.gaming
1p9jx08,gaming,Call of Duty Zombies fanart!,0,23,1764405218.0,0.47,False,i.redd.it
1p7m7je,gaming,"Besides the obvious big examples like No Man's Sky and Cyberpunk 2077, what are some other examples of games that were atrocious at launch but managed to eventually get good?",3703,1338,1764197778.0,0.94,True,self.gaming
1p9vkup,gaming,"I really, *really* dislike Persona/Exp33 style combat",0,93,1764439822.0,0.31,True,self.gaming
1p7dhj7,gaming,"CD Projekt Red announces that Cyberpunk 2077 has now surpassed 35 million copies sold, hitting the milestone faster than The Witcher 3 did",9470,639,1764177400.0,0.97,False,i.redd.it
1p9edk9,gaming,You are tasked with presenting ONE game to aliens to prevent an invasion.,0,62,1764386646.0,0.44,True,self.gaming
1p7pa56,gaming,I better see this absolute unit in Elder Scrolls 6,1576,146,1764206305.0,0.9,False,i.redd.it
1p7wl77,gaming,Dragon Quest creator Yuji Horii says he saw one major difference between his game and Final Fantasy,430,107,1764230245.0,0.92,False,videogameschronicle.com
1p8c4tk,gaming,Question for developers?,23,31,1764275051.0,0.62,True,self.gaming
1p7h0ct,gaming,Good games that have bad title names,1604,1074,1764185309.0,0.95,True,self.gaming
1p8odm6,gaming,Free Talk Friday!,1,30,1764313230.0,0.52,True,self.gaming
1p78goq,gaming,The tone of Star Wars Outlaws is jarring,3369,835,1764165661.0,0.88,True,self.gaming
1p7bpa8,gaming,"Ubisoft Defends Microtransactions, Saying They Pay For Assassin's Creed Updates",1882,668,1764173404.0,0.89,False,gamespot.com
1p92bz7,gaming,Defeating enemies slowly can be more fun,0,22,1764354738.0,0.41,True,self.gaming
1p7m67z,gaming,"After working on the FNAF series for 3 years, I'm now making my own horror game!",486,35,1764197682.0,0.9,False,i.redd.it
1p7tkna,gaming,90s Korean childhood games the West barely saw – Part 2: How to Be a Wizard,141,11,1764219788.0,0.89,False,i.redd.it
1p7du6f,gaming,Childhood Happiness Was A Free CD ROM Hidden In Your Cheerios,1173,93,1764178185.0,0.98,False,i.redd.it
1p75mfx,gaming,A lot of the gameplay mechanics that made Grand Theft Auto special are no longer considered impressive by modern-day standards and conventions which is probably why it's taking so long to make GTA6,3480,643,1764157341.0,0.86,True,self.gaming
1p7m3ru,gaming,"Still prefer physical copies, so I grabbed these two on sale each under 30$",390,89,1764197507.0,0.82,False,i.redd.it
1p78d1q,gaming,"Assassin's Creed is having a divisive month as fans love Mirage's free expansion while Shadows' Attack on Titan crossover lets them down: ""That was a complete waste of time""",1445,241,1764165407.0,0.94,False,gamesradar.com
1p7a3ic,gaming,Sega is aware its past “definitive version” releases could be deterring players from buying games at launch,1102,233,1764169699.0,0.97,False,automaton-media.com
1p8wk23,gaming,Best Lego PS5 game for 6-8yo?,0,16,1764341064.0,0.39,True,self.gaming
1p7tky8,gaming,Whats a game series you'd like to see switch genres or get developed by a different company?,83,259,1764219817.0,0.83,True,self.gaming
1p8w2nb,gaming,Gaming. Modern games feel more like living spaces than missions now.,0,50,1764339822.0,0.48,True,self.gaming
1p8ywfm,gaming,Eternal Darkness: a case of a game mechanic being hyped out of proportion,0,22,1764346754.0,0.38,True,self.gaming
1p89txc,gaming,High res retro gaming posters,5,14,1764269144.0,0.63,True,self.gaming
1p8yhfq,gaming,Would Nintendo act differently if it became a private company?,0,29,1764345770.0,0.15,True,self.gaming
1p8qtnj,gaming,"Haven't gamed in a while, any game recommendations to play?",0,54,1764322670.0,0.42,True,self.gaming
1p6reo0,gaming,Mysterious and omniscient characters are my favorite.,7579,541,1764111667.0,0.97,False,i.redd.it
1p88cgm,gaming,Cronos the New Dawn and recommendations,2,25,1764265487.0,0.53,True,self.gaming
1p7fcx8,gaming,Looking for a game kinda like XCOM on steamdeck,130,249,1764181573.0,0.89,True,self.gaming
1p6t5w1,gaming,most normal valkyria chronicles character,2787,183,1764116234.0,0.96,False,i.redd.it
1p72qnf,gaming,Guardians of the Galaxy was such a fun experience.,505,82,1764146463.0,0.89,True,self.gaming
1p893c9,gaming,Ayasa: Shadows of Silence - Official Launch Trailer,0,6,1764267296.0,0.47,False,youtube.com
1p8osvt,gaming,"Stick drift, is it mostly the user?",0,43,1764314786.0,0.32,True,self.gaming
1p8mdwq,gaming,Would someone be able to help explain the difference between 30FPS games?,0,60,1764306273.0,0.29,True,self.gaming
1p7j6bv,gaming,What is a PS3/Xbox 360 era game that you wish would be re-released for modern consoles?,25,218,1764190405.0,0.66,True,self.gaming
1p7ladb,gaming,Favorite Video Game Art books?,19,24,1764195468.0,0.76,True,self.gaming
1p6gfcu,gaming,"We often talk about Ludonarrative Dissonance and egregious examples (e.g., gameplay Nathan Drake being a mass murderer in Uncharted). What are some of the best examples of Ludonarrative Consistency being accomplished in games?",3585,1021,1764086914.0,0.94,True,self.gaming
1p68oek,gaming,Indie game developers have a new sales pitch: ‘AI free’,12082,805,1764064984.0,0.96,False,theverge.com
1p7ppni,gaming,Driving games that are like platformers?,7,32,1764207610.0,0.61,True,self.gaming
1p8ea2z,gaming,Finishing a game,0,42,1764280990.0,0.32,True,self.gaming
1p8fj5i,gaming,The whole EA thing,0,36,1764284653.0,0.24,True,self.gaming
1p6jnt8,gaming,Gaming. We talk about graphics and gameplay but never talk about the sound of footsteps.,692,286,1764094031.0,0.85,True,self.gaming
1p6a5pl,gaming,Battlefield 6 free trial is starting today and running until Dec 2.,2295,333,1764070398.0,0.92,False,neowin.net
1p6ji6l,gaming,‘Assassin’s Creed’: Toby Wallace To Star In Netflix Live-Action Series Based On Video Game,312,135,1764093696.0,0.84,False,deadline.com
1p8dj6v,gaming,Kojima is a genius,0,54,1764278887.0,0.32,False,i.redd.it
1p5t776,gaming,"Charlie Cox says ‘any nomination or credit’ for his role in 'Clair Obscur: Expedition 33' should go to Gustave’s motion capture artist: ""There's an amazing french actor by the name of Maxence Cazorla who did almost all of the motion capture for that role ... so all noms/credit should go to him""",17067,288,1764018423.0,0.98,False,ign.com
1p5zhzd,gaming,"Hollow Knight devs on why they wanted to make Silksong like Zelda 2: ""It's very hard to preserve mystery these days. People can’t quite have that same mystical experience when the guts of the thing are out on the internet in a day or two""",5160,294,1764034167.0,0.97,False,retbit.com
1p7wsz9,gaming,What’s the most insane clutch you’ve ever pulled off?,0,117,1764231027.0,0.45,True,self.gaming
1p69ibw,gaming,I made the Fallout New Vegas Skyline in Far Cry 5!,808,38,1764068102.0,0.95,False,i.redd.it
1p6ga8s,gaming,Space Marine 2 - Reclamation Update,311,53,1764086596.0,0.9,False,youtu.be
1p72eq5,gaming,Searching for a Game. Please Help.,14,13,1764145140.0,0.61,True,self.gaming
1p6e4y1,gaming,I played MGS3 for the first time recently and it inspired me to make some fan art,330,29,1764081661.0,0.86,False,i.redd.it
1p89hwa,gaming,I have ran out of games…,0,66,1764268300.0,0.14,True,self.gaming
1p5pd5m,gaming,"New research finds that the median price of best-selling new games on Steam has dropped in the past 2.5 years, with a notable increase in cheaper titles: ""Charging &gt;$25 is getting trickier, as players compare value to the $10-$15 indie titles""",11604,569,1764009863.0,0.99,False,gamesradar.com
1p6h4rd,gaming,"Finished playing through Baldur's Gate 3, Original Sin 2, and Gloomhaven with my brother. What other co-op, campaign style games exist?",155,130,1764088481.0,0.9,True,self.gaming
1p7skw5,gaming,A video I made about a game you get from buying candy.,0,3,1764216538.0,0.42,False,youtu.be
1p7r7im,gaming,Shader Compiling in the background outside of game?,0,16,1764212235.0,0.44,True,self.gaming
1p64381,gaming,Unbelievable!,814,56,1764047815.0,0.87,False,i.redd.it
1p81fl1,gaming,"I'm considering buying ""Assasin's Creed: Mirage"". Tell me why I'm wrong.",0,51,1764247836.0,0.13,True,self.gaming
1p7y1pm,gaming,I decrypted The Elder Scrolls 6!!! (/s),0,15,1764235815.0,0.24,True,self.gaming
1p5wl9v,gaming,‘Far Cry’ TV Series Set at FX From Noah Hawley and Rob Mac,1188,217,1764026414.0,0.95,False,variety.com
1p77612,gaming,Recommendations for my Dad?,2,49,1764162127.0,0.52,True,self.gaming
1p5syde,gaming,"Rebel Wolves' Director Reveals ""There's No Main Quest"" in Upcoming Game The Blood of Dawnwalker",1498,357,1764017863.0,0.96,False,gamesfuze.com
1p76fsn,gaming,"What's the better way to experience Ace attorney trilogy, in 3DS or steam?",1,16,1764160001.0,0.51,True,self.gaming
1p7paep,gaming,"If visual novels aren’t your thing, what turns you off about them?",0,80,1764206327.0,0.37,True,self.gaming
1p7tdkd,gaming,"Cannibalism is something I just cannot do , even in video games. U guys got any boundaries you can't cross , even in the video game world",0,157,1764219179.0,0.37,True,self.gaming
1p5cwgn,gaming,I actually can't believe how stunning Read Dead Redemption 2 still looks,7756,479,1763977475.0,0.93,False,i.redd.it
1p5n2zn,gaming,The Messages Rockstar Saw Before Firing 34 Union Members (People Make Games documentary),1432,290,1764004898.0,0.92,False,youtu.be
1p5m5bm,gaming,Prince Of Persia 2008 is underrated! It has aged really well,1432,257,1764002914.0,0.9,False,i.redd.it
1p5halq,gaming,"Rockstar co-founder Dan Houser is making a game set in the same world as his new novel about devs who create a ""self-loathing"" AI, and is ""dabbling"" with using real AI in its development",2327,212,1763991537.0,0.92,False,gamesradar.com
1p5r6js,gaming,Super Meat Boy carving by me,701,25,1764013887.0,0.98,False,i.redd.it
1p5du5h,gaming,"Dispatch is “freaking fantastic” and full of lessons, says 007 First Light developer",3177,155,1763980989.0,0.94,False,videogamer.com
1p7emo9,gaming,How much should a remake change in your opinion?,0,78,1764179952.0,0.31,True,self.gaming
1p5jz55,gaming,VTM: Bloodlines 2 Director did not want to call it Bloodlines 2.,904,116,1763998122.0,0.95,False,videogameschronicle.com
1p5ilgn,gaming,King Kong the game turns 20 years old.,955,256,1763994803.0,0.92,False,i.redd.it
1p7mbx3,gaming,"Why are ""real people"" still rare in video games?",0,85,1764198077.0,0.15,True,self.gaming
1p6uqoy,gaming,What brand would you recomend for an external SSD drive?,0,37,1764120569.0,0.49,True,self.gaming
1p7ccn5,gaming,Star Citizen just hit another big funding milestone and I’m really curious what everyone actually thinks about it.,0,122,1764174877.0,0.36,True,self.gaming
1p691g8,gaming,Train level,12,32,1764066372.0,0.64,True,self.gaming
1p7bh1d,gaming,Is it worth buying a Switch 2 if I have a PC and steam deck oled?,0,100,1764172897.0,0.24,True,self.gaming
1p74dk5,gaming,Is anyone doing b2g1 NEW games this black Friday?,0,5,1764152864.0,0.33,True,self.gaming
1p5og99,gaming,"Today, in Japan, marks the 15th Anniversary of the Danganronpa Series",194,59,1764007847.0,0.84,False,i.redd.it
1p56f3w,gaming,"Udo Kier, the actor of Yuri from Red Alert games has passed away",2953,139,1763954702.0,0.98,False,variety.com
1p5wcz5,gaming,Moonlighter 2 has been a hit for me,76,57,1764025851.0,0.74,True,self.gaming
1p59oko,gaming,Never gets old [Outer Worlds 2],1495,46,1763965247.0,0.93,False,i.redd.it
1p58j38,gaming,now that many people are talking about Metroidvanias i want to recommend this hidden gem,1383,260,1763961264.0,0.92,False,i.redd.it
1p5wfyd,gaming,Cleared Hot Shows Tastes Haven't Evolved Since 1992,49,8,1764026048.0,0.73,False,thegameslayer.com
1p751vc,gaming,This year has been great for gaming.,0,32,1764155322.0,0.34,True,self.gaming
1p69cik,gaming,What are the peak game design moments you've ever experienced?,3,65,1764067517.0,0.54,True,self.gaming
1p4t55x,gaming,I finally understand this game,7405,65,1763920422.0,0.99,False,i.redd.it
1p4s16r,gaming,I was today years old when I realised that this is foreshadowing in Half-Life,9019,276,1763917822.0,0.95,False,i.redd.it
1p740jf,gaming,Death Stranding 2 announced for PC at the Game Awards?,0,11,1764151492.0,0.32,True,self.gaming
1p518oi,gaming,"My worst gaming mistake: Xmas 2007. My grandmother gifted me The Orange Box. Younger me found the box art bland,  went to Walmart and returned it for Pirates of the Caribbean: At World's End",1925,185,1763940130.0,0.97,False,i.redd.it
1p6rue2,gaming,The Far Cry question,0,38,1764112780.0,0.41,True,self.gaming
1p6r6yc,gaming,Games with DnD or DnD-like combat but without heavy roleplaying?,0,66,1764111132.0,0.45,True,self.gaming
1p6x6g0,gaming,The GTA: Online expansions just keep on coming.,0,20,1764127574.0,0.33,True,self.gaming
1p4splo,gaming,I found a thing while looking through storage.,2613,360,1763919406.0,0.95,False,i.redd.it
1p4v4kw,gaming,"One of the greatest DLCs in gaming, 'Bloodborne: The Old Hunters' released 10 years ago today",1746,114,1763925082.0,0.9,False,i.redd.it
1p6rgud,gaming,Defend one of these video game villain in court or fight one,0,14,1764111821.0,0.2,True,self.gaming
1p4y7fy,gaming,"After years of waiting, it's time to SPLIT! TimeSplitters Rewind - Release Trailer (Early Access)",693,85,1763932563.0,0.94,False,youtube.com
1p6kkwm,gaming,Do you think Call of Duty will ever take a year off?,0,74,1764096033.0,0.35,True,self.gaming
1p4y2e4,gaming,Please give me that XCOM-like game I'm dreaming of !,456,460,1763932222.0,0.85,True,self.gaming
1p6n2r2,gaming,"Splitgate 2 Is Coming Out of Beta and Officially Relaunching in December on PS5, PS4",0,30,1764101517.0,0.37,False,pushsquare.com
1p4myva,gaming,Playing Skyrim Together in online co-op (PC),1015,85,1763905200.0,0.95,False,streamable.com
1p4tphu,gaming,Vermintide 2 is free on steam,392,53,1763921739.0,0.94,True,self.gaming
1p6n827,gaming,I've given up on GTA 6 ever coming out,0,56,1764101865.0,0.35,False,i.redd.it
1p6f3lj,gaming,Developer Controls Bird in Unreal Engine with His Hand,0,14,1764083927.0,0.3,False,80.lv
1p50bpv,gaming,Souls but not,104,272,1763937788.0,0.71,True,self.gaming
1p469cj,gaming,SimCity 4 still looks breathtaking and timeless released just 22 years ago!,10679,485,1763850912.0,0.96,False,i.redd.it
1p6osiu,gaming,When is ballers gate 3 on sale for a decent price?,0,52,1764105412.0,0.2,True,self.gaming
1p4v5ra,gaming,I think this ARC just stunted on me (ARC Raiders),149,8,1763925158.0,0.81,False,i.redd.it
1p6ax2k,gaming,What to buy? black friday sale on steam now,0,94,1764072902.0,0.34,True,self.gaming
1p6ixll,gaming,Should I go back to playing Hearthstone?,0,60,1764092446.0,0.14,True,self.gaming
1p4o7jx,gaming,I miss arcades.,328,180,1763908547.0,0.87,True,self.gaming
1p6a9a3,gaming,"COD was the #1 most played game in the US on Xbox and #2 on PlayStation for the week ending November 15, amid reports of plunging sales",0,44,1764070756.0,0.41,False,i.redd.it
1p66qfp,gaming,How Did Konami come back to games after years without development and make 3 games in the last few years that are pretty solid? Did they outsource? Did they spend a few years filling out internal development teams?,0,42,1764057388.0,0.31,True,self.gaming
1p690bh,gaming,"Difference between ""MMO"" and ""MMORPG"".",0,22,1764066252.0,0.22,True,self.gaming
1p6dcln,gaming,The Game Awards Nominees Reveal a Troubling Trend for Gaming,0,55,1764079708.0,0.14,False,cbr.com
1p67vm3,gaming,How much you think the steam machine gonna cost?,0,44,1764061860.0,0.21,True,self.gaming
1p5yahb,gaming,It’s been a tremendous year for existential gaming fans,0,33,1764030878.0,0.44,True,self.gaming
1p6cpvq,gaming,"When people say that a certain cutscene in a game made them cry, do they mean it?",0,90,1764078077.0,0.17,True,self.gaming
1p4jzb9,gaming,Run Like Hell was an absolute gem of a game.,141,57,1763895528.0,0.85,False,i.redd.it
1p3za6c,gaming,"007 First Light CEO is glad GTA 6 got delayed since now ""spring looks really good,"" but thinks Rockstar could help ""the industry as a whole"" once it finally ships its masterpiece",3009,276,1763833332.0,0.96,False,gamesradar.com
1p4c8uw,gaming,I made this drawing as a tribute to Shadow of the Erdtree… Thanks Fromsoft,494,28,1763868104.0,0.94,False,i.redd.it
1p47jy7,gaming,Deserves a Remake / Remaster. Especially considering the new Predator movie is a hit.,834,155,1763854399.0,0.9,False,i.redd.it
1p52tuv,gaming,Game Recommendations - wife loves: Indiana Jones Great Circle,3,44,1763944432.0,0.52,True,self.gaming
1p5w2oe,gaming,"Who is a game creator, besides Kojima, that you would consider an auteur?",0,99,1764025145.0,0.4,True,self.gaming
1p5t53l,gaming,No Mans Sky Update 6.018 Patch Notes (NMS 6.018) for PS5,0,4,1764018285.0,0.38,False,updatecrazy.com
1p53912,gaming,What game are you playing around Thanksgiving holiday?,6,104,1763945626.0,0.53,True,self.gaming
1p4399h,gaming,My first 360 circa 2011 (xbox),827,49,1763843118.0,0.95,False,i.redd.it
1p5qyvj,gaming,What do you think will be announced at the game awards this year?,0,70,1764013408.0,0.39,True,self.gaming
1p3y3zc,gaming,Cleaned my closet a little too hard,1078,47,1763830533.0,0.95,False,i.redd.it
1p49vvb,gaming,I'm replaying GTA V and it really is a treat to look at with ray tracing.,206,48,1763860977.0,0.72,False,i.redd.it
1p5mn3v,gaming,The First Descendant Season 3 Mad World - story has made strides,0,13,1764003955.0,0.22,False,youtube.com
1p5s6zz,gaming,Anyone Else Not Ready For PS6 &amp; Xbox's next platform?,0,134,1764016139.0,0.41,True,self.gaming
1p5od5h,gaming,Gaming. The one feature that should exist in every game by now but still does not.,0,76,1764007656.0,0.47,True,self.gaming
1p4a093,gaming,Roger Craig Smith talks voicing Ezio and the character's legacy.,173,31,1763861340.0,0.89,False,youtu.be
1p52ytb,gaming,What games do you guys think are the most immersive of all time?,0,58,1763944814.0,0.5,True,self.gaming
1p5z2mj,gaming,"After 12years, TLOU has been surpassed on my opinion as the best story ever in gaming, Welcoming CP77 Phantom Liberty... Heavy spoilers inside",0,40,1764032978.0,0.27,False,i.redd.it
1p5nj04,gaming,Is Arc Raiders game a solo teaming fiesta on EU servers?,0,19,1764005856.0,0.31,True,self.gaming
1p3x3x7,gaming,Made good use of the PS Store Black Friday sale i think,682,203,1763828144.0,0.79,False,i.redd.it
1p4bnt8,gaming,Target clearance coming through!,95,39,1763866340.0,0.76,False,i.redd.it
1p5acno,gaming,Making Friends Monday! Share your game tags here!,0,11,1763967622.0,0.48,True,self.gaming
1p4bld7,gaming,Game like Blue prince that can be played “couch coop”?,90,72,1763866122.0,0.78,True,self.gaming
1p5j32f,gaming,The most whelming game I've ever played,0,42,1763996003.0,0.43,False,i.redd.it
1p5wt2q,gaming,Dispatch - Why good gameplay isn't necessary for a good game,0,59,1764026964.0,0.18,False,i.redd.it
1p3zs51,gaming,What game has the coolest lore?,239,404,1763834517.0,0.84,True,self.gaming
1p5pi2t,gaming,Have y’all noticed that so many great games end in 3?,0,73,1764010175.0,0.2,True,self.gaming
1p3na5j,gaming,AI assets are an unconscionable risk for premium-priced games | Opinion,1193,176,1763796728.0,0.9,False,gamesindustry.biz
1p3xqpc,gaming,What dead games need a revival?,220,1452,1763829667.0,0.78,True,self.gaming
1p3r4kp,gaming,Opened a forgotten box while cleaning up and memories unlocked,549,41,1763811395.0,0.93,False,i.redd.it
1p598w6,gaming,Is The Oblivion Remaster Worth It On PS5?,0,50,1763963755.0,0.46,True,self.gaming
1p5ek99,gaming,Most optimized modern multiplayer games on PC?,0,55,1763983468.0,0.29,True,self.gaming
1p5arss,gaming,The Anomaly Hunt genre feels stagnant.,0,12,1763969196.0,0.26,True,self.gaming
1p35k84,gaming,Possibly the most difficult thing about gaming in the 90s,11776,1117,1763747972.0,0.98,False,i.redd.it
1p3z19f,gaming,Nothing beats a little nostalgia for a hot saturday,123,31,1763832744.0,0.89,False,i.redd.it
1p40bnd,gaming,"The Hundred Line: Last Defense Academy Developer Interview: Update on sales, future platforms, DLC, and post-launch support",95,10,1763835811.0,0.9,False,twistedvoxel.com
1p5bxdz,gaming,"Where Winds Meet Gifting Free Rewards to Players, Teases More Game Improvements",0,3,1763973646.0,0.38,False,gamerant.com
1p3cerw,gaming,Xbox Will Reportedly Either Increase Console Prices For A Third Time Or Stop Manufacturing New Stock Due To Severe Ram Shortage,3440,466,1763764122.0,0.97,False,thegamepost.com
1p3op6e,gaming,thought this was cool,477,12,1763802216.0,0.91,False,i.redd.it
1p4g73m,gaming,Simple Questions Sunday!,8,24,1763881221.0,0.73,True,self.gaming
1p5dx0x,gaming,PS5 or PS5 pro for console longevity?,0,53,1763981267.0,0.26,True,self.gaming
1p3bijq,gaming,"IO Interactive CEO Says ""We're Onto Something With Single Player Game-as-a-Service""",3013,408,1763761958.0,0.92,False,thisweekinvideogames.com
1p3tcs5,gaming,90s Korean childhood games the West barely saw – Part 1: Farland Saga,159,39,1763818436.0,0.87,False,i.redd.it
1p3ckfw,gaming,Vermintide2 is free to keep on steam,1840,69,1763764506.0,0.97,True,self.gaming
1p363wa,gaming,Call of Duty's sales are down more than 50% in europe versus BO6 (physical and digital). Sold 63% fewer copies than BF6 at launch,3838,289,1763749207.0,0.98,False,thegamebusiness.com
1p52wum,gaming,Crafting/Survival/Building games?,0,73,1763944665.0,0.41,True,self.gaming
1p3da8x,gaming,Happy Birthday Xbox 360,1440,134,1763766257.0,0.95,False,i.redd.it
1p2xc26,gaming,Borderlands 4's first DLC out today for free because it's thinner than Gearbox planned,5694,593,1763728131.0,0.96,False,polygon.com
1p40b2a,gaming,Donkey Konga 2004 GameCube commercial,18,1,1763835774.0,0.68,False,youtube.com
1p3de4y,gaming,Why take the stairs when you can take the elevator (ARC Raiders),690,18,1763766535.0,0.93,False,i.redd.it
1p31ga4,gaming,Hytale Price Revealed Ahead of Early Access Release,2222,330,1763738633.0,0.94,False,i.redd.it
1p2zj4e,gaming,Ubisoft Says Assassins Creed Shadows Is Over Performing Sales Expectations As They Generated $567 Million This Quarter Up 39% Year On Year,2469,654,1763734052.0,0.89,False,gamefile.news
1p43vj9,gaming,Looking for recommendations on an old-school style F2P FPS game similar to Crossfire or A.V.A?,6,17,1763844729.0,0.61,True,self.gaming
1p59w0c,gaming,"I’m not angry at the GOTY nominees, but these two deserve better",0,56,1763965986.0,0.19,False,i.redd.it
1p3na7c,gaming,How many games are you playing at the moment?,39,322,1763796734.0,0.65,True,self.gaming
1p2jghl,gaming,Just walk it off (Skate.),19859,229,1763683242.0,0.99,False,i.redd.it
1p3e9zj,gaming,Catching up with an old friend this evening...,141,36,1763768867.0,0.84,False,i.redd.it
1p31ely,gaming,Happy 35th anniversary to Super Mario World!,445,62,1763738525.0,0.95,False,i.redd.it
1p2xw3w,gaming,[RejectedShotgun] Rewatching Stargate right now and working on a Stargate-themed Halo mod is feeling REALLY GOOD today,670,85,1763729763.0,0.94,False,streamable.com
1p3fgm4,gaming,If a gamelauncher has the option to show as offline/invisible it should have the option to log in with said option enabled in the first place,70,51,1763771999.0,0.67,True,self.gaming
1p34lhp,gaming,What's the funniest game you've ever played?,261,695,1763745803.0,0.89,True,self.gaming
1p2tohj,gaming,"Ubisoft Results Delay Came After Sales Restatement, Loan Breach",1024,300,1763715132.0,0.94,False,bloomberg.com
1p4jybw,gaming,What game is not GOTY but you think it is?,0,67,1763895423.0,0.4,True,self.gaming
1p3fcwk,gaming,Of Ash and Steel - Indie Fantasy-Medieval RPG Launching on November 24th,59,29,1763771713.0,0.78,False,store.steampowered.com
1p33b7l,gaming,Resident Evil Requiem Producer Teases Characters 'Involved in the Raccoon City Incident' Are in the Game,215,73,1763742906.0,0.91,False,ign.com
1p4dibz,gaming,"If you were a head of a large game development studio, how would you manage / decide what games to create and not create in our current economic climate? [Discussion]",0,29,1763872048.0,0.38,True,self.gaming
1p25sju,gaming,"After 5 years and a ton of work, my nostalgic helicopter game is out today on Steam! (Cleared Hot) Thanks for giving me this shot, Reddit.",19600,1664,1763651891.0,0.98,False,i.redd.it
1p4mwe8,gaming,What does it mean if I compulsively cheat in SINGLE PLAYER video games and how do I stop?,0,112,1763904996.0,0.27,True,self.gaming
1p257du,gaming,I took a picture everywhere I sat in Silksong,16889,121,1763650486.0,0.97,False,i.redd.it
1p49m2m,gaming,"Hey guys, anyone know a game that has this:",0,9,1763860192.0,0.39,True,self.gaming
1p2codw,gaming,Clair Obscur: Expedition 33 Dominates With Seven Wins at Golden Joystick Awards 2025; Silksong and Ghost of Yotei also secure two each,3967,351,1763667226.0,0.96,False,wccftech.com
1p2r0wj,gaming,"In Korea, StarCraft: Brood War is still an esport – ASL is at 20 seasons",412,93,1763705093.0,0.95,True,self.gaming
1p2cfjm,gaming,"An Interview With Gabe Newell: ""We Don´t Really Worry About Piracy""",2273,630,1763666676.0,0.94,False,youtube.com
1p4bma8,gaming,How do I enjoy video games again?,0,178,1763866203.0,0.47,True,self.gaming
1p2870n,gaming,Battlefield 6 Just Had the Best Month of Sales in the U.S. of Any Game in the Last Three Years,2525,276,1763657360.0,0.94,False,ign.com
1p2wiuv,gaming,Name of the game? Please help.,55,21,1763725598.0,0.73,True,self.gaming
1p23j2g,gaming,Dispatch Has Sold 2 Million Copies,2935,224,1763646291.0,0.96,False,gamingbolt.com
1p2gx1p,gaming,Chef Kawasaki’s cursed “micro bikini” look from banned Kirby fangame sees resurgence in Air Rider’s custom Machine Market,558,28,1763676918.0,0.92,False,automaton-media.com
1p297av,gaming,Got these for 15 bucks each at Target.,1267,220,1763659596.0,0.89,False,i.redd.it
1p473zb,gaming,COD BO7 Zombies,0,6,1763853217.0,0.21,True,self.gaming
1p29uut,gaming,"With so many games including AI-generated images, keep your ears open for AI-generated music",1147,518,1763661106.0,0.82,True,self.gaming
1p4925r,gaming,GTA V...,0,8,1763858572.0,0.19,True,self.gaming
1p2kyc8,gaming,Designs inspired by the games i played in 2025 (Art by me),261,20,1763687158.0,0.95,False,i.redd.it
1p2ao8c,gaming,Zoopunk - Announce Extended Gameplay Trailer,870,255,1763662958.0,0.88,False,youtube.com
1p2eo9p,gaming,"""We are more effective than bigger teams"": Ahead of Blood of Dawnwalker's release next year, Rebel Wolves lead says he doesn't want the studio to grow",424,53,1763671782.0,0.95,False,gamesradar.com
1p40gcv,gaming,Why did Sony abandon the Bloodborne IP after the Old Hunters DLC launched?,0,109,1763836122.0,0.43,True,self.gaming
1p3x7d7,gaming,What are the chances Bethesda and Virtuos are working on Fallout 3 and NV?,0,29,1763828378.0,0.28,True,self.gaming
1p3mryy,gaming,Self Promotion Saturday! Small streamer? Just getting started? Tell us about it here!,0,23,1763794829.0,0.48,True,self.gaming
1p2au71,gaming,Tides of Annihilation | Mirror Combat Trailer,312,133,1763663335.0,0.86,False,youtube.com
1p3g22v,gaming,Help me find specific RPG,0,51,1763773630.0,0.5,True,self.gaming
1p3xy05,gaming,"Games are too Goal focused now, it makes it less fun than before.",0,43,1763830158.0,0.39,True,self.gaming
1p3f59i,gaming,Squad - Fireteam: A Brand New PvE Game mode,1,0,1763771142.0,0.52,False,joinsquad.com
1p3kye6,gaming,PS plus : extra or essentials ?,0,12,1763788418.0,0.46,True,self.gaming
1p3un6f,gaming,'Compiling Shaders' is the PC version of having to update every time you tried to launch a PS4 game,0,32,1763821903.0,0.34,True,self.gaming
1p2adtw,gaming,Vampire Crawlers coming day one with Xbox Game Pass in 2026,207,42,1763662295.0,0.79,False,youtube.com
1p2rybx,gaming,Free Talk Friday!,15,51,1763708430.0,0.72,True,self.gaming
1p3rho7,gaming,"Close enough, welcome back Cayde-6",0,7,1763812638.0,0.34,False,i.redd.it
1p2g2lx,gaming,Which story mode game worlds still feel alive after completing the game?,52,57,1763674973.0,0.71,True,self.gaming
1p2ci9f,gaming,Which video game contributed most to your taste in lyrical music?,77,154,1763666843.0,0.84,True,self.gaming
1p1f0uv,gaming,"LinusTechTips: “When I said I’m disappointed [Steam Machine] isn’t going to follow a console pricing model, Valve asked what I meant by console price and I said $500. Nobody said anything, but the energy in the room wasn’t great.”",10204,3788,1763575740.0,0.93,False,youtube.com
1p2efry,gaming,Total Chaos just released and you should definitely try playing it,40,153,1763671236.0,0.61,True,self.gaming
1p25lqa,gaming,"REANIMAL launches February 13, 2026",109,9,1763651443.0,0.94,False,gematsu.com
1p18fol,gaming,"Gabe Newell playing Half-Life in April 1998, 7 months before its launch. The game turns 27 today!",12889,237,1763560832.0,0.98,False,i.redd.it
1p2nr27,gaming,Varsapura - 31 Minutes Gameplay Demo | HoYoverse,5,46,1763694967.0,0.52,False,youtube.com
1p1ekq4,gaming,"EA Says Battlefield 6 Is ""The Best Selling Shooter Game Of The Year""",2558,567,1763574772.0,0.91,False,gamerant.com
1p3cvvg,gaming,IYO would you consider the Dead Rising game (Deluxe Remaster) a serious game or a lighthearted game? (See Below for more),0,9,1763765265.0,0.33,True,self.gaming
1p1b2iu,gaming,Toxic Gamer X Game Relationship list,2544,753,1763567036.0,0.85,False,i.redd.it
1p18pcd,gaming,Nintendo Wii is 19 years old today,2911,165,1763561487.0,0.97,False,i.redd.it
1p1llar,gaming,A game series you’re surprised is dead?,652,1296,1763590336.0,0.9,True,self.gaming
1p24sx6,gaming,Xbox Consoles Arent On Sale In The Xbox Black Friday Sale,29,192,1763649501.0,0.58,True,self.gaming
1p33p2l,gaming,How reliable is Target with pre-order bonuses?,0,18,1763743780.0,0.2,True,self.gaming
1p18wd3,gaming,Ubisoft will communicate on its earnings no later than 21st November.,1269,120,1763561957.0,0.96,False,staticctf.ubisoft.com
1p30i8d,gaming,Looking for an app that can rezise game windows,0,10,1763736446.0,0.35,True,self.gaming
1p32htu,gaming,A rant. Can we please stop misunderstanding Steam Charts?,0,39,1763741033.0,0.46,True,self.gaming
1p0yzo6,gaming,Half-Life fans are in a frenzy over the prospect of a Half-Life 3 announcement that there's (almost) no good reason to believe is happening,4626,521,1763529603.0,0.95,False,pcgamer.com
1p24fb3,gaming,Games like FTL/Shogun Showdown/Hades/Into the Breach?,11,82,1763648554.0,0.6,True,self.gaming
1p2ei7f,gaming,This Dino Has a Sword. That’s the Whole Game. (Dinoblade ) || Intermission 04,3,11,1763671391.0,0.53,False,youtu.be
1p0sf70,gaming,Twisted Metal II was not one for subtleties...,15665,409,1763510717.0,0.98,False,i.redd.it
1p1970n,gaming,Fatekeeper - Official Gameplay Reveal Trailer,723,158,1763562691.0,0.94,False,youtu.be
1p1mgqy,gaming,"Too Kyo Games Encouraged by Hundred Line Sales, Open to Switch 2 Upgrade and DLC",142,38,1763592444.0,0.87,False,twistedvoxel.com
1p23hjv,gaming,Adventure coop title,10,25,1763646176.0,0.63,True,self.gaming
1p186kf,gaming,Rest in peace Lady Bug. May you lie peacefully within Hallownest,584,19,1763560199.0,0.93,False,i.redd.it
1p18m3r,gaming,FF7 Remake Will Run In 1080p 30FPS On Switch 2 In Docked Mode,519,449,1763561266.0,0.86,False,famitsu.com
1p0ossu,gaming,"Megabonk Developer Withdraws Game From The Game Awards, Saying It Doesn't Qualify for Debut Indie - IGN",10492,855,1763501944.0,0.98,False,ign.com
1p1i0kw,gaming,"Pushing Halo 2 movement to the limit, 21 years later",130,39,1763582247.0,0.81,False,youtu.be
1p11ckk,gaming,Oldschool Runescape - new skill SAILING launches today!,1223,105,1763537923.0,0.93,False,secure.runescape.com
1p2wcld,gaming,Will there ever be another Dragon Age title?,0,60,1763725008.0,0.32,True,self.gaming
1p0xepc,gaming,Interplay Co-Founder and 'Trailblazing' Developer Rebecca Heineman Dies Aged 62 - IGN,1936,50,1763524614.0,0.92,False,ign.com
1p0lwhp,gaming,"""Maybe AI is a creative solution if you aren't a creative person"" - Dispatch devs take a firm, refreshing stance against AI",9661,686,1763495334.0,0.89,False,eurogamer.net
1p1jrdk,gaming,What’s a game you played that felt like a new era?,67,275,1763586180.0,0.78,True,self.gaming
1p1bv4z,gaming,Where have all the cover based third person linear single player shooters gone?,129,175,1763568816.0,0.76,True,self.gaming
1p1gbku,gaming,Phantom Brigade just launched its 2.0 update!,77,27,1763578480.0,0.82,False,youtube.com
1p1rf5w,gaming,Trying to find an old flash game about building a business on a street.,17,2,1763605605.0,0.73,True,self.gaming
1p19vqh,gaming,Tales of Berseria Remastered announced,135,135,1763564331.0,0.75,False,youtube.com
1p0s5jk,gaming,"Since 2000, 2.3 Billion Graphics Cards Have Been Sold, Worth a Staggering $482 Billion",1806,64,1763510036.0,0.96,False,pcgamer.com
1p1juk7,gaming,Warner Bros Sale — What Franchises Does This Actually Affect?,37,41,1763586378.0,0.7,True,self.gaming
1p0jns9,gaming,David Ellison’s Paramount Is Preparing A $71 Billion Bid With Three Arab Sovereign Wealth Funds To Acquire Warner Bros.,4591,207,1763490327.0,0.96,False,variety.com
1p0kqhm,gaming,These are the top rated roguelikes of 2025,3052,417,1763492695.0,0.91,False,i.redd.it
1p2f3qs,gaming,Dual wielding multiplayer and single player games?,0,14,1763672761.0,0.33,True,self.gaming
1p17suq,gaming,What is your favorite bug in a video game that made the game funnier or felt like a feature?,62,162,1763559210.0,0.8,True,self.gaming
1p2vg70,gaming,"I did a thing in Fortnite, victory Royal in no build, without ever having landed.",0,18,1763721842.0,0.08,True,self.gaming
1p2d2vh,gaming,can we have a serious talk about the long dark's dev's (Hinterland) sketchy practices?,0,83,1763668143.0,0.49,True,self.gaming
1p0r2rt,gaming,I thought that the TWISTED METAL television show on Peacock was a well received adaption -- was it not?,427,240,1763507295.0,0.8,True,self.gaming
1p2bokw,gaming,"I tried to sell them my ""barely used"" RX8 and they offered 75 cents. (Midnight Club LA)",0,8,1763665018.0,0.44,False,i.redd.it
1p26hjl,gaming,Are there back paddles for xbox controllers that dont replace the battery? Just clip on and off,0,12,1763653525.0,0.31,True,self.gaming
1p0hsyn,gaming,PlayStation 2025 Black Friday deals announced: Sony is taking $100 off PS5 consoles starting on Friday,839,236,1763486259.0,0.91,False,engadget.com
1p29eqg,gaming,Anyone else tired of the forced PvP stuff?,0,222,1763660071.0,0.49,True,self.gaming
1p0d4qo,gaming,Announcing Guild Wars Reforged!,984,266,1763475533.0,0.93,True,self.gaming
1p0ku7d,gaming,Peacock’s ‘Twisted Metal’ Renewed For Third Season With David Reed Set As New Showrunner,402,73,1763492923.0,0.94,False,deadline.com
1p0h2ma,gaming,NieR creator revealed that “a lot of projects I was involved in” were ultimately cancelled,586,38,1763484661.0,0.93,False,kitguru.net
1p0mumi,gaming,Gothic 1 Remake - Combat Changes since August 2025,215,21,1763497478.0,0.94,False,store.steampowered.com
1p0bh0u,gaming,Developer’s Confession,744,131,1763471304.0,0.9,True,self.gaming
1p0nqhj,gaming,"Happy 59th Birthday to my favorite game Director/Writer Tetsuya Takahashi, one of the founders of Monolithsoft",171,42,1763499539.0,0.88,False,i.redd.it
1p127e9,gaming,A little something about Jane's Longbow 2,20,32,1763541278.0,0.6,False,i.redd.it
1p00jhr,gaming,"Legendary game designer, programmer, Space Invaders champion, and LGBTQ trailblazer Rebecca Heineman has died",5040,115,1763434174.0,0.89,False,pcgamer.com
1p21hnh,gaming,Is there a name  for it?  Or a phrase to describe it,0,14,1763640495.0,0.24,True,self.gaming
1p0mkgr,gaming,"Warhammer 40,000: Darktide - Hive Scum Class Reveal",158,89,1763496828.0,0.81,False,youtube.com
1ozwyhz,gaming,Subnautica 2 publisher Krafton allegedly looked to ChatGPT to figure out how to not pay that $250 million bonus,7081,347,1763424491.0,0.97,False,rockpapershotgun.com
1p0msow,gaming,No Rest for the Wicked - First Co-op Closed Beta Test Sign up,144,43,1763497353.0,0.81,False,store.steampowered.com
1p0mixo,gaming,The Lord of the Rings: Return to Moria™ - Durin's Folk Launch Trailer,125,31,1763496736.0,0.78,False,youtube.com
1p20qqp,gaming,What should be on the Mount Rushmore of Video Games based on movies?,0,20,1763638045.0,0.24,True,self.gaming
1p0kt7o,gaming,Trailer - Hypernet Explorer,88,33,1763492861.0,0.86,False,youtube.com
1p06rso,gaming,I recreated that time my bro bought a broken TV from a dodgy guy in a B&amp;Q car park... in Far Cry 5!,527,21,1763455043.0,0.92,False,i.redd.it
1p09pr3,gaming,The Game Awards site is so broken,296,183,1763466041.0,0.77,True,self.gaming
1ozy5aa,gaming,[Indiana Jones] Someone should probably take down that sign,1806,57,1763427615.0,0.97,False,i.redd.it
1p1z5sl,gaming,Am I weird for not liking Dispatch?,0,49,1763632186.0,0.39,True,self.gaming
1ozhl6b,gaming,First photos of Link and Zelda in 'The Legend of Zelda' live-action movie released,19871,1840,1763389422.0,0.95,False,i.redd.it
1p05cjd,gaming,Expedition 33 nomination on best indie is ridiculous.,512,278,1763449490.0,0.81,True,self.gaming
1p1v4zp,gaming,Only 29%???,0,62,1763616907.0,0.4,True,self.gaming
1p1t4gb,gaming,You know what game needs a sequel?,0,23,1763610513.0,0.36,True,self.gaming
1p27xef,gaming,"It's not a bad game, it's just a bad COD game",0,37,1763656746.0,0.12,True,self.gaming
1p0mdce,gaming,Mount &amp; Blade II: Bannerlord – War Sails - Khuzaits vs Nords Naval Battle Showcase,38,2,1763496379.0,0.89,False,youtube.com
1oznchm,gaming,Hypixel Studios has acquired Hytale from Riot Games,4358,181,1763402507.0,0.98,False,hytale.com
1p1uygc,gaming,BO7 ruined COD for me,0,58,1763616274.0,0.43,True,self.gaming
1p0ilcp,gaming,"GameStop announces ""trade anything day""",47,113,1763487984.0,0.73,False,gamespot.com
1p1v92h,gaming,"Unity and Epic Games Together Advance the Open, Interoperable Future for Video Gaming",0,12,1763617281.0,0.32,False,unrealengine.com
1p0mqqd,gaming,Solasta II - Uncovering the World Map,25,5,1763497226.0,0.82,False,store.steampowered.com
1ozv6rq,gaming,"Explosive Unknown Worlds lawsuit filing claims Krafton created secret task force to ""execute a takeover""",1219,97,1763420074.0,0.97,False,gamesindustry.biz
1p0n8mc,gaming,I bet he still wants his hat back! [SpongeBob SquarePants: Titans of the Tide],19,5,1763498408.0,0.71,False,i.redd.it
1ozt7ov,gaming,I just realized that Warner is probably the most useless company in the gaming industry,1046,231,1763415457.0,0.88,True,self.gaming
1ozh606,gaming,"More players in the UK, US and Japan still prefer single-player games to multiplayer, survey finds | VGC",3592,253,1763388360.0,0.98,False,videogameschronicle.com
1ozdmk0,gaming,US Congressman Calls For AI Regulations After Call Of Duty: Black Ops 7 Debate,6462,335,1763378092.0,0.97,False,gamespot.com
1ozjtey,gaming,"Nier Automata Creator Yoko Taro Says He Hasnt Just Been Doing Nothing This Whole Time: ""I Often Get Told Stuff Like ""Why Aren’t You Making A New Sequel To NieR"" Or ""Yoko Taro Isn’t Doing Anything"", But That’s Because Recently, A Lot Of Projects I was Involved In Got Cancelled Midway In Development""",2243,114,1763394683.0,0.98,False,automaton-media.com
1oz9iyl,gaming,Highest-Selling Video Games Of All Time,16816,1429,1763362378.0,0.95,False,i.redd.it
1p0lg9k,gaming,Best games to 'pick up and play'?,13,113,1763494306.0,0.63,True,self.gaming
1ozgcwg,gaming,"Ubisoft admits AI-generated loading screen ""slipped through"" into final build of Anno 117: Pax Romana",2918,287,1763386330.0,0.95,False,eurogamer.net
1p1gvrb,gaming,"Wildgate: Emergence Season Update - Out Now (New Modes, Free Weekend November 20-24 on Steam/Xbox, Free Trial, &amp; Upcoming 50% Sales)",0,20,1763579706.0,0.45,False,youtu.be
1p1iu0y,gaming,"Older gamers (30-35+), what would you say is your ""claim to fame"" when it comes to gaming? What do you think you are better than the average person at?",0,68,1763584051.0,0.38,True,self.gaming
1ozpuhz,gaming,Remember when Snoop Dogg used to be a final boss fight?,840,108,1763407931.0,0.93,False,i.redd.it
1p1aj8u,gaming,The moment a game made you feel like you were not playing anymore but living inside it.,0,39,1763565831.0,0.45,True,self.gaming
1p1jem6,gaming,What are the biggest snubs for The Game Awards?,0,50,1763585372.0,0.3,True,self.gaming
1p0z0se,gaming,Question about modern old school adventure games,0,15,1763529699.0,0.5,True,self.gaming
1ozgrtv,gaming,"With The Game Awards 2025 nominees coming out in a few hours, let's take a quick look back at this standout year for gaming that had a little bit of amazing for everyone.",1446,667,1763387393.0,0.88,False,i.redd.it
1p1unkz,gaming,Are there any games that actually let you simulate having sex via actual gameplay and not a cutscene?,0,37,1763615262.0,0.14,True,self.gaming
1oze6uz,gaming,Former Activision CEO Bobby Kotick Says Company Nearly Purchased Minecraft,1938,205,1763380062.0,0.93,False,thisweekinvideogames.com
1p01k0q,gaming,"A little late but I'm only now playing Mafia 3 and aside from the lack of polish and the bugs, (which I thought they would fix in this definitive edition) I'm not finding the game as bad as some people say",97,146,1763437039.0,0.66,False,i.redd.it
1ozm2rx,gaming,"Xbox President Discusses The Future Of Xbox: ""Hardware Is Absolutely Core To Everything We Do At Xbox. Our Most Valuable Players Love The Hardware Experience.""",627,291,1763399725.0,0.85,False,windowscentral.com
1p0l0r7,gaming,Modern Arcade Sports Games Recommendations,6,16,1763493334.0,0.75,True,self.gaming
1p1gx2f,gaming,Ghost of Yotei is getting NG+,0,5,1763579787.0,0.26,False,blog.playstation.com
1p1c4p6,gaming,What's your take on the common debate whether a new game is a legitimate game in the series,0,34,1763569397.0,0.35,True,self.gaming
1p1ku1v,gaming,A “perfect” anti-cheat is created… but for Linux. Would the industry switch?,0,60,1763588595.0,0.29,True,self.gaming
1p0nsh8,gaming,Can someone explain to me how Clair Obscur E33 is an indie game?,0,299,1763499658.0,0.5,True,self.gaming
1p14yt3,gaming,Unity And Epic Announce Partnership To Publish Games In Fortnite,0,69,1763550982.0,0.44,False,gamesindustry.biz
1p1ckul,gaming,Wanna feel old? Only read if you’re ready…,0,31,1763570383.0,0.36,False,i.redd.it
1p1j6lv,gaming,Is my personal Top-10 All Time a bit more obscure than most?,0,32,1763584848.0,0.08,True,self.gaming
1oztgx7,gaming,Hytale - Zone 3 Teaser,139,57,1763416038.0,0.81,False,youtube.com
1ozcwfi,gaming,the NPCs in Where Winds Meet are actually AI chatbots...,1057,366,1763375529.0,0.81,True,self.gaming
1ozm6gm,gaming,S.T.A.L.K.E.R. 2 Expedition Showcase - Update 1.7,286,110,1763399955.0,0.87,False,youtube.com
1p15dxq,gaming,"What could be Valve cooking as ""Killer App"" for their upcoming platforms?",0,25,1763552326.0,0.3,True,self.gaming
1ozgfon,gaming,Dispatch is incredible and made me realize how much I've missed playing telltale games,495,94,1763386524.0,0.86,True,self.gaming
1ozarw4,gaming,Resident Evil Requiem producer says there are ‘some remaining elements’ from when it started as a multiplayer game,1211,135,1763367177.0,0.96,False,videogameschronicle.com
1ozrgul,gaming,What's a game you wish you could play for the first time again,93,610,1763411529.0,0.71,True,self.gaming
1oyuqsb,gaming,"Gabe Newell caps off Steam Machine week by taking delivery of a new $500 million superyacht with a submarine garage, on-board hospital and 15 gaming PCs",13576,2198,1763321452.0,0.94,False,pcgamer.com
1p1344z,gaming,What are the current most expensive skins/items/etc in games at the moment? What’s the most expensive one you own?,0,12,1763544603.0,0.14,True,self.gaming
1p06kt1,gaming,Game-lore Podcasts,8,8,1763454273.0,0.64,True,self.gaming
1p0105u,gaming,Teyon needs to do a Judge Dredd game,25,25,1763435466.0,0.75,True,self.gaming
1p0ydqi,gaming,Hardest bosses in gaming?,0,127,1763527617.0,0.42,True,self.gaming
1p159ud,gaming,Achievements are ruining me,0,33,1763551976.0,0.32,True,self.gaming
1p1cvei,gaming,Are we seriously pretending our GOTY vote actually matters? 🤔,0,138,1763571018.0,0.31,True,self.gaming
1p12dmr,gaming,Love is a Long Road - GTA6,0,2,1763541974.0,0.22,True,self.gaming
1oyvrku,gaming,Slice of life: My wife just shocked me and I don't know how to process it,3919,189,1763323819.0,0.91,True,self.gaming
1p0u9q5,gaming,How come there had not been a new twisted metal game in over 13 years?,0,24,1763515711.0,0.45,True,self.gaming
1p0u1aj,gaming,16 MINUTES OF NEW GAMEPLAY (COMBAT- ENEMIES) OF THE CURRENT HYTALE BUILD,0,50,1763515057.0,0.47,False,youtu.be
1oz7uq2,gaming,"Over a decade of dead games, some hurt more than others. Pouring one out for the dead homies tonight.",654,630,1763356521.0,0.81,False,i.redd.it
1p0uzma,gaming,"AMA: We’re Pathea Games, creators of Superball, a fast-paced street-sports game set in a stylish cyberpunk world. Ask Us Anything about our new F2P online multiplayer title!",0,30,1763517685.0,0.5,True,self.gaming
1p0tah0,gaming,"Which game, in your opinion, has the best free-to-earn cosmetics?",0,16,1763513046.0,0.35,True,self.gaming
1oz20b9,gaming,"Man, I forgot how difficult this game was",969,149,1763339447.0,0.93,False,i.redd.it
1p0szgq,gaming,BG3 Local Coop question...,0,10,1763512231.0,0.32,False,i.redd.it
1p0qwmp,gaming,Video Games With Awesome Feeling Progression?,0,25,1763506877.0,0.32,True,self.gaming
1oyx175,gaming,Morrowind Seyda Neen oil painting by me,1395,50,1763326827.0,0.98,False,i.redd.it
1p0rsad,gaming,The game awards website bricks my browser and PC,0,8,1763509082.0,0.32,True,self.gaming
1oz9m7d,gaming,Visiting the parents,189,36,1763362727.0,0.88,False,i.redd.it
1p0vuo7,gaming,Was THPS the first to have licensed music?,0,35,1763520113.0,0.2,True,self.gaming
1p0le18,gaming,Help with Game recommendations,0,2,1763494164.0,0.36,True,self.gaming
1oykafh,gaming,"Escape From Tarkov players slam Steam launch: ""It is not a game. It is a cosmic punishment""",4364,783,1763295408.0,0.93,False,eurogamer.net
1oypacy,gaming,Half-Life 2 turns 21 today,2047,156,1763308710.0,0.96,False,i.redd.it
1oynqw5,gaming,How hard is it to keep the word on one line - Where Winds Meet,2472,202,1763304956.0,0.95,False,i.redd.it
1oz0uwp,gaming,Someone make a Bigfoot game that is a stealth evasion game with abilities that let you partially evade photography and steal camping gear in order to make an ultimate Bigfoot pad.,342,35,1763336314.0,0.85,True,self.gaming
1p0j62q,gaming,"So, seeing how Black Ops 7 isn't doing so well, I actually want to shine a light on a few aspects of said failure that have been barelly brought up.",0,61,1763489241.0,0.42,True,self.gaming
1p0jq1h,gaming,"What do you guys like better, Steam Deck or ROG Ally?",0,37,1763490467.0,0.3,True,self.gaming
1p0pspb,gaming,Characters having celebrities' likeness is extremely immersion breaking.,0,31,1763504244.0,0.37,True,self.gaming
1ozgmfv,gaming,Gaming Podcasts,23,87,1763387011.0,0.69,True,self.gaming
1oywfsm,gaming,Having some fun in Rivals new free mode.,383,10,1763325404.0,0.85,False,i.redd.it
1p0tsl5,gaming,The E33 nominations are crazy,0,46,1763514402.0,0.26,True,self.gaming
1oybtm4,gaming,I think i downloaded the wrong COD BO7,8904,173,1763265521.0,0.97,False,i.redd.it
1p0jxsu,gaming,Lord have mercy,0,16,1763490950.0,0.45,False,i.redd.it
1ozs40z,gaming,Question about visual health systems in video games,3,27,1763412993.0,0.54,True,self.gaming
1p0ar93,gaming,Obscure 2 - Key to the brotherhood shelf,0,5,1763469285.0,0.33,True,self.gaming
1p0hltw,gaming,Ghost of Yotei Has the Most Category Nominations without a GOTY Nomination in The Game Awards History,0,119,1763485815.0,0.43,False,i.redd.it
1oyfpse,gaming,"Concord, one of the most infamous videogame flops of all time, may already be flopping again as Sony brings the hammer down on revival mod",2691,213,1763278848.0,0.95,False,pcgamer.com
1oydn1f,gaming,Black Ops 7's egregious use of AI makes me extremely depressed.,3086,713,1763271427.0,0.88,True,self.gaming
1oye4j8,gaming,Nintendo says it has 'no intention' of blocking third-party Switch 2 docks following firmware update that stopped them from working — accessory makers scramble to deploy workaround,2558,210,1763273098.0,0.97,False,tomshardware.com
1p0jm5o,gaming,Can someone tell me who is in the right with the Rockstar situation?,0,50,1763490226.0,0.13,True,self.gaming
1p0jdvo,gaming,We need a better term than DLC,0,33,1763489716.0,0.27,True,self.gaming
1oy71na,gaming,Half-Life 3 Hopes Reignited as Insiders Suggest Another Big Announcement from Valve is Coming Soon,6747,813,1763251595.0,0.97,False,wccftech.com
1p0kli6,gaming,Valve ruins a game's sales again after apologizing for ruining its sales the first time,0,17,1763492399.0,0.23,False,polygon.com
1p0hsut,gaming,"Rockstar Games Might Release Grand Theft Auto 6 on Nintendo Switch 2, Insider Claims",0,32,1763486252.0,0.23,False,gamesfuze.com
1p09ddc,gaming,"Oh, I wish I could go back to school now and just shoot a slingshot instead of all this",0,11,1763464877.0,0.43,False,i.redd.it
1ozad9i,gaming,Switch 2 from Germany (or other country) to Finland,13,54,1763365579.0,0.61,True,self.gaming
1ozbqqx,gaming,What’s your highest amount of hours put into any single game?,8,436,1763371045.0,0.53,True,self.gaming
1p04i5v,gaming,MORSELS - What will you play on?,0,8,1763446463.0,0.35,True,self.gaming
1oz5h04,gaming,Your favorite dead game?,19,281,1763349151.0,0.66,True,self.gaming
1p07l4d,gaming,"Who actually decides on ""The Game Awards"" winners and why you shouldn't care too much.",0,97,1763458243.0,0.42,True,self.gaming
1p03zn0,gaming,Personally was hoping for any of these to get representation at TGA this year,0,29,1763444683.0,0.44,False,i.redd.it
1ozzbtj,gaming,"I just had my first ""I'm too old for this"" moment in gaming.",0,20,1763430863.0,0.46,True,self.gaming
1p02af9,gaming,Can’t join Discord calls while in certain games,0,5,1763439195.0,0.17,True,self.gaming
1p00vwb,gaming,Good channels for game recommendations/releases?,0,2,1763435128.0,0.25,True,self.gaming
1oybfos,gaming,Introducing my five-year-old into gaming and found use for my wife’s old Switch Light that we haven’t turned on in over five years.,988,78,1763264319.0,0.9,False,i.redd.it
1p09t6i,gaming,"Dear Santa , for xmas can I get fallout 76 / star wars the old republic hybrid. K thanks",0,18,1763466356.0,0.15,True,self.gaming
1oymvgw,gaming,What are the best games/levels with a snow aesthetic?,105,311,1763302736.0,0.85,True,self.gaming
1ozzabw,gaming,What do you consider an Indie Game?,0,7,1763430744.0,0.29,True,self.gaming
1oz1wwe,gaming,"I tell you what, a remake of Die By the Sword, with the relevant mouse physics, would be extremely fundable.",12,10,1763339189.0,0.61,True,self.gaming
1p01ffe,gaming,"Anyone else remember when games came out and you just played them, Or didn't, and that was it?",0,13,1763436664.0,0.3,True,self.gaming
1ozvm41,gaming,Did Cronos the New Dawn completely flop?,0,3,1763421104.0,0.2,True,self.gaming
1ozx35h,gaming,"I feel like we should reevaluate the meaning of ""indie"" or add something in between for awards",0,42,1763424827.0,0.47,True,self.gaming
1p0lbw0,gaming,No. Expedition 33 does not have a “good story.” It has competent writing glued to a trash narrative.,0,488,1763494028.0,0.18,True,self.gaming
1oxpury,gaming,"Black Ops 7's launch day Steam player count is significantly lower than last year's Call of Duty, suggesting Arc Raiders and Battlefield 6 ate a hefty portion of its lunch",6131,818,1763207677.0,0.96,False,pcgamer.com
1ozx1q9,gaming,I want a team and objective based extraction shooter.,0,6,1763424725.0,0.21,True,self.gaming
1ozuigi,gaming,Are we getting another Silent Hill game???,0,9,1763418473.0,0.32,False,youtube.com
1ozuw43,gaming,When did FPS titles stop using the real names for the weaponry?,0,44,1763419365.0,0.36,True,self.gaming
1ozoou6,gaming,What's your go-to gaming podcast?,0,70,1763405378.0,0.48,True,self.gaming
1oyyn1n,gaming,When creating a character do you have a go to look?,7,35,1763330734.0,0.65,True,self.gaming
1ozns5p,gaming,Thorns builds in gaming,0,40,1763403429.0,0.42,True,self.gaming
1oxus7q,gaming,"Saints Row Creator Says It's ""Impossible"" To Compete With GTA, But You Can Be Number Two",1751,450,1763221232.0,0.91,False,thegamer.com
1oyhli2,gaming,Skill-based magic system,51,122,1763285947.0,0.68,True,self.gaming
1oz9n8c,gaming,Making Friends Monday! Share your game tags here!,1,12,1763362827.0,0.52,True,self.gaming
1oznqwp,gaming,I have a friend who doesn't play so much. We bought him the ps5 for his birthday. Any recommendation?,0,19,1763403355.0,0.27,True,self.gaming
1oxs8sz,gaming,Bungie's Year-Long Copyright Lawsuit Comes to a Close as Involved Parties Agreed to Settle,1029,59,1763214749.0,0.96,False,gamesfuze.com
1oxu2hl,gaming,"Hello old friend, it’s been a while. I hope you’re well.",749,129,1763219473.0,0.92,False,i.redd.it
1ozrx3j,gaming,"Rule of Thumb: If a game Has fishing, It’s probably a masterpiece",0,35,1763412548.0,0.32,True,self.gaming
1ozhea8,gaming,Ground Branch,0,8,1763388952.0,0.2,True,self.gaming
1ozhd9d,gaming,2025 has had one one of the best video game lineups in a while. Which other years do you think beat or compare in quality?,0,19,1763388878.0,0.29,True,self.gaming
1oy6rpf,gaming,What's one video game you are surprised review badly?,127,481,1763250847.0,0.76,True,self.gaming
1oxwrew,gaming,Are you part of the target market for the GabeCube?,370,727,1763225901.0,0.75,True,self.gaming
1ozrua9,gaming,Ign pushing Ubisoft total bs,0,21,1763412378.0,0.24,False,ign.com
1oxksdh,gaming,"Xbox Ally in great demand, ASUS expects to make up to $160 million from handhelds and ramps up production",1839,375,1763188883.0,0.93,False,tweaktown.com
1ozsoiy,gaming,If Gabe cube makes half life 3 an exclusive….will it show Xbox how badly they fumbled after xbox360?,0,64,1763414275.0,0.22,True,self.gaming
1ozq1u4,gaming,Unpopular Opinion: Expedition 33 Is Good But Not the Masterpiece People Call It,0,261,1763408397.0,0.45,True,self.gaming
1oy92pk,gaming,Terrible Birthday Campaign (CoD:BLOPS 7),45,48,1763257256.0,0.61,True,self.gaming
1ozngei,gaming,Why are so many obsessed with ‘bangers’?,0,60,1763402741.0,0.27,True,self.gaming
1oxmw3e,gaming,Knack turns 12 babyyy!!!🎂🎈🎉🎊,888,64,1763196715.0,0.9,False,i.redd.it
1oy7uzb,gaming,Multiplayer and stress,42,124,1763253815.0,0.66,True,self.gaming
1ozc448,gaming,"Regional Pricing exists, just not how we want it to",0,29,1763372534.0,0.41,True,self.gaming
1ox7k6p,gaming,"Call of Duty: Black Ops 7 gets ""Mixed"" Steam reviews as players share disbelief over the new FPS' ludicrous campaign, performance issues, and more: ""You can't even pause the Black Ops 7 campaign because it's designed like Warzone; it's a disaster. They messed everything up""",5937,783,1763151998.0,0.98,False,gamesradar.com
1ox5l4t,gaming,"Star Citizen On Its Way To Hit $1 Billion In Funding, Still No Release In Sight",6786,1394,1763147475.0,0.96,False,tech4gamers.com
1oyajqi,gaming,What’s your weird/different keybind preference? Controller layouts too.,18,72,1763261602.0,0.7,True,self.gaming
1owxnoi,gaming,"Call of Duty: Black Ops 7 is littered with AI art slop, because your $70 means nothing anymore",31346,2392,1763129819.0,0.96,False,i.redd.it
1oyjei9,gaming,Looking for non-violent games (sub text for more info),4,151,1763292460.0,0.52,True,self.gaming
1oy53nj,gaming,Game recommendations for me and my nephew,28,56,1763246374.0,0.7,True,self.gaming
1oxa6rq,gaming,New official poster for 'The Super Mario Galaxy Movie',2358,143,1763158237.0,0.95,False,i.redd.it
1oz0l4n,gaming,"Blink and you miss it ad on reddit, looking for info on a game.",0,8,1763335562.0,0.44,True,self.gaming
1ozanjw,gaming,EA Game Slop.,0,30,1763366709.0,0.34,True,self.gaming
1ox09mt,gaming,Valve working on products,7249,317,1763135753.0,0.93,False,i.redd.it
1oz0vrd,gaming,The Island of Doctor Morose | Intro Movie + Ten Minutes of Gameplay,0,2,1763336378.0,0.41,False,youtube.com
1ox0r06,gaming,Fallout: New Vegas Remaster Casually Confirmed By Insider,5253,401,1763136806.0,0.97,False,gamerant.com
1ox4o7g,gaming,"Fans Are Accusing Ubisoft Of Using ""Incredibly Disappointing"" AI Art In Anno 117",3080,586,1763145427.0,0.95,False,thegamer.com
1owztnl,gaming,"When the 'surprise mechanic' of Metroid Prime 4 turns out to be an extremely talkative, quirky companion that constantly quips and gives you non stop hints about what to do.",4385,502,1763134771.0,0.96,False,i.redd.it
1oxvrta,gaming,Happy birthday Master Chief!,45,11,1763223610.0,0.78,True,self.gaming
1ox5zht,gaming,"AAA games like the $70 Ghost of Yotei are really just for ""more affluent people,"" says analyst, as soaring prices push players toward free games and Fortnite: ""People just don't realize, because they're not paying attention""",1853,578,1763148393.0,0.89,False,gamesradar.com
1oyzu7j,gaming,Switch 2 pro controller too smooth?,0,19,1763333696.0,0.38,True,self.gaming
1oz8ph1,gaming,What AAA games made within the last 5 years don't suck?,0,81,1763359418.0,0.31,True,self.gaming
1owwurt,gaming,COD BO7 Campaign not being pausable is everything that is wrong with gaming these days,4382,557,1763127844.0,0.96,True,self.gaming
1owsmns,gaming,"Over half of Arc Raiders players on Steam have barely engaged with PvP, and 19% have never even killed another player",7468,1180,1763114930.0,0.96,False,pcgamer.com
1owxqfi,gaming,Video game accessibility has really come a long way (Chrono Ark),3125,98,1763130007.0,0.97,False,i.redd.it
1oz6713,gaming,"Control- a okayish game, am I missing something? (light spoiler alert)",0,57,1763351293.0,0.29,False,i.redd.it
1oyshyd,gaming,I made a Synthwave Cover Of Burnout Paradise Main Theme.,0,7,1763316213.0,0.4,False,youtu.be
1oywlxh,gaming,Am I the only one who's friends didn't own a memory card? 2000s era,0,6,1763325810.0,0.29,True,self.gaming
1owu1yl,gaming,Over 90% of Steam Deck Players Are Existing Steam Users,3861,709,1763119857.0,0.84,False,thegamebusiness.com
1owzo6r,gaming,"Finished the game yesterday, and my god, you can really tell how much love and passion the developers put into it. From the production to the concept art book to the comics, every single thing is filled with so much love. AdHoc genuinely deserves every bit of success from this game",1579,139,1763134432.0,0.91,False,i.redd.it
1ox5ovd,gaming,Ubisoft San Francisco was working on splinter cell until Ubisoft became obsessed with live service and it eventually morphed into Xdefiant.,773,37,1763147712.0,0.95,False,bloomberg.com
1oxwdsl,gaming,What was that videogame that went from hated before its launch to beloved during the launch period? (Or from hype to hat .),16,109,1763225004.0,0.57,True,self.gaming
1oyf20m,gaming,Simple Questions Sunday!,0,15,1763276421.0,0.5,True,self.gaming
1ox2ya4,gaming,"TIL the endgame of Urbz: Sims in the City for DS involves making chocolate to cure vampirism in a mayor who outlawed jogging. After having the player and their grandma arrested, the mayor builds a time machine to make claims on your land. You have to go back in time to defeat him.",967,62,1763141632.0,0.95,False,en.wikipedia.org
1oyw92y,gaming,"Help me choose 1 of 3 (CoD7, BF6, Arc Raiders)",0,41,1763324958.0,0.29,True,self.gaming
1owwjlq,gaming,"GOTY Edition this, Ultimate Edition that, Urbz is the only game in history with a Black Eye Peas Edition! Stay winning.",1136,112,1763127052.0,0.91,False,i.redd.it
1oz58so,gaming,Are consoles falling off? Because it kinda feels like they are.,0,88,1763348490.0,0.21,True,self.gaming
1ox4459,gaming,Dan Houser says Rockstar Games only attempted GTA London once in 26 years because the series is “so much about America” that “it wouldn’t really have worked in the same way elsewhere”,452,372,1763144199.0,0.73,False,gamesradar.com
1ox69on,gaming,Horizon Franchise Has Sold Over 40 Million Units,210,124,1763149061.0,0.84,False,m.news.nate.com
1owv9w9,gaming,Ex-GTA 5 Dev Alleges “Egregious Behavior” at Rockstar as 50 Developers Were Let Go in a Single Day,659,87,1763123582.0,0.9,False,clawsomegamer.com
1ox5jtt,gaming,What’s the most cumulative amount of hours you have spent playing 1 game?,188,758,1763147391.0,0.86,True,self.gaming
1oynu09,gaming,Can I just skip all of this and instead get angry about being overwhelmed by monsters.,0,11,1763305178.0,0.32,False,i.redd.it
1oygmbt,gaming,How did the Black Ops 7 campaign fall SO far from the incredible campaign of Black Ops 6?,0,80,1763282267.0,0.45,True,self.gaming
1oymy4i,gaming,Discussion - Buyers should start to tune expectations to an increase in quality/content and decrease in micro-transactions if Gen-AI is going to be used in all game development going forward,0,47,1763302927.0,0.36,True,self.gaming
1owjwom,gaming,Dusted off these bad boys from under the house,2769,152,1763085579.0,0.97,False,i.redd.it
1oyqg8p,gaming,"People are rioting over CoD:BO7 using AI images. Meanwhile, Where Winds Meet (a Netease gasha ARPG) is using ChatGPT-like NPCs.",0,158,1763311447.0,0.36,False,pcgamesn.com
1oyokf0,gaming,I reached 1200 hours on marvel snap.. O boi,0,9,1763306967.0,0.12,True,self.gaming
1oxa59i,gaming,BAFTA Documentary: Bringing Kingdom Come: Deliverance II's Henry To Life,38,3,1763158141.0,0.79,False,youtube.com
1oybvx5,gaming,Smash Bros. Competitors,0,18,1763265705.0,0.29,True,self.gaming
1owouu1,gaming,Microsoft/Xbox just took a BIG step towards making Xbox publishing more open and Steam-like,592,143,1763100644.0,0.88,False,developer.microsoft.com
1owxy4b,gaming,Metroid Prime 4 Beyond - Overview Trailer - 7:36 minutes,118,146,1763130511.0,0.75,False,youtu.be
1oyl3js,gaming,"Is Nintendo effectively, for all intents and purposes, invincible at the moment?",0,59,1763297912.0,0.15,True,self.gaming
1owj51w,gaming,"KCD:II levels of optimisation should be the standard for gaming, and it's outrageous that it isn't the case.",1211,236,1763083449.0,0.89,True,self.gaming
1oydbcx,gaming,Does anyone feel like SDR on OLED look better than HDR enabled?,0,17,1763270318.0,0.31,True,self.gaming
1ox7i0v,gaming,It’s taken 10 years but I’ve just released my first roguelike: EIKASIA. It’s a prototype demo but I’m proud to be a “developer” and put something out there. I hope you find it fun or interesting,31,12,1763151857.0,0.69,True,self.gaming
1owr2l7,gaming,Mickey Mouse - Castle of Illusion Re-Painting,264,19,1763108943.0,0.95,False,i.redd.it
1ow84xf,gaming,Subnautica 2 Publisher is Buying Out Employee Contracts After Becoming an 'AI-First' Company,2456,342,1763056974.0,0.96,False,gamerant.com
1oyc3cz,gaming,Shuntaro Furukawa is the reason Nintendo has become so anti-consumer.,0,66,1763266358.0,0.43,True,self.gaming
1ow2bc9,gaming,"After South Korean publisher Krafton announced it's transforming into an ""AI first"" company, it's now offering employees voluntary resignation",4673,675,1763043665.0,0.97,False,eurogamer.net
1oy7b0n,gaming,Is this a Unity engine specific thing or am I crazy?,0,9,1763252303.0,0.13,True,self.gaming
1ox0djp,gaming,Are the shadowrun and citizen sleeper games good cyberpunk RPGs?,31,48,1763135996.0,0.76,True,self.gaming
1oxzl5i,gaming,What is hot in Slay the Spire clones world?,0,33,1763232618.0,0.42,True,self.gaming
1ow7u8n,gaming,Valve Says No New First-party VR Game is in Development,1462,267,1763056328.0,0.96,False,roadtovr.com
1owf45r,gaming,The Blood of Dawnwalker — Gameplay Overview (Part II),600,137,1763072955.0,0.93,False,youtube.com
1oxy6rj,gaming,Google DeepMind is using Gemini to train agents inside Goat Simulator 3,0,5,1763229308.0,0.43,False,technologyreview.com
1ovwshe,gaming,Unboxing a PS2 in 2000 (launch day),6556,316,1763026349.0,0.98,False,streamable.com
1ow3xv8,gaming,Fallout – Season 2 Official Trailer | December 17 on Prime Video,1893,204,1763047497.0,0.94,False,youtube.com
1ow9b3x,gaming,Kingdom Come Deliverance II celebrates 4 million copies sold; Royal Edition announced,887,116,1763059532.0,0.95,False,kitguru.net
1owdw26,gaming,"The Game Awards 2025 Nominees will be revealed on Monday, November 17th, Noon ET / 9a PT / 5p GMT",487,144,1763070038.0,0.91,False,resetera.com
1oy7jcu,gaming,Call Of Duty community update back in August,0,29,1763252926.0,0.32,False,i.redd.it
1owu18m,gaming,What if… Sons of the Forest was a Lego set,35,5,1763119792.0,0.67,False,i.redd.it
1oxqnep,gaming,Looking For Game Recommendation,0,20,1763210185.0,0.4,True,self.gaming
1ox074n,gaming,I want a survival/horror game that takes place in the Wild West,12,29,1763135598.0,0.62,True,self.gaming
1ow8hwn,gaming,"3 Worlds of Warcraft, 1 Household.",459,76,1763057757.0,0.8,False,i.redd.it
1ow90th,gaming,"‘We know this will raise questions’: Ubisoft postpones earnings call and halts trading, with little explanation | VGC",431,123,1763058906.0,0.94,False,videogameschronicle.com
1owedt4,gaming,Tomb Raider developer Crystal Dynamics announces yet more layoffs | VGC,201,86,1763071191.0,0.93,False,videogameschronicle.com
1owb19o,gaming,"Red Dead Redemption Coming to Netflix, iOS, Android, PS5, Xbox Series X|S, and Nintendo Switch 2",301,136,1763063454.0,0.84,False,youtube.com
1oxr7ea,gaming,"Reggie believes Switch 2 was priced ""appropriately""",0,63,1763211809.0,0.42,False,gonintendo.com
1ovi11n,gaming,"""3"" pieces of Valve hardware announced...a week before Half-Life's Anniversary...every previous Valve hardware announcement has preceded an imminent game announcement.......",25265,895,1762982779.0,0.98,False,v.redd.it
1ovpw7t,gaming,What a banger!,3760,294,1763002634.0,0.92,False,i.redd.it
1oxzbgb,gaming,Arc Raiders is just window dressing for AI to learn how humans evade capture during the AI uprising (joke),0,25,1763231982.0,0.27,True,self.gaming
1ovyhai,gaming,"Kojima Productions has announced Death Stranding Isolations, an animated series coming to Disney+ in 2027",625,37,1763032672.0,0.92,False,videogameschronicle.com
1oxl3uj,gaming,Self Promotion Saturday! Small streamer? Just getting started? Tell us about it here!,0,10,1763190032.0,0.42,True,self.gaming
1owa4zc,gaming,Age of Wonders 4 (4x strategy) is having a free weekend.,109,40,1763061398.0,0.9,False,store.steampowered.com
1ow7ayd,gaming,Throwback to my WoW days plus Diablo 3.,130,28,1763055134.0,0.81,False,i.redd.it
1ovv53g,gaming,A Major Mountain I designed in Minecraft Inspired by Denali,759,39,1763019862.0,0.9,False,i.redd.it
1oxvo67,gaming,How Modern Game Engines Degraded — And Who’s to Blame? (good watch),0,406,1763223369.0,0.49,False,youtube.com
1owpp3j,gaming,Free Talk Friday!,10,19,1763103644.0,0.69,True,self.gaming
1ovdz5z,gaming,Valve Made Steam Frame To Increase The Value Of Your Library,6904,748,1762973826.0,0.96,False,uploadvr.com
1ovds30,gaming,Eurogamer Confirms Gabe's Steam Machine Is 6 Inches,6231,297,1762973409.0,0.97,False,eurogamer.net
1ow59zq,gaming,"AMA: We’re High Voltage Software — instead of layoffs, we built a game with our benched devs.  Ask us about Dragon Front: Adventures and making games through tough times",107,58,1763050587.0,0.77,True,self.gaming
1oxj8ni,gaming,Stopping a game so its not as fast,0,29,1763183600.0,0.41,True,self.gaming
1oxj0si,gaming,Any games you KNOW cheated? Constructor did and I hate that I can overcome it,0,43,1763182883.0,0.38,True,self.gaming
1oxk5zk,gaming,Looking for “loot battle royale” suggestions,0,11,1763186745.0,0.24,True,self.gaming
1owhtrh,gaming,"Are there any game series with a giant, sprawling universe with many instalments?",20,131,1763079861.0,0.63,True,self.gaming
1ovci11,gaming,"VALVE Officially Announces Steam Hardware - Home Console Titled ""Steam Machine"", VR Headset ""Steam Frame"" and ""Steam Controller""",5795,1787,1762970671.0,0.98,False,youtube.com
1owg03q,gaming,"Needing ""Palette Cleanser"" style games?",23,111,1763075140.0,0.68,True,self.gaming
1oxi1nd,gaming,"GTA 6 delay could push back PS6 &amp; new Xbox releases, analyst says - Dexerto",0,17,1763179749.0,0.35,False,dexerto.com
1ovc8sr,gaming,Steam Frame Announced,3098,292,1762970142.0,0.97,False,store.steampowered.com
1ovhf9c,gaming,Valve's Steam Machine PC/Console: Official Page,1699,401,1762981434.0,0.96,False,store.steampowered.com
1ox8psa,gaming,Do you think Steam Machine can create a new competitive market like Steam Deck did?,0,26,1763154752.0,0.31,True,self.gaming
1ovyqxx,gaming,Ball X Pit Might be My Favourite Indie Game of the Year,62,44,1763033620.0,0.7,True,self.gaming
1ovebqh,gaming,"""As one of the largest publishers on Steam"", Xbox boss Phil Spencer ""welcomes"" Steam Machine reveal",1207,260,1762974545.0,0.93,False,videogameschronicle.com
1oxaj1q,gaming,Something that makes me sad is the thought of a game I will never get to play.,0,14,1763159047.0,0.24,True,self.gaming
1ow59u3,gaming,Champions Stable: Equestrian Dynasty Lets You Manage Your Own Stable of Horses Next Year,24,19,1763050577.0,0.69,False,techraptor.net
1oxa0l1,gaming,I haven't heard of this game till today,0,24,1763157828.0,0.43,False,i.imgur.com
1ovdczi,gaming,"Will it be easy to buy a Steam Machine? Valve confirms it's continually improving how it distributes hardware, ahead of the release of its new hardware launches",957,193,1762972500.0,0.95,False,eurogamer.net
1ovrn9a,gaming,First time playing any Final Fantasy,156,78,1763007728.0,0.8,False,i.redd.it
1ovbidi,gaming,"Judge postpones approval of Epic vs Google settlement, wonders why they’re ‘suddenly BFFs’ | VGC",1055,13,1762968559.0,0.96,False,videogameschronicle.com
1ovds1f,gaming,"According to Gizmodo, this $50 Xbox Wireless Controller (2025) Is ""Practically Free""",809,157,1762973407.0,0.86,False,gizmodo.com
1owea67,gaming,Any recommendations for easy coop games?,4,43,1763070947.0,0.59,True,self.gaming
1ov9dqb,gaming,Kingdom Come Deliverance 2 Has Sold 4 Million Units Since Launch,1182,220,1762963951.0,0.95,False,facebook.com
1oxbjmj,gaming,Can someone explain the hype surrounding the potential of Half Life 3?,0,50,1763161541.0,0.32,True,self.gaming
1ox6j2b,gaming,"Let's settle it, where are you spending your time now that both major FPS games are out!",0,52,1763149664.0,0.22,True,self.gaming
1ov333j,gaming,"Sega Will Raise The Base Salary Of Its Employees By 10% In 2026, Following A 30% Increase In 2023",2016,72,1762948266.0,0.98,False,sega.co.jp
1ovcfki,gaming,"Digital Foundry: Hands-On With Steam Machine: Valve's Beautiful PC/Console - Specs, Impressions And More",564,471,1762970530.0,0.91,False,youtube.com
1ox14eo,gaming,"What game should I buy this weekend, help me decide",0,27,1763137616.0,0.32,True,self.gaming
1ov78re,gaming,My powers have doubled since the last time we met,906,48,1762959209.0,0.91,False,i.redd.it
1ov6e09,gaming,Official poster for 'The Super Mario Galaxy Movie',974,73,1762957215.0,0.93,False,i.redd.it
1owznbh,gaming,Is Skyrim still the open-world standard? Or what is it in your opinion?,0,68,1763134381.0,0.39,True,self.gaming
1ov76jj,gaming,ARC Raiders Adds Duo Queues Today Following Player Requests,863,149,1762959067.0,0.91,False,dualshockers.com
1ov65ab,gaming,The Super Mario Galaxy Movie | Official Teaser Trailer,938,211,1762956635.0,0.9,False,youtube.com
1ox027c,gaming,The last four games I played this year all had the exact same climbing mechanic.,0,9,1763135287.0,0.28,True,self.gaming
1ovd6on,gaming,Just got this reference from Dispatch's last episode thumbnail,340,7,1762972128.0,0.89,False,i.redd.it
1owu8uq,gaming,I know its personal opinion but I am enjoying Battlefield 6 waaay more than COD this year,0,24,1763120494.0,0.45,True,self.gaming
1ovcbui,gaming,Steam Controller Announced,309,150,1762970324.0,0.88,False,store.steampowered.com
1ox48ha,gaming,XBOX!! I SWEAR!,0,2,1763144456.0,0.16,False,i.redd.it
1ov0kbk,gaming,PS5 is only mid-way through its lifecycle claims Sony CFO - KitGuru,993,318,1762939106.0,0.91,False,kitguru.net
1owfbuh,gaming,"Suggestions for ""Time-Waster"" Games that are fun.",3,189,1763073477.0,0.53,True,self.gaming
1ouybgm,gaming,Pokémon Pokopia appears to be the first Nintendo-published Switch 2 game to be on a Game-Key Card,1123,256,1762930561.0,0.93,False,videogameschronicle.com
1ov38fp,gaming,Replaying Control (again 😅) and wanted to share this little gift from my wife ☕,425,32,1762948755.0,0.91,False,i.redd.it
1ovygq6,gaming,Multiplayer games with persistent worlds like Planetside 2 or Foxhole?,7,15,1763032615.0,0.61,True,self.gaming
1ovaorr,gaming,Just finished Outlast (2013) last night and wanted to share some of my favorite screenshots.,132,23,1762966840.0,0.87,False,i.redd.it
1ourue8,gaming,Hot take: I LOVE “GTA clones” some more than some GTA games,2146,549,1762910781.0,0.91,False,i.redd.it
1ouai3f,gaming,Crysis (2007) - Barrel physics,24043,565,1762870471.0,0.98,False,i.redd.it
1ov6a8q,gaming,Benny Safdie has been announced as the voice of Bowser Jr. and Brie Larson as Rosalina in 'The Super Mario Galaxy Movie',149,31,1762956970.0,0.81,False,gizmodo.com
1ow6jes,gaming,"I Enjoy games like Manor Lords, Farthest Frontier, etc….",0,18,1763053426.0,0.48,True,self.gaming
1owq93r,gaming,I hate all of this jumping through hoops that's being asked of you in modern gaming.,0,64,1763105774.0,0.42,True,self.gaming
1owq77d,gaming,If you could remove one game from this world what would it be?,0,57,1763105569.0,0.17,True,self.gaming
1ouv5v9,gaming,Medal of Honor - Allied Assault,860,104,1762920083.0,0.94,False,i.redd.it
1owlvjc,gaming,The steam box is huge,0,69,1763091211.0,0.42,True,self.gaming
1oufvi1,gaming,I posted this chart over 4 years ago showing how long it's been since a new* Elder Scrolls/Fallout game was released. Here's an updated version of it.,5582,558,1762882691.0,0.94,False,i.redd.it
1ovdtgt,gaming,New Steam Frame Hands-On w/ Tested,40,35,1762973490.0,0.71,False,youtu.be
1ouc1hi,gaming,"Sony Says Bungie Hasn’t Brought in as Much Money as It Thought It Would When It Bought the Developer, as Destiny 2 Falls Off a Cliff",3888,704,1762874182.0,0.97,False,ign.com
1owgc7x,gaming,"Wildgate Receives New Game Modes, Character and More In Massive Content Update (Free Trial, Free Weekend, 50% Sale [14.99$] Incoming)",0,12,1763076009.0,0.42,False,cgmagonline.com
1ov7fib,gaming,"Do you have a ""Forever Game""? Something you could keep playing the same save on forever?",37,344,1762959622.0,0.67,True,self.gaming
1owj3a2,gaming,"Streamers, Completionists and Early Access gamers are ruining the gaming community.",0,22,1763083304.0,0.33,True,self.gaming
1owqqo3,gaming,Generally u never understand why people still get excuses over vr gaming at all,0,27,1763107617.0,0.12,True,self.gaming
1ouocbg,gaming,"PS5 Digital Edition Japanese Language Only announced, releasing for 55,000 yen on November 21",564,157,1762901744.0,0.89,False,blog.ja.playstation.com
1ovaftv,gaming,"Warhammer 40,000: Boltgun 2 – Voice acting a Battle Sister with Alanah Pearce",19,21,1762966313.0,0.62,False,warhammer-community.com
1ow7nem,gaming,this was 2004... I'm still impressed with the graphics,0,19,1763055901.0,0.46,False,youtube.com
1ounwyb,gaming,Elden Ring Nightreign The Forsaken Hollows - Gameplay Reveal Trailer,433,154,1762900716.0,0.86,False,youtube.com
1ouqqa8,gaming,Kingdom Come: Deliverance II Royal Edition - Official Launch Trailer,297,86,1762907781.0,0.89,False,youtube.com
1ow665c,gaming,Needy Girl Overdose (Needy Streamer Overload) anime adaptation revealed for April 2026,0,4,1763052620.0,0.36,False,youtu.be
1ow8o8f,gaming,"If you could become any video game character, who would it be and why?",0,57,1763058145.0,0.39,True,self.gaming
1oua9ea,gaming,PS5 Has Now Officially Outsold Every Xbox Console Ever Released - IGN,1823,359,1762869819.0,0.86,False,ign.com
1ouf4t9,gaming,"Dispatch developers talk about the game’s future, fan content, and why working on a Hades game would be ‘a dream’",967,64,1762881074.0,0.94,False,destructoid.com
1ow2w6s,gaming,Pokémon Pokopia | Extended Trailer,0,78,1763045050.0,0.48,False,youtube.com
1ow71sa,gaming,"[Spoiler FF7 Remale/FF7 Rebirth ] """"...promise not to look up""",0,19,1763054577.0,0.37,False,i.redd.it
1ow6zgs,gaming,"if you know, you know 😈",0,36,1763054433.0,0.47,False,i.redd.it
1ow3dya,gaming,Does FO4 or any known modern day RPG have similar dialogue and vibes like FO3?,0,20,1763046219.0,0.32,True,self.gaming
1ow6yyn,gaming,Netflix is bringing Red Dead Redemption to mobile,0,24,1763054404.0,0.42,False,theverge.com
1ou9bhg,gaming,"Happy Birthday Skyrim, 14 years old today!!!",1139,125,1762867359.0,0.93,False,i.redd.it
1oub158,gaming,The Workers Fired Before They Could Finish GTA 6,903,169,1762871797.0,0.88,False,youtube.com
1ow5syo,gaming,Last Year’s Games vs. this Years,0,19,1763051794.0,0.21,True,self.gaming
1ow31lw,gaming,modded Cyberpunk 2077 looking unreal these days,0,3,1763045418.0,0.39,False,reddit.com
1oun6zi,gaming,Fatal Frame II: Crimson Butterfly Remake - Release Date Announcement Trailer,177,43,1762898993.0,0.9,False,youtube.com
1owb2y7,gaming,Valve is cutting corners with Steam Machine to compete with the current consoles,0,64,1763063561.0,0.34,False,polygon.com
1ow9ze9,gaming,Someone had to do it,0,33,1763061046.0,0.37,False,i.redd.it
1ow2zac,gaming,"Epic Games and Fortnite's billionaire boss Tim Sweeney plays devil's advocate in the Arc Raiders AI debate, argues the tech could create ""an even bigger opportunity"" for actors",0,16,1763045259.0,0.15,False,gamesradar.com
1ow2qrl,gaming,Mat Piscatella (Circana) - Pokémon Legends: ZA is already the best-selling physical game in the US of the year,0,91,1763044704.0,0.38,False,youtu.be
1ougpa6,gaming,Players’ Choice – Digimon Story Time Stranger voted October 2025’s top new game,255,51,1762884490.0,0.92,False,blog.playstation.com
1ou7o5z,gaming,Now this is Massive shooting-range fps!,627,69,1762862588.0,0.88,False,i.redd.it
1ow0trc,gaming,What's the most overrated and the most underrated game of all time?,0,66,1763039868.0,0.29,True,self.gaming
1ovxspq,gaming,How to know if a mod is safe before downloading?,0,11,1763030202.0,0.22,True,self.gaming
1ount93,gaming,Do your partners enjoy watching you play?,69,197,1762900460.0,0.76,True,self.gaming
1ovyhf3,gaming,What are games whose SBMM detects players who play bad on purpose?,0,5,1763032685.0,0.23,True,self.gaming
1ovtqbd,gaming,Unique Open World Games?,0,52,1763014589.0,0.42,True,self.gaming
1ovzysm,gaming,"I have not played HL:Alyx, but is the game being ""played"" from Alyx or a shadow tease for HL3?",0,20,1763037483.0,0.05,False,clan.akamai.steamstatic.com
1otrijx,gaming,Dispatch Devs Are Considering Season 2 After The Games Success,4456,427,1762812258.0,0.97,False,thegamer.com
1ou72lq,gaming,"Sony Group CFO: ""Helldivers is doing extremely well"" on Xbox",325,140,1762860584.0,0.88,False,thisweekinvideogames.com
1ovusr9,gaming,The GabeCube if it was made on 2013,0,8,1763018497.0,0.43,False,i.redd.it
1ovc4bb,gaming,Tabletop game reccomendations for a newbie couple.,2,11,1762969886.0,0.55,True,self.gaming
1ovykbq,gaming,"Opinion: Sony is wise to release their latest live-service games only on Mobile/PC, not PS5",0,17,1763032958.0,0.08,True,self.gaming
1otyq4u,gaming,PS5 shipments top 84.2 million; Ghost of Yotei sales top 3.3 million,993,213,1762831087.0,0.89,False,gematsu.com
1otituc,gaming,'I was single and miserable': Rockstar co-founder Dan Houser admits that his life in New York is why GTA 4's story was so dark,7444,348,1762793135.0,0.98,False,pcgamer.com
1ovor2p,gaming,"Z1E legion Go 8.8"" questions",0,7,1762999510.0,0.35,True,self.gaming
1ovvr3x,gaming,New Steam Deck color variants shown during Steam hardware reveal,0,14,1763022182.0,0.41,False,i.redd.it
1ovxzdx,gaming,I am seriously weird with my game selection,0,18,1763030892.0,0.23,False,i.redd.it
