id,subreddit,title,score,num_comments,created_utc,upvote_ratio,is_self,domain
1pb40w5,NoStupidQuestions,U.S. Politics megathread,17,499,1764565419.0,0.85,True,self.NoStupidQuestions
1pi52xd,NoStupidQuestions,How are Europeans able to have better life with less work?,3575,1751,1765279652.0,0.86,True,self.NoStupidQuestions
1phwq4l,NoStupidQuestions,"married women, do you think marriage benefits you in any way?",2790,1684,1765249600.0,0.81,True,self.NoStupidQuestions
1phs8cu,NoStupidQuestions,"My friend always claims she can tell if someone is Asian before they turn around, but how?",2757,363,1765237374.0,0.93,True,self.NoStupidQuestions
1pht2u7,NoStupidQuestions,why is orange hair on a cat called orange when orange hair on a person is called red?,1727,125,1765239566.0,0.97,True,self.NoStupidQuestions
1phujip,NoStupidQuestions,Why is it I suddenly have more options now that I have a girlfriend?,1307,224,1765243510.0,0.86,True,self.NoStupidQuestions
1phxgbd,NoStupidQuestions,Am I legally obligated to teach my employer how to use a system I setup,852,140,1765251737.0,0.95,True,self.NoStupidQuestions
1phv5d9,NoStupidQuestions,Is there an academic term for a handjob?,854,224,1765245182.0,0.96,True,self.NoStupidQuestions
1phs6yv,NoStupidQuestions,Why do gas stations charge more for card vs cash but literally no other business does this?,1173,1047,1765237273.0,0.85,True,self.NoStupidQuestions
1pi784q,NoStupidQuestions,why is it rude to tell people i don’t like that i don’t like them?,91,44,1765286404.0,0.84,True,self.NoStupidQuestions
1pi5xnr,NoStupidQuestions,I don't understand why porn is a huge deal. Is it just an opinion that it's a huge deal?,104,130,1765282571.0,0.69,True,self.NoStupidQuestions
1pieiy1,NoStupidQuestions,"Will Alaska or Hawaii ever get a professional sports team, or is the traveling distance too much of a barrier for other teams for it to be feasible?",30,16,1765303459.0,0.92,True,self.NoStupidQuestions
1pi8i2h,NoStupidQuestions,"Those of you who are ex religous, how did you get over the looming fear of hell?",61,209,1765289732.0,0.85,True,self.NoStupidQuestions
1pi9t3z,NoStupidQuestions,Why can't we have free child care everywhere?,46,109,1765292955.0,0.79,True,self.NoStupidQuestions
1pid5g7,NoStupidQuestions,How do you politely end a conversation that’s going nowhere?,33,88,1765300490.0,0.95,True,self.NoStupidQuestions
1pidypn,NoStupidQuestions,"In terms of benefits and harms to health, what's the scientific consensus on cooking oils? Which ones are safe and which ones are not?",26,32,1765302274.0,0.86,True,self.NoStupidQuestions
1pi8rbs,NoStupidQuestions,"Realistically, what should you do if you find a duffle bag full of money and no-one will know you took it?",48,172,1765290396.0,0.77,True,self.NoStupidQuestions
1phopnt,NoStupidQuestions,Why do sovereign citizens actually think that they are going to have a positive outcome in court?,1016,297,1765228835.0,0.96,True,self.NoStupidQuestions
1pi0hup,NoStupidQuestions,Is everyone getting cancer?,161,90,1765261962.0,0.86,True,self.NoStupidQuestions
1phpf8l,NoStupidQuestions,"If the US sees China as an enemy and major rival, why are so many important products that Americans use every day like iPhones, consoles, shoes, electronics, others still made in Chinese factories?",807,216,1765230494.0,0.93,True,self.NoStupidQuestions
1phpi7y,NoStupidQuestions,Was 80s hair really that popular,678,835,1765230689.0,0.95,True,self.NoStupidQuestions
1piegr8,NoStupidQuestions,How the hell do people have the time and energy to hate others?,16,12,1765303330.0,0.9,True,self.NoStupidQuestions
1phibdp,NoStupidQuestions,How did the vikings survive for weeks in open boats in the north sea?,1198,371,1765214521.0,0.95,True,self.NoStupidQuestions
1piap45,NoStupidQuestions,why is it that most people get cancer eventually,21,42,1765295025.0,0.8,True,self.NoStupidQuestions
1pi8p61,NoStupidQuestions,Is it normal to just forget that people that you grew up with is aging?,24,10,1765290244.0,0.94,True,self.NoStupidQuestions
1pi192g,NoStupidQuestions,Has PVP ever commonly meant anything other than Player Vs Player?,89,35,1765264693.0,0.95,True,self.NoStupidQuestions
1pi2hb9,NoStupidQuestions,Why am I always surprised at how good I used to look,61,26,1765269718.0,0.95,True,self.NoStupidQuestions
1pi437f,NoStupidQuestions,"Why do ""smart people"" often struggle to express themselves in compact form?",46,63,1765276048.0,0.84,True,self.NoStupidQuestions
1phbcwr,NoStupidQuestions,Why do so many people believe in a shadow government or wealthy elite when the wealthy elite are as clear as day in our lives?,1987,444,1765197550.0,0.96,True,self.NoStupidQuestions
1pi7fhf,NoStupidQuestions,How do billionaires even pick what to buy next?,18,66,1765286961.0,0.72,True,self.NoStupidQuestions
1phz761,NoStupidQuestions,Can I take my great grandma to build a bear?,88,29,1765257508.0,0.92,True,self.NoStupidQuestions
1phmy3f,NoStupidQuestions,Am I eating pomegranates wrong?,464,128,1765224846.0,0.97,True,self.NoStupidQuestions
1pieh2d,NoStupidQuestions,“Spiritual” as a religion??,7,29,1765303347.0,0.82,True,self.NoStupidQuestions
1phbgis,NoStupidQuestions,Do Jewish people eat chicken Alfredo/pasta?,1559,754,1765197850.0,0.91,True,self.NoStupidQuestions
1pie9of,NoStupidQuestions,"Ever talked to a stranger online who understood you better than your friends? I know this is NoStupidQuestions, not NoRulesQuestions.",8,1,1765302911.0,1.0,True,self.NoStupidQuestions
1pi3bjj,NoStupidQuestions,Do asexuals want to have babies ?,33,72,1765273103.0,0.68,True,self.NoStupidQuestions
1pie3cy,NoStupidQuestions,Why is less people talking about the burger king krabby patty collab than with Wendy's last year?,6,8,1765302547.0,0.75,True,self.NoStupidQuestions
1piaagf,NoStupidQuestions,Why do different sources of caffeine feel like they have different levels of effect?,7,19,1765294080.0,0.78,True,self.NoStupidQuestions
1picwk3,NoStupidQuestions,Why do people honk when they pull into their driveways or garage?,7,47,1765299948.0,0.71,True,self.NoStupidQuestions
1phhr8y,NoStupidQuestions,"People who yell on the stock market floor, how does/did this logistically work?",494,65,1765213276.0,0.95,True,self.NoStupidQuestions
1piaorv,NoStupidQuestions,What do you think of parents who don’t call their children?,9,35,1765295004.0,0.74,True,self.NoStupidQuestions
1phk6dq,NoStupidQuestions,Is it okay to buy a struggling adult essentials for Christmas??,345,247,1765218658.0,0.98,True,self.NoStupidQuestions
1phe8is,NoStupidQuestions,"If you live alone and have an emergency that requires an ambulance, will they break your door down if you can't physically get to it? Do they then leave the front door unlocked while you're at the hospital?",679,131,1765205289.0,0.99,True,self.NoStupidQuestions
1pi6o8t,NoStupidQuestions,Who gets to decide if an active military plane gets a cool image painted on it? Who does the artwork?,13,10,1765284871.0,0.86,True,self.NoStupidQuestions
1pi26vt,NoStupidQuestions,What would happen if we had 1kg of antimatter?,26,33,1765268488.0,0.81,True,self.NoStupidQuestions
1pi5pxv,NoStupidQuestions,"If power imbalance in dating is bad, why everyone wants to date up ?",13,36,1765281863.0,0.71,True,self.NoStupidQuestions
1phst43,NoStupidQuestions,Are/were there cultures where parents don't name their kids but the name is decided a different way?,101,60,1765238870.0,0.94,True,self.NoStupidQuestions
1phmdkm,NoStupidQuestions,Why do drug users dig in the sidewalks,213,75,1765223571.0,0.89,True,self.NoStupidQuestions
1phip48,NoStupidQuestions,"When you go to a mechanic, how do you know they aren't just making up problems to charge you more? I have no idea what a 'timing belt' is.",314,406,1765215381.0,0.88,True,self.NoStupidQuestions
1phrzdq,NoStupidQuestions,"Is the Milky Way termed differently in other languages? Seems bizarre as our chosen name for our galaxy.. I mean, it's fricken cool, no denying, but was this from back in the olden days where kids got to make up descriptive names for things as they look like?",107,63,1765236728.0,0.89,True,self.NoStupidQuestions
1piakez,NoStupidQuestions,Doctor vs Pharmacist,5,15,1765294729.0,1.0,True,self.NoStupidQuestions
1pi4e8z,NoStupidQuestions,Why trains sometimes blast the horn in patterns?,11,7,1765277199.0,0.73,True,self.NoStupidQuestions
1pi8bv1,NoStupidQuestions,What might be causing winter depression if my vitamin d levels are fine?,7,20,1765289286.0,0.89,True,self.NoStupidQuestions
1piduim,NoStupidQuestions,Are marriage certificates honored anywhere in the world?,3,4,1765302024.0,1.0,True,self.NoStupidQuestions
1pi90k0,NoStupidQuestions,How are stones for stone skipping competitions selected?,5,5,1765291044.0,0.86,True,self.NoStupidQuestions
1pi6go7,NoStupidQuestions,Why do some people hate going out late as they get older,6,37,1765284237.0,0.69,True,self.NoStupidQuestions
1pia9pq,NoStupidQuestions,Is Kate Spade ever not having a sale?,4,5,1765294034.0,1.0,True,self.NoStupidQuestions
1pi8fsv,NoStupidQuestions,Gift for broken wrist?,5,12,1765289570.0,0.86,True,self.NoStupidQuestions
1picgzd,NoStupidQuestions,How do porch deliveries work?,3,7,1765299000.0,1.0,True,self.NoStupidQuestions
1phtadr,NoStupidQuestions,Do you think deaf people who read lips can tell when someone has an accent?,59,45,1765240113.0,0.94,True,self.NoStupidQuestions
1pifltq,NoStupidQuestions,What would've happened if naruto said yes to samurai love confession not knowing its fake?,2,1,1765306173.0,1.0,True,self.NoStupidQuestions
1pi495a,NoStupidQuestions,I sat down on the ground at work to tie my shoes—why is this weird?,10,43,1765276678.0,0.67,True,self.NoStupidQuestions
1pifi9y,NoStupidQuestions,Is improving models further actually beneficial?,2,1,1765305966.0,1.0,True,self.NoStupidQuestions
1pifca0,NoStupidQuestions,How do I stop an egg from cooking when it’s in boiling water?(no I’m not joking I seriously need to know for a school project),2,10,1765305574.0,1.0,True,self.NoStupidQuestions
1pi7njc,NoStupidQuestions,People always ask when you know someone is the one. How about for friends?,6,13,1765287554.0,1.0,True,self.NoStupidQuestions
1phh4dy,NoStupidQuestions,How much is jewelry insurance and what are ways to pay for engagement ring without breaking the bank?,239,62,1765211860.0,0.97,True,self.NoStupidQuestions
1pi1i6o,NoStupidQuestions,Why are some smells considered bad when they linger?,15,12,1765265673.0,0.91,True,self.NoStupidQuestions
1pi922i,NoStupidQuestions,What are we doing....,4,15,1765291150.0,0.83,True,self.NoStupidQuestions
1pievm0,NoStupidQuestions,Do you watch many Christmas movies over the holidays?,2,6,1765304358.0,1.0,True,self.NoStupidQuestions
1pieg12,NoStupidQuestions,What profession sounds more impressive than it actually is?,2,3,1765303288.0,1.0,True,self.NoStupidQuestions
1pi8cff,NoStupidQuestions,Why do humans expect the real god to align perfectly with any of the stories they’ve made up about god?,5,18,1765289326.0,0.78,True,self.NoStupidQuestions
1pi85yd,NoStupidQuestions,Why do songs sound better at night than during the day?,5,1,1765288876.0,1.0,True,self.NoStupidQuestions
1pi5e3n,NoStupidQuestions,Why are gen Z men and gen Z women so divided politically ?,6,41,1765280755.0,0.64,True,self.NoStupidQuestions
1pidsxt,NoStupidQuestions,Is it ok to lift with sore arms?,2,3,1765301927.0,1.0,True,self.NoStupidQuestions
1pids8q,NoStupidQuestions,What is the grossest thing you accidentically sat on?,2,6,1765301887.0,0.75,True,self.NoStupidQuestions
1pids6n,NoStupidQuestions,What is the reason for supposedly abandoned buildings still having power?,2,5,1765301884.0,1.0,True,self.NoStupidQuestions
1pgxci9,NoStupidQuestions,Do prisoners get a special meal on Christmas day?,4709,984,1765151124.0,0.93,True,self.NoStupidQuestions
1pidipu,NoStupidQuestions,How do long-distance couples actually make it work?,2,5,1765301300.0,1.0,True,self.NoStupidQuestions
1pidh1c,NoStupidQuestions,Are there any psychological reasons people are blunt,2,14,1765301197.0,1.0,True,self.NoStupidQuestions
1pi01yw,NoStupidQuestions,How do I make a chair subtly uncomfortable?,18,27,1765260477.0,0.77,True,self.NoStupidQuestions
1pi7ms4,NoStupidQuestions,Is AI real threat?,3,32,1765287497.0,0.67,True,self.NoStupidQuestions
1pidd3l,NoStupidQuestions,Has anyone ever opened a Pure Leaf tea without spilling it all over themselves?,2,11,1765300954.0,0.76,True,self.NoStupidQuestions
1pid7kq,NoStupidQuestions,Why do some cars have fake exhaust sounds?,2,7,1765300619.0,1.0,True,self.NoStupidQuestions
1pi9mhg,NoStupidQuestions,Why do pant leg sizes vary so wildly,3,3,1765292504.0,1.0,True,self.NoStupidQuestions
1picz3n,NoStupidQuestions,What are signs of a toxic work environment?,2,8,1765300100.0,1.0,True,self.NoStupidQuestions
1picysk,NoStupidQuestions,Why do subtitles always translate differently from dubs?,3,9,1765300083.0,1.0,True,self.NoStupidQuestions
1picy6f,NoStupidQuestions,Is AI actually revolutionary or is it hyped up?,2,19,1765300045.0,1.0,True,self.NoStupidQuestions
1picxv5,NoStupidQuestions,Why do some people whisper when reading?,2,4,1765300027.0,1.0,True,self.NoStupidQuestions
1picqnm,NoStupidQuestions,Do I have to drop my current psychiatrist to get a second opinion from a new one?,2,21,1765299601.0,1.0,True,self.NoStupidQuestions
1picnbo,NoStupidQuestions,What is the evolutionary reason for most animals having 2 eyes?,2,15,1765299395.0,1.0,True,self.NoStupidQuestions
1picmf6,NoStupidQuestions,Is it hard to find a decent guy?,2,7,1765299341.0,1.0,True,self.NoStupidQuestions
1picm8p,NoStupidQuestions,"At Almost 35 years old, How do I start going to college?",2,9,1765299329.0,1.0,True,self.NoStupidQuestions
1piclz5,NoStupidQuestions,How do you stop yourself from being frustrated with other people who are being illogical?,2,2,1765299313.0,1.0,True,self.NoStupidQuestions
1pi20ud,NoStupidQuestions,Why do people often think that the past was better than now ?,11,45,1765267812.0,0.8,True,self.NoStupidQuestions
1pi94bf,NoStupidQuestions,Should you wash your reusable straws with the thin brushes they come with even when you put them in the dishwasher? Or is that only for if you hand wash them?,3,6,1765291296.0,1.0,True,self.NoStupidQuestions
1picfqr,NoStupidQuestions,How did language survive in the ear of no written text?,2,7,1765298922.0,1.0,True,self.NoStupidQuestions
1picaoi,NoStupidQuestions,Why do cars just suddenly go backwards when parked sometimes?,2,13,1765298610.0,1.0,True,self.NoStupidQuestions
1pic39l,NoStupidQuestions,What did ancient chinese officials actually do?,2,3,1765298149.0,1.0,True,self.NoStupidQuestions
1pic22t,NoStupidQuestions,Why do all ceiling fans sound different?,2,3,1765298075.0,1.0,True,self.NoStupidQuestions
1pic15i,NoStupidQuestions,"I have a brother but I don’t know him anymore, what can I give him?",2,6,1765298019.0,1.0,True,self.NoStupidQuestions
1pibt6j,NoStupidQuestions,How many of you got to be in your 40s before finding out what Albert Einstein accomplished?,2,12,1765297528.0,0.67,True,self.NoStupidQuestions
1pi8f0o,NoStupidQuestions,"Why does iOS, Apple Music included, only show the time elapsed and REMAINING time at the end of the with no way to switch to full duration? Is it really that useless?",3,2,1765289511.0,1.0,True,self.NoStupidQuestions
1pgyz69,NoStupidQuestions,"Why are countries like Italy, Spain, Thailand, Poland and Chile barely mentioned, while Japan is always brought up in discussions about low birth rates, even though those countries above have lower birth rates than Japan?",2858,268,1765155650.0,0.97,True,self.NoStupidQuestions
1pi1xo7,NoStupidQuestions,Do old men get turned on by old women of their age?,10,50,1765267449.0,0.62,True,self.NoStupidQuestions
1pi6399,NoStupidQuestions,What toys do blind kids play with?,5,6,1765283066.0,1.0,True,self.NoStupidQuestions
1pi80mn,NoStupidQuestions,PS or Xbox? I don’t know what to get. I was an Xbox guy 20 years ago but just can’t decide.,3,31,1765288502.0,1.0,True,self.NoStupidQuestions
1ph2tqn,NoStupidQuestions,"Biologically, are teenagers actually children?",1510,236,1765166976.0,0.9,True,self.NoStupidQuestions
1ph9kch,NoStupidQuestions,What do people mean when they say the Ai bubble is going to pop?,430,129,1765191508.0,0.93,True,self.NoStupidQuestions
1pib4wr,NoStupidQuestions,"What do people mean when they say ""I like your hair. Is it natural?""",2,4,1765296020.0,1.0,True,self.NoStupidQuestions
1pib2bx,NoStupidQuestions,High pitched sound,2,7,1765295859.0,1.0,True,self.NoStupidQuestions
1piaxj7,NoStupidQuestions,How Often do Nurses become Doctors?,2,9,1765295559.0,1.0,True,self.NoStupidQuestions
1piautz,NoStupidQuestions,"Do chip designers use AI to make, for example, ASICS ?",2,4,1765295389.0,1.0,True,self.NoStupidQuestions
1ph0oge,NoStupidQuestions,"If there were only a male/female of a species left for repopulation, there's no way to eventually ""get rid of"" the inbreeding as generations pass, right?",1944,219,1765160519.0,0.98,True,self.NoStupidQuestions
1piaiuj,NoStupidQuestions,"Do celebrities realize that fan edits often use pirated clips, and does it bother them?",2,2,1765294629.0,1.0,True,self.NoStupidQuestions
1pi754o,NoStupidQuestions,Is this a correct virus analogy?,2,12,1765286175.0,0.67,True,self.NoStupidQuestions
1pi71uu,NoStupidQuestions,What's the actual difference between prediction markets and regular gambling,3,4,1765285932.0,1.0,True,self.NoStupidQuestions
1pi71mi,NoStupidQuestions,Is it crazy for someone to quit a job because of a single coworker?,3,22,1765285916.0,1.0,True,self.NoStupidQuestions
1pia2ym,NoStupidQuestions,why do humans not embrace their own imperfection?,2,16,1765293608.0,0.67,True,self.NoStupidQuestions
1pi9vqs,NoStupidQuestions,How would a box where time doesn't pass for the outside function?,2,9,1765293131.0,0.63,True,self.NoStupidQuestions
1pi9ump,NoStupidQuestions,"If I go to a Japanese place that requires me to remove my shoes, am I gonna be in socks, barefoot, or something else?",2,3,1765293056.0,1.0,True,self.NoStupidQuestions
1pi513h,NoStupidQuestions,Throwing a party when you're in your 30s??? (UK),2,5,1765279465.0,0.59,True,self.NoStupidQuestions
1pi9s6s,NoStupidQuestions,How does a Dyson sphere work?,2,13,1765292895.0,1.0,True,self.NoStupidQuestions
1pi9s1r,NoStupidQuestions,Why do we need dental and health coverage? (US),2,5,1765292886.0,1.0,True,self.NoStupidQuestions
1pifq8b,NoStupidQuestions,Do wheelchair users have a indoor and outdoor wheelchair?,1,0,1765306429.0,1.0,True,self.NoStupidQuestions
1pifpnu,NoStupidQuestions,When people honk at demonstrators outside is it to show support or opposition?,1,2,1765306394.0,1.0,True,self.NoStupidQuestions
1pifp3t,NoStupidQuestions,What's up with all these height subs?,1,2,1765306361.0,1.0,True,self.NoStupidQuestions
1pifoud,NoStupidQuestions,How is herniated disc treated?,1,0,1765306347.0,1.0,True,self.NoStupidQuestions
1pifn94,NoStupidQuestions,How do you think the other prisoners treat Luigi?,1,2,1765306252.0,1.0,True,self.NoStupidQuestions
1pifmjw,NoStupidQuestions,"Car junkies,  do you think gasoline cars should be phased out to combat climate change?",0,3,1765306213.0,0.33,True,self.NoStupidQuestions
1pifmje,NoStupidQuestions,Does anybody else find it strange that sex is expected of you as soon as you're in a relationship?,1,4,1765306212.0,0.67,True,self.NoStupidQuestions
1pifkty,NoStupidQuestions,Did we win against acid rain?,1,6,1765306118.0,1.0,True,self.NoStupidQuestions
1pifki1,NoStupidQuestions,"Why is ""tasty"" food often unhealthy, while healthy food is often tasteless?",0,6,1765306100.0,0.5,True,self.NoStupidQuestions
1pifjn2,NoStupidQuestions,When is football day,1,2,1765306052.0,0.67,True,self.NoStupidQuestions
1pifi45,NoStupidQuestions,Statistically how many times more likely is a man to get married/start a family if he is a doctor compared to if he was a white collar worker in finance or a uni professor?,0,1,1765305956.0,0.5,True,self.NoStupidQuestions
1pifhfn,NoStupidQuestions,Is AI really as close to or already taking as many jobs as the general public seems to think it is?,1,6,1765305917.0,1.0,True,self.NoStupidQuestions
1pifhar,NoStupidQuestions,"In the opinion of men, what do you guys find (generally) more attractive: Redheads or blondes?",0,5,1765305907.0,0.5,True,self.NoStupidQuestions
1piffzn,NoStupidQuestions,Do colorblind people feel less emotions?,0,1,1765305827.0,0.5,True,self.NoStupidQuestions
1pi9hxf,NoStupidQuestions,Did US government really believe Iraq had WMDs or were they just fooling the public to justify the war?,2,37,1765292207.0,0.63,True,self.NoStupidQuestions
1pifcrx,NoStupidQuestions,Why can't you show that you're having a hard time at work?,1,3,1765305609.0,1.0,True,self.NoStupidQuestions
1pif9yb,NoStupidQuestions,What is the next steps that should be taken ?,1,1,1765305395.0,1.0,True,self.NoStupidQuestions
1pi0mvz,NoStupidQuestions,Would universal food stamps and healthcare in America be a good thing?,9,42,1765262450.0,0.66,True,self.NoStupidQuestions
1pif94u,NoStupidQuestions,Why are some people afraid of using dirty shots in street fights?,1,11,1765305334.0,0.67,True,self.NoStupidQuestions
1pif7yz,NoStupidQuestions,Do more tacos get eaten on Tuesday?,1,1,1765305249.0,1.0,True,self.NoStupidQuestions
1pi66ve,NoStupidQuestions,Combat rolling?,3,11,1765283391.0,1.0,True,self.NoStupidQuestions
1pif1st,NoStupidQuestions,Is it true that americans kick their kids out when they're 18 or they make them pay rent?,0,22,1765304793.0,0.4,True,self.NoStupidQuestions
1pi921h,NoStupidQuestions,College Diploma - What do I do with it?,2,13,1765291147.0,1.0,True,self.NoStupidQuestions
1pif0d1,NoStupidQuestions,Can I take a photograph of a photograph and then use the photograph i took since it would be my copyright of the latter image?,0,4,1765304692.0,0.4,True,self.NoStupidQuestions
1pi91jc,NoStupidQuestions,Is it best to completely not involve yourself in parents arguments?,2,6,1765291113.0,1.0,True,self.NoStupidQuestions
1piezly,NoStupidQuestions,Will Warnerbros/HBO content be worse off with Paramount or Netflix?,1,2,1765304637.0,1.0,True,self.NoStupidQuestions
1pi647t,NoStupidQuestions,Are wall outlets in the same room on the same circuit?,3,13,1765283148.0,0.72,True,self.NoStupidQuestions
1piex48,NoStupidQuestions,I just ate an expired sandwich and now I'm worried. What do I do?,0,8,1765304456.0,0.33,True,self.NoStupidQuestions
1pievs3,NoStupidQuestions,Why don’t tattoo shops make you pay in full upfront?,0,2,1765304369.0,0.5,True,self.NoStupidQuestions
1pietog,NoStupidQuestions,what are recruiters looking for in a resume?,1,10,1765304210.0,1.0,True,self.NoStupidQuestions
1pi4cma,NoStupidQuestions,"If humans hiccup because of a diaphragm spasm, do fish hiccup too?",5,1,1765277031.0,0.86,True,self.NoStupidQuestions
1piesam,NoStupidQuestions,How to get out of emotional numbness,1,3,1765304103.0,1.0,True,self.NoStupidQuestions
1pies2m,NoStupidQuestions,Best name brand clothes stores for men?,1,1,1765304087.0,1.0,True,self.NoStupidQuestions
1pier0r,NoStupidQuestions,What has your biggest regret taught you about how you want to live going forward?,1,4,1765304005.0,1.0,True,self.NoStupidQuestions
1pieq1l,NoStupidQuestions,How does Iran have enough food?,0,5,1765303938.0,0.5,True,self.NoStupidQuestions
1phepwq,NoStupidQuestions,How are some people able to sleep literally anywhere at anytime?,146,108,1765206408.0,0.95,True,self.NoStupidQuestions
1piep1u,NoStupidQuestions,"What's the most remote, yet civilised island someone could realistically move to without any special permits like a scientist permit?",1,5,1765303873.0,1.0,True,self.NoStupidQuestions
1pienfm,NoStupidQuestions,How can Ukraine retake its land without more countries getting involved?,0,30,1765303765.0,0.5,True,self.NoStupidQuestions
1pi8nsd,NoStupidQuestions,"What does ""Problem Processing Payment"" actually mean on the checkout page of an online shopping site? My credit card is valid, as are all the billing details I provided",2,5,1765290140.0,1.0,True,self.NoStupidQuestions
1piem4y,NoStupidQuestions,How do I make my hands look sexy?,1,1,1765303678.0,1.0,True,self.NoStupidQuestions
1phvg9x,NoStupidQuestions,why is taking the trash out considered such an inconvenient chore?,19,64,1765246039.0,0.79,True,self.NoStupidQuestions
1pi45x8,NoStupidQuestions,Why are they called 'chop' sticks?,2,5,1765276333.0,0.61,True,self.NoStupidQuestions
1piehx5,NoStupidQuestions,Does this video look fake to anyone else?,1,1,1765303395.0,1.0,True,self.NoStupidQuestions
1pi8ioh,NoStupidQuestions,What do you do with leftover cooking oil?,2,11,1765289773.0,0.67,True,self.NoStupidQuestions
1pieg7a,NoStupidQuestions,If you are at a university can you do your prerequisites for your proposed major at a Community college?,1,6,1765303298.0,1.0,True,self.NoStupidQuestions
1pieg50,NoStupidQuestions,Women who like their moms…,1,3,1765303294.0,1.0,True,self.NoStupidQuestions
1pieep0,NoStupidQuestions,Could condensation produce a lot of water?,1,2,1765303215.0,0.67,True,self.NoStupidQuestions
1pieek0,NoStupidQuestions,Should I mask up when going in public if my nose is running?,0,1,1765303208.0,0.5,True,self.NoStupidQuestions
1piee25,NoStupidQuestions,How do math equations prove astrophysical theories?,1,2,1765303180.0,0.99,True,self.NoStupidQuestions
1pi8gjj,NoStupidQuestions,Why do some memories feel vivid while others fade instantly?,2,1,1765289626.0,1.0,True,self.NoStupidQuestions
1pieceq,NoStupidQuestions,Some of my friends think I am strange cause I like hairy pubis.,0,5,1765303079.0,0.4,True,self.NoStupidQuestions
1pi8cmi,NoStupidQuestions,Do pigeons not fly south?,2,5,1765289341.0,0.75,True,self.NoStupidQuestions
1phrllw,NoStupidQuestions,do doctors get annoyed when you ask them questions unrelated to your visit?,32,40,1765235731.0,0.85,True,self.NoStupidQuestions
1pie7z2,NoStupidQuestions,What does space smell like?,1,9,1765302815.0,1.0,True,self.NoStupidQuestions
1pie7d5,NoStupidQuestions,How do you get over a disturbing piece of media that raises existential questions?,1,37,1765302782.0,0.6,True,self.NoStupidQuestions
1phug0h,NoStupidQuestions,Is it normal to rewatch old movies even when I remember every scene?,21,17,1765243243.0,0.9,True,self.NoStupidQuestions
1pi89x9,NoStupidQuestions,Is there some way to filter a search from the least to most upvotes and/or user engagement?,2,3,1765289155.0,1.0,True,self.NoStupidQuestions
1pidwbm,NoStupidQuestions,apartment repair questions,1,4,1765302134.0,1.0,True,self.NoStupidQuestions
1pidvux,NoStupidQuestions,"Is it wrong for people of colour to cosplay as white characters, white people to cosplay as characters that are people of colour and so on?",1,6,1765302106.0,0.67,True,self.NoStupidQuestions
1pi80d0,NoStupidQuestions,What do you even buy as a gift for an acquaintance who’s way wealthier than you? Is there  something appropriate when they already have everything?,2,4,1765288484.0,1.0,True,self.NoStupidQuestions
1pidtwq,NoStupidQuestions,"Why do some people think a lack of non-anonymous social media is a red flag, in dating?",1,12,1765301990.0,1.0,True,self.NoStupidQuestions
1pidt3a,NoStupidQuestions,Could You Survive an Outbreak of Killer Gorillas?,1,2,1765301938.0,0.67,True,self.NoStupidQuestions
1pidrst,NoStupidQuestions,I really don’t like the auto ban. I just want to know if it’s crazy to smell rain or if other people know what it’s like too,1,7,1765301858.0,1.0,True,self.NoStupidQuestions
1pidqt7,NoStupidQuestions,"As a job applicant, how should you handle requests for references if the people from your former company have all retired or left?",0,2,1765301795.0,0.5,True,self.NoStupidQuestions
1pidq6k,NoStupidQuestions,Will cars from the 90s on thru 2000s be considered “classic cars” at some point considering they lack the uniqueness of traditional classic cars?,1,1,1765301756.0,1.0,True,self.NoStupidQuestions
1pidol7,NoStupidQuestions,Are we supposed to value a 2025 car above a 2000 car?,1,23,1765301658.0,0.67,True,self.NoStupidQuestions
1pi57ma,NoStupidQuestions,"How do you think genetic editing will change the future? Will it replace cosmetic surgery, improve our physical abilities, or could it make them worse? And if appearance ceases to be an issue, will we start to value people's inner qualities more? I look forward to reading your comments!",3,8,1765280116.0,0.8,True,self.NoStupidQuestions
1pidmlc,NoStupidQuestions,Is it illegal to sell bootleg toys off an intellectual property?,0,3,1765301536.0,0.5,True,self.NoStupidQuestions
1pidjwu,NoStupidQuestions,What do businesses hope to accomplish be reducing the quality of their products/services to basically rendering those things unusable?,1,2,1765301373.0,1.0,True,self.NoStupidQuestions
1pidhht,NoStupidQuestions,Is it possible to be addicted to being active?,1,3,1765301224.0,1.0,True,self.NoStupidQuestions
1pidc0v,NoStupidQuestions,Can I wear panties in the military as a man?,0,22,1765300888.0,0.5,True,self.NoStupidQuestions
1pi50gy,NoStupidQuestions,Why do we get brain freeze when we eat ice cream too fast?,3,10,1765279402.0,0.72,True,self.NoStupidQuestions
1pid8ra,NoStupidQuestions,Why do drivers take it so personally and get crazy angry when they get honked?,0,10,1765300689.0,0.33,True,self.NoStupidQuestions
1pid81g,NoStupidQuestions,"Why can I smell a person smoking in their vehicle in front of me, but I cannot smell their farts?",0,8,1765300648.0,0.5,True,self.NoStupidQuestions
1pid7vx,NoStupidQuestions,Is it possible to come back from asking to be exclusive too soon if things turn a weird vibe?,1,2,1765300638.0,1.0,True,self.NoStupidQuestions
1pid6xw,NoStupidQuestions,Is your credit score good enough to get a loan? And what is your score?,0,5,1765300580.0,0.33,True,self.NoStupidQuestions
1pid6ot,NoStupidQuestions,Is there anything I can do about the huge increase in spam emails I'm getting in the last few years?,1,2,1765300564.0,1.0,True,self.NoStupidQuestions
1pid5fx,NoStupidQuestions,Why do so many men like being called daddy?,0,32,1765300489.0,0.5,True,self.NoStupidQuestions
1pid3wk,NoStupidQuestions,Is it normal for a parent to seem slightly jealous of their child’s partner?,1,4,1765300399.0,0.67,True,self.NoStupidQuestions
1pid1o9,NoStupidQuestions,how expensive would the logistics of feeding the animals of an IRL Jurassic Park?,0,3,1765300256.0,0.5,True,self.NoStupidQuestions
1picw4c,NoStupidQuestions,"If developed/first world countries need immigration from developing/third world countries in order to avoid collapse, what happens if the latter decides to stay home and not immigrate?",1,4,1765299921.0,1.0,True,self.NoStupidQuestions
1pi74r0,NoStupidQuestions,Why do some people always need to be right?,2,30,1765286146.0,0.75,True,self.NoStupidQuestions
1picmj4,NoStupidQuestions,Is anesthesia different in Ireland and Scotland?,1,2,1765299347.0,1.0,True,self.NoStupidQuestions
1picmbu,NoStupidQuestions,"If your week had a title like a movie, what would it be?",1,3,1765299335.0,0.67,True,self.NoStupidQuestions
1picisf,NoStupidQuestions,Do you miss lumpy cream of wheat in the morning ?,1,5,1765299110.0,1.0,True,self.NoStupidQuestions
1picikm,NoStupidQuestions,"When an institution buys Crypto, who holds the keys?",1,3,1765299097.0,0.67,True,self.NoStupidQuestions
1pici6l,NoStupidQuestions,Massage Spa for a First-Timer,0,4,1765299073.0,0.5,True,self.NoStupidQuestions
1picgse,NoStupidQuestions,How do you deal with cognitive biases in your personal life or at work?,1,1,1765298988.0,1.0,True,self.NoStupidQuestions
1pi30cr,NoStupidQuestions,How do you politely tell a coworker to stop talking so much?,4,13,1765271888.0,0.83,True,self.NoStupidQuestions
1pi6v8u,NoStupidQuestions,Do you guys believe in ghost?,2,20,1765285423.0,0.75,True,self.NoStupidQuestions
1pi4gdv,NoStupidQuestions,Why do some days feel 2 hours long and others feel 20?,3,5,1765277407.0,1.0,True,self.NoStupidQuestions
1pi6roy,NoStupidQuestions,Is it still possible for me to attend this school,2,2,1765285161.0,1.0,True,self.NoStupidQuestions
1pica5z,NoStupidQuestions,Why don’t most Redditors who post about shitty workplaces and companies actually name who the employer is?,1,3,1765298580.0,0.67,True,self.NoStupidQuestions
1pi2u4i,NoStupidQuestions,What can I use instead of egg for a boxed muffin mix?,4,15,1765271184.0,0.84,True,self.NoStupidQuestions
1pic30e,NoStupidQuestions,"If you are a stoner, can someone get high from your urine?",0,28,1765298132.0,0.45,True,self.NoStupidQuestions
1pi2q2c,NoStupidQuestions,Can I make apple pie with dumpling dough,4,5,1765270744.0,1.0,True,self.NoStupidQuestions
1pibx1n,NoStupidQuestions,What happens when I use a $50 visa gift card on Amazon for something that was $83 and it processes as normal?,1,4,1765297770.0,1.0,True,self.NoStupidQuestions
1pi45bc,NoStupidQuestions,What actually helps with that feeling of loneliness that hits out of nowhere?,3,4,1765276271.0,0.81,True,self.NoStupidQuestions
1pibpfe,NoStupidQuestions,How do people with chronic illnesses/diseases and people who are caretaker work full time,1,5,1765297294.0,1.0,True,self.NoStupidQuestions
1pgtxwy,NoStupidQuestions,Why don’t men tell other men they’re good looking or handsome even if they’re not sexually attracted to them?,2808,2520,1765142407.0,0.9,True,self.NoStupidQuestions
1pibiqr,NoStupidQuestions,If fusion energy became reality what would it mean economically and geopolitically?,0,11,1765296879.0,0.5,True,self.NoStupidQuestions
1pibgtz,NoStupidQuestions,Why do some people judge a job mainly by salary instead of its impact?,1,16,1765296757.0,0.6,True,self.NoStupidQuestions
1phkw4y,NoStupidQuestions,Why do people like making fun of someone's level of excitement?,50,34,1765220258.0,0.89,True,self.NoStupidQuestions
1pibdrv,NoStupidQuestions,Difference between zero and the letter O,2,12,1765296562.0,0.6,True,self.NoStupidQuestions
1pi1cw1,NoStupidQuestions,What happens if you accidentally try to put a manual car in reverse while driving?,5,12,1765265098.0,0.7,True,self.NoStupidQuestions
1pibcxd,NoStupidQuestions,Speeding Ticket Questin,1,11,1765296509.0,0.67,True,self.NoStupidQuestions
1pibc5x,NoStupidQuestions,Are you supposed to give details to the receptionist at the doctor’s office?,1,10,1765296464.0,1.0,True,self.NoStupidQuestions
1pibau1,NoStupidQuestions,"If every person in the world isolated themselves for a week or two, what communicable diseases would disappear?",1,1,1765296377.0,0.67,True,self.NoStupidQuestions
1pib7te,NoStupidQuestions,"If the failure rate of a restaurant is so high, why do some thrive as chains?",1,10,1765296188.0,1.0,True,self.NoStupidQuestions
1pib6jp,NoStupidQuestions,Why do people like super crispy bacon?,0,7,1765296118.0,0.5,True,self.NoStupidQuestions
1pib5on,NoStupidQuestions,"Fast food workers of reddit, what makes you stay?",0,0,1765296064.0,0.5,True,self.NoStupidQuestions
1pib4qw,NoStupidQuestions,"Married women, what really changes in a relationship after marriage?",0,4,1765296011.0,0.5,True,self.NoStupidQuestions
1pib1ig,NoStupidQuestions,Why does one of my work colleagues insist that nobody capitalizes her name?,0,14,1765295808.0,0.5,True,self.NoStupidQuestions
1pib1a5,NoStupidQuestions,What do I do about someone “revising” my song with ai,1,7,1765295792.0,1.0,True,self.NoStupidQuestions
1pi3lw9,NoStupidQuestions,How does witness protection work in the age of internet and smartphones?,4,2,1765274258.0,0.75,True,self.NoStupidQuestions
1pi5r2m,NoStupidQuestions,how do people end up unemployed for 2+ years?,3,53,1765281968.0,0.57,True,self.NoStupidQuestions
1piavjo,NoStupidQuestions,What do I buy?,1,7,1765295431.0,0.67,True,self.NoStupidQuestions
1piatu3,NoStupidQuestions,Why do mandarins have copper in them?,1,0,1765295321.0,0.67,True,self.NoStupidQuestions
1pi3gy0,NoStupidQuestions,Office politics,3,1,1765273705.0,0.81,True,self.NoStupidQuestions
1piapo9,NoStupidQuestions,What does sober curious mean?,1,5,1765295059.0,0.67,True,self.NoStupidQuestions
1piamu6,NoStupidQuestions,"Do we need a valid driving license to operate a self driving car? If yes, why?",0,18,1765294879.0,0.4,True,self.NoStupidQuestions
1pialhu,NoStupidQuestions,What happens to the bodega cat when the bodega closes down?,0,6,1765294798.0,0.5,True,self.NoStupidQuestions
1pi3d0y,NoStupidQuestions,Should I utilize government assistance to leave a toxic living situation?,3,8,1765273265.0,1.0,True,self.NoStupidQuestions
1piajbk,NoStupidQuestions,Why do i get really intense boners during those micro naps on flights??,1,4,1765294659.0,0.6,True,self.NoStupidQuestions
1piahdq,NoStupidQuestions,Why do develoved countries still have Monarchies?,0,18,1765294530.0,0.5,True,self.NoStupidQuestions
1piads1,NoStupidQuestions,Why is the belief in visiting Aliens more stronger compared to other conspiracy theories.,1,7,1765294292.0,0.67,True,self.NoStupidQuestions
1pia96z,NoStupidQuestions,Do I own too many socks and undergarments?,1,4,1765294004.0,1.0,True,self.NoStupidQuestions
1pia7sz,NoStupidQuestions,What is considered to be an elite gamer?,1,3,1765293920.0,0.67,True,self.NoStupidQuestions
1pia4u2,NoStupidQuestions,"My cat's eyes don't move, has anyone seen anything like this before?",1,4,1765293725.0,1.0,True,self.NoStupidQuestions
1pia1lb,NoStupidQuestions,I read a story so horrific I can’t focus? What do I do?,1,6,1765293519.0,0.67,True,self.NoStupidQuestions
1pia0c0,NoStupidQuestions,Odd teeth dreams?,1,8,1765293435.0,1.0,True,self.NoStupidQuestions
1phgcqh,NoStupidQuestions,"Is it still road rage if you yell inside your car ""GOOOOOOO!"" to no one but yourself at an intersection?",68,75,1765210109.0,0.88,True,self.NoStupidQuestions
1pi9xu7,NoStupidQuestions,how does shipping a package of items (all gifts) from america to canada work?,0,1,1765293270.0,0.5,True,self.NoStupidQuestions
1pi9uak,NoStupidQuestions,Two questions. 1. Why do older people not consider relationships real unless the couple in question are married? 2. Why do older people have such a negative opinion of marriage?,2,7,1765293034.0,0.6,True,self.NoStupidQuestions
1pi9tli,NoStupidQuestions,How would the world change if cosmic horror was suddenly proven real?,1,4,1765292987.0,1.0,True,self.NoStupidQuestions
1pi9rz6,NoStupidQuestions,Why do I sometimes get a tickle in the back of my throat right when I lay down to go to bed?,1,3,1765292881.0,1.0,True,self.NoStupidQuestions
1pi9rtl,NoStupidQuestions,"Which is easier, dating out of your league or making friends out of your league?",1,2,1765292870.0,1.0,True,self.NoStupidQuestions
1pi9i1f,NoStupidQuestions,Is this spam fishing or a person messing with me?,1,4,1765292214.0,1.0,True,self.NoStupidQuestions
1pi9f76,NoStupidQuestions,"What is the fair price to ask for daily care of a mini pig, rooster, two peacocks, and a cane corso?",1,2,1765292015.0,1.0,True,self.NoStupidQuestions
1phpfrt,NoStupidQuestions,Why do skydivers look like they’re floating instead of dropping like a stone?,22,15,1765230528.0,0.77,True,self.NoStupidQuestions
1pi99da,NoStupidQuestions,How are dudes in college so handsome?,0,5,1765291631.0,0.44,True,self.NoStupidQuestions
1pif5vt,NoStupidQuestions,"Why has Luigi Mangione become a ""hero""?",0,15,1765305091.0,0.36,True,self.NoStupidQuestions
1pi94cs,NoStupidQuestions,Why would someone who was arguing me reply multiple times then delete it,1,8,1765291299.0,1.0,True,self.NoStupidQuestions
1phdxvf,NoStupidQuestions,Why don't people drink beer through a straw?,85,121,1765204558.0,0.75,True,self.NoStupidQuestions
1pi90f9,NoStupidQuestions,Delete photos of a specific person,2,2,1765291034.0,1.0,True,self.NoStupidQuestions
1pi0xxt,NoStupidQuestions,What the best cotton for the human body?,4,5,1765263568.0,1.0,True,self.NoStupidQuestions
1phtfeu,NoStupidQuestions,why is it more ticklish when someone tickles you than when you tickle yourself?,14,11,1765240491.0,0.9,True,self.NoStupidQuestions
1pi8u00,NoStupidQuestions,Will my dismissed marijuana possession cause issues at work?,0,6,1765290588.0,0.5,True,self.NoStupidQuestions
1pi49jf,NoStupidQuestions,Unreal Engine 5.5 lane Problem,2,0,1765276713.0,1.0,True,self.NoStupidQuestions
1pi8or3,NoStupidQuestions,Is erectile dysfunction still a problem if you are not sexually active?,0,16,1765290213.0,0.33,True,self.NoStupidQuestions
1pi47ob,NoStupidQuestions,Would publically admitting you're lonely likely make you more or less lonely?,2,2,1765276523.0,1.0,True,self.NoStupidQuestions
1phs4hj,NoStupidQuestions,Homemade gifts,15,37,1765237095.0,0.84,True,self.NoStupidQuestions
1pi8lv0,NoStupidQuestions,"Why do we never see meteor showers during the day, even though meteoroids are constantly entering Earth's atmosphere?",1,12,1765289997.0,0.67,True,self.NoStupidQuestions
1pi46zq,NoStupidQuestions,Was it a dumb move to include receipts in my angel tree gift?,2,2,1765276450.0,0.76,True,self.NoStupidQuestions
1pi3zry,NoStupidQuestions,Do dog breeders for work-line dogs care as much for breed purity as breeders for show and commercial dogs?,2,3,1765275722.0,1.0,True,self.NoStupidQuestions
1pi8b3c,NoStupidQuestions,Is self-respect subjective?,1,4,1765289234.0,0.67,True,self.NoStupidQuestions
1pi89ev,NoStupidQuestions,Do you Like the Song Take On Me? - Aha,1,7,1765289119.0,0.56,True,self.NoStupidQuestions
1phu2k0,NoStupidQuestions,Why does it seem like more attractive people are wealthier?,13,31,1765242213.0,0.84,True,self.NoStupidQuestions
1pi82go,NoStupidQuestions,"If I’m going out with friends this weekend, should I get my nails done today or wait until Friday?",1,4,1765288633.0,1.0,True,self.NoStupidQuestions
1pi1u8d,NoStupidQuestions,Is a razor blade or scalpel sharper?,3,6,1765267069.0,0.81,True,self.NoStupidQuestions
1phy1so,NoStupidQuestions,What is the appropriate age to leave parents house?,6,45,1765253508.0,0.69,True,self.NoStupidQuestions
1pi802h,NoStupidQuestions,Why haven't body cams been given chicken head tech?,0,4,1765288463.0,0.5,True,self.NoStupidQuestions
1pi3s3p,NoStupidQuestions,"If 18-29 are young adults and 40-60 are middle aged adults, then what are 30-39 year olds?",2,14,1765274915.0,0.76,True,self.NoStupidQuestions
1pi7zzs,NoStupidQuestions,Has anyone ever seen somebody with Late Onset Tay-Sachs Disease?,0,0,1765288457.0,0.5,True,self.NoStupidQuestions
1pi7zxg,NoStupidQuestions,How do you stop being attracted to someone?,1,10,1765288453.0,0.67,True,self.NoStupidQuestions
1pi7x2j,NoStupidQuestions,Searching for posts 5 years or older,1,4,1765288239.0,1.0,True,self.NoStupidQuestions
1pi1rm1,NoStupidQuestions,What does it actually mean when you read “founder sold company I-foundedit Ltd for XXX million dollars”? How much cash did he/she receive?,3,4,1765266766.0,1.0,True,self.NoStupidQuestions
1ph01vr,NoStupidQuestions,Has there ever been a successful hostage-taking for the kidnappers?,749,233,1765158724.0,0.96,True,self.NoStupidQuestions
1pidkde,NoStupidQuestions,Why does everyone walk faster when it’s cold?,0,10,1765301401.0,0.25,True,self.NoStupidQuestions
1pi3lqz,NoStupidQuestions,Is using 2TB of internet date a lot for one person monthly?,2,12,1765274243.0,0.75,True,self.NoStupidQuestions
1phqnng,NoStupidQuestions,Can your brain get tired of listening to the same voice even if you like the person?,15,9,1765233394.0,0.84,True,self.NoStupidQuestions
1pi7mkg,NoStupidQuestions,My doctor recommended drinking cold drinks for gastroenteritis. I always thought you should drink warm tea?,1,0,1765287482.0,1.0,True,self.NoStupidQuestions
1pgriec,NoStupidQuestions,Does the color of your skin affect what you see when you close your eyes?,2271,123,1765136495.0,0.99,True,self.NoStupidQuestions
1pid2vv,NoStupidQuestions,Why is the Vikings tv series so bad?,0,5,1765300332.0,0.25,True,self.NoStupidQuestions
1phxglq,NoStupidQuestions,I think talking badly about anyone at work only results in negative things for you. Is that true?,7,14,1765251760.0,0.89,True,self.NoStupidQuestions
1pi3c90,NoStupidQuestions,"Professionals who enter people's homes (plumbers, electricians, cleaners): What is something the condition of a house tells you about the owner that they don't realize they are revealing?",2,20,1765273182.0,0.56,True,self.NoStupidQuestions
1phxfiv,NoStupidQuestions,Do epileptic people know they're having a seizure or feel one coming on or do they just suddenly wake up on the ground with no memory of it? Does it hurt or cause any other physical or neurological issues?,6,8,1765251669.0,0.88,True,self.NoStupidQuestions
1pi38yo,NoStupidQuestions,"I accidentally liked someone’s insta comment, will the original poster and person commented get a notification?",2,3,1765272814.0,0.75,True,self.NoStupidQuestions
1phzg30,NoStupidQuestions,Can cats catch diseases from catching and eat mice ?,4,8,1765258382.0,0.84,True,self.NoStupidQuestions
1phbj46,NoStupidQuestions,"For those who had social media and left, why did you leave and do you miss it?",86,220,1765198061.0,0.93,True,self.NoStupidQuestions
1pi6tbg,NoStupidQuestions,Just a question,1,6,1765285279.0,1.0,True,self.NoStupidQuestions
1pi6oad,NoStupidQuestions,Are there any settings that can shut off games on your phone when you’re out with friends?,0,10,1765284874.0,0.5,True,self.NoStupidQuestions
1pi6n5l,NoStupidQuestions,Why does wearing a cape feel soo cool?,1,2,1765284783.0,1.0,True,self.NoStupidQuestions
1phz7pk,NoStupidQuestions,"Why did it take humanity 2,000 years to disprove Aristotle's claim that heavier objects fall faster?",4,26,1765257563.0,0.64,True,self.NoStupidQuestions
1pi6gto,NoStupidQuestions,Geo Data,1,4,1765284252.0,1.0,True,self.NoStupidQuestions
1pi6ehc,NoStupidQuestions,Why are cough drop bags designed to wake up the whole neighborhood?,1,3,1765284051.0,0.67,True,self.NoStupidQuestions
1pi6ctg,NoStupidQuestions,Is luck the hidden engine behind fame and power?,1,8,1765283901.0,1.0,True,self.NoStupidQuestions
1pi6ay0,NoStupidQuestions,How do I shave my pubic area?,1,7,1765283736.0,0.67,True,self.NoStupidQuestions
1phoi2d,NoStupidQuestions,Does life try to break you?,15,22,1765228342.0,0.87,True,self.NoStupidQuestions
1pif5vt,NoStupidQuestions,"Why has Luigi Mangione become a ""hero""?",0,15,1765305091.0,0.36,True,self.NoStupidQuestions
1pi2izj,NoStupidQuestions,Why does it feel harder to wake up early when I know I have nothing stressful to do?,2,6,1765269910.0,0.75,True,self.NoStupidQuestions
1pi67ag,NoStupidQuestions,Do people use everclear in drinks?,0,44,1765283422.0,0.5,True,self.NoStupidQuestions
1pibgpf,NoStupidQuestions,Why Pandemic got much more attention than 2008 Global Crisis?,0,5,1765296749.0,0.33,True,self.NoStupidQuestions
1pieodk,NoStupidQuestions,Is anyone excited about the rise in AI media?,0,11,1765303827.0,0.29,True,self.NoStupidQuestions
1phykhw,NoStupidQuestions,Can I give the flu to someone if I make them a gift?,4,2,1765255199.0,0.99,True,self.NoStupidQuestions
1pi5qpm,NoStupidQuestions,Why can’t I tell left from right on the spot no matter what like not even if my life depended on it?,1,8,1765281935.0,1.0,True,self.NoStupidQuestions
1pi5q5k,NoStupidQuestions,Is this considered neglect?,0,6,1765281881.0,0.5,True,self.NoStupidQuestions
1phyffn,NoStupidQuestions,"Why is it that if you're innocent, you need a lawyer more than if you're guilty?",4,36,1765254723.0,0.61,True,self.NoStupidQuestions
1pi5m5s,NoStupidQuestions,How do you know whether something is conscious or not ?,1,1,1765281538.0,1.0,True,self.NoStupidQuestions
1pgy9d6,NoStupidQuestions,Do you have sex dreams with people you never thought to have sex with?,692,135,1765153645.0,0.97,True,self.NoStupidQuestions
1pi20u8,NoStupidQuestions,Is it normal for your fingers to hurt when typing?,2,2,1765267811.0,1.0,True,self.NoStupidQuestions
1phte9t,NoStupidQuestions,Do you believe climate change affected the place you live and how?,8,38,1765240405.0,0.73,True,self.NoStupidQuestions
1pi5gxm,NoStupidQuestions,My ex stole my cat and got away with it,1,4,1765281023.0,0.54,True,self.NoStupidQuestions
1pi5gqu,NoStupidQuestions,Is the commercialisation of xmas becoming worse?,1,3,1765281004.0,0.67,True,self.NoStupidQuestions
1phzqo9,NoStupidQuestions,Do you finish your burgers and then finish your fries or do you do a combination of eating your burger and your fries at the same time?,2,24,1765259411.0,0.67,True,self.NoStupidQuestions
1pho7tl,NoStupidQuestions,Do humans have a hunting instinct?,16,59,1765227693.0,0.82,True,self.NoStupidQuestions
1pi57c1,NoStupidQuestions,Least consequential British PM,1,7,1765280086.0,1.0,True,self.NoStupidQuestions
1pi56mc,NoStupidQuestions,Anyone else spending more time talking to AI then they are talking to other people?,0,12,1765280015.0,0.5,True,self.NoStupidQuestions
1pi56lr,NoStupidQuestions,Are scientists wired differently from other people?,1,6,1765280014.0,1.0,True,self.NoStupidQuestions
1pi55ym,NoStupidQuestions,How do people understand that their partner wants to make out if they don’t articulate it?,0,2,1765279952.0,0.33,True,self.NoStupidQuestions
1pgm5ye,NoStupidQuestions,Do cats just randomly clean all over or can they tell which parts of their fur are dirty?,2998,83,1765123978.0,0.99,True,self.NoStupidQuestions
1pi1nxy,NoStupidQuestions,Why and how do people drink coffee?,3,58,1765266339.0,0.55,True,self.NoStupidQuestions
1pi54or,NoStupidQuestions,Could I get away with towing a 36’ travel trailer with a 10’ U-Haul truck?,1,5,1765279829.0,1.0,True,self.NoStupidQuestions
1pi1ndr,NoStupidQuestions,Are hobbies that indirectly contribute to climate change better than those that contribute directly?,2,5,1765266276.0,1.0,True,self.NoStupidQuestions
1pi1j3y,NoStupidQuestions,Would you clone your best friend? (Your dog),2,9,1765265778.0,0.75,True,self.NoStupidQuestions
1phtpo4,NoStupidQuestions,"In most countries outside of the U.S, do people tend to celebrate their 18th birthday the same way that most Americans celebrate their 21st?",7,15,1765241275.0,0.71,True,self.NoStupidQuestions
1pid8dh,NoStupidQuestions,I was ice skating and me and my friends were hittin each other with the metal carts. Our parents told us to stop and we did. After 5min a Karen comes up to me and says stop when I already stopped. She went to the receptionist and she started arguing she got kick out. Was she righ?,0,4,1765300667.0,0.38,True,self.NoStupidQuestions
1pi4xun,NoStupidQuestions,"If hypertrophy is micro tears, and more micro tears means more growth, why is tearing a muscle bad?",0,7,1765279145.0,0.5,True,self.NoStupidQuestions
1pi1h3v,NoStupidQuestions,Does anyone else only take notice of people’s eyes when looking at their face?,2,2,1765265551.0,1.0,True,self.NoStupidQuestions
1phootj,NoStupidQuestions,"When things are tough, what creates or restores a feeling that keeps you hanging on?",14,22,1765228781.0,0.9,True,self.NoStupidQuestions
1pi4v4m,NoStupidQuestions,how often do americans have to clean their homes when they walk around with their shoes on indoors? how are their houses not dirty?,0,22,1765278870.0,0.5,True,self.NoStupidQuestions
1phccib,NoStupidQuestions,Why does the smell of first rain is so relaxing the mood ?,53,27,1765200391.0,0.87,True,self.NoStupidQuestions
1pi180i,NoStupidQuestions,Are there any good user generated websites/social media sites?,2,2,1765264581.0,0.75,True,self.NoStupidQuestions
1phyprq,NoStupidQuestions,Do you think it's possible for someone to watch everything on Netflix?,3,3,1765255710.0,1.0,True,self.NoStupidQuestions
1phyonc,NoStupidQuestions,Have you been denied prescription pain meds you really needed because the doctor refused to prescribe opioids?,3,1,1765255591.0,1.0,True,self.NoStupidQuestions
1pi4cta,NoStupidQuestions,"If a child is born today, do you think they will have to take a driving test when they are an adult?",0,17,1765277051.0,0.43,True,self.NoStupidQuestions
1phivay,NoStupidQuestions,Can you be in the medicinal field and still have colored hair/tattoos/piercings?,23,70,1765215765.0,0.76,True,self.NoStupidQuestions
1pi0tjq,NoStupidQuestions,Why do companies make products with planned Obsolescence instead of long-lasting Versions?,3,16,1765263119.0,0.71,True,self.NoStupidQuestions
1pi48pl,NoStupidQuestions,does ethnicity influence your accent and throat,1,1,1765276632.0,0.67,True,self.NoStupidQuestions
1phpsuz,NoStupidQuestions,"What causes extreme intoxication to have people go to happy, angry, then sad/emotional?",10,12,1765231370.0,0.82,True,self.NoStupidQuestions
1phyeot,NoStupidQuestions,Should I email the professor about my late assignment?,3,4,1765254658.0,1.0,True,self.NoStupidQuestions
1phyclr,NoStupidQuestions,You always hear that rich people don't pay taxes because they just take loans against assets. How does this work?,3,36,1765254474.0,1.0,True,self.NoStupidQuestions
1pi0lm7,NoStupidQuestions,Why does my Brain sometimes randomly remember old conversations I completely forgot About?,2,2,1765262325.0,1.0,True,self.NoStupidQuestions
1pi0j6y,NoStupidQuestions,How can I figure out what is trying to pair with my phone every 2 minutes?,2,5,1765262094.0,1.0,True,self.NoStupidQuestions
1pi0hy1,NoStupidQuestions,Should I still invest in a savings fund (S&amp;P 500)?,2,5,1765261972.0,0.75,True,self.NoStupidQuestions
1pi3xpf,NoStupidQuestions,"I'm in China and they often serve ""undercooked"" (hard, crunchy) potatoes (土豆丝). Is this safe to eat?",1,6,1765275505.0,0.67,True,self.NoStupidQuestions
1pi3wqx,NoStupidQuestions,If a priest tells you to do five Hail Marys..,1,6,1765275403.0,0.67,True,self.NoStupidQuestions
1pi860u,NoStupidQuestions,Is it possible for a person to balance 12 hardcover books on their head?,0,5,1765288880.0,0.25,True,self.NoStupidQuestions
1pi0fdc,NoStupidQuestions,Are people supposed to feel good when they do good things and isnt bad if I dont?,2,7,1765261726.0,0.75,True,self.NoStupidQuestions
1pi81zk,NoStupidQuestions,Why are the worst batteries called Heavy Duty,0,7,1765288600.0,0.33,True,self.NoStupidQuestions
1pi3r4c,NoStupidQuestions,Why not build AI data centers near oceans and use sea water for cooling ?,2,15,1765274803.0,0.62,True,self.NoStupidQuestions
1pi7oie,NoStupidQuestions,What do girls really want?,0,19,1765287621.0,0.38,True,self.NoStupidQuestions
1phorlq,NoStupidQuestions,"Without a VPN, what can hackers get and how difficult is it?",12,38,1765228962.0,0.68,True,self.NoStupidQuestions
1pi3i4j,NoStupidQuestions,"Kids with bilingual parents, how do they learn the language?",1,24,1765273833.0,0.66,True,self.NoStupidQuestions
1phzxvl,NoStupidQuestions,Why is my poop green after drinking purple gatorade,2,9,1765260089.0,0.67,True,self.NoStupidQuestions
1phtzth,NoStupidQuestions,Why so little interest in Celtic Culture?,5,30,1765242005.0,0.61,True,self.NoStupidQuestions
1phrguo,NoStupidQuestions,"If someone is in the Amish Country with a carriage and the horse takes a dump on the street, are the riders legally obligated to pick up the waste like a dog owner would have to?",6,23,1765235394.0,0.81,True,self.NoStupidQuestions
1pi3cdo,NoStupidQuestions,"Why is an equally charged particle, like a proton considered ‘anti’ simply because it has a negative charge and an opposite spin than one with a positive charge?",0,41,1765273196.0,0.33,True,self.NoStupidQuestions
1phve4a,NoStupidQuestions,How far away are clouds seen?,3,8,1765245876.0,0.81,True,self.NoStupidQuestions
1piaeya,NoStupidQuestions,right now are there more images of and actual men or women around you? Also please state your gender? Do you normally notice there's more men or women around you?,0,1,1765294370.0,0.2,True,self.NoStupidQuestions
1pi38uu,NoStupidQuestions,Why does my mobile data lag when vpn is on,1,4,1765272801.0,0.67,True,self.NoStupidQuestions
1pi36dm,NoStupidQuestions,help me find a reddit I'm looking for a sub that'll allow me to post a comparsion of T*mp and Comstock from Bioshock? i can't find a single one.,0,4,1765272539.0,0.5,True,self.NoStupidQuestions
1pi35m9,NoStupidQuestions,Will we eventually need 64gb of RAM for gaming?,1,16,1765272456.0,0.67,True,self.NoStupidQuestions
1phzjxu,NoStupidQuestions,How often do you REALLY need to get a physical/blood work if you're sub 50 and otherwise in good health?,2,16,1765258758.0,0.75,True,self.NoStupidQuestions
1pi33hs,NoStupidQuestions,How do I (26m)make myself cry?,0,5,1765272231.0,0.5,True,self.NoStupidQuestions
1phn4hj,NoStupidQuestions,How do people hide the fact they've lost their job?,11,15,1765225249.0,0.83,True,self.NoStupidQuestions
1pi31z3,NoStupidQuestions,What would happen if I waist train everyday,1,4,1765272060.0,1.0,True,self.NoStupidQuestions
1phzbnw,NoStupidQuestions,Can someone tell if you’ve never kissed before?,2,15,1765257957.0,1.0,True,self.NoStupidQuestions
1phz9rn,NoStupidQuestions,How do I go about putting up boundaries with a cuddly friend I have feelings for?,2,4,1765257765.0,1.0,True,self.NoStupidQuestions
1pi2tea,NoStupidQuestions,Is it safe to kiss someone with an open wound from accidentally biting my lower lip while eating?,1,1,1765271102.0,1.0,True,self.NoStupidQuestions
1pi2tbv,NoStupidQuestions,"If India doesn’t have proper sanitation, how are billion people not dying?",0,15,1765271094.0,0.5,True,self.NoStupidQuestions
1pi9e5h,NoStupidQuestions,what should i do now?,0,2,1765291944.0,0.2,True,self.NoStupidQuestions
1pi2kkf,NoStupidQuestions,Instagram account about New York with ramstein’s remix playing over it,1,4,1765270091.0,1.0,True,self.NoStupidQuestions
1pi2j8h,NoStupidQuestions,What do hand models do to keep their hands smooth and presentable?,1,1,1765269940.0,1.0,True,self.NoStupidQuestions
1pi2j0i,NoStupidQuestions,When do you think would be a good time to build a new PC ?,1,8,1765269914.0,0.67,True,self.NoStupidQuestions
1phyvrp,NoStupidQuestions,Is it stupid to get upset when people tell me I’m their favorite/the one they like the most?,2,6,1765256306.0,1.0,True,self.NoStupidQuestions
1phtzmm,NoStupidQuestions,Why call out your edits in comments?,4,18,1765241992.0,0.67,True,self.NoStupidQuestions
1phqwzu,NoStupidQuestions,How do people decide the exact moment to leave a gathering without making it awkward ?,5,18,1765234031.0,0.73,True,self.NoStupidQuestions
1phyl46,NoStupidQuestions,Does anyone else feel the rumble of sound waves in their ears sometimes and get annoyed,2,4,1765255267.0,1.0,True,self.NoStupidQuestions
1pi28un,NoStupidQuestions,I booked a doctor appointment my social anxiety but my mom also got the alert on her phone ? What do I tell her (she doesn’t believe in mental ilness,0,2,1765268719.0,0.5,True,self.NoStupidQuestions
1pi26ct,NoStupidQuestions,Why do people get emotionally attached to someone they've never even met?,1,5,1765268429.0,1.0,True,self.NoStupidQuestions
1phba73,NoStupidQuestions,Why do modern protests seem to sizzle out so fast compared to the ones in the 60s or 80s?,38,159,1765197307.0,0.73,True,self.NoStupidQuestions
1pi2615,NoStupidQuestions,Is Canada generally a better run country than the U.S. ?,1,13,1765268392.0,0.67,True,self.NoStupidQuestions
1phrqrd,NoStupidQuestions,What do you do when someone opens the gifts you gave them in front of you?,4,1,1765236103.0,0.84,True,self.NoStupidQuestions
1phy4lw,NoStupidQuestions,What’s the difference between love bombing and just being open with your feelings early on?,2,3,1765253745.0,1.0,True,self.NoStupidQuestions
1pi1w5y,NoStupidQuestions,What would happen if I only trained glutes 3 hours a day every day,1,6,1765267276.0,1.0,True,self.NoStupidQuestions
1pi1v53,NoStupidQuestions,Why do devs give multiple romance options in some games when they try to guilt trip you into picking/avoiding one?,0,2,1765267177.0,0.5,True,self.NoStupidQuestions
1pi1udi,NoStupidQuestions,"Why do people want to do some important duty, but forget when another small work comes?",1,3,1765267084.0,1.0,True,self.NoStupidQuestions
1phva4n,NoStupidQuestions,Titanic slide,3,3,1765245565.0,1.0,True,self.NoStupidQuestions
1pgnhwi,NoStupidQuestions,"How do you personally pronounce ""Pecan""?",1261,2585,1765127219.0,0.95,True,self.NoStupidQuestions
1pi1m5b,NoStupidQuestions,Do I actually have to unplug my electric blanket/mattress heater when I'm not using it?,0,11,1765266138.0,0.5,True,self.NoStupidQuestions
1phxp7y,NoStupidQuestions,Sweet tooth,2,3,1765252464.0,1.0,True,self.NoStupidQuestions
1pi1l1y,NoStupidQuestions,what do you call these things,1,16,1765266002.0,1.0,True,self.NoStupidQuestions
1pi7m81,NoStupidQuestions,How do I get $4000 at 18?,0,9,1765287458.0,0.2,True,self.NoStupidQuestions
1phxne6,NoStupidQuestions,Does anyone like the food from Hooters?,1,9,1765252310.0,0.57,True,self.NoStupidQuestions
1pi1ix6,NoStupidQuestions,I misplace everything all the time and I'm not even 18. Does anyone know why this happens or have advice to prevent this?,0,2,1765265757.0,0.5,True,self.NoStupidQuestions
1phjfjn,NoStupidQuestions,Do MMA fighters tap out in a submission move because of the pain or because of risk of injury?,12,31,1765217001.0,0.88,True,self.NoStupidQuestions
1pi1gxs,NoStupidQuestions,"Have there ever been two male actors who worked together on a movie or TV show and were just co-workers/friends at the time, but then later started dating each other? If yes, who?",0,2,1765265534.0,0.5,True,self.NoStupidQuestions
1pi1aay,NoStupidQuestions,Why do people post on the roast me subreddit?,1,4,1765264828.0,0.67,True,self.NoStupidQuestions
1phx6qx,NoStupidQuestions,if north africa gets extremely hot why are a significant amount of north africans lighter skinned and not black like subsaharan africans?,2,7,1765250934.0,1.0,True,self.NoStupidQuestions
1pi169x,NoStupidQuestions,Why are Russians usually seen as “European” and not “Asian”?,1,17,1765264404.0,0.54,True,self.NoStupidQuestions
1phua6a,NoStupidQuestions,Why is Gemini so inaccurate even with very simple prompts?,2,13,1765242802.0,0.57,True,self.NoStupidQuestions
1phu98z,NoStupidQuestions,What is the smallest number humans have ever used for something?,3,2,1765242732.0,1.0,True,self.NoStupidQuestions
1phwzdc,NoStupidQuestions,"Does US lottery ""cash option"" estimates factor in taxes owed?",2,7,1765250334.0,1.0,True,self.NoStupidQuestions
1phwwr3,NoStupidQuestions,Why do I care about what women would say even though I’m gay,2,8,1765250124.0,0.75,True,self.NoStupidQuestions
1phtuv0,NoStupidQuestions,How tf do construction workers just spawn in the crane,3,9,1765241645.0,0.71,True,self.NoStupidQuestions
1pi0o1n,NoStupidQuestions,How many years until A.I. is sentient?,0,24,1765262566.0,0.5,True,self.NoStupidQuestions
1phwetj,NoStupidQuestions,Why can’t I get off my phone?,2,2,1765248724.0,1.0,True,self.NoStupidQuestions
1pi0jmy,NoStupidQuestions,I wonder if they hate us.,1,12,1765262136.0,1.0,True,self.NoStupidQuestions
1pi0he3,NoStupidQuestions,What happens daily in the tall skyscrapers in big cities?,1,3,1765261916.0,1.0,True,self.NoStupidQuestions
1ph4eeb,NoStupidQuestions,Invisibility and aging,101,66,1765171878.0,0.84,True,self.NoStupidQuestions
1pi0eta,NoStupidQuestions,Is reddit really the only social media app that isn't bad for you?,0,4,1765261670.0,0.5,True,self.NoStupidQuestions
1phw472,NoStupidQuestions,What makes a person neurodivergent?,2,16,1765247891.0,0.67,True,self.NoStupidQuestions
1phm8pw,NoStupidQuestions,What is wrong with grown adults who envy children?,7,18,1765223270.0,0.65,True,self.NoStupidQuestions
1pgtcjx,NoStupidQuestions,What do you get for Christmas for someone who is going to die soon?,452,336,1765140951.0,0.98,True,self.NoStupidQuestions
1phvmsg,NoStupidQuestions,Why is everyone taking dating pics in their car?,2,5,1765246551.0,0.75,True,self.NoStupidQuestions
1phzujt,NoStupidQuestions,Is this too much for a 9-month relationship birthday gift?,1,11,1765259788.0,0.67,True,self.NoStupidQuestions
1phzubz,NoStupidQuestions,What is the absolute safest investment for $15-20k?,1,7,1765259766.0,0.67,True,self.NoStupidQuestions
1phbbur,NoStupidQuestions,Does life get better at some point or it will keep getting worse?,24,89,1765197455.0,0.74,True,self.NoStupidQuestions
1phbwdh,NoStupidQuestions,Any men have any experience with sensitivity?,23,31,1765199117.0,0.78,True,self.NoStupidQuestions
1phzqc0,NoStupidQuestions,"When I wipe should I push the toilet paper inside myself a little bit, or can the toilet paper break off and get stuck in my butthole like shrapnel?",0,25,1765259379.0,0.5,True,self.NoStupidQuestions
1phzoen,NoStupidQuestions,can you really get doxxed from basic information?,0,9,1765259195.0,0.5,True,self.NoStupidQuestions
1phzo2b,NoStupidQuestions,Study Habits,1,3,1765259161.0,1.0,True,self.NoStupidQuestions
1ph9v4g,NoStupidQuestions,Would you consider cooking for her as a good idea for a date?,32,81,1765192564.0,0.73,True,self.NoStupidQuestions
1phzh0i,NoStupidQuestions,Diving Into Acid,0,4,1765258472.0,0.33,True,self.NoStupidQuestions
1pi30hp,NoStupidQuestions,Would u save money on water if u used a cats litter box instead of the toilet?,0,12,1765271902.0,0.25,True,self.NoStupidQuestions
1pi8itv,NoStupidQuestions,How common is it for customers to be okay with eating food after the food worker touched it??,0,16,1765289783.0,0.13,True,self.NoStupidQuestions
1phzfgb,NoStupidQuestions,How much sleep do you get a night?,1,8,1765258323.0,1.0,True,self.NoStupidQuestions
1pha09m,NoStupidQuestions,"What do you think, in the next one hundred years, will be the most spoken on language in the world?",28,76,1765193091.0,0.84,True,self.NoStupidQuestions
1phry9d,NoStupidQuestions,What are ways to learn how to drink moderately?,3,8,1765236643.0,1.0,True,self.NoStupidQuestions
1phplbf,NoStupidQuestions,Can I reimburse payments that were originally made with my HSA account?,6,6,1765230894.0,1.0,True,self.NoStupidQuestions
1phrv3z,NoStupidQuestions,Why do I keep getting spam phone calls?,3,3,1765236419.0,1.0,True,self.NoStupidQuestions
1pi4zpu,NoStupidQuestions,Why have so many boomers turned conservative?,0,22,1765279327.0,0.36,True,self.NoStupidQuestions
1phz7yg,NoStupidQuestions,I need break up suggestions,1,3,1765257588.0,1.0,True,self.NoStupidQuestions
1pi87yw,NoStupidQuestions,I wonder approximately what percentage of females actually like xxx or if they just do it for reasons?,0,24,1765289018.0,0.31,True,self.NoStupidQuestions
1phz7kx,NoStupidQuestions,Question about genetics and skin development,0,1,1765257549.0,0.33,True,self.NoStupidQuestions
1phz62m,NoStupidQuestions,If we had a small robot stuck between plates of glacial ice,1,1,1765257399.0,1.0,True,self.NoStupidQuestions
1phroas,NoStupidQuestions,What's the audience demographic for all the songs about genitals and sex?,2,9,1765235923.0,0.58,True,self.NoStupidQuestions
1phz5lk,NoStupidQuestions,Do dementia patients have solid stools?,0,1,1765257352.0,0.5,True,self.NoStupidQuestions
1phugwd,NoStupidQuestions,Can an Antacid tablet hydrate you?,2,5,1765243308.0,0.75,True,self.NoStupidQuestions
1phufva,NoStupidQuestions,Background Check,2,4,1765243233.0,1.0,True,self.NoStupidQuestions
1phucm8,NoStupidQuestions,What might be the job title of a person who would serve as a middle man in correspondence between family members?,2,6,1765242984.0,1.0,True,self.NoStupidQuestions
1pgxrt3,NoStupidQuestions,"If a canned food item is dropped and the fall dents the can, should the food inside the can be eaten right away or is it automatically unsafe",208,77,1765152282.0,0.85,True,self.NoStupidQuestions
1phgwxj,NoStupidQuestions,What is a ‘dirty bomb’?,10,25,1765211376.0,0.87,True,self.NoStupidQuestions
1pi7r75,NoStupidQuestions,"This question is for women , especially those who are single .",0,9,1765287818.0,0.27,True,self.NoStupidQuestions
1phyudf,NoStupidQuestions,"Why do so many posters hide their comments in political, entertainment and other PR heavy subreddits, but not ones where people aren’t paying for publicity or to push a narrative?",0,0,1765256163.0,0.4,True,self.NoStupidQuestions
1pgkij9,NoStupidQuestions,Why do people like cruises?,1061,1094,1765119952.0,0.84,True,self.NoStupidQuestions
1phu5r4,NoStupidQuestions,Did people retire back in the day?,2,9,1765242466.0,0.75,True,self.NoStupidQuestions
1phu5h0,NoStupidQuestions,What happens if the human race discovers all there is to discover?,2,23,1765242443.0,0.67,True,self.NoStupidQuestions
1phyqfz,NoStupidQuestions,How would you feel if your manager keeps fist bumping you?,1,5,1765255781.0,1.0,True,self.NoStupidQuestions
1phu284,NoStupidQuestions,What kind of questions do you like to see in this group? What do you enjoy and what kind of questions do you like to answer?,3,6,1765242187.0,0.71,True,self.NoStupidQuestions
1phd726,NoStupidQuestions,do I really have to pay US taxes while living abroad?,15,44,1765202646.0,0.64,True,self.NoStupidQuestions
1phqxup,NoStupidQuestions,Why nobody has invented some sort of pedal to raise and lower the toilet seat and/or lid without touching them?,4,5,1765234089.0,0.83,True,self.NoStupidQuestions
1phe4iy,NoStupidQuestions,"Where Do You Actually Find Smart, Curious People?",13,75,1765205022.0,0.74,True,self.NoStupidQuestions
1phttwe,NoStupidQuestions,Do you believe everyone should experience romantic love in their life?,2,12,1765241582.0,1.0,True,self.NoStupidQuestions
1phygok,NoStupidQuestions,Can you hide posts you’ve already seen?,1,0,1765254829.0,1.0,True,self.NoStupidQuestions
1phtp8y,NoStupidQuestions,What would happen if every worker in the U.S. went on strike for 1 week,2,18,1765241243.0,1.0,True,self.NoStupidQuestions
1phtoho,NoStupidQuestions,"What will be the definitive, verifiable method we use to tell if something was created by a human, not an AI, when they become visually identical?",2,5,1765241187.0,1.0,True,self.NoStupidQuestions
1phybxh,NoStupidQuestions,"Why doesn't YouTube filter ""Subscribe to my channel"" reminders for current subscribers?",1,0,1765254411.0,1.0,True,self.NoStupidQuestions
1phtih9,NoStupidQuestions,Is it possible to make a water slide with a full loop like they have on roller coasters? How might something like that work?,2,11,1765240722.0,0.67,True,self.NoStupidQuestions
1phq9cy,NoStupidQuestions,Why do humans take so long to grow and mature compared to mammals of similar or even larger size?,3,15,1765232462.0,0.8,True,self.NoStupidQuestions
1phq534,NoStupidQuestions,What is the best virtual keyboard for Android and how does it rate on the privacy scale?,3,0,1765232181.0,1.0,True,self.NoStupidQuestions
1phy0qo,NoStupidQuestions,How do tech companies expect people to buy computers to use AI when prices for RAM and computer parts across the board have skyrocketed for the foreseeable future?,1,6,1765253420.0,0.67,True,self.NoStupidQuestions
1phxzfn,NoStupidQuestions,Help me with my rocket league account,1,3,1765253307.0,0.67,True,self.NoStupidQuestions
1phxphn,NoStupidQuestions,Why is it SO HARD to get a ADHD diagnosis?,1,28,1765252488.0,0.67,True,self.NoStupidQuestions
1phxpf6,NoStupidQuestions,Why is there always someone who likes someone and always someone who dislikes the same person??,1,1,1765252481.0,1.0,True,self.NoStupidQuestions
1phsrru,NoStupidQuestions,Why has the post-hardcore genre of music died out?,2,5,1765238768.0,1.0,True,self.NoStupidQuestions
1phxm4o,NoStupidQuestions,is it inappropriate for a woman to talk to her platonic guy friend about her period?,0,22,1765252211.0,0.5,True,self.NoStupidQuestions
1phxjhy,NoStupidQuestions,Can People Choose to Walk Off Injuries?,0,12,1765251995.0,0.5,True,self.NoStupidQuestions
1phsm5d,NoStupidQuestions,Do laws recognise age of responsibility?,2,7,1765238381.0,0.75,True,self.NoStupidQuestions
1phslgj,NoStupidQuestions,"Those prank videos where they pretend to be a statue or something, if you're response is hitting them, what happens?",2,2,1765238333.0,0.67,True,self.NoStupidQuestions
1phxhae,NoStupidQuestions,Does anyone / anything legally own the air in a spesific region?,0,4,1765251816.0,0.33,True,self.NoStupidQuestions
1ph0a2t,NoStupidQuestions,How do women handle being pregnant??,111,104,1765159374.0,0.85,True,self.NoStupidQuestions
1phxgkq,NoStupidQuestions,What do you understand now about the value of ordinary days that you used to overlook?,1,1,1765251758.0,1.0,True,self.NoStupidQuestions
1phxdoq,NoStupidQuestions,A workbook that you can fill out about yourself?,0,2,1765251517.0,0.5,True,self.NoStupidQuestions
1php4c6,NoStupidQuestions,What career change is a fast way to 6 figures if you already have a bachelor's?,3,32,1765229780.0,1.0,True,self.NoStupidQuestions
1php25a,NoStupidQuestions,Why do I feel like I don’t fit in anywhere,3,4,1765229633.0,1.0,True,self.NoStupidQuestions
1phx6x7,NoStupidQuestions,Can you spin fiberglass insulation into yarn,1,1,1765250947.0,1.0,True,self.NoStupidQuestions
1phx5vn,NoStupidQuestions,"Anime fans, What's your favorite portrayal of an American in anime?",0,1,1765250863.0,0.5,True,self.NoStupidQuestions
1phx5k4,NoStupidQuestions,Why am I so bad at art?,0,7,1765250835.0,0.33,True,self.NoStupidQuestions
1phmb1g,NoStupidQuestions,How do I convince my aging mother to take better care of herself?,4,3,1765223418.0,1.0,True,self.NoStupidQuestions
1phx1hg,NoStupidQuestions,I need someone  to buy something for me. 3rd party or middleman,0,1,1765250502.0,0.5,True,self.NoStupidQuestions
1phs1nb,NoStupidQuestions,Why do big construction projects always take longer than expected or go over budget?,2,9,1765236893.0,1.0,True,self.NoStupidQuestions
1phrzmv,NoStupidQuestions,Can ultra bright headlights cause retina damage to other drivers?,1,3,1765236747.0,0.57,True,self.NoStupidQuestions
1phwynf,NoStupidQuestions,What does it mean when the same person you don't talk to anymore keeps on appearing on your dreams?,0,3,1765250279.0,0.5,True,self.NoStupidQuestions
1ph6o93,NoStupidQuestions,"Do some people mentally “replay” conversations way more than others, or is everyone doing this?",37,26,1765180181.0,0.93,True,self.NoStupidQuestions
1phrvmx,NoStupidQuestions,The bottom of my big toe has been feeling numb. Should I be concerned?,2,7,1765236456.0,1.0,True,self.NoStupidQuestions
1phwtea,NoStupidQuestions,"What would happen if all the current problems with railguns were solved, would it really be the best strategic weapon?",1,4,1765249862.0,1.0,True,self.NoStupidQuestions
1phm04g,NoStupidQuestions,"What happens to ""dry clean only"" clothes when you wash them?",5,10,1765222742.0,0.86,True,self.NoStupidQuestions
1phwqdr,NoStupidQuestions,if polar bears have black skin to absorb light/warm up in a cold climate. Why do some Sub-saharan populations have very dark brown almost black skin in super hot climates?,1,12,1765249620.0,1.0,True,self.NoStupidQuestions
1phwnbm,NoStupidQuestions,How do I stop being so grossed out by bugs?,1,6,1765249376.0,1.0,True,self.NoStupidQuestions
1phwlor,NoStupidQuestions,How many alarms do you have?,1,13,1765249250.0,0.6,True,self.NoStupidQuestions
1phwkus,NoStupidQuestions,Is it expensive to buy fast food restaurants and gas station?,1,6,1765249189.0,0.6,True,self.NoStupidQuestions
1phwk1l,NoStupidQuestions,Why do actors shift from eye to eye???,0,2,1765249129.0,0.5,True,self.NoStupidQuestions
1phwg89,NoStupidQuestions,What is it called to get overwhelmed by joy (specifically in large groups of people)??,1,2,1765248836.0,1.0,True,self.NoStupidQuestions
1pho1k1,NoStupidQuestions,"Is orange called orange because oranges are orange, or is an orange called an orange because it's orange?",1,8,1765227311.0,0.56,True,self.NoStupidQuestions
1phwfe6,NoStupidQuestions,Why is every creative outlet actually abused by business's to get an unfair cut of the profit their art generates?,0,6,1765248768.0,0.33,True,self.NoStupidQuestions
1phwf8g,NoStupidQuestions,How well known is 9/11 outside the U.S?,1,21,1765248757.0,0.56,True,self.NoStupidQuestions
1phwbrl,NoStupidQuestions,VISA Gift Card on DonutSMP,1,2,1765248482.0,0.67,True,self.NoStupidQuestions
1phr8dc,NoStupidQuestions,"When your waiting on the line to speak to customer service and they offer to call you back if you leave your number, do they really keep your call priority?",2,6,1765234811.0,0.75,True,self.NoStupidQuestions
1phw6nd,NoStupidQuestions,Is it Gross?,0,6,1765248082.0,0.4,True,self.NoStupidQuestions
1pi2f2i,NoStupidQuestions,People use to write swastikas on everything (like graffiti and doodles). What has changed?,0,8,1765269456.0,0.4,True,self.NoStupidQuestions
1phw4gp,NoStupidQuestions,How do you know if the dry cleaner is legit?,0,2,1765247912.0,0.5,True,self.NoStupidQuestions
1phw4a5,NoStupidQuestions,Wilderness therapy,1,7,1765247898.0,1.0,True,self.NoStupidQuestions
1phw485,NoStupidQuestions,"if someone is named after their father, making them a jr, what happens if that jr names their son after themselves? what happens to the sr?",0,7,1765247893.0,0.5,True,self.NoStupidQuestions
1phqzqb,NoStupidQuestions,Does good skin mean good and healthy body ?,2,3,1765234223.0,1.0,True,self.NoStupidQuestions
1phw1jm,NoStupidQuestions,What does it look like on the moon when it's a red moon/other color moon?,0,5,1765247686.0,0.5,True,self.NoStupidQuestions
1phnjdf,NoStupidQuestions,Do dogs gets excited about the car ride itself or do they get excited about the destination?,4,12,1765226173.0,0.75,True,self.NoStupidQuestions
1phqxms,NoStupidQuestions,Am I supposed to clean my house before the house cleaner arrives?,2,7,1765234073.0,1.0,True,self.NoStupidQuestions
1phnge6,NoStupidQuestions,Can a relationship without physical intimacy work?,2,30,1765225984.0,0.57,True,self.NoStupidQuestions
1phvy9i,NoStupidQuestions,Do glasses make everything look smaller? Or do my contacts make things look bigger?,1,2,1765247433.0,1.0,True,self.NoStupidQuestions
1phvxsj,NoStupidQuestions,Are there  Non Military Fields that have  have the Equivalent of Commissioning vs Enlisting?,1,4,1765247399.0,1.0,True,self.NoStupidQuestions
1phix00,NoStupidQuestions,Etiquette surrounding Cologuard,5,9,1765215871.0,0.73,True,self.NoStupidQuestions
1phvvo7,NoStupidQuestions,Why do tier lists begin with S?,0,5,1765247235.0,0.5,True,self.NoStupidQuestions
1phvtfm,NoStupidQuestions,Do resellers &amp; Social Media reselling influencers really make bank? Or is it just part of the scheme? Why does this make me feel like garbage?,0,7,1765247064.0,0.5,True,self.NoStupidQuestions
1phvsni,NoStupidQuestions,What’s the point of debit/credit cards if places start to charge a 2-3% fee?,0,9,1765247005.0,0.33,True,self.NoStupidQuestions
1phvsjm,NoStupidQuestions,Do people do Truckers do honks out side of the U.S.A?,1,1,1765246996.0,0.55,True,self.NoStupidQuestions
1phfr8x,NoStupidQuestions,Did you have kids knowing your partner was a fit parent?,8,43,1765208781.0,0.75,True,self.NoStupidQuestions
1phvq31,NoStupidQuestions,Why can’t I find my car after I sell it,0,1,1765246808.0,0.33,True,self.NoStupidQuestions
1phqisk,NoStupidQuestions,Is it normal to feel guilty about using self checkout even when I paid for everything ??,1,9,1765233073.0,0.55,True,self.NoStupidQuestions
1phzyce,NoStupidQuestions,"Hypothetically, if you knew exactly how long a second is and you were counting time, how high could you count before your numbers would start becoming too long to keep track of the seconds?",0,5,1765260133.0,0.25,True,self.NoStupidQuestions
1phvmo9,NoStupidQuestions,Am I obligated in life?,0,11,1765246542.0,0.5,True,self.NoStupidQuestions
1phqhhf,NoStupidQuestions,"Why is ""hindi""/""urdu"" or some other Indian language written after ""meaning"" whenever searching for a words definition on google?",2,2,1765232994.0,1.0,True,self.NoStupidQuestions
1pi4l6z,NoStupidQuestions,Why is brazzers so popular he,0,13,1765277902.0,0.3,True,self.NoStupidQuestions
1phvkgg,NoStupidQuestions,Getting rid of ai search results?,0,4,1765246373.0,0.5,True,self.NoStupidQuestions
1phvgzs,NoStupidQuestions,is it disrespectful to stop holding the door for someone who's playing on their phone and walking up?,0,12,1765246095.0,0.5,True,self.NoStupidQuestions
1phfajm,NoStupidQuestions,How do organisers mitigate the risk of shark attacks during open sea swimming races,7,21,1765207725.0,0.74,True,self.NoStupidQuestions
1phptw7,NoStupidQuestions,Does anyone else experience when using there cell phone there hand falls asleep?,2,12,1765231436.0,0.75,True,self.NoStupidQuestions
1phpthm,NoStupidQuestions,Construction workers disturbing asbestos,2,4,1765231409.0,1.0,True,self.NoStupidQuestions
1phmadd,NoStupidQuestions,What is the earliest example of farts being funny,5,15,1765223373.0,0.63,True,self.NoStupidQuestions
1phpnr6,NoStupidQuestions,How distant do cousins have to be for them to practically no longer be cousins.,2,15,1765231056.0,1.0,True,self.NoStupidQuestions
1phpmre,NoStupidQuestions,"I just did my first directly observed drug test at the military entrance processing station in MI, they made males drop our pants and underwear to our ankles and hold our shirts up, is it normally like that?",2,7,1765230989.0,0.75,True,self.NoStupidQuestions
1phuwkf,NoStupidQuestions,NFL Teams: Why Not Just Borrow an NBA Guy to Swat Kicks Like a Fly?,1,5,1765244514.0,0.67,True,self.NoStupidQuestions
1phm0ac,NoStupidQuestions,Graffiti on train cars?,3,13,1765222751.0,0.81,True,self.NoStupidQuestions
1phlyjm,NoStupidQuestions,What am I supposed to do to save what little I have left of my spirit?,1,10,1765222642.0,0.56,True,self.NoStupidQuestions
1phz8js,NoStupidQuestions,does expired pasta taste worse?,0,2,1765257644.0,0.25,True,self.NoStupidQuestions
1phap60,NoStupidQuestions,What should I do to pass the time without phones or any other devices?,12,33,1765195436.0,0.72,True,self.NoStupidQuestions
1phuo22,NoStupidQuestions,Can you eat just the right amount you never have to poop,0,24,1765243858.0,0.5,True,self.NoStupidQuestions
1pi3tml,NoStupidQuestions,Do ppl from the west really h*o*e around,0,16,1765275078.0,0.33,True,self.NoStupidQuestions
1phukt5,NoStupidQuestions,How normal is it for people to go to sit-in restaurants by themselves?,1,17,1765243612.0,0.6,True,self.NoStupidQuestions
1phlk67,NoStupidQuestions,Why do so many movie reviews feel inaccurate?,3,5,1765221734.0,0.81,True,self.NoStupidQuestions
1php1ok,NoStupidQuestions,Is a therapist writing things down generally a good sign?,2,9,1765229605.0,1.0,True,self.NoStupidQuestions
1pi3ocd,NoStupidQuestions,Who is Margaret Thatcher?,0,14,1765274506.0,0.25,True,self.NoStupidQuestions
1phudek,NoStupidQuestions,if humans could turn off and on their immune system would it be correct to turn it off for colds and other mild ills?,0,14,1765243046.0,0.33,True,self.NoStupidQuestions
1phh083,NoStupidQuestions,who is the smartest person you've ever met and know personally?,5,10,1765211590.0,0.86,True,self.NoStupidQuestions
1pgv0rp,NoStupidQuestions,Could you throw something hard enough it leaves orbit on the moon?,150,113,1765145052.0,0.91,True,self.NoStupidQuestions
1pi12o6,NoStupidQuestions,"Why do people find it so offensive if a straight man rejects a backwards, misogynistic culture he came from?",0,17,1765264039.0,0.38,True,self.NoStupidQuestions
1phu6wy,NoStupidQuestions,What causes some dishes to smell like the dishwasher?,1,3,1765242556.0,0.67,True,self.NoStupidQuestions
1phu5k9,NoStupidQuestions,Shower Power Gel: what is the 'nano technology' they're talking about?,1,4,1765242451.0,1.0,True,self.NoStupidQuestions
1phu4wp,NoStupidQuestions,Why do some women wear gloves when they get married?,0,4,1765242401.0,0.33,True,self.NoStupidQuestions
1phu44s,NoStupidQuestions,Is teen challenge a bad idea for a non religious severe alcoholic?,1,3,1765242340.0,0.67,True,self.NoStupidQuestions
1phomgh,NoStupidQuestions,How do i get over my bf’s small comments that have made me insecure,2,15,1765228629.0,1.0,True,self.NoStupidQuestions
1phu1s4,NoStupidQuestions,"How much of kosher and halal food is a higher quality final product, vs things that are purely symbolic?",1,3,1765242151.0,1.0,True,self.NoStupidQuestions
1phu1b0,NoStupidQuestions,Should I switch career paths?,1,1,1765242113.0,1.0,True,self.NoStupidQuestions
1pi2buj,NoStupidQuestions,Is modern medicine making the human race weaker?,0,11,1765269075.0,0.14,True,self.NoStupidQuestions
1phtz47,NoStupidQuestions,How can I get rid of a fetish I feel uncomfortable having?,0,8,1765241953.0,0.5,True,self.NoStupidQuestions
1phylon,NoStupidQuestions,Whats with old people and new cars?,0,6,1765255329.0,0.25,True,self.NoStupidQuestions
1phoe8e,NoStupidQuestions,Could you survive on just meat and fruit?,2,2,1765228101.0,0.75,True,self.NoStupidQuestions
1phttg7,NoStupidQuestions,"I am writing a common app essay for college, and I was wondering what you guys think of it.",0,2,1765241549.0,0.33,True,self.NoStupidQuestions
1phoai1,NoStupidQuestions,"what is a good, reasonable speed to drive in a residential construction zone?",2,17,1765227863.0,0.76,True,self.NoStupidQuestions
1pho912,NoStupidQuestions,How to tell people if they are talking to the headphones or talking to you?,2,6,1765227770.0,1.0,True,self.NoStupidQuestions
1phyh0u,NoStupidQuestions,why do people blame corporate greed on capitalism?,0,18,1765254860.0,0.33,True,self.NoStupidQuestions
1pho866,NoStupidQuestions,Is it possible to have too cushy of a childhood? (Pls read body),2,9,1765227715.0,0.75,True,self.NoStupidQuestions
1phkn5g,NoStupidQuestions,How do people in workspaces steal their coworker's lunches?,3,12,1765219710.0,0.72,True,self.NoStupidQuestions
1phtmdu,NoStupidQuestions,"How often does it happen where a TV show films a pilot/a few episodes, only to be canceled before it airs?",1,3,1765241026.0,1.0,True,self.NoStupidQuestions
1phtm9m,NoStupidQuestions,How often do you go out for fun?,1,14,1765241016.0,0.67,True,self.NoStupidQuestions
1pg7hg1,NoStupidQuestions,People keep saying the rich don't pay tax because they borrow money from the bank using their stock as collateral....  but how do they pay back the loans?,4920,2038,1765076048.0,0.92,True,self.NoStupidQuestions
1phhx79,NoStupidQuestions,Why do some parents refuse to learn technology?,5,20,1765213634.0,0.73,True,self.NoStupidQuestions
1phtgog,NoStupidQuestions,Would it be safe to comparatively say that sexuality is like personality?,1,6,1765240581.0,0.57,True,self.NoStupidQuestions
1phnvzx,NoStupidQuestions,Is designer just scams with brands slapped on them,2,0,1765226960.0,1.0,True,self.NoStupidQuestions
1phht95,NoStupidQuestions,What's that mobile game with soldiers that get multiplied or added depending on which path they go?,3,12,1765213390.0,0.6,True,self.NoStupidQuestions
1pgf0c2,NoStupidQuestions,Why do so many people think that being good friends with your exes is a red flag?,1175,1037,1765102392.0,0.81,True,self.NoStupidQuestions
1phe7g4,NoStupidQuestions,Dreams about toilets?,6,8,1765205217.0,0.88,True,self.NoStupidQuestions
1phhlg4,NoStupidQuestions,Why is Notre Dame the Fighting Irish?,3,32,1765212926.0,0.64,True,self.NoStupidQuestions
1pht7tq,NoStupidQuestions,How come in 90’s rap videos everyone’s clothes were blurred out?,0,9,1765239923.0,0.5,True,self.NoStupidQuestions
1pht7hn,NoStupidQuestions,Has anyone ever seen a RotoProne Bed?,0,3,1765239900.0,0.5,True,self.NoStupidQuestions
1pi2vbg,NoStupidQuestions,Why are restrooms gendered?,0,89,1765271323.0,0.44,True,self.NoStupidQuestions
1pi1su8,NoStupidQuestions,Do you think Timothy Chalamet gets jealous knowing Kylie Jenner was with Travis Scott,0,4,1765266906.0,0.14,True,self.NoStupidQuestions
1pht65a,NoStupidQuestions,Is it bad to talk to people about problems?,0,3,1765239801.0,0.5,True,self.NoStupidQuestions
1pi09qm,NoStupidQuestions,Why are Russian tourists wearing the worst hiking attire?,0,2,1765261198.0,0.17,True,self.NoStupidQuestions
1pht1c9,NoStupidQuestions,Is $75 cash in a card an awkward holiday gift for nieces and nephews?,1,27,1765239460.0,0.6,True,self.NoStupidQuestions
1phsyno,NoStupidQuestions,Where are places you shouldn’t take your dog?,1,5,1765239276.0,1.0,True,self.NoStupidQuestions
1phjopk,NoStupidQuestions,"You have one company that purchases another company for billions of dollars, where does all that money go to?",3,8,1765217555.0,0.67,True,self.NoStupidQuestions
1phsumz,NoStupidQuestions,Anyone ever been in a Hubbard Tank?,0,2,1765238984.0,0.33,True,self.NoStupidQuestions
1phxow6,NoStupidQuestions,"Why is it considered bad to ""sleep around?""",0,37,1765252435.0,0.47,True,self.NoStupidQuestions
1phsph8,NoStupidQuestions,Is there a particular reason Quentin Tarentino is coming for beloved and very good actors,0,12,1765238600.0,0.47,True,self.NoStupidQuestions
1phspb4,NoStupidQuestions,"If horde animals were smarter, would we still perceive said ""kings"" like lions as such?",1,4,1765238586.0,0.67,True,self.NoStupidQuestions
1phsp3z,NoStupidQuestions,"Is It weird to think rats, Racoons and opossums are cute",1,16,1765238574.0,1.0,True,self.NoStupidQuestions
1pi1ekz,NoStupidQuestions,"Does ""gooning"" cause low testosterone?",0,5,1765265275.0,0.17,True,self.NoStupidQuestions
1phsfcm,NoStupidQuestions,Does everyone get pimples on their eyebrows?,2,8,1765237879.0,0.6,True,self.NoStupidQuestions
1phxc1b,NoStupidQuestions,What could it mean to rapidly flash headlights?,0,5,1765251376.0,0.38,True,self.NoStupidQuestions
1phmnuz,NoStupidQuestions,"What’s the difference between pouches like Zyns, and the nicotine lozenges from the pharmacy?",2,3,1765224205.0,0.76,True,self.NoStupidQuestions
1phj0qw,NoStupidQuestions,What happened to all the unpopular opinion/Hot Take posts on AskReddit?,3,3,1765216098.0,0.67,True,self.NoStupidQuestions
1phj0ha,NoStupidQuestions,In what cultures is it rude to ask what you do for work?,3,7,1765216083.0,0.81,True,self.NoStupidQuestions
1phsa9w,NoStupidQuestions,Advice on Creative Internships?,1,0,1765237512.0,1.0,True,self.NoStupidQuestions
1phiza6,NoStupidQuestions,What would society be like if politicians acted solely on behalf of the greater good?,2,13,1765216007.0,0.6,True,self.NoStupidQuestions
1phs9iw,NoStupidQuestions,"How do things that people fund via consumer debt, not eventually become unaffordable (and reduce prices) when peoples' credit limits are maxed out?",1,7,1765237461.0,1.0,True,self.NoStupidQuestions
1phs8ur,NoStupidQuestions,What’s the next ‘Lingua Franca’?,1,20,1765237410.0,0.57,True,self.NoStupidQuestions
1phixnt,NoStupidQuestions,"If a company has a 30 day return policy for items, but they require emailing them for the return label, but they never respond, can you get a chargeback on your credit card?",3,5,1765215909.0,0.81,True,self.NoStupidQuestions
1phs6m1,NoStupidQuestions,Has anyone ever asked a bartender out?,1,9,1765237246.0,0.66,True,self.NoStupidQuestions
1phist5,NoStupidQuestions,The belief of reincarnation and the physical form,3,11,1765215610.0,0.81,True,self.NoStupidQuestions
1phs21y,NoStupidQuestions,How can I use an equalizer to louden a fart in the background of a recording?,1,1,1765236923.0,0.6,True,self.NoStupidQuestions
1phs05v,NoStupidQuestions,Can I put solidified/frozen soup in my checked luggage?,0,3,1765236784.0,0.5,True,self.NoStupidQuestions
1phrz65,NoStupidQuestions,"Beginners always make one big mistake, what’s yours?",0,2,1765236713.0,0.46,True,self.NoStupidQuestions
1phm6sf,NoStupidQuestions,Why are marriages in media depicted so badly?,2,21,1765223153.0,0.76,True,self.NoStupidQuestions
1phwuu9,NoStupidQuestions,"Evolutionary speaking, what’s the purpose of nipples / breasts in men?",0,11,1765249971.0,0.29,True,self.NoStupidQuestions
1phz8xn,NoStupidQuestions,Do you believe that looks are ultimately the most important thing for most women when choosing a partner?,0,14,1765257680.0,0.38,True,self.NoStupidQuestions
1phlv5p,NoStupidQuestions,Why do some Mother of Pearl spoons cost $3 and some cost $40?,2,3,1765222430.0,0.76,True,self.NoStupidQuestions
1phrmow,NoStupidQuestions,Why do adults feel tired almost every single day? i never understood it as a kid,1,3,1765235810.0,0.67,True,self.NoStupidQuestions
1phi855,NoStupidQuestions,How did hoatzins get little fingers?,3,4,1765214324.0,0.81,True,self.NoStupidQuestions
1phrj8a,NoStupidQuestions,How to beat the urge to subscribe to OF to text and talk to women if a man is unsuccessful in real life and is in his early 30s (as pathetic as it seems)?,0,6,1765235562.0,0.44,True,self.NoStupidQuestions
1phrj19,NoStupidQuestions,Do you think Malls should have exclusive items like Movies theaters have films?,0,8,1765235549.0,0.33,True,self.NoStupidQuestions
1phi30v,NoStupidQuestions,Is this a Normal dad thing?,4,32,1765213998.0,0.7,True,self.NoStupidQuestions
1phln2g,NoStupidQuestions,Why do ragtime or otherwise old-timey pianos stereotypically sound so out of tune when played in movies or cartoons?,2,3,1765221922.0,1.0,True,self.NoStupidQuestions
1phlmby,NoStupidQuestions,"Have you ever lived far from home, felt homesickness, and “given in” by returning home? If so, did you wish later on that you’d pushed through and overcome it?",2,2,1765221875.0,0.76,True,self.NoStupidQuestions
1phrgcj,NoStupidQuestions,What is the liquid in an LCD display and can you drink it?,0,3,1765235360.0,0.5,True,self.NoStupidQuestions
1phrcq4,NoStupidQuestions,What’s the name of that mobile game where you play as a lady who renovates houses while fighting ghosts with a magical wand?,0,1,1765235099.0,0.5,True,self.NoStupidQuestions
1pi7911,NoStupidQuestions,"U know what , whenever I see a hot girl. My mind immediately imagine undressing, love making and sex with her . If that is the case, then how am I supposed to talk to her and know about her qualities ??",0,26,1765286468.0,0.14,True,self.NoStupidQuestions
1phhsxc,NoStupidQuestions,Are people born racists ?,3,84,1765213371.0,0.52,True,self.NoStupidQuestions
1pgv8jy,NoStupidQuestions,"How many of you all say “thank you”, when someone says “bless you” after you sneeze?",95,112,1765145585.0,0.94,True,self.NoStupidQuestions
1phr7qv,NoStupidQuestions,Deer/rodent alarms,1,1,1765234768.0,1.0,True,self.NoStupidQuestions
1phr65d,NoStupidQuestions,Why did my wrist feel cold and airy when I cracked it.,1,0,1765234653.0,1.0,True,self.NoStupidQuestions
1phr5qy,NoStupidQuestions,"Why are the odds of becoming famous like blink 182, bring me the horizon, Avril lavigne etc so low?",0,14,1765234626.0,0.4,True,self.NoStupidQuestions
1phr2f8,NoStupidQuestions,Why are a lot of nurses leaving the profession?,0,15,1765234403.0,0.5,True,self.NoStupidQuestions
1phr2e1,NoStupidQuestions,How do I get my beard to grow fuller and faster?,1,4,1765234400.0,1.0,True,self.NoStupidQuestions
1phr1f4,NoStupidQuestions,If you host a potluck holiday dinner how do you get the food warm at the same time?,0,6,1765234335.0,0.5,True,self.NoStupidQuestions
1phqzwp,NoStupidQuestions,Why are leaders still meeting and just not do teams calls?,1,9,1765234237.0,0.67,True,self.NoStupidQuestions
1phqyps,NoStupidQuestions,I'm showering for the first time on 5 years why didn't I ever notice any difference?,0,1,1765234149.0,0.5,True,self.NoStupidQuestions
1phqy3r,NoStupidQuestions,What does it mean if you dream about your brother being Shane Dawson?,0,2,1765234105.0,0.5,True,self.NoStupidQuestions
1phw0pk,NoStupidQuestions,Why do we still obey what the Founding Fathers intended when we make laws centuries later?,0,5,1765247622.0,0.25,True,self.NoStupidQuestions
1phqw8q,NoStupidQuestions,Why do I sound weird or different whenever I hear my voice recorded? 🤔,1,6,1765233979.0,1.0,True,self.NoStupidQuestions
1phqvxj,NoStupidQuestions,What’s your favorite line from a book you’ve read? Or movie one-liner?,0,8,1765233958.0,0.5,True,self.NoStupidQuestions
1phqvep,NoStupidQuestions,Do you also sometimes hold your arm straight up in the air while lying on the side?,1,5,1765233922.0,1.0,True,self.NoStupidQuestions
1phquj2,NoStupidQuestions,Can a Blue Heeler rip tree roots from the ground?,1,4,1765233863.0,0.99,True,self.NoStupidQuestions
1phkwo3,NoStupidQuestions,How weird is it to not wear a bra?,3,12,1765220293.0,0.62,True,self.NoStupidQuestions
1phylhg,NoStupidQuestions,How many farts are in a poop?,0,2,1765255307.0,0.36,True,self.NoStupidQuestions
1phkwds,NoStupidQuestions,What should the line between 'not being bothered by people' vs 'taking peoples advice and critisim effectively' be?,2,3,1765220275.0,0.76,True,self.NoStupidQuestions
1phku06,NoStupidQuestions,How long to keep electronics boxes,2,11,1765220130.0,0.76,True,self.NoStupidQuestions
1pgms40,NoStupidQuestions,What do people bring to a middle class office job in America?,252,212,1765125512.0,0.89,True,self.NoStupidQuestions
1phqqfs,NoStupidQuestions,"Why don’t companies that deliver to residences blacklist or create a shared blacklist of neighborhoods, areas, streets, residential complexes, etc. where multiple drivers have faced issues?",0,11,1765233585.0,0.4,True,self.NoStupidQuestions
1phvtwb,NoStupidQuestions,"Which nations or cultures best embody the ideals of community? I feel like in America, materialism is tied to identity in a way bonds and the genuine valuing of other people is not.",0,1,1765247098.0,0.25,True,self.NoStupidQuestions
1phqpjn,NoStupidQuestions,Are people that pass out at the sight of blood affected by period blood?,1,3,1765233523.0,0.6,True,self.NoStupidQuestions
1pgbs2h,NoStupidQuestions,Do you wash scissors?,1541,639,1765090047.0,0.93,True,self.NoStupidQuestions
1phvrky,NoStupidQuestions,Why doesn't creating more money make everyone richer over time?,0,6,1765246924.0,0.33,True,self.NoStupidQuestions
1phkmes,NoStupidQuestions,Mustache vs Beard in use,2,3,1765219666.0,0.76,True,self.NoStupidQuestions
1phqkul,NoStupidQuestions,"In a lot of political cartoons (IE, Sepoy Rebellion), why are women fighting and seen as strong if women could not have jobs or fight when those were made?",0,4,1765233207.0,0.5,True,self.NoStupidQuestions
1phqkc5,NoStupidQuestions,Rule at work,1,10,1765233173.0,0.67,True,self.NoStupidQuestions
1phqk71,NoStupidQuestions,why do some parents get jealous of their children?,1,4,1765233164.0,1.0,True,self.NoStupidQuestions
1phqk15,NoStupidQuestions,Did McDonalds get worse overtime or am I remembering it more lightly from my childhood?,1,9,1765233153.0,0.66,True,self.NoStupidQuestions
1phqe5a,NoStupidQuestions,Deactivated credit card or debit card to a closed account?,1,2,1765232776.0,1.0,True,self.NoStupidQuestions
1phkd84,NoStupidQuestions,"People who speaks languages that refer to objects as he/she, how do you determine if an object is a he or she?",2,26,1765219088.0,0.76,True,self.NoStupidQuestions
1phq8wg,NoStupidQuestions,How many slots are available on the billboard chart?,1,5,1765232432.0,1.0,True,self.NoStupidQuestions
1phk94r,NoStupidQuestions,Can I get sick if I left my pack of cigarettes on top of the radiator to dry?,1,11,1765218834.0,0.57,True,self.NoStupidQuestions
1phq7o5,NoStupidQuestions,Road Ragers flipping the bird,0,7,1765232349.0,0.4,True,self.NoStupidQuestions
1ph0k7z,NoStupidQuestions,What age is it…,39,85,1765160177.0,0.79,True,self.NoStupidQuestions
1phgjem,NoStupidQuestions,When did nuclear fusion become a reality?,3,43,1765210523.0,0.64,True,self.NoStupidQuestions
1phpzhw,NoStupidQuestions,What would happen if i put castor oil in my eyebrows every day for the rest of my life,1,7,1765231811.0,1.0,True,self.NoStupidQuestions
1phpym5,NoStupidQuestions,Is there a way to harness cow farts into fuel and would it be sustainable?,1,4,1765231751.0,1.0,True,self.NoStupidQuestions
1phjyeg,NoStupidQuestions,Remote Control only working from an specific angle,2,3,1765218167.0,0.76,True,self.NoStupidQuestions
1phptri,NoStupidQuestions,"men, women, and everyone in between, what was prison like for you?",0,1,1765231427.0,0.44,True,self.NoStupidQuestions
1pgb7il,NoStupidQuestions,"Why don't humans walk around naked barring the convenience of clothes in regards to keeping us warm or safe? Why do we have modesty as a concept? Why don't people just walk around buck naked, such as on hot days?",1521,476,1765088020.0,0.92,True,self.NoStupidQuestions
1phpcxw,NoStupidQuestions,Can my company recover deleted photos on the company iPhone?”,1,4,1765230344.0,1.0,True,self.NoStupidQuestions
1phun1l,NoStupidQuestions,"If I found a freezer big enough to fit a human inside, could I go inside that freezer, freeze myself for 1000 years and wake up in the future?",0,18,1765243784.0,0.45,True,self.NoStupidQuestions
1php73f,NoStupidQuestions,What is getting a cavity filling like?,1,18,1765229958.0,1.0,True,self.NoStupidQuestions
1ph2jzm,NoStupidQuestions,What do religious people think of the physical similarity between apes and humans?,24,48,1765166157.0,0.81,True,self.NoStupidQuestions
1phyykp,NoStupidQuestions,My girl buddy keeps kissing me- is she into me?,0,8,1765256594.0,0.3,True,self.NoStupidQuestions
1phivyl,NoStupidQuestions,"Why do some flights feel way more turbulent than others, even on the same route?",2,6,1765215806.0,0.76,True,self.NoStupidQuestions
1pgl9ol,NoStupidQuestions,Where did all the cool shit go?,249,187,1765121818.0,0.94,True,self.NoStupidQuestions
1phittk,NoStupidQuestions,Landlord fractured shoulder. Why didn’t he get an orthopedist to check it out?,2,24,1765215674.0,0.76,True,self.NoStupidQuestions
1phis5i,NoStupidQuestions,Would Satan support or hate atheists?,1,124,1765215569.0,0.52,True,self.NoStupidQuestions
1phonqj,NoStupidQuestions,"Why is it when someone else scratches my back it just chases the itch around, but if they chase it to where I can reach it I can scratch it away?",1,1,1765228710.0,1.0,True,self.NoStupidQuestions
1phonms,NoStupidQuestions,Do you prefer sweet or sour strawberries?,1,10,1765228703.0,1.0,True,self.NoStupidQuestions
1pholn9,NoStupidQuestions,Why do some people need light at home?,0,12,1765228575.0,0.5,True,self.NoStupidQuestions
1phol18,NoStupidQuestions,Why is Larry Ellison trying to buy Warner bros?,1,3,1765228536.0,1.0,True,self.NoStupidQuestions
1phohrd,NoStupidQuestions,What happens if the federal government defaults but the people and states still have money?,0,6,1765228323.0,0.33,True,self.NoStupidQuestions
1phoffr,NoStupidQuestions,Can the FBI charge you with a crime for buying suspicious things online?,0,17,1765228178.0,0.5,True,self.NoStupidQuestions
1pgm7et,NoStupidQuestions,Do we know whether animals know that children are human young and not small humans?,202,88,1765124080.0,0.98,True,self.NoStupidQuestions
1phoe60,NoStupidQuestions,Can sheep be taught tricks?,1,1,1765228096.0,1.0,True,self.NoStupidQuestions
1phocln,NoStupidQuestions,What exactly is the point of luxury brands?,0,12,1765227996.0,0.5,True,self.NoStupidQuestions
1phochp,NoStupidQuestions,do commercial directors hire their target audience?,1,2,1765227989.0,1.0,True,self.NoStupidQuestions
1phcemu,NoStupidQuestions,"How many mythological figures or areas e.t.c. in history are likely to have existed .e.g. King Arthur, gods of pantheons, Atlantis e.t.c.?",4,13,1765200558.0,0.75,True,self.NoStupidQuestions
1phwhzn,NoStupidQuestions,Why don't human body scientists just operate on people who wanna off themselves,0,5,1765248971.0,0.4,True,self.NoStupidQuestions
1phtl67,NoStupidQuestions,What is a board game kink?,0,5,1765240931.0,0.25,True,self.NoStupidQuestions
1phehip,NoStupidQuestions,"If a can of soda is shaken, will it go back to non-shaken status?",2,24,1765205899.0,0.6,True,self.NoStupidQuestions
1pho2cd,NoStupidQuestions,How sincere are wealthy celebrities care for their fans?,0,6,1765227359.0,0.33,True,self.NoStupidQuestions
1phhzia,NoStupidQuestions,"If I torrent through a VPN, will my ISP be able to know what I'm downloading?",2,8,1765213779.0,0.63,True,self.NoStupidQuestions
1pho1rg,NoStupidQuestions,"Sometimes I doomscroll so hard I forget what I was even doing, can you relate ?",1,2,1765227324.0,1.0,True,self.NoStupidQuestions
1pho135,NoStupidQuestions,Coworker is asking me to cash a check for her in my name??,0,12,1765227280.0,0.5,True,self.NoStupidQuestions
1phnt55,NoStupidQuestions,What is it like to learn material arts?,1,6,1765226783.0,0.6,True,self.NoStupidQuestions
1phnrn3,NoStupidQuestions,"What is the difference between ""ok"" and ""okay""?",0,5,1765226686.0,0.5,True,self.NoStupidQuestions
1phnpps,NoStupidQuestions,How do you accomplish work when you're depressed?,0,2,1765226571.0,0.5,True,self.NoStupidQuestions
1phe2x4,NoStupidQuestions,Why do I pick up anxiety from other people?,3,7,1765204909.0,0.72,True,self.NoStupidQuestions
1phnm4h,NoStupidQuestions,How bad would Korean economy suffer if Samsung sales and stocks go down?,0,3,1765226347.0,0.5,True,self.NoStupidQuestions
1phnkpb,NoStupidQuestions,How do Australian people who suffer from arachnophobia deal with it?,0,10,1765226259.0,0.5,True,self.NoStupidQuestions
1phnkai,NoStupidQuestions,"One of life's little mysteries - for chemists, physicists, and experts on freezing water.",0,2,1765226233.0,0.5,True,self.NoStupidQuestions
1phhg7b,NoStupidQuestions,Does the smell of a nasty public bathroom cling to your clothes?,2,2,1765212607.0,0.76,True,self.NoStupidQuestions
1phz5gm,NoStupidQuestions,Why do we need AI? We have a number of people who can work.,0,28,1765257338.0,0.33,True,self.NoStupidQuestions
1pht0i2,NoStupidQuestions,I’m very curious about the differences in condom vs raw sex.,0,23,1765239403.0,0.25,True,self.NoStupidQuestions
1phnbiq,NoStupidQuestions,What do you think the unforeseen consequences of AI are?,0,11,1765225676.0,0.4,True,self.NoStupidQuestions
1phbouq,NoStupidQuestions,What is dryer lint?,3,11,1765198536.0,0.72,True,self.NoStupidQuestions
1phn8ws,NoStupidQuestions,What countries/areas use the word Tombola?,0,3,1765225519.0,0.5,True,self.NoStupidQuestions
1phn2fp,NoStupidQuestions,How do you handle a SO wasting your money if the first frank discussion doesn't help?,0,11,1765225121.0,0.5,True,self.NoStupidQuestions
1phgyx7,NoStupidQuestions,How do i do this again?,2,2,1765211503.0,0.76,True,self.NoStupidQuestions
1ph75hc,NoStupidQuestions,What hobbies can I pick up that will help me to make friends?,9,19,1765182049.0,0.86,True,self.NoStupidQuestions
1phmzia,NoStupidQuestions,If she was interested would she have shown it at the holiday party?,1,4,1765224939.0,1.0,True,self.NoStupidQuestions
1phdiab,NoStupidQuestions,What’s it called when someone changes their whole clothing style to fit in with the girls at their school?,3,17,1765203447.0,0.81,True,self.NoStupidQuestions
1phgvho,NoStupidQuestions,Do you have recommendations for new social media with better algorithms?,2,3,1765211282.0,0.76,True,self.NoStupidQuestions
1phmsvq,NoStupidQuestions,Did MMORPGs from the late 90s to early 2000s have a built in Message Board system? if so why did we stop doing that in games?,0,7,1765224517.0,0.5,True,self.NoStupidQuestions
1phba7g,NoStupidQuestions,How do you get started?,4,17,1765197308.0,0.76,True,self.NoStupidQuestions
1phgm4b,NoStupidQuestions,how do you train yourself to judge people less by their appearance?,1,22,1765210691.0,0.54,True,self.NoStupidQuestions
1phmnd2,NoStupidQuestions,"If some people like watching commercials and/or don't mind watching them, why not have a channel or outlet just for commercials 24/7 so the rest of us don't have to be forced to sit through one while watching our shows?",0,11,1765224175.0,0.5,True,self.NoStupidQuestions
1phmiwo,NoStupidQuestions,"Is Hinduism more aptly compared to Christianity, or to the broader Abrahamic Tradition, in terms of breadth of thought and traditions?",1,3,1765223903.0,0.6,True,self.NoStupidQuestions
1phgf0w,NoStupidQuestions,WW2 vet interviews?,2,12,1765210246.0,0.67,True,self.NoStupidQuestions
1ph670t,NoStupidQuestions,Can anyone else physically feel the concept of homesickness?,8,12,1765178292.0,0.8,True,self.NoStupidQuestions
1pi09yr,NoStupidQuestions,Why the younger people don’t know wear more can make them warm in winter?,0,12,1765261220.0,0.2,True,self.NoStupidQuestions
1phg4fv,NoStupidQuestions,Why do people stop believing in medicine / biology when it comes to behavioral issues?,2,10,1765209606.0,0.67,True,self.NoStupidQuestions
1ph5lqs,NoStupidQuestions,Why are some people extremely apathetic?,11,23,1765176092.0,0.87,True,self.NoStupidQuestions
1phm06d,NoStupidQuestions,How do you customize your ChatGPT? What do you write in the custom instructions?,0,9,1765222745.0,0.4,True,self.NoStupidQuestions
1phy88e,NoStupidQuestions,"In 2050, Cats Collect City Data Through Eye Lenses: Harmless? Helpful? Horrifying?",0,0,1765254059.0,0.13,True,self.NoStupidQuestions
1phrmwq,NoStupidQuestions,Why can't AI generate images of specific body types?,0,7,1765235828.0,0.25,True,self.NoStupidQuestions
1phlrm5,NoStupidQuestions,"What happened to the ""Soli: Sisterhood On Demand"" app?",1,1,1765222208.0,1.0,True,self.NoStupidQuestions
1phcf6t,NoStupidQuestions,Is there any scientific proof to the popular saying that is ok to eat dropped food off the floor if picked up within 3 seconds?,3,13,1765200603.0,0.81,True,self.NoStupidQuestions
1phloly,NoStupidQuestions,"Why is the expression ""shitting your pants"" associated with fear?",1,15,1765222020.0,0.67,True,self.NoStupidQuestions
1phlo78,NoStupidQuestions,"People who met your partner in your 30s, did you ever think it's too late and it should have happened in your youth?",1,10,1765221992.0,1.0,True,self.NoStupidQuestions
1phlnyw,NoStupidQuestions,What are some horrors of war that nobody talks about?,0,11,1765221978.0,0.33,True,self.NoStupidQuestions
1phln3g,NoStupidQuestions,Secret santa,1,1,1765221925.0,0.67,True,self.NoStupidQuestions
1phln0y,NoStupidQuestions,At what point does talking about your mental health become a problem for your mental health?,1,10,1765221919.0,1.0,True,self.NoStupidQuestions
1phcd8j,NoStupidQuestions,Why do different social media platforms have completely opposite opinions on certain topics?,3,14,1765200447.0,0.81,True,self.NoStupidQuestions
1phlhql,NoStupidQuestions,What are the chances youll win twice in a row at black jack?,1,9,1765221577.0,0.67,True,self.NoStupidQuestions
1phc6wf,NoStupidQuestions,Good Wired Earbuds?,3,10,1765199950.0,0.81,True,self.NoStupidQuestions
1phra9t,NoStupidQuestions,Why do we wear clothes?,0,15,1765234930.0,0.33,True,self.NoStupidQuestions
1phldax,NoStupidQuestions,Is it socially acceptable to use a different icon than the default icon?,0,7,1765221303.0,0.5,True,self.NoStupidQuestions
1phlcsv,NoStupidQuestions,Can you get buried in a forest after you die?,1,14,1765221272.0,1.0,True,self.NoStupidQuestions
1phfa66,NoStupidQuestions,How common is Sibling Rivalry or Sibling Hate?,2,9,1765207700.0,0.67,True,self.NoStupidQuestions
1phfa1i,NoStupidQuestions,For restaurant servers,2,7,1765207692.0,0.67,True,self.NoStupidQuestions
1phlbyd,NoStupidQuestions,Courtroom sketches,0,7,1765221219.0,0.5,True,self.NoStupidQuestions
1phlbem,NoStupidQuestions,I bought a Christmas sweater for my cat and was told that I am ridiculing and mistreating him. What do you think?,1,5,1765221187.0,1.0,True,self.NoStupidQuestions
1phlb0t,NoStupidQuestions,Don't this count as self diagnosing?,0,11,1765221163.0,0.5,True,self.NoStupidQuestions
1phxq3b,NoStupidQuestions,How do Fat people scratch their own back?,0,15,1765252539.0,0.29,True,self.NoStupidQuestions
1phl7kp,NoStupidQuestions,Kpop dating drama,1,8,1765220951.0,1.0,True,self.NoStupidQuestions
1phl75r,NoStupidQuestions,"I currently live in the US, how can I go about moving to Japan?",1,8,1765220923.0,0.6,True,self.NoStupidQuestions
1phf4jo,NoStupidQuestions,British Royal Family,2,11,1765207331.0,0.63,True,self.NoStupidQuestions
1phl5t0,NoStupidQuestions,Trying again: Why don't drug addicted celebrities just walk away from fame?,0,18,1765220839.0,0.4,True,self.NoStupidQuestions
1phl4b9,NoStupidQuestions,"For those who've played both, how does Expediton 33 compare to Baldur's Gate 3?",1,5,1765220749.0,1.0,True,self.NoStupidQuestions
1ph1777,NoStupidQuestions,At what point does a soup become a stew?,20,35,1765162053.0,0.79,True,self.NoStupidQuestions
1phu0jr,NoStupidQuestions,Why dont we all work together as a society? When will everyone figure it out,0,4,1765242055.0,0.29,True,self.NoStupidQuestions
1phl0ne,NoStupidQuestions,Why is AI so bad with text?,1,6,1765220525.0,0.57,True,self.NoStupidQuestions
1phquw3,NoStupidQuestions,Am I the only one who will make a pot of spaghetti one night and then eat the leftovers for the rest of the week?,0,4,1765233887.0,0.25,True,self.NoStupidQuestions
1phkx3t,NoStupidQuestions,Why do the eggs look different on different McDonald’s breakfast sandwiches?,1,2,1765220320.0,0.67,True,self.NoStupidQuestions
1pfzlq6,NoStupidQuestions,Why were waterbeds so popular?,5243,1171,1765054109.0,0.95,True,self.NoStupidQuestions
1phkujb,NoStupidQuestions,Undergrad advice,1,9,1765220160.0,0.67,True,self.NoStupidQuestions
1phvvbh,NoStupidQuestions,What do you scream during sex?,0,10,1765247208.0,0.17,True,self.NoStupidQuestions
1pgmxtl,NoStupidQuestions,Can teens really get rich?,124,97,1765125887.0,0.83,True,self.NoStupidQuestions
1phksft,NoStupidQuestions,Need help identifying google/android app?,0,3,1765220034.0,0.5,True,self.NoStupidQuestions
1phkrs8,NoStupidQuestions,How to cope with anticipatory grief for loved ones?,1,2,1765219992.0,0.67,True,self.NoStupidQuestions
1ph6fgk,NoStupidQuestions,Can anyone experience other people's emotions?,8,16,1765179210.0,0.8,True,self.NoStupidQuestions
1phtmno,NoStupidQuestions,"Why is ""Barely Legal"" a Popular theme in adult material?",0,22,1765241047.0,0.4,True,self.NoStupidQuestions
1phkkqf,NoStupidQuestions,Were there gay Vikings?,1,40,1765219560.0,0.53,True,self.NoStupidQuestions
1phx75x,NoStupidQuestions,"When you get older, do old people become attractive to you like when you are 70 are 70 year old women gonna look hot?",0,8,1765250966.0,0.25,True,self.NoStupidQuestions
1pheg0f,NoStupidQuestions,Does anyone else feel like they’ve quietly started relying on AI for almost everything? How much do you actually use it?,1,41,1765205793.0,0.55,True,self.NoStupidQuestions
1phefff,NoStupidQuestions,is it just me or is human society weird ?,2,10,1765205754.0,0.76,True,self.NoStupidQuestions
1phkf8i,NoStupidQuestions,Do pedicure places change the equipment,1,4,1765219212.0,0.67,True,self.NoStupidQuestions
1phker3,NoStupidQuestions,What happens if there is an earthquake during surgery?,1,9,1765219183.0,0.6,True,self.NoStupidQuestions
1phqcz5,NoStupidQuestions,Why do Pokémon scalpers not care about the kids?,0,6,1765232703.0,0.33,True,self.NoStupidQuestions
1ph9pjs,NoStupidQuestions,What do I call my son's girlfriend?,5,73,1765192008.0,0.56,True,self.NoStupidQuestions
1phkad5,NoStupidQuestions,If panic is fight or flight why don't socially anxious people run away from people they are talking to?,0,36,1765218912.0,0.33,True,self.NoStupidQuestions
1phk8xp,NoStupidQuestions,Why bagels instead of regular bread for breakfast?,1,23,1765218821.0,0.67,True,self.NoStupidQuestions
1phe4gk,NoStupidQuestions,Can China print physical movies from Netflix?,2,5,1765205017.0,0.76,True,self.NoStupidQuestions
1phk4u0,NoStupidQuestions,Do you think forms of Ai will eventually become illegal at some point?,1,5,1765218563.0,0.6,True,self.NoStupidQuestions
1pht5fo,NoStupidQuestions,Is it weird to go from not having to wear glasses to being mistaken for needing them?,0,10,1765239751.0,0.38,True,self.NoStupidQuestions
1phwqdn,NoStupidQuestions,"Am I crazy, or is this is racist?",0,6,1765249620.0,0.3,True,self.NoStupidQuestions
1phjxit,NoStupidQuestions,How much more common is autism on reddit then IRL?,1,8,1765218111.0,0.67,True,self.NoStupidQuestions
1ph9cnl,NoStupidQuestions,Did anyone actually win the early 2012-2017 Youtube Giveaways?,6,1,1765190708.0,0.87,True,self.NoStupidQuestions
1phsvmo,NoStupidQuestions,Has anyone ever seen a Clinitron Bed?,0,0,1765239057.0,0.2,True,self.NoStupidQuestions
1phjiac,NoStupidQuestions,"Is it really a red-flag if your partner has a higher libido than you and enjoys ""smut"" reading?",1,26,1765217167.0,0.55,True,self.NoStupidQuestions
1phjdp6,NoStupidQuestions,Google Search '-ai',1,10,1765216892.0,0.67,True,self.NoStupidQuestions
1phj8xt,NoStupidQuestions,How am I supposed to know god knows there are no gods before him?,1,30,1765216608.0,0.57,True,self.NoStupidQuestions
1phdaim,NoStupidQuestions,What happened to Sticky Posts/Threads?,2,1,1765202890.0,0.76,True,self.NoStupidQuestions
1phj3x8,NoStupidQuestions,What is the purpose behind letting disabled individuals skip lines at amusement parks?,0,19,1765216297.0,0.5,True,self.NoStupidQuestions
1ph64wu,NoStupidQuestions,"As a woman wanting to explore dating women for the first time, where do l even start?",6,8,1765178066.0,0.76,True,self.NoStupidQuestions
1phd1ih,NoStupidQuestions,"Is it normal to feel like your progress is never enough, even when you're improving?",2,12,1765202272.0,0.76,True,self.NoStupidQuestions
1phis2i,NoStupidQuestions,Will they repo my car if I'm 4 days late on the payment since I've had a repo before?,0,7,1765215564.0,0.5,True,self.NoStupidQuestions
1phs0lo,NoStupidQuestions,Why would my auntie try for pregnancy in her late forties then be shocked that it didn’t work?,0,6,1765236816.0,0.38,True,self.NoStupidQuestions
1phioir,NoStupidQuestions,A woman just lost a court case in Tennessee involving the regulation of vanity plates. Her vanity plate was denied. It was 69PWNDU. What does everything after 69 stand for?,0,6,1765215344.0,0.43,True,self.NoStupidQuestions
1pgphm1,NoStupidQuestions,Is tracking sobriety really that important?,70,144,1765131972.0,0.8,True,self.NoStupidQuestions
1phigx6,NoStupidQuestions,"What is it called when someone is so opinionated, they call others deceived for not believing in them?",1,5,1765214868.0,0.67,True,self.NoStupidQuestions
1phrrjw,NoStupidQuestions,Police man,0,11,1765236160.0,0.2,True,self.NoStupidQuestions
1ph7ecn,NoStupidQuestions,Why didn't Cruella DeVille sue Roger for libel for releasing that song?,6,16,1765183067.0,0.87,True,self.NoStupidQuestions
1phi80o,NoStupidQuestions,"Why do people say ""we"" when referring to events?",1,14,1765214316.0,0.56,True,self.NoStupidQuestions
1phi7j6,NoStupidQuestions,"I want to change my clothing style to fit in, is that weird",1,10,1765214285.0,0.57,True,self.NoStupidQuestions
1phi2jv,NoStupidQuestions,Why is it that most American bathroom sinks don't have diverter sprayers built into the basin similar to kitchen sinks?,1,9,1765213967.0,0.67,True,self.NoStupidQuestions
1phi0f3,NoStupidQuestions,"On your job, do you sometimes find you know more about a particular place than the locals?",1,3,1765213836.0,0.67,True,self.NoStupidQuestions
1phhs4u,NoStupidQuestions,If you're not being intentionally nice or friendly are you automatically rude? Is there a grey area?,1,4,1765213330.0,0.67,True,self.NoStupidQuestions
1ph73pl,NoStupidQuestions,Besides raccoons what animals do you think can get domesticated?,6,27,1765181848.0,1.0,True,self.NoStupidQuestions
1phhr72,NoStupidQuestions,How do you actually get started making money with art commissions or selling shirt designs?,0,0,1765213273.0,0.5,True,self.NoStupidQuestions
1phnonk,NoStupidQuestions,"If you were to paint a room with no windows or light sources fully with glow in the dark paint, what would happen when you shut the door?",0,4,1765226505.0,0.25,True,self.NoStupidQuestions
1phhlnu,NoStupidQuestions,Why don’t criminals use VPN,0,33,1765212939.0,0.43,True,self.NoStupidQuestions
1phnnze,NoStupidQuestions,"If you spray Clorox all over your shirt, is it as clean as when you wash it.",0,5,1765226462.0,0.33,True,self.NoStupidQuestions
1phhjsj,NoStupidQuestions,"Are the wild price differences between toothpaste options, even between the products of same brand warranted or mostly a marketting trick?",1,6,1765212824.0,0.67,True,self.NoStupidQuestions
1phhjj9,NoStupidQuestions,"If I wanna pay my federal taxes all at once up front instead of deducting from my checks, how would that work?",0,11,1765212808.0,0.4,True,self.NoStupidQuestions
1phbwan,NoStupidQuestions,He bought me a gift from overseas but we hardly text!? what does this mean!,2,4,1765199111.0,0.67,True,self.NoStupidQuestions
1ph808b,NoStupidQuestions,Why don't people cover their cough anymore?,4,19,1765185530.0,0.63,True,self.NoStupidQuestions
1phhfl1,NoStupidQuestions,What do you think will happen when the AI bubble pops?,1,11,1765212566.0,0.6,True,self.NoStupidQuestions
1phhfjs,NoStupidQuestions,Why Do People Ghost?,0,29,1765212564.0,0.4,True,self.NoStupidQuestions
1phh9sa,NoStupidQuestions,"I am scared to get tested for autism, ADHD, etc. because I’m scared of the results. What does that say about me?",0,20,1765212204.0,0.5,True,self.NoStupidQuestions
1ph9bm7,NoStupidQuestions,Anyone know what's causing me to feel briefly really good late at night?,3,4,1765190596.0,0.81,True,self.NoStupidQuestions
1pfubm4,NoStupidQuestions,What happened to all the fish tanks?,6846,677,1765040997.0,0.97,True,self.NoStupidQuestions
1phh6gc,NoStupidQuestions,"Why is January 1st the first day of the year, and who decided what day was January 1st?",0,9,1765211994.0,0.4,True,self.NoStupidQuestions
1phh4kr,NoStupidQuestions,How long should you wait to follow up after submitting an online job application?,1,5,1765211873.0,0.67,True,self.NoStupidQuestions
1ph7t4l,NoStupidQuestions,Is there actually an overdiagnosis of ADHD in some places?,5,15,1765184731.0,0.73,True,self.NoStupidQuestions
1phqlrm,NoStupidQuestions,Why are people so against circumcision?,0,9,1765233269.0,0.41,True,self.NoStupidQuestions
1phh2wh,NoStupidQuestions,What is the focal length and aperture of a satellite lens?,0,7,1765211766.0,0.5,True,self.NoStupidQuestions
1phh053,NoStupidQuestions,Where to get summer clothes at this time of the year,1,3,1765211584.0,0.67,True,self.NoStupidQuestions
1ph7mku,NoStupidQuestions,How do people find roommates to live with?,5,12,1765184006.0,0.86,True,self.NoStupidQuestions
1phbbc0,NoStupidQuestions,Why do Americans look so drugged out after wisdom teeth removal,1,35,1765197407.0,0.52,True,self.NoStupidQuestions
1phgpng,NoStupidQuestions,Why is my mom so rude to me but nice to strangers?,1,16,1765210906.0,0.56,True,self.NoStupidQuestions
1ph7fq5,NoStupidQuestions,"[Serious] How significantly does poor dental alignment and severe acne scarring negatively impact a 22-year-old man's professional standing and ability to form friendships (and briefly, attractiveness) in your culture?",5,4,1765183222.0,0.86,True,self.NoStupidQuestions
1phgfne,NoStupidQuestions,What are some good protein bars/shakes/powders that genuinely taste good and are tree nut free,0,6,1765210288.0,0.5,True,self.NoStupidQuestions
1phge1g,NoStupidQuestions,Why do people decide to move to a different country?,0,11,1765210186.0,0.5,True,self.NoStupidQuestions
1pgo22x,NoStupidQuestions,does anyone else stay awake at night because they feel if they go to sleep they lose out on their free time?,64,30,1765128553.0,0.92,True,self.NoStupidQuestions
1phgcvx,NoStupidQuestions,How to discipline and mentor children that aren't ours?,1,14,1765210119.0,0.67,True,self.NoStupidQuestions
1phg9sr,NoStupidQuestions,Does someone with leg prosthetics get as tired walking uphill as someone with natural legs?,1,3,1765209928.0,0.67,True,self.NoStupidQuestions
1pgjmc4,NoStupidQuestions,Could the American people file a class-action lawsuit against insurance companies or medical providers for price gouging?,110,65,1765117667.0,0.87,True,self.NoStupidQuestions
1phg377,NoStupidQuestions,What do you call two 1m squares,1,15,1765209528.0,0.67,True,self.NoStupidQuestions
1pg96fw,NoStupidQuestions,Why do people book a resort at a beach area but then end up just staying in their resort pool the whole time rather than going to the beach?,687,222,1765081319.0,0.9,True,self.NoStupidQuestions
1phaotb,NoStupidQuestions,Where should one keep the engagement ring while travelling by (multiple) plane(s)?,2,14,1765195403.0,0.76,True,self.NoStupidQuestions
1phaoe8,NoStupidQuestions,How do people clean from under a bed?,2,15,1765195367.0,1.0,True,self.NoStupidQuestions
1phlv2w,NoStupidQuestions,Am I using dating apps all wrong?,0,15,1765222425.0,0.33,True,self.NoStupidQuestions
1ph8gow,NoStupidQuestions,"Did George Washington cut down a cherry tree, and why is it always mentioned?",3,20,1765187378.0,0.62,True,self.NoStupidQuestions
1ph7135,NoStupidQuestions,Does my cat hate me?,2,11,1765181560.0,0.67,True,self.NoStupidQuestions
1phfp5y,NoStupidQuestions,Should you let yourself be recorded without consent if no one knows who you are?,0,10,1765208650.0,0.5,True,self.NoStupidQuestions
1phfnna,NoStupidQuestions,"Many European nations are worried about low birth rates, wanting more tax paying people, while in parallel housing crises are spiraling out of control. Why don't we just let the first problem run its natural course, deal with short-term struggles, then see the second solve itself?",1,16,1765208554.0,0.67,True,self.NoStupidQuestions
1ph2dc4,NoStupidQuestions,Is it considered “being stuck” if someone stays in their hometown forever?,9,27,1765165595.0,0.71,True,self.NoStupidQuestions
1phfg9o,NoStupidQuestions,what actually creates pockets of unusually sharp or STEM-heavy student populations?,0,4,1765208090.0,0.5,True,self.NoStupidQuestions
1phffug,NoStupidQuestions,What's a rich person hack to stay rich you've been taught?,0,14,1765208060.0,0.5,True,self.NoStupidQuestions
1phfdgy,NoStupidQuestions,How will people in the year 2193 refer to the decade and birthdays?,0,10,1765207906.0,0.4,True,self.NoStupidQuestions
1phvdh6,NoStupidQuestions,How do I resist temptation from women?,0,16,1765245824.0,0.11,True,self.NoStupidQuestions
1phfa93,NoStupidQuestions,Why do some exes come back only when you’ve finally moved on?,0,7,1765207706.0,0.5,True,self.NoStupidQuestions
1ph6rn1,NoStupidQuestions,Why do people using walkie-talkies say “over” after every sentence?,3,17,1765180559.0,0.64,True,self.NoStupidQuestions
1pgrz1r,NoStupidQuestions,"What about culture in the mid to late 80s brought Metal to further extremes that we hadn’t previously seen? I’m talking the significant focus on death, violence, gore, and Satanism/anti-christian themes?",35,23,1765137597.0,0.79,True,self.NoStupidQuestions
1ph0r4y,NoStupidQuestions,Why can't I smell?,10,17,1765160740.0,0.76,True,self.NoStupidQuestions
1pha3ed,NoStupidQuestions,"How and where do you responsibly throw away clothes, blankets, drawers, electronics, and furniture?",2,9,1765193403.0,1.0,True,self.NoStupidQuestions
1phex7l,NoStupidQuestions,"Like the show Primo, what tv shows are funny, and have references to hispanic/mexican culture?",0,5,1765206858.0,0.5,True,self.NoStupidQuestions
1phtstz,NoStupidQuestions,do you think gunn should stay,0,2,1765241501.0,0.13,True,self.NoStupidQuestions
1pheql4,NoStupidQuestions,"Where/how can i learn to do the whistling sound to ""summon"" bats?",1,8,1765206449.0,1.0,True,self.NoStupidQuestions
1pheq4r,NoStupidQuestions,I think it's weird to analyze your coworker's personal life. Is that true?,1,6,1765206422.0,0.67,True,self.NoStupidQuestions
1phepmj,NoStupidQuestions,What is it like to want to have a baby?,1,7,1765206391.0,0.6,True,self.NoStupidQuestions
1phepjx,NoStupidQuestions,When will data centers construction hit energy production ceiling?,1,5,1765206386.0,1.0,True,self.NoStupidQuestions
1phemrn,NoStupidQuestions,How do you feel about AI social influencers?,0,20,1765206219.0,0.5,True,self.NoStupidQuestions
1pfyi63,NoStupidQuestions,"Why isnt ""He started it!"" A valid argument for school fights?",2828,578,1765051259.0,0.96,True,self.NoStupidQuestions
1phegqa,NoStupidQuestions,"Do you think, after reading the comments, that more people than you expected are living miserable lives?",1,6,1765205843.0,0.67,True,self.NoStupidQuestions
1pheg5b,NoStupidQuestions,Why does Reddit think therapy is the answer for every issue?,1,11,1765205802.0,0.53,True,self.NoStupidQuestions
1phs2m3,NoStupidQuestions,How does BJ while driving work?,0,4,1765236963.0,0.22,True,self.NoStupidQuestions
1phe84e,NoStupidQuestions,References from job - is this good?,1,5,1765205263.0,0.67,True,self.NoStupidQuestions
1ph9lf7,NoStupidQuestions,Why does hot water sometimes freeze faster than cold water?,2,7,1765191613.0,0.67,True,self.NoStupidQuestions
1ph7jcp,NoStupidQuestions,What is autism?,4,8,1765183631.0,0.83,True,self.NoStupidQuestions
1phq2lr,NoStupidQuestions,Do Americans have hard time pronouncing foreign names?,0,14,1765232016.0,0.33,True,self.NoStupidQuestions
1pgzssy,NoStupidQuestions,13 years ago I bought a heavy punching bag with a water-filled base. It’s been airtight this whole time. What might I find in there?,13,12,1765158003.0,0.94,True,self.NoStupidQuestions
1pgxum1,NoStupidQuestions,Do men find it weird when women make the first move?,14,120,1765152500.0,0.64,True,self.NoStupidQuestions
1phdpvn,NoStupidQuestions,As economy worsens and more established restaurants are closing how profitable are restaurants in general &amp; what about hotels?,1,4,1765203992.0,0.67,True,self.NoStupidQuestions
1pgoarr,NoStupidQuestions,Depression and Showering.,46,42,1765129137.0,0.83,True,self.NoStupidQuestions
1phdnxy,NoStupidQuestions,how do you avoid being used? raaaaaahh,0,9,1765203849.0,0.5,True,self.NoStupidQuestions
1phssve,NoStupidQuestions,How did the teen who died from masterbation bust that much,0,1,1765238849.0,0.13,True,self.NoStupidQuestions
1phdmmh,NoStupidQuestions,When to react towards a small company?,0,8,1765203760.0,0.5,True,self.NoStupidQuestions
1phjd7x,NoStupidQuestions,Are direct flights not a thing anymore?,0,35,1765216864.0,0.33,True,self.NoStupidQuestions
1ph8yh9,NoStupidQuestions,"I know it's very specific, but...",2,12,1765189247.0,0.67,True,self.NoStupidQuestions
1ph5fqp,NoStupidQuestions,Do DJs study and know music theory?,4,10,1765175474.0,1.0,True,self.NoStupidQuestions
1phd1ka,NoStupidQuestions,Can people who get plastic surgery still unlock their phone with their new face?,1,4,1765202277.0,0.6,True,self.NoStupidQuestions
1phcz59,NoStupidQuestions,What do you think are essentials skills that Gen-Z should learn to standout In the Job world,1,26,1765202092.0,0.67,True,self.NoStupidQuestions
1pgn3kc,NoStupidQuestions,Anyone else feel “trapped” by social media and societal norms now ?,44,39,1765126267.0,0.87,True,self.NoStupidQuestions
1phcw8v,NoStupidQuestions,"How does steam enforce their ""label AI"" rule?",1,3,1765201880.0,0.6,True,self.NoStupidQuestions
1phcszi,NoStupidQuestions,Can I get CapCut Premium through Happymod or will it damage my phone? Will it even work? (Didn't know in which community to post this),0,3,1765201645.0,0.5,True,self.NoStupidQuestions
1pgvx8c,NoStupidQuestions,Are some people on Reddit just extremely angry or irritable?,16,23,1765147332.0,0.77,True,self.NoStupidQuestions
1phcmrw,NoStupidQuestions,What do you think happened to Jelly Roll?,0,6,1765201180.0,0.43,True,self.NoStupidQuestions
1phcme3,NoStupidQuestions,How do people manage having dogs in large cities?,0,3,1765201152.0,0.5,True,self.NoStupidQuestions
1phclz6,NoStupidQuestions,How can i tell my mother to stop believing sensationalized posts on social media?,1,7,1765201120.0,0.6,True,self.NoStupidQuestions
1phclr7,NoStupidQuestions,Can posts made under a pseudonym be used as evidence in a criminal trial against someone?,1,11,1765201105.0,0.6,True,self.NoStupidQuestions
1pfrfa9,NoStupidQuestions,"My husband and I both eat the same things, so why does he fart like a never ending locomotive and I don't?",5585,1219,1765033568.0,0.95,True,self.NoStupidQuestions
1phcj5o,NoStupidQuestions,would dyed hair make me look lesbian?,0,12,1765200905.0,0.43,True,self.NoStupidQuestions
1pgye54,NoStupidQuestions,"In countries with mandatory military service, what happens when someone is just really unathletic?",11,33,1765154006.0,0.92,True,self.NoStupidQuestions
1phchp0,NoStupidQuestions,Is it a good sign my landlord is asking to make my 12 mon agreement a 15-16 month one?,0,8,1765200794.0,0.5,True,self.NoStupidQuestions
1phch3p,NoStupidQuestions,Where can someone find legitimate investors for seed funding without paying for a service?,1,3,1765200749.0,0.67,True,self.NoStupidQuestions
1phcfw6,NoStupidQuestions,Do you type what you wanna know in Reddit first to see if it’s been posted / discussed before or nah?,1,7,1765200651.0,0.57,True,self.NoStupidQuestions
1phv2jm,NoStupidQuestions,Calling your GF “bro” or “dawg”,0,12,1765244970.0,0.2,True,self.NoStupidQuestions
1phc6l9,NoStupidQuestions,Genuinely how are influencers like clavicular and lucasegolifts still walking around normally when they inject all those chemicals n bullshit into their bodies? How do they survive their club lifestyle with that combined too but I get a near heart attack if I smoke too much weed?,0,6,1765199926.0,0.4,True,self.NoStupidQuestions
1pg2w0a,NoStupidQuestions,What exactly are the ingredients that make pizza unhealthy?,1111,467,1765062776.0,0.94,True,self.NoStupidQuestions
1phc57b,NoStupidQuestions,What does it take to separate your identity as a person from anything to do with 'stuff' when you live in a capitalist society?,0,3,1765199815.0,0.4,True,self.NoStupidQuestions
1phc3p4,NoStupidQuestions,Is it weird to want to become really attractive so you can pull a really attractive guy,0,15,1765199700.0,0.45,True,self.NoStupidQuestions
1phc1te,NoStupidQuestions,"Is ""Hollywood"" just a place? Or is it some kind of company or group of billionaires or something",0,7,1765199549.0,0.43,True,self.NoStupidQuestions
1phc1bo,NoStupidQuestions,How much “allowance” do you give yourself?,1,7,1765199512.0,0.6,True,self.NoStupidQuestions
1phbzsv,NoStupidQuestions,Why don't fortune cookies have actual fortunes any more? Is it a liability thing?,1,4,1765199394.0,0.6,True,self.NoStupidQuestions
1phpj8w,NoStupidQuestions,"Why do parents still lie to their children about Santa, Easter Bunny, etc.",0,18,1765230759.0,0.31,True,self.NoStupidQuestions
1phbymc,NoStupidQuestions,Do criminals openly admit their crimes to their lawyers?,1,11,1765199300.0,1.0,True,self.NoStupidQuestions
1ph60tn,NoStupidQuestions,"What should I expect and how should I behave, going to jail in the USA as a 19 years old foreigner?",3,0,1765177630.0,1.0,True,self.NoStupidQuestions
1pgz4jj,NoStupidQuestions,"When a leader talks about ""us and them"" and you agree with the leader, do you believe the leader considers you as part of his ""us""?",9,30,1765156062.0,0.72,True,self.NoStupidQuestions
1phbsld,NoStupidQuestions,How often should I apply olive oil drops in my ears to clear out ear wax?,1,7,1765198840.0,0.6,True,self.NoStupidQuestions
1phh9es,NoStupidQuestions,"I am scared to get tested for autism, ADHD, etc. because I’m scared of the results. What does that say about me?",0,4,1765212181.0,0.25,True,self.NoStupidQuestions
1phbogn,NoStupidQuestions,Is it still unacceptable to wear a fur coat?,0,10,1765198504.0,0.5,True,self.NoStupidQuestions
1phbmwf,NoStupidQuestions,How I should act?,0,3,1765198373.0,0.4,True,self.NoStupidQuestions
1phbmn5,NoStupidQuestions,"Is there a weird, unspoken rule that we are not allowed to touch the highest-ranking leaders of an evil regime, and only their own people can remove them in an uprising?",1,13,1765198352.0,0.6,True,self.NoStupidQuestions
1phkh0j,NoStupidQuestions,What are some good birthday presents for a friend who has a foot fetish?,0,14,1765219325.0,0.38,True,self.NoStupidQuestions
1pgzijy,NoStupidQuestions,when did people stop calling them “home movies” and start saying “home videos”?,9,9,1765157177.0,0.91,True,self.NoStupidQuestions
1phbc5o,NoStupidQuestions,What's the hype with the newest Iphone?,1,3,1765197482.0,1.0,True,self.NoStupidQuestions
1phb6zs,NoStupidQuestions,Why do you think some people have a tendency to self sabotage themselves over and over?,1,3,1765197038.0,1.0,True,self.NoStupidQuestions
1phb67f,NoStupidQuestions,"Why was the word ""Pumpernickel"" such a funny word back then?",1,9,1765196972.0,1.0,True,self.NoStupidQuestions
1ph5c0z,NoStupidQuestions,When &amp; Why Did Pop Tarts Stop Using Smucker’s Fruit Fillings?,3,3,1765175113.0,1.0,True,self.NoStupidQuestions
1ph59eo,NoStupidQuestions,Does land retain its value similarly to gold and silver?,2,33,1765174844.0,0.61,True,self.NoStupidQuestions
1ph3hlc,NoStupidQuestions,Are there other people who feel like they forget spoken words faster than anything written? Or is it just me?,4,2,1765169014.0,0.76,True,self.NoStupidQuestions
1phawfq,NoStupidQuestions,How is it hanged but not hung yet not swinged but swung?,0,6,1765196106.0,0.5,True,self.NoStupidQuestions
1ph79dm,NoStupidQuestions,"Why do many Redditors begin their comment with ""I mean""?",2,31,1765182496.0,0.55,True,self.NoStupidQuestions
1phaukp,NoStupidQuestions,What is gentle parenting exactly? And how it is different from the new age parenting from the 70's ?,1,7,1765195934.0,0.99,True,self.NoStupidQuestions
1phpk3x,NoStupidQuestions,Why is it so socially acceptable to withhold sex from a person you are in an exclusive relationship with?,0,40,1765230815.0,0.29,True,self.NoStupidQuestions
1ph5313,NoStupidQuestions,Whats the craze with dill pickle being on everything now?,3,6,1765174225.0,1.0,True,self.NoStupidQuestions
1pfwv6y,NoStupidQuestions,Do you pet a pet because it’s a pet? Or is a pet a pet because you pet it?,1973,79,1765047210.0,0.98,True,self.NoStupidQuestions
1phalrx,NoStupidQuestions,Did anyone else’s parents beat them with belts when they were little?,1,16,1765195147.0,0.6,True,self.NoStupidQuestions
1ph4wxf,NoStupidQuestions,What are movie studios using to edit their movies?,3,8,1765173666.0,1.0,True,self.NoStupidQuestions
1phaic4,NoStupidQuestions,Do sighted people actually see that many stars?,0,16,1765194825.0,0.5,True,self.NoStupidQuestions
1phahww,NoStupidQuestions,"Never made a roast bird with stuffing in before, have the packet stuff, the stuffing instructions say to bake it in oven. Do I bake it fully in the oven first, then put it in the raw bird to cook again?",1,6,1765194786.0,0.67,True,self.NoStupidQuestions
1pgxk45,NoStupidQuestions,"As an adult, is it okay to not have a very active social life?",11,18,1765151710.0,0.83,True,self.NoStupidQuestions
1phf6v2,NoStupidQuestions,Were large age gaps socially acceptable in the past?,0,18,1765207486.0,0.33,True,self.NoStupidQuestions
1ph2oew,NoStupidQuestions,Is all the gold in California in a bank in the middle of Beverly Hills?,2,8,1765166524.0,0.63,True,self.NoStupidQuestions
1ph2nex,NoStupidQuestions,Why don't some children's 2D animated shows characters have necks?,4,4,1765166446.0,1.0,True,self.NoStupidQuestions
1ph4fe8,NoStupidQuestions,Are humans a tropical species?,3,13,1765171980.0,1.0,True,self.NoStupidQuestions
1pgjxwo,NoStupidQuestions,"Why do some websites make the ""Unsubscribe"" button grey or invisible? Is that actually legal?",44,23,1765118509.0,0.83,True,self.NoStupidQuestions
1pgghz8,NoStupidQuestions,Could USA win a war against Russia and China?,75,646,1765108064.0,0.69,True,self.NoStupidQuestions
1ph9wql,NoStupidQuestions,Why are sensitive people tiring to handle especially in friendships,1,8,1765192737.0,0.67,True,self.NoStupidQuestions
1ph6dog,NoStupidQuestions,Can 3rd party apps actually show who’s secretly stalking your profile ?,2,3,1765179014.0,1.0,True,self.NoStupidQuestions
1ph9t6j,NoStupidQuestions,"About online piracy - if the reason for piracy is due to prices, don’t the people who make the copies of shows/games/movies have to pay for the subscription anyway in order to access the files? How does it work?",0,5,1765192374.0,0.5,True,self.NoStupidQuestions
1ph9pbi,NoStupidQuestions,"Is it bad that I listen to music at full volume, sometimes for about 2 hours on my way to work?",1,3,1765191983.0,1.0,True,self.NoStupidQuestions
1ph23dr,NoStupidQuestions,Zuckerberg's Metaverse was ugly and had no plot. Wasn't it obvious it would not make profit?,5,13,1765164755.0,0.86,True,self.NoStupidQuestions
1ph66ge,NoStupidQuestions,Have you actually found much media that portrays Eastern Europeans (aside from Greeks) positively?,2,3,1765178228.0,1.0,True,self.NoStupidQuestions
1ph9mqu,NoStupidQuestions,What to do after a cancelled soon to be marriage?,1,15,1765191728.0,0.67,True,self.NoStupidQuestions
1ph9lz0,NoStupidQuestions,"Penguins of Madagascar or the Madagascar movie, which is better?",1,0,1765191658.0,1.0,True,self.NoStupidQuestions
1ph3qz7,NoStupidQuestions,Will I notice if my vision gets blurry if i wear glasses?,3,4,1765169835.0,1.0,True,self.NoStupidQuestions
1ph620k,NoStupidQuestions,"Why do we remember really random childhood moments so vividly, but forget major things as adults?",2,6,1765177759.0,1.0,True,self.NoStupidQuestions
1ph9i15,NoStupidQuestions,Is it weird that my mom rubs my 30yo brother’s feet when he visits?,1,22,1765191269.0,1.0,True,self.NoStupidQuestions
1ph0bxc,NoStupidQuestions,How did we decide which jobs get -ian and which get -ist?,4,3,1765159520.0,0.84,True,self.NoStupidQuestions
1ph9epm,NoStupidQuestions,How did suddenly many robotics companies burst to the scene?,1,1,1765190924.0,1.0,True,self.NoStupidQuestions
1phdu2r,NoStupidQuestions,do looks matter?,0,19,1765204295.0,0.44,True,self.NoStupidQuestions
1ph9cvm,NoStupidQuestions,"If one has rabies past the point of cure and the person will die due to rabies, how much does the person suffer really, considering today's modern medical care?",1,2,1765190730.0,1.0,True,self.NoStupidQuestions
1ph3c6p,NoStupidQuestions,Why are some people able to work and live a full life on just 5–6 hours of sleep? Is this normal for them or are there specific reasons?,3,14,1765168535.0,1.0,True,self.NoStupidQuestions
1ph95ax,NoStupidQuestions,Are skinwalkers real?,0,14,1765189958.0,0.5,True,self.NoStupidQuestions
1ph5gzm,NoStupidQuestions,why baby lotion for babies specifically,2,3,1765175606.0,1.0,True,self.NoStupidQuestions
1pglvm2,NoStupidQuestions,Does it appear desperate to remake your dating profile,29,30,1765123277.0,0.82,True,self.NoStupidQuestions
1ph304k,NoStupidQuestions,What is reasonably the bare minimum for a relationship?,3,21,1765167535.0,0.8,True,self.NoStupidQuestions
1ph8upa,NoStupidQuestions,What exactly is a “cardboard little face?”,1,2,1765188848.0,1.0,True,self.NoStupidQuestions
1ph5a3d,NoStupidQuestions,Why is the Shazam app so sh*t nowadays?,2,3,1765174913.0,1.0,True,self.NoStupidQuestions
1ph8pvx,NoStupidQuestions,Why do the smallest tasks sometimes drain more energy than the big ones?,0,9,1765188334.0,0.5,True,self.NoStupidQuestions
1ph8pb5,NoStupidQuestions,"did Gene Kelly know about Malcolm's Rendition of ""Singin' In The Rains"" and if so what did he his song being used there",0,3,1765188275.0,0.33,True,self.NoStupidQuestions
1ph8kmz,NoStupidQuestions,How do you visualize money?,0,5,1765187803.0,0.5,True,self.NoStupidQuestions
1ph517u,NoStupidQuestions,How come ppl don't preserve their houses by using epoxy on lumber?,2,6,1765174053.0,1.0,True,self.NoStupidQuestions
1phfong,NoStupidQuestions,"Is it considered ""catfishing"" if I use an AI translator to sound fluent over text, but I can barely speak in person?",0,17,1765208618.0,0.2,True,self.NoStupidQuestions
1pg4h52,NoStupidQuestions,What happened to the millennial finger mustache tattoos?,457,114,1765067142.0,0.91,True,self.NoStupidQuestions
1ph0c37,NoStupidQuestions,Why do Brazilian people on twitter respond to tweets with the same image/gif that was in the tweet they're replying to?,4,0,1765159532.0,1.0,True,self.NoStupidQuestions
1ph866j,NoStupidQuestions,Vikings were just slightly larger than the average Germanic men but why do people today portray them as otherworldly in height and size?,1,8,1765186199.0,0.67,True,self.NoStupidQuestions
1ph8278,NoStupidQuestions,"if I have a 1080p 280fps monitor with really good PC and wired internet, I put a YouTube video on that starts at 1440p 60fps to 1080p 60 fps, why does it looks worse?",1,3,1765185748.0,1.0,True,self.NoStupidQuestions
1ph4fxx,NoStupidQuestions,What's the difference between attraction and clinginess?,2,8,1765172031.0,0.75,True,self.NoStupidQuestions
1ph80mt,NoStupidQuestions,"This community is for curiosity, not karma farming. What should I do about problematic people on an MC server I'm on?",0,5,1765185575.0,0.33,True,self.NoStupidQuestions
1ph7zn6,NoStupidQuestions,i really need help,1,1,1765185464.0,1.0,True,self.NoStupidQuestions
1ph1u9v,NoStupidQuestions,"When the internet first started becoming accessible to regular people, did people resist it like many people are resisting AI now?",3,72,1765163975.0,0.8,True,self.NoStupidQuestions
1ph4eeg,NoStupidQuestions,Something had changed at the drive-thru,2,10,1765171878.0,0.75,True,self.NoStupidQuestions
1ph4d37,NoStupidQuestions,Is it weird to be extremely vanilla regarding intimacy?,3,20,1765171750.0,0.71,True,self.NoStupidQuestions
1ph4btc,NoStupidQuestions,Why are low light conditions that are visible to me much darker on my phone camera?,2,2,1765171627.0,1.0,True,self.NoStupidQuestions
1pgtu2q,NoStupidQuestions,What Companies Still Produce Vintage-Style Tin Lunch Boxes?,10,1,1765142144.0,1.0,True,self.NoStupidQuestions
1ph4akj,NoStupidQuestions,Does plastic sweat?,2,3,1765171512.0,1.0,True,self.NoStupidQuestions
1pgy804,NoStupidQuestions,What are good topics/questions that you ask when trying to get to know a person? What would you avoid?,5,13,1765153540.0,1.0,True,self.NoStupidQuestions
1ph1muj,NoStupidQuestions,My pancakes have a tough skin on them,3,11,1765163343.0,0.81,True,self.NoStupidQuestions
1ph7sm8,NoStupidQuestions,How advanced would a civilization have to be to start measuring everything by the speed of light?,1,6,1765184671.0,0.67,True,self.NoStupidQuestions
1ph7slq,NoStupidQuestions,Does it make sense to say I don’t have a dad even though I know my father?,1,5,1765184669.0,1.0,True,self.NoStupidQuestions
1ph7sey,NoStupidQuestions,Why is identification verification a bad thing for social media users?,1,33,1765184649.0,0.52,True,self.NoStupidQuestions
1pgzkq7,NoStupidQuestions,"How are huge sea creatures (whales, sharks) caught &amp; transported to oceanariums? Are the oceanarium guys picky with the species or are they cool with whatever?",3,8,1765157353.0,0.67,True,self.NoStupidQuestions
1pgagni,NoStupidQuestions,Where is the jail for Antarctica?,158,81,1765085444.0,0.9,True,self.NoStupidQuestions
1ph7no1,NoStupidQuestions,What's it called when a character sings TO another character in media? Is there a term for it?,0,4,1765184131.0,0.5,True,self.NoStupidQuestions
1phgtki,NoStupidQuestions,What should I do,0,12,1765211159.0,0.4,True,self.NoStupidQuestions
1ph7m7v,NoStupidQuestions,"If a freelancer gets paid in crypto instead of regular payment, do they still owe taxes?",1,2,1765183967.0,1.0,True,self.NoStupidQuestions
1ph7inn,NoStupidQuestions,Why did Darth Vader try to get the stolen Death Star plans back? Were they copy protected?,1,10,1765183553.0,0.6,True,self.NoStupidQuestions
1pgphf0,NoStupidQuestions,What are these giant group of Jewish people I keep seeing running around in NYC doing?,14,21,1765131959.0,0.75,True,self.NoStupidQuestions
1ph3rjy,NoStupidQuestions,"People who keep complaining about how bad the reddit app or mobile view or new reddit is, why do you still use it?",2,2,1765169889.0,0.75,True,self.NoStupidQuestions
1phghvf,NoStupidQuestions,Why did my math teacher grin in a cheeky way/ half giggling when I was on Reddit?,0,13,1765210429.0,0.22,True,self.NoStupidQuestions
1pghj4r,NoStupidQuestions,When was collecting faux rabbit feet popular?,42,82,1765111570.0,0.92,True,self.NoStupidQuestions
1pghqho,NoStupidQuestions,Why weren't we taught about like female arousal in sex ed?,37,72,1765112217.0,0.64,True,self.NoStupidQuestions
1pgxew4,NoStupidQuestions,I’m a guy trying to rebuild my wardrobe on a tight budget — what are your best tips for looking good without spending a lot of money?,5,21,1765151310.0,0.78,True,self.NoStupidQuestions
1ph7agv,NoStupidQuestions,is it normal to say “bless you” after someone burps??,1,9,1765182618.0,0.67,True,self.NoStupidQuestions
1ph3ggn,NoStupidQuestions,"What is the effect called when a Shape or Symbol has(makes) a particular ""sound"" in your head?",2,9,1765168914.0,0.76,True,self.NoStupidQuestions
1ph3fh1,NoStupidQuestions,How do we know what some dinosaurs looked like with such incomplete fossils?,2,2,1765168829.0,0.76,True,self.NoStupidQuestions
1pg1h0q,NoStupidQuestions,Are you a cheater if you have an affair with a married person?,540,783,1765058958.0,0.77,True,self.NoStupidQuestions
1ph0m2t,NoStupidQuestions,"Doing grad school at same school you did undergrad at, how does it feel?",3,2,1765160329.0,0.81,True,self.NoStupidQuestions
1ph38qe,NoStupidQuestions,I love refs.,2,2,1765168251.0,0.76,True,self.NoStupidQuestions
1pgyikk,NoStupidQuestions,How to navigate my feelings for a girl at my company?,3,12,1765154362.0,0.72,True,self.NoStupidQuestions
